loss,layer_idx,accuracy_score,f1_macro,f1_micro,balanced_accuracy_score,aic,aic_avg,bic,bic_avg,ebic,ebic_avg
684.5111332098022,53,0.9375629405840886,0.9373526133571835,0.9375629405840886,0.9375875706407918,10969.022266419604,2.761586673318128,41146.7423872119,10.35919999678044,122519.90587741334,30.845897753628737
