loss,layer_idx,accuracy_score,f1_macro,f1_micro,balanced_accuracy_score,aic,aic_avg,bic,bic_avg,ebic,ebic_avg
5341.674246788025,1,0.33131923464249746,0.32796316720994617,0.33131923464249746,0.3313712949567291,20283.34849357605,5.106583205834856,50461.06861436835,12.704196529297167,131834.2321045698,33.190894286145465
