loss,layer_idx,accuracy_score,f1_macro,f1_micro,balanced_accuracy_score,aic,aic_avg,bic,bic_avg,ebic,ebic_avg
1436.7305103838444,68,0.8537260825780463,0.8534106056813849,0.8537260825780463,0.8537848187708131,12473.461020767689,3.1403476890150275,42651.18114155999,10.737961012477339,124024.34463176143,31.224658769325636
