loss,layer_idx,accuracy_score,f1_macro,f1_micro,balanced_accuracy_score,aic,aic_avg,bic,bic_avg,ebic,ebic_avg
1465.9797070026398,22,0.8496978851963746,0.8499110820285365,0.8496978851963746,0.8497467363013581,12531.95941400528,3.1550753811695063,42709.67953479758,10.752688704631817,124082.84302499902,31.239386461480116
