loss,layer_idx,accuracy_score,f1_macro,f1_micro,balanced_accuracy_score,aic,aic_avg,bic,bic_avg,ebic,ebic_avg
3237.3863575458527,14,0.655840886203424,0.656497230990451,0.655840886203424,0.6559033869958238,16074.772715091705,4.047022335118758,46252.492835884004,11.644635658581068,127625.65632608545,32.13133341542937
