loss,layer_idx,accuracy_score,f1_macro,f1_micro,balanced_accuracy_score,aic,aic_avg,bic,bic_avg,ebic,ebic_avg
652.2081458494067,43,0.9418429003021148,0.9417480044730803,0.9418429003021148,0.9418713354287584,10904.416291698813,2.7453213221799633,41082.13641249111,10.342934645642273,122455.29990269255,30.82963240249057
