loss,layer_idx,accuracy_score,f1_macro,f1_micro,balanced_accuracy_score,aic,aic_avg,bic,bic_avg,ebic,ebic_avg
596.8566476330161,55,0.9438569989929506,0.9439219037729155,0.9438569989929506,0.9438709956917241,10793.713295266032,2.7174504771566044,40971.43341605833,10.315063800618915,122344.59690625977,30.801761557467213
