loss,layer_idx,accuracy_score,f1_macro,f1_micro,balanced_accuracy_score,aic,aic_avg,bic,bic_avg,ebic,ebic_avg
5221.036972522736,0,0.34113796576032224,0.3277530825458425,0.34113796576032224,0.34127041129842245,20042.07394504547,5.0458393617939254,50219.79406583777,12.643452685256236,131592.9575560392,33.13015044210454
