loss,layer_idx,accuracy_score,f1_macro,f1_micro,balanced_accuracy_score,aic,aic_avg,bic,bic_avg,ebic,ebic_avg
798.5078977495432,50,0.9217019133937563,0.9216831144220158,0.9217019133937563,0.9217293755108882,11197.015795499086,2.8189868568728818,41374.735916291385,10.416600180335193,122747.89940649283,30.903297937183492
