loss,layer_idx,accuracy_score,f1_macro,f1_micro,balanced_accuracy_score,aic,aic_avg,bic,bic_avg,ebic,ebic_avg
5024.711915969849,4,0.3816717019133938,0.3819047968880967,0.3816717019133938,0.38167232705047827,19649.423831939697,4.946984851948565,49827.143952731996,12.544598175410876,131200.30744293344,33.03129593225918
