loss,layer_idx,accuracy_score,f1_macro,f1_micro,balanced_accuracy_score,aic,aic_avg,bic,bic_avg,ebic,ebic_avg
4684.157260656357,7,0.4566968781470292,0.45562424148255215,0.4566968781470292,0.45675535171333487,18968.314521312714,4.775507180592324,49146.03464210501,12.373120504054636,130519.19813230645,32.859818260902934
