loss,layer_idx,accuracy_score,f1_macro,f1_micro,balanced_accuracy_score,aic,aic_avg,bic,bic_avg,ebic,ebic_avg
1637.5117296651006,69,0.837865055387714,0.838142563487354,0.837865055387714,0.837906102611985,12875.023459330201,3.2414459867397283,43052.7435801225,10.839059310202039,124425.90707032394,31.325757067050336
