loss,layer_idx,accuracy_score,f1_macro,f1_micro,balanced_accuracy_score,aic,aic_avg,bic,bic_avg,ebic,ebic_avg
727.5312111461535,59,0.9335347432024169,0.9336013805459883,0.9335347432024169,0.9335637388858679,11055.062422292307,2.7832483439809432,41232.782543084606,10.380861667443254,122605.94603328605,30.867559424291553
