loss,layer_idx,accuracy_score,f1_macro,f1_micro,balanced_accuracy_score,aic,aic_avg,bic,bic_avg,ebic,ebic_avg
726.1407429557294,51,0.9330312185297079,0.9330136847759004,0.9330312185297079,0.9330586935628952,11052.281485911459,2.782548208940448,41230.00160670376,10.38016153240276,122603.1650969052,30.866859289251057
