loss,layer_idx,accuracy_score,f1_macro,f1_micro,balanced_accuracy_score,aic,aic_avg,bic,bic_avg,ebic,ebic_avg
2703.164135456085,2,0.7099697885196374,0.7092349204517703,0.7099697885196374,0.7100441316127591,6942.32827091217,1.747816785224615,11770.763490238938,2.9634349169785845,21975.624520353762,5.532634572093092
