loss,layer_idx,accuracy_score,f1_macro,f1_micro,balanced_accuracy_score,aic,aic_avg,bic,bic_avg,ebic,ebic_avg
1296.1937718391418,13,0.8645518630412891,0.86461899872221,0.8645518630412891,0.8645965508710608,4640.387543678284,1.1682748095866777,11078.301169447308,2.7890989852586374,25273.955427314988,6.363030067299846
