loss,layer_idx,accuracy_score,f1_macro,f1_micro,balanced_accuracy_score,aic,aic_avg,bic,bic_avg,ebic,ebic_avg
1625.5715111494064,17,0.8257804632426989,0.8258848556100347,0.8257804632426989,0.8258317572043062,5299.143022298813,1.3341246279704968,11737.056648067837,2.9549488036424565,25932.710905935517,6.528879885683665
