loss,layer_idx,accuracy_score,f1_macro,f1_micro,balanced_accuracy_score,aic,aic_avg,bic,bic_avg,ebic,ebic_avg
1202.5644354969263,11,0.879154078549849,0.8793745585842245,0.879154078549849,0.8791875724648834,4453.128870993853,1.1211301286490063,10891.042496762877,2.741954304320966,25086.696754630557,6.315885386362174
