loss,layer_idx,accuracy_score,f1_macro,f1_micro,balanced_accuracy_score,aic,aic_avg,bic,bic_avg,ebic,ebic_avg
1388.209616303444,2,0.8627895266868076,0.8629453164802369,0.8627895266868076,0.862833452469307,4824.419232606888,1.2146070575546042,11262.332858375912,2.835431233226564,25457.987116243592,6.409362315267773
