loss,layer_idx,accuracy_score,f1_macro,f1_micro,balanced_accuracy_score,aic,aic_avg,bic,bic_avg,ebic,ebic_avg
2650.4326338768005,11,0.7089627391742196,0.7080747762674918,0.7089627391742196,0.7090368911097201,6836.865267753601,1.7212651731504534,11665.300487080369,2.936883304904423,21870.161517195193,5.50608296001893
