loss,layer_idx,accuracy_score,f1_macro,f1_micro,balanced_accuracy_score,aic,aic_avg,bic,bic_avg,ebic,ebic_avg
3623.657479286194,24,0.5448136958710977,0.536920919573121,0.5448136958710977,0.5449775351736136,11343.314958572388,2.8558194759749216,24219.142210110436,6.097467827318841,55449.58157741933,13.9601162078095
