loss,layer_idx,accuracy_score,f1_macro,f1_micro,balanced_accuracy_score,aic,aic_avg,bic,bic_avg,ebic,ebic_avg
4691.6869196891785,4,0.3041289023162135,0.30416072382806525,0.3041289023162135,0.304129629059601,12455.373839378357,3.135794017970382,22112.244278031892,5.5670302814783215,44651.3144769417,11.24151925401352
