loss,layer_idx,accuracy_score,f1_macro,f1_micro,balanced_accuracy_score,aic,aic_avg,bic,bic_avg,ebic,ebic_avg
3024.8539156913757,31,0.6455186304128903,0.6316256079294075,0.6455186304128903,0.6457175462777703,10145.707831382751,2.55430710759888,23021.5350829208,5.7959554589427995,54251.974450229696,13.658603839433459
