loss,layer_idx,accuracy_score,f1_macro,f1_micro,balanced_accuracy_score,aic,aic_avg,bic,bic_avg,ebic,ebic_avg
2934.1684049367905,36,0.6573514602215509,0.6514280119362686,0.6573514602215509,0.6574983269661141,9964.336809873581,2.5086447154767324,22840.16406141163,5.750293066820652,54070.603428720526,13.61294144731131
