loss,layer_idx,accuracy_score,f1_macro,f1_micro,balanced_accuracy_score,aic,aic_avg,bic,bic_avg,ebic,ebic_avg
3504.6029703617096,38,0.5712487411883183,0.5588813725943814,0.5712487411883183,0.5714354117715462,10081.20594072342,2.538067960907205,19738.076379376955,4.969304224415144,42277.14657828676,10.643793196950343
