loss,layer_idx,accuracy_score,f1_macro,f1_micro,balanced_accuracy_score,aic,aic_avg,bic,bic_avg,ebic,ebic_avg
4553.310667037964,2,0.35850956696878145,0.35792143203798826,0.35850956696878145,0.3585303067095784,11154.621334075928,2.8083135282164973,17592.534959844954,4.429137703888458,31788.189217712636,8.003068785929667
