loss,layer_idx,accuracy_score,f1_macro,f1_micro,balanced_accuracy_score,aic,aic_avg,bic,bic_avg,ebic,ebic_avg
2456.568248271942,9,0.722809667673716,0.7208675850772902,0.722809667673716,0.7229079666054455,6961.136496543884,1.7525519880523375,13399.050122312909,3.373376163724297,27594.70438018059,6.947307245765506
