loss,layer_idx,accuracy_score,f1_macro,f1_micro,balanced_accuracy_score,aic,aic_avg,bic,bic_avg,ebic,ebic_avg
3281.112407684326,48,0.6044813695871097,0.5991559869912725,0.6044813695871097,0.6046321662568162,9634.224815368652,2.4255349484815336,19291.095254022188,4.856771211989473,41830.16545293199,10.53126018452467
