loss,layer_idx,accuracy_score,f1_macro,f1_micro,balanced_accuracy_score,aic,aic_avg,bic,bic_avg,ebic,ebic_avg
3487.7109096050262,26,0.5689828801611279,0.5507956327243128,0.5689828801611279,0.5692026098188564,10047.421819210052,2.5295623915433163,19704.292257863588,4.9607986550512555,42243.36245677339,10.635287627586454
