loss,layer_idx,accuracy_score,f1_macro,f1_micro,balanced_accuracy_score,aic,aic_avg,bic,bic_avg,ebic,ebic_avg
3363.0112649202347,24,0.5918932527693856,0.5857479239108901,0.5918932527693856,0.5920436550688651,8774.02252984047,2.2089684113394936,15211.936155609494,3.8297925870114535,29407.590413477174,7.403723669052662
