loss,layer_idx,accuracy_score,f1_macro,f1_micro,balanced_accuracy_score,aic,aic_avg,bic,bic_avg,ebic,ebic_avg
3779.291064977646,45,0.5249244712990937,0.5131044326773831,0.5249244712990937,0.5251006385460167,10630.582129955292,2.676380193845743,20287.452568608827,5.107616457353682,42826.52276751863,10.78210542988888
