loss,layer_idx,accuracy_score,f1_macro,f1_micro,balanced_accuracy_score,aic,aic_avg,bic,bic_avg,ebic,ebic_avg
3122.795799255371,21,0.6299093655589124,0.6265219445921201,0.6299093655589124,0.6300326398365614,8293.591598510742,2.0880139976109624,14731.505224279766,3.708838173282922,28927.159482147446,7.282769255324131
