loss,layer_idx,accuracy_score,f1_macro,f1_micro,balanced_accuracy_score,aic,aic_avg,bic,bic_avg,ebic,ebic_avg
3860.6910729408264,46,0.506797583081571,0.4937396938676144,0.506797583081571,0.5069765798057114,10793.382145881653,2.7173671062139104,20450.25258453519,5.14860336972185,42989.32278344499,10.823092342257048
