loss,layer_idx,accuracy_score,f1_macro,f1_micro,balanced_accuracy_score,aic,aic_avg,bic,bic_avg,ebic,ebic_avg
3951.6744272708893,19,0.486908358509567,0.4794161404783865,0.486908358509567,0.48705351086303467,10975.348854541779,2.763179469924919,20632.219293195314,5.194415733432859,43171.28949210512,10.868904705968056
