loss,layer_idx,accuracy_score,f1_macro,f1_micro,balanced_accuracy_score,aic,aic_avg,bic,bic_avg,ebic,ebic_avg
2749.134112775326,17,0.6885699899295066,0.6861505590544583,0.6885699899295066,0.6886828805596311,7546.268225550652,1.8998661192222184,13984.181851319676,3.520690294894178,28179.836109187356,7.094621376935387
