loss,layer_idx,accuracy_score,f1_macro,f1_micro,balanced_accuracy_score,aic,aic_avg,bic,bic_avg,ebic,ebic_avg
4473.550126552582,12,0.3683282980866062,0.3669880173430773,0.3683282980866062,0.36839123113632916,12019.100253105164,3.0259567606004945,21675.9706917587,5.457193024108434,44215.040890668504,11.131681996643632
