loss,layer_idx,accuracy_score,f1_macro,f1_micro,balanced_accuracy_score,aic,aic_avg,bic,bic_avg,ebic,ebic_avg
2374.5620539188385,10,0.7321248741188319,0.7308178171974781,0.7321248741188319,0.73222052353705,6797.124107837677,1.7112598458805834,13235.037733606701,3.332084021552543,27430.69199147438,6.906015103593751
