loss,layer_idx,accuracy_score,f1_macro,f1_micro,balanced_accuracy_score,aic,aic_avg,bic,bic_avg,ebic,ebic_avg
2482.891361951828,12,0.7185297079556898,0.7180353242966261,0.7185297079556898,0.7186213516745729,7013.782723903656,1.7658063252526828,13451.69634967268,3.3866305009246425,27647.35060754036,6.960561582965851
