loss,layer_idx,accuracy_score,f1_macro,f1_micro,balanced_accuracy_score,aic,aic_avg,bic,bic_avg,ebic,ebic_avg
3507.8409538269043,37,0.5687311178247734,0.5558102330500859,0.5687311178247734,0.5689181655568211,10087.681907653809,2.5396983654717546,19744.552346307344,4.970934628979694,42283.62254521715,10.645423601514892
