loss,layer_idx,accuracy_score,f1_macro,f1_micro,balanced_accuracy_score,aic,aic_avg,bic,bic_avg,ebic,ebic_avg
3585.059543609619,39,0.5546324269889225,0.5413070999205082,0.5546324269889225,0.5548196486571837,10242.119087219238,2.5785798306191436,19898.989525872774,5.009816094127083,42438.05972478258,10.684305066662281
