loss,layer_idx,accuracy_score,f1_macro,f1_micro,balanced_accuracy_score,aic,aic_avg,bic,bic_avg,ebic,ebic_avg
3255.1862357854843,29,0.6165659617321249,0.5986606529285193,0.6165659617321249,0.616785175608705,9582.372471570969,2.412480481261573,19239.242910224504,4.843716744769512,41778.31310913431,10.51820571730471
