loss,layer_idx,accuracy_score,f1_macro,f1_micro,balanced_accuracy_score,aic,aic_avg,bic,bic_avg,ebic,ebic_avg
4619.625250816345,3,0.3104229607250755,0.3102886212474242,0.3104229607250755,0.31041989445350787,12311.25050163269,3.099509189736327,21968.120940286226,5.530745453244267,44507.19113919603,11.205234425779464
