loss,layer_idx,accuracy_score,f1_macro,f1_micro,balanced_accuracy_score,aic,aic_avg,bic,bic_avg,ebic,ebic_avg
2577.3773530721664,16,0.7137462235649547,0.710659456494275,0.7137462235649547,0.7138678833356705,7202.754706144333,1.8133823530071331,13640.668331913357,3.434206528679093,27836.322589781037,7.0081376107203015
