loss,layer_idx,accuracy_score,f1_macro,f1_micro,balanced_accuracy_score,aic,aic_avg,bic,bic_avg,ebic,ebic_avg
4346.31552028656,19,0.40584088620342396,0.4044289289941176,0.40584088620342396,0.40591792272464544,12788.63104057312,3.219695629550131,25664.45829211117,6.461343980894051,56894.897659420065,14.32399236138471
