loss,layer_idx,accuracy_score,f1_macro,f1_micro,balanced_accuracy_score,aic,aic_avg,bic,bic_avg,ebic,ebic_avg
4353.752296924591,1,0.3544813695871098,0.3537416077841056,0.3544813695871098,0.35452756601215984,11779.504593849182,2.965635597645816,21436.375032502718,5.396871861153755,43975.44523141252,11.071360833688953
