loss,layer_idx,accuracy_score,f1_macro,f1_micro,balanced_accuracy_score,aic,aic_avg,bic,bic_avg,ebic,ebic_avg
2863.027307033539,19,0.6719536757301108,0.6682674349914896,0.6719536757301108,0.6720807981312183,7774.054614067078,1.9572141525848634,14211.968239836102,3.5780383282568233,28407.622497703782,7.151969410298031
