loss,layer_idx,accuracy_score,f1_macro,f1_micro,balanced_accuracy_score,aic,aic_avg,bic,bic_avg,ebic,ebic_avg
2996.304660320282,20,0.6472809667673716,0.6438431526705112,0.6472809667673716,0.6474031207924765,8040.609320640564,2.0243225882780878,14478.522946409588,3.645146763950047,28674.177204277268,7.219077845991256
