loss,layer_idx,accuracy_score,f1_macro,f1_micro,balanced_accuracy_score,aic,aic_avg,bic,bic_avg,ebic,ebic_avg
4425.758880376816,14,0.40231621349446123,0.4002951964598352,0.40231621349446123,0.4023774752066069,10899.517760753632,2.7440880565844994,17337.431386522658,4.36491223225646,31533.08564439034,7.938843314297668
