loss,layer_idx,accuracy_score,f1_macro,f1_micro,balanced_accuracy_score,aic,aic_avg,bic,bic_avg,ebic,ebic_avg
4605.071906089783,19,0.3723564954682779,0.3685219750793845,0.3723564954682779,0.37244071417740887,11258.143812179565,2.834376589169075,17696.05743794859,4.455200764841035,31891.711695816273,8.029131846882244
