loss,layer_idx,accuracy_score,f1_macro,f1_micro,balanced_accuracy_score,aic,aic_avg,bic,bic_avg,ebic,ebic_avg
3634.8793721199036,8,0.5631923464249748,0.5608699092461179,0.5631923464249748,0.5632771627169386,9317.758744239807,2.3458607110372123,15755.672370008831,3.966684886709172,29951.32662787651,7.54061596875038
