loss,layer_idx,accuracy_score,f1_macro,f1_micro,balanced_accuracy_score,aic,aic_avg,bic,bic_avg,ebic,ebic_avg
4602.542063713074,20,0.3683282980866062,0.3671484838631347,0.3683282980866062,0.3683404985925995,11253.084127426147,2.833102751114337,17690.997753195174,4.4539269267862975,31886.652011062855,8.027858008827506
