loss,layer_idx,accuracy_score,f1_macro,f1_micro,balanced_accuracy_score,aic,aic_avg,bic,bic_avg,ebic,ebic_avg
3249.193043231964,3,0.6304128902316214,0.6292177603812749,0.6304128902316214,0.630486382587223,8546.386086463928,2.1516581285155914,14984.299712232953,3.772482304187551,29179.953970100632,7.346413386228759
