loss,layer_idx,accuracy_score,f1_macro,f1_micro,balanced_accuracy_score,aic,aic_avg,bic,bic_avg,ebic,ebic_avg
3534.8737800121307,5,0.5893756294058409,0.5880574330038584,0.5893756294058409,0.5894500250242547,9117.747560024261,2.29550542800208,15555.661185793286,3.91632960367404,29751.315443660966,7.490260685715248
