loss,layer_idx,accuracy_score,f1_macro,f1_micro,balanced_accuracy_score,aic,aic_avg,bic,bic_avg,ebic,ebic_avg
3395.9658267498016,4,0.6090130916414904,0.6075996498873323,0.6090130916414904,0.6090863695905712,8839.931653499603,2.225561846298994,15277.845279268628,3.8463860219709534,29473.499537136307,7.420317104012162
