loss,layer_idx,accuracy_score,f1_macro,f1_micro,balanced_accuracy_score,aic,aic_avg,bic,bic_avg,ebic,ebic_avg
3462.256628870964,7,0.5934038267875126,0.5918897284113933,0.5934038267875126,0.593484117293641,8972.513257741928,2.258940900740667,15410.426883510952,3.8797650764126264,29606.081141378632,7.453696158453835
