loss,layer_idx,accuracy_score,f1_macro,f1_micro,balanced_accuracy_score,aic,aic_avg,bic,bic_avg,ebic,ebic_avg
3592.452084302902,6,0.5833333333333334,0.5829213365649194,0.5833333333333334,0.5834003116916282,9232.904168605804,2.3244975248252278,15670.817794374829,3.9453217004971877,29866.47205224251,7.519252782538396
