loss,layer_idx,accuracy_score,f1_macro,f1_micro,balanced_accuracy_score,aic,aic_avg,bic,bic_avg,ebic,ebic_avg
1319.5452938973904,39,0.9824518841986091,0.9824373999810123,0.9824518841986091,0.9824482580465994,12239.09058779478,0.4948686150652912,51195.18609505139,2.0699978204371416,132568.3495852528,5.360195276777164
