loss,layer_idx,accuracy_score,f1_macro,f1_micro,balanced_accuracy_score,aic,aic_avg,bic,bic_avg,ebic,ebic_avg
2034.7941794991493,30,0.9744864952288533,0.9745103948095186,0.9744864952288533,0.9744793425786841,13669.588358998299,0.5527085702328278,52625.683866254905,2.1278377756046782,133998.84735645633,5.4180352319447005
