loss,layer_idx,accuracy_score,f1_macro,f1_micro,balanced_accuracy_score,aic,aic_avg,bic,bic_avg,ebic,ebic_avg
1141.5462563931942,52,0.9839074882743005,0.9838795373820957,0.9839074882743005,0.9839034175450466,11883.092512786388,0.48047438592861025,50839.188020042995,2.0556035913004607,132212.35151024442,5.3458010476404825
