loss,layer_idx,accuracy_score,f1_macro,f1_micro,balanced_accuracy_score,aic,aic_avg,bic,bic_avg,ebic,ebic_avg
761.9834401495755,29,0.9893255701115963,0.989314872985346,0.9893255701115963,0.9893212256705896,11123.966880299151,0.44978032024499237,50080.06238755576,2.024909525616843,131453.22587775718,5.315106981956865
