loss,layer_idx,accuracy_score,f1_macro,f1_micro,balanced_accuracy_score,aic,aic_avg,bic,bic_avg,ebic,ebic_avg
4302.377887964249,69,0.9376111919780042,0.9376441813717834,0.9376111919780042,0.9375968379989046,18204.755775928497,0.736081019566897,57160.851283185104,2.3112102249387476,138534.01477338653,5.601407681278769
