loss,layer_idx,accuracy_score,f1_macro,f1_micro,balanced_accuracy_score,aic,aic_avg,bic,bic_avg,ebic,ebic_avg
2572.0948482751846,65,0.9686640789260876,0.9686197421491667,0.9686640789260876,0.9686582850448185,14744.18969655037,0.5961584059740567,53700.285203806976,2.171287611345907,135073.4486940084,5.4614850676859295
