loss,layer_idx,accuracy_score,f1_macro,f1_micro,balanced_accuracy_score,aic,aic_avg,bic,bic_avg,ebic,ebic_avg
1438.3399612307549,66,0.9831392527899078,0.9831678152065653,0.9831392527899078,0.9831343114639925,12476.67992246151,0.5044751707286718,51432.775429718116,2.079604376100522,132805.93891991954,5.369801832440545
