loss,layer_idx,accuracy_score,f1_macro,f1_micro,balanced_accuracy_score,aic,aic_avg,bic,bic_avg,ebic,ebic_avg
1348.6508635282516,55,0.9811984473556526,0.9812024408732234,0.9811984473556526,0.9811970645934402,12297.301727056503,0.49722229205306906,51253.39723431311,2.0723514974249198,132626.56072451454,5.362548953764942
