loss,layer_idx,accuracy_score,f1_macro,f1_micro,balanced_accuracy_score,aic,aic_avg,bic,bic_avg,ebic,ebic_avg
40720.93204498291,10,0.4173136018114184,0.4093001059967339,0.4173136018114184,0.41725838642007135,91041.86408996582,3.6811363452193846,129997.95959722242,5.256265550591235,211371.12308742385,8.546463006931257
