loss,layer_idx,accuracy_score,f1_macro,f1_micro,balanced_accuracy_score,aic,aic_avg,bic,bic_avg,ebic,ebic_avg
1706.629931539297,26,0.9755377648390748,0.975524530200514,0.9755377648390748,0.975531174745041,13013.259863078594,0.5261709470757963,51969.3553703352,2.1013001524476467,133342.51886053663,5.3914976087876685
