loss,layer_idx,accuracy_score,f1_macro,f1_micro,balanced_accuracy_score,aic,aic_avg,bic,bic_avg,ebic,ebic_avg
784.3847093880177,32,0.9888808021995795,0.9888689608474868,0.9888808021995795,0.988877550098342,11168.769418776035,0.4515918412896666,50124.86492603264,2.026721046661517,131498.02841623407,5.316918503001539
