loss,layer_idx,accuracy_score,f1_macro,f1_micro,balanced_accuracy_score,aic,aic_avg,bic,bic_avg,ebic,ebic_avg
6256.041007041931,11,0.9019893255701116,0.9014385354821615,0.9019893255701116,0.9019617616675488,14560.082014083862,0.5887142978361581,22870.715722298606,0.9247418616488196,37066.36998016629,1.4987210892837737
