loss,layer_idx,accuracy_score,f1_macro,f1_micro,balanced_accuracy_score,aic,aic_avg,bic,bic_avg,ebic,ebic_avg
10667.481534004211,20,0.8323629306162057,0.8307945837285658,0.8323629306162057,0.8323246650142647,23382.963068008423,0.9454537873204117,31693.596776223167,1.2814813511330732,45889.25103409085,1.8554605787680272
