loss,layer_idx,accuracy_score,f1_macro,f1_micro,balanced_accuracy_score,aic,aic_avg,bic,bic_avg,ebic,ebic_avg
4165.580832004547,4,0.9395519974122595,0.9394441124823286,0.9395519974122595,0.9395345321995812,10379.161664009094,0.41966527834421374,18689.795372223838,0.7556928421568753,32885.44963009152,1.3296720697918292
