loss,layer_idx,accuracy_score,f1_macro,f1_micro,balanced_accuracy_score,aic,aic_avg,bic,bic_avg,ebic,ebic_avg
19139.715512275696,7,0.6898754649846353,0.6856669321787994,0.6898754649846353,0.6898310154748816,39815.43102455139,1.6098751020763138,46048.406305712444,1.8618957749358096,56253.26733582727,2.2745134779163543
