loss,layer_idx,accuracy_score,f1_macro,f1_micro,balanced_accuracy_score,aic,aic_avg,bic,bic_avg,ebic,ebic_avg
17865.884464263916,10,0.7158337376677988,0.7105975093397829,0.7158337376677988,0.7157895693732405,37267.76892852783,1.5068643428969688,43500.744209688884,1.7588850157564646,53705.60523980371,2.1715027187370093
