loss,layer_idx,accuracy_score,f1_macro,f1_micro,balanced_accuracy_score,aic,aic_avg,bic,bic_avg,ebic,ebic_avg
17658.31667327881,2,0.7157124373281578,0.7103432325799435,0.7157124373281578,0.7156685767485371,36852.63334655762,1.4900789805336252,43085.60862771867,1.742099653393121,53290.4696578335,2.1547173563736655
