loss,layer_idx,accuracy_score,f1_macro,f1_micro,balanced_accuracy_score,aic,aic_avg,bic,bic_avg,ebic,ebic_avg
17811.0106010437,9,0.715227235969594,0.711184174346361,0.715227235969594,0.7151860672315673,37158.0212020874,1.5024268640662868,43390.996483248455,1.7544475369257826,53595.857513363284,2.1670652399063273
