loss,layer_idx,accuracy_score,f1_macro,f1_micro,balanced_accuracy_score,aic,aic_avg,bic,bic_avg,ebic,ebic_avg
29882.844638824463,29,0.5662299854439592,0.5495590360308102,0.5662299854439592,0.5661689270195092,62837.689277648926,2.5407443505437866,75303.63983997103,3.044785696262778,97842.71003888083,3.9561179863691103
