loss,layer_idx,accuracy_score,f1_macro,f1_micro,balanced_accuracy_score,aic,aic_avg,bic,bic_avg,ebic,ebic_avg
47703.078815460205,17,0.262372634643377,0.2569739546462477,0.262372634643377,0.26233677179679293,99502.15763092041,4.023215171879364,116123.4250473499,4.695270299504686,147353.8644146588,5.958024600301585
