loss,layer_idx,accuracy_score,f1_macro,f1_micro,balanced_accuracy_score,aic,aic_avg,bic,bic_avg,ebic,ebic_avg
45407.512939453125,1,0.309437166424066,0.3023058963283076,0.309437166424066,0.3093986588787471,92863.02587890625,3.7547721930659166,101173.65958712099,4.090799756878578,115369.31384498866,4.664778984513531
