loss,layer_idx,accuracy_score,f1_macro,f1_micro,balanced_accuracy_score,aic,aic_avg,bic,bic_avg,ebic,ebic_avg
31526.867668151855,27,0.5388565421316514,0.5178020081420196,0.5388565421316514,0.538791925087725,66125.73533630371,2.673691385100425,78591.68589862582,3.1777327308194168,101130.75609753562,4.089065020925749
