loss,layer_idx,accuracy_score,f1_macro,f1_micro,balanced_accuracy_score,aic,aic_avg,bic,bic_avg,ebic,ebic_avg
40035.28342819214,24,0.4021510593562995,0.39213469074413654,0.4021510593562995,0.40209702854966367,84166.56685638428,3.4031443820307405,100787.83427281376,4.075199509656064,132018.27364012267,5.337953810452962
