loss,layer_idx,accuracy_score,f1_macro,f1_micro,balanced_accuracy_score,aic,aic_avg,bic,bic_avg,ebic,ebic_avg
40842.860778808594,22,0.38605854763060005,0.36133138854516067,0.38605854763060005,0.38598836133110115,84757.72155761719,3.4270468040440396,97223.67211993929,3.9310881497630312,119762.7423188491,4.842420439869364
