loss,layer_idx,accuracy_score,f1_macro,f1_micro,balanced_accuracy_score,aic,aic_avg,bic,bic_avg,ebic,ebic_avg
45204.79647064209,13,0.301916545366327,0.2915987048542482,0.301916545366327,0.3018769104482323,93481.59294128418,3.7797829913182994,105947.54350360628,4.2838243370372915,128486.61370251609,5.195156627143623
