loss,layer_idx,accuracy_score,f1_macro,f1_micro,balanced_accuracy_score,aic,aic_avg,bic,bic_avg,ebic,ebic_avg
27406.503215789795,31,0.5877001455604076,0.5725969410117833,0.5877001455604076,0.5876384456035162,58909.00643157959,2.3818941626871903,75530.27384800908,3.0539492903125134,106760.71321531797,4.316703591109412
