loss,layer_idx,accuracy_score,f1_macro,f1_micro,balanced_accuracy_score,aic,aic_avg,bic,bic_avg,ebic,ebic_avg
20140.440908432007,47,0.7171276079573022,0.7117843736545726,0.7171276079573022,0.7170731592902753,44376.881816864014,1.7943102788639824,60998.1492332935,2.4663654064893055,92228.5886006024,3.7291197072862037
