loss,layer_idx,accuracy_score,f1_macro,f1_micro,balanced_accuracy_score,aic,aic_avg,bic,bic_avg,ebic,ebic_avg
14888.653396606445,12,0.7701762898269449,0.7678548571074606,0.7701762898269449,0.770130252617062,31825.30679321289,1.2868068410647295,40135.940501427634,1.622834404877391,54331.594759295316,2.196813632512345
