loss,layer_idx,accuracy_score,f1_macro,f1_micro,balanced_accuracy_score,aic,aic_avg,bic,bic_avg,ebic,ebic_avg
45826.31625366211,0,0.3027656477438137,0.29082869401452693,0.3027656477438137,0.3027153499922664,93700.63250732422,3.7886395159034536,102011.26621553896,4.124667079716115,116206.92047340663,4.698646307351068
