loss,layer_idx,accuracy_score,f1_macro,f1_micro,balanced_accuracy_score,aic,aic_avg,bic,bic_avg,ebic,ebic_avg
45939.28757476807,2,0.30308911531618954,0.290846872052972,0.30308911531618954,0.30304155862241133,94950.57514953613,3.839179004914125,107416.52571185824,4.343220350633117,129955.59591076804,5.2545526407394485
