loss,layer_idx,accuracy_score,f1_macro,f1_micro,balanced_accuracy_score,aic,aic_avg,bic,bic_avg,ebic,ebic_avg
16459.03053665161,15,0.7474122594209931,0.7444186549182812,0.7474122594209931,0.7473620502636265,34966.06107330322,1.4137983613659721,43276.69478151797,1.7498259251786337,57472.34903938565,2.3238051528135877
