loss,layer_idx,accuracy_score,f1_macro,f1_micro,balanced_accuracy_score,aic,aic_avg,bic,bic_avg,ebic,ebic_avg
37126.797424316406,26,0.44238233867054827,0.4211233839272067,0.44238233867054827,0.44231182037298467,78349.59484863281,3.1679441552900216,94970.8622650623,3.8399992829153446,126201.30163237119,5.102753583712243
