loss,layer_idx,accuracy_score,f1_macro,f1_micro,balanced_accuracy_score,aic,aic_avg,bic,bic_avg,ebic,ebic_avg
45518.13131713867,2,0.3098415008895358,0.3008526975904334,0.3098415008895358,0.3097982164730938,93084.26263427734,3.763717557588442,101394.89634249208,4.099745121401103,115590.55060035975,4.673724349036057
