loss,layer_idx,accuracy_score,f1_macro,f1_micro,balanced_accuracy_score,aic,aic_avg,bic,bic_avg,ebic,ebic_avg
39885.98804092407,23,0.4048196668284004,0.39321436953308464,0.4048196668284004,0.4047628775827197,83867.97608184814,3.3910713279091116,100489.24349827763,4.063126455534435,131719.68286558654,5.325880756331333
