loss,layer_idx,accuracy_score,f1_macro,f1_micro,balanced_accuracy_score,aic,aic_avg,bic,bic_avg,ebic,ebic_avg
45312.52481842041,12,0.31590651787158336,0.3078584760464165,0.31590651787158336,0.31586355979196,94721.04963684082,3.82989849736539,111342.31705327031,4.501953624990713,142572.75642057922,5.7647079257876115
