loss,layer_idx,accuracy_score,f1_macro,f1_micro,balanced_accuracy_score,aic,aic_avg,bic,bic_avg,ebic,ebic_avg
47150.12776565552,9,0.277252142972667,0.26924687600652353,0.277252142972667,0.2772146642617582,98396.25553131104,3.9784997384486105,115017.52294774052,4.650554866073933,146247.96231504943,5.913309166870833
