loss,layer_idx,accuracy_score,f1_macro,f1_micro,balanced_accuracy_score,aic,aic_avg,bic,bic_avg,ebic,ebic_avg
45691.69174194336,1,0.3058790231279314,0.29107104082719737,0.3058790231279314,0.30582806451617883,94455.38348388672,3.8191566991705774,106921.33404620882,4.323198044889569,129460.40424511863,5.234530334995901
