loss,layer_idx,accuracy_score,f1_macro,f1_micro,balanced_accuracy_score,aic,aic_avg,bic,bic_avg,ebic,ebic_avg
44969.95667266846,11,0.32023289665211063,0.3116803564163559,0.32023289665211063,0.320190443323459,94035.91334533691,3.802196075745468,110657.1807617664,4.474251203370791,141887.6201290753,5.73700550416769
