loss,layer_idx,accuracy_score,f1_macro,f1_micro,balanced_accuracy_score,aic,aic_avg,bic,bic_avg,ebic,ebic_avg
42185.89366912842,21,0.35973637392851365,0.3376807307993763,0.35973637392851365,0.3596726052371662,87443.78733825684,3.535653701207215,99909.73790057894,4.039695046926207,122448.80809948874,4.951027337032539
