loss,layer_idx,accuracy_score,f1_macro,f1_micro,balanced_accuracy_score,aic,aic_avg,bic,bic_avg,ebic,ebic_avg
39429.02928543091,12,0.4129063561377972,0.4003272473303334,0.4129063561377972,0.4128517369266326,81930.05857086182,3.3127146438161823,94396.00913318392,3.816755989535174,116935.07933209372,4.728088279641506
