loss,layer_idx,accuracy_score,f1_macro,f1_micro,balanced_accuracy_score,aic,aic_avg,bic,bic_avg,ebic,ebic_avg
48393.75677871704,6,0.24632055636422448,0.24098940070264338,0.24632055636422448,0.24629379982836758,100883.51355743408,4.079068152896413,117504.78097386357,4.751123280521735,148735.22034117248,6.013877581318635
