loss,layer_idx,accuracy_score,f1_macro,f1_micro,balanced_accuracy_score,aic,aic_avg,bic,bic_avg,ebic,ebic_avg
22354.391454696655,22,0.6701439430697073,0.6634861392868976,0.6701439430697073,0.670085494030354,46756.78290939331,1.8905378824758738,55067.416617608054,2.2265654462885354,69263.07087547574,2.8005446739234894
