loss,layer_idx,accuracy_score,f1_macro,f1_micro,balanced_accuracy_score,aic,aic_avg,bic,bic_avg,ebic,ebic_avg
45440.75380706787,6,0.31255054180818376,0.30025563988299725,0.31255054180818376,0.31250252361711583,93953.50761413574,3.7988641280177804,106419.45817645785,4.3029054737367725,128958.52837536765,5.214237763843104
