loss,layer_idx,accuracy_score,f1_macro,f1_micro,balanced_accuracy_score,aic,aic_avg,bic,bic_avg,ebic,ebic_avg
37641.437969207764,39,0.4421397379912664,0.4231409397562342,0.4421397379912664,0.44207501503287666,78354.87593841553,3.1681576879514606,90820.82650073763,3.6721990336704526,113359.89669964743,4.583531323776785
