loss,layer_idx,accuracy_score,f1_macro,f1_micro,balanced_accuracy_score,aic,aic_avg,bic,bic_avg,ebic,ebic_avg
49235.4344329834,12,0.2214944201843765,0.21677777934758,0.2214944201843765,0.22147635021670037,100006.8688659668,4.043622386623273,106239.84414712785,4.295643059482769,116444.70517724268,4.708260762463314
