loss,layer_idx,accuracy_score,f1_macro,f1_micro,balanced_accuracy_score,aic,aic_avg,bic,bic_avg,ebic,ebic_avg
23835.716819763184,2,0.6272036228368106,0.621897584705952,0.6272036228368106,0.6271623321850858,49719.43363952637,2.0103280624100908,58030.06734774111,2.3463556262227523,72225.7216056088,2.9203348538577063
