loss,layer_idx,accuracy_score,f1_macro,f1_micro,balanced_accuracy_score,aic,aic_avg,bic,bic_avg,ebic,ebic_avg
40376.43978881836,10,0.38007439754164646,0.37493131079490943,0.38007439754164646,0.38003258718513,82800.87957763672,3.3479249384456056,91111.51328585146,3.6839525022582666,105307.16754371913,4.257931729893221
