loss,layer_idx,accuracy_score,f1_macro,f1_micro,balanced_accuracy_score,aic,aic_avg,bic,bic_avg,ebic,ebic_avg
48177.72383880615,9,0.24644185670386543,0.2404023476468748,0.24644185670386543,0.24640631853511225,97891.4476776123,3.9580886170795853,104124.42295877336,4.210109289939081,114329.28398888819,4.622726992919626
