loss,layer_idx,accuracy_score,f1_macro,f1_micro,balanced_accuracy_score,aic,aic_avg,bic,bic_avg,ebic,ebic_avg
45762.71513366699,15,0.2950832928998868,0.2907685169858869,0.2950832928998868,0.2950473825761316,93573.43026733398,3.783496290932152,101884.06397554872,4.119523854744814,116079.7182334164,4.693503082379767
