loss,layer_idx,accuracy_score,f1_macro,f1_micro,balanced_accuracy_score,aic,aic_avg,bic,bic_avg,ebic,ebic_avg
46640.30683898926,16,0.2872796377163189,0.28275496962687324,0.2872796377163189,0.28724935440420696,95328.61367797852,3.8544644055466,103639.24738619325,4.190491969359261,117834.90164406093,4.764471196994215
