loss,layer_idx,accuracy_score,f1_macro,f1_micro,balanced_accuracy_score,aic,aic_avg,bic,bic_avg,ebic,ebic_avg
30954.01661682129,6,0.5159307779395116,0.5064566138444675,0.5159307779395116,0.5158788875847988,63956.03323364258,2.5859628511095982,72266.66694185731,2.9219904149222593,86462.32119972499,3.495969642557213
