loss,layer_idx,accuracy_score,f1_macro,f1_micro,balanced_accuracy_score,aic,aic_avg,bic,bic_avg,ebic,ebic_avg
28014.03066253662,5,0.5583858968138444,0.5519162338848603,0.5583858968138444,0.5583393147224949,58076.06132507324,2.3482153212466943,66386.69503328798,2.6842428850593554,80582.34929115565,3.258222112694309
