loss,layer_idx,accuracy_score,f1_macro,f1_micro,balanced_accuracy_score,aic,aic_avg,bic,bic_avg,ebic,ebic_avg
47224.38196563721,22,0.2652838427947598,0.2628600528137639,0.2652838427947598,0.26525478141455944,96496.76393127441,3.9016967463720853,104807.39763948915,4.237724310184746,119003.05189735683,4.8117035378197
