loss,layer_idx,accuracy_score,f1_macro,f1_micro,balanced_accuracy_score,aic,aic_avg,bic,bic_avg,ebic,ebic_avg
3639.4330825805664,0,0.27000160333493667,0.23719634118361346,0.27000160333493667,0.2564661841162396,8300.866165161133,1.330906872721041,11744.114253765982,1.8829748683286807,18117.68397495417,2.9048715688558873
