loss,layer_idx,accuracy_score,f1_macro,f1_micro,balanced_accuracy_score,aic,aic_avg,bic,bic_avg,ebic,ebic_avg
494.15715646743774,0,0.9042809042809042,0.8833472015961431,0.9042809042809042,0.9130158226511061,14442.314312934875,2.3155867104272687,59770.5528492261,9.583221556714141,178352.5556929026,28.595888358650406
