loss,layer_idx,accuracy_score,f1_macro,f1_micro,balanced_accuracy_score,aic,aic_avg,bic,bic_avg,ebic,ebic_avg
1431.9527792930603,0,0.7285553952220619,0.6827233324574038,0.7285553952220619,0.7367615510893201,13629.90555858612,2.185330376557018,49901.92994402624,8.000950768642976,142392.6479864535,22.830310724138766
