loss,layer_idx,accuracy_score,f1_macro,f1_micro,balanced_accuracy_score,aic,aic_avg,bic,bic_avg,ebic,ebic_avg
494.15715622901917,0,0.9042809042809042,0.8833472015961431,0.9042809042809042,0.9130158226511061,2908.3143124580383,0.4663001943976332,9377.038705923116,1.5034533759697155,22561.55061208993,3.6173722321773174
