loss,layer_idx,accuracy_score,f1_macro,f1_micro,balanced_accuracy_score,aic,aic_avg,bic,bic_avg,ebic,ebic_avg
1162.8118586540222,0,0.7723264389931057,0.735250056074969,0.7723264389931057,0.8014377070376648,2565.6237173080444,0.4113554140304705,3374.214266491179,0.5409995617269807,4523.21228475887,0.7252224282121004
