loss,layer_idx,accuracy_score,f1_macro,f1_micro,balanced_accuracy_score,aic,aic_avg,bic,bic_avg,ebic,ebic_avg
7.74904025808064,18,0.9983966650633317,0.9981525020851322,0.9983966650633317,0.9988798148367328,67229.49808051616,10.779140304716396,293682.0196338296,47.08706423502158,994219.239478832,159.40664413641687
