loss,layer_idx,accuracy_score,f1_macro,f1_micro,balanced_accuracy_score,aic,aic_avg,bic,bic_avg,ebic,ebic_avg
5.251516733551398,67,0.9991983325316659,0.9994399064014294,0.9991983325316659,0.9994400389263687,67224.5030334671,10.77833943137199,293677.0245867805,47.08626336167717,994214.244431783,159.40584326307246
