loss,layer_idx,accuracy_score,f1_macro,f1_micro,balanced_accuracy_score,aic,aic_avg,bic,bic_avg,ebic,ebic_avg
0.9696052961458008,52,0.9996793330126663,0.9995529589563892,0.9996793330126663,0.9997759103641456,9601.939210592293,1.5395124596107572,41945.561177917676,6.7252783674711685,123318.7246681191,19.772121960577056
