loss,layer_idx,accuracy_score,f1_macro,f1_micro,balanced_accuracy_score,aic,aic_avg,bic,bic_avg,ebic,ebic_avg
82.82533103972673,12,0.9799583132916466,0.9759463811738883,0.9799583132916466,0.9853271261556265,67379.65066207945,10.803214792701532,293832.1722153929,47.11113872300671,994369.3920603953,159.430718624402
