loss,layer_idx,accuracy_score,f1_macro,f1_micro,balanced_accuracy_score,aic_rep,aic_rep_avg,bic_rep,bic_rep_avg,ebic_rep,ebic_rep_avg,aic_cls,aic_cls_avg,bic_cls,bic_cls_avg,ebic_cls,ebic_cls_avg,aic_pr,aic_pr_avg,bic_pr,bic_pr_avg,ebic_pr,ebic_pr_avg
17.742397125344723,33,0.9969536636203303,0.9966588720817101,0.9969536636203303,0.9978737786194288,9635.48479425069,1.5448909402358009,41979.10676157608,6.730656848096213,123352.27025177752,19.777500441202104,67249.48479425069,10.782344844356372,293702.0063475641,47.09026877466155,994239.2261925666,159.40984867605684,53.55630075093359,0.008586868807268493,114.44150644092942,0.018348806548168898,154.22031281469833,0.024726681547971512
