loss,layer_idx,accuracy_score,f1_macro,f1_micro,balanced_accuracy_score,aic_rep,aic_rep_avg,bic_rep,bic_rep_avg,ebic_rep,ebic_rep_avg,aic_cls,aic_cls_avg,bic_cls,bic_cls_avg,ebic_cls,ebic_cls_avg,aic_pr,aic_pr_avg,bic_pr,bic_pr_avg,ebic_pr,ebic_pr_avg
6.1713813896494685,48,0.9985569985569985,0.9981068763319777,0.9985569985569985,0.9989915966386554,9612.342762779299,1.541180497479445,41955.964730104686,6.726946405339857,123329.12822030613,19.773789998445746,67226.3427627793,10.778634401600016,293678.8643160927,47.086558331905195,994216.0841610951,159.40613823330048,29.44295771032921,0.0047206922735817235,87.05569108708097,0.013957943095571745,123.75172936249966,0.019841547116001227
