loss,layer_idx,accuracy_score,f1_macro,f1_micro,balanced_accuracy_score,aic,aic_avg,bic,bic_avg,ebic,ebic_avg
4.227600919417455,30,0.9990379990379991,0.9987739524266545,0.9990379990379991,0.9993279941084415,9608.455201838835,1.5405571912520177,41952.07716916422,6.726323099112429,123325.24065936566,19.77316669221832
