loss,layer_idx,accuracy_score,f1_macro,f1_micro,balanced_accuracy_score,aic_rep,aic_rep_avg,bic_rep,bic_rep_avg,ebic_rep,ebic_rep_avg,aic_cls,aic_cls_avg,bic_cls,bic_cls_avg,ebic_cls,ebic_cls_avg,aic_pr,aic_pr_avg,bic_pr,bic_pr_avg,ebic_pr,ebic_pr_avg
2.7924399913863454,45,0.9996793330126663,0.9995533071812764,0.9996793330126663,0.9997759103641456,9605.584879982773,1.540096982520887,41949.20684730816,6.725862890381299,123322.3703375096,19.772706483487188,67219.58487998278,10.777550886641459,293672.10643329617,47.085474816946636,994209.3262782986,159.40505471834194,21.039641487899644,0.003373359225252468,73.10870020842036,0.01172177332185672,104.71013292781105,0.016788541434633805
