loss,layer_idx,accuracy_score,f1_macro,f1_micro,balanced_accuracy_score,aic,aic_avg,bic,bic_avg,ebic,ebic_avg
74.49609242752194,7,0.9860509860509861,0.9830849222287416,0.9860509860509861,0.9886950460935547,9748.992184855044,1.563089976728402,42092.61415218043,6.748855884588814,123465.77764238187,19.795699477694704
