loss,layer_idx,accuracy_score,f1_macro,f1_micro,balanced_accuracy_score,aic,aic_avg,bic,bic_avg,ebic,ebic_avg
66.72823509573936,4,0.9884559884559885,0.9861018641790237,0.9884559884559885,0.9914866979655711,9733.456470191479,1.5605990813197816,42077.078437516866,6.746364989180194,123450.2419277183,19.793208582286084
