loss,layer_idx,accuracy_score,f1_macro,f1_micro,balanced_accuracy_score,aic,aic_avg,bic,bic_avg,ebic,ebic_avg
7.632114184089005,66,0.9991983325316659,0.9991063921662009,0.9991983325316659,0.9994397759103641,9615.264228368178,1.5416489062639376,41958.886195693565,6.727414814124349,123332.049685895,19.77425840723024
