loss,layer_idx,accuracy_score,f1_macro,f1_micro,balanced_accuracy_score,aic,aic_avg,bic,bic_avg,ebic,ebic_avg
33.436795762274414,11,0.9934263267596601,0.9926967414333545,0.9934263267596601,0.9947381018134954,9666.873591524549,1.5499236157647185,42010.495558849936,6.73568952362513,123383.65904905138,19.78253311673102
