loss,layer_idx,accuracy_score,f1_macro,f1_micro,balanced_accuracy_score,aic_rep,aic_rep_avg,bic_rep,bic_rep_avg,ebic_rep,ebic_rep_avg,aic_cls,aic_cls_avg,bic_cls,bic_cls_avg,ebic_cls,ebic_cls_avg,aic_pr,aic_pr_avg,bic_pr,bic_pr_avg,ebic_pr,ebic_pr_avg
82.82533103972673,12,0.9799583132916466,0.9759463811738883,0.9799583132916466,0.9853271261556265,9765.650662079453,1.5657608885809609,42109.27262940484,6.7515267964413725,123482.43611960628,19.798370389547262,67379.65066207945,10.803214792701532,293832.1722153929,47.11113872300671,994369.3920603953,159.430718624402,181.0042835623026,0.029021049152205002,232.73258867383151,0.03731482903220002,264.02640435967874,0.04233227583127765
