loss,layer_idx,accuracy_score,f1_macro,f1_micro,balanced_accuracy_score,aic,aic_avg,bic,bic_avg,ebic,ebic_avg
24.26008956809528,19,0.9959916626583293,0.9949018967421251,0.9959916626583293,0.9963059402164621,9648.52017913619,1.5469809490357849,41992.14214646158,6.732746856896196,123365.30563666302,19.779590450002086
