loss,layer_idx,accuracy_score,f1_macro,f1_micro,balanced_accuracy_score,aic,aic_avg,bic,bic_avg,ebic,ebic_avg
0.37609769823666284,53,1.0,1.0,1.0,1.0,67214.75219539648,10.776776045437947,293667.2737487099,47.08469997574313,994204.4935937123,159.40427987713844
