loss,layer_idx,accuracy_score,f1_macro,f1_micro,balanced_accuracy_score,aic,aic_avg,bic,bic_avg,ebic,ebic_avg
268.28735756874084,1,0.9554272887606221,0.9463178924441731,0.9554272887606221,0.9563635407214529,67750.57471513748,10.862686342013385,294203.0962684509,47.17061027231857,994740.3161134534,159.49019017371387
