loss,layer_idx,accuracy_score,f1_macro,f1_micro,balanced_accuracy_score,aic_rep,aic_rep_avg,bic_rep,bic_rep_avg,ebic_rep,ebic_rep_avg,aic_cls,aic_cls_avg,bic_cls,bic_cls_avg,ebic_cls,ebic_cls_avg,aic_pr,aic_pr_avg,bic_pr,bic_pr_avg,ebic_pr,ebic_pr_avg
5.919334864709526,55,0.9988776655443322,0.9987720429118979,0.9988776655443322,0.9992159492905144,9611.838669729419,1.5410996744796246,41955.460637054806,6.726865582340036,123328.62412725625,19.773709175445926,67225.83866972942,10.778553578600196,293678.36022304284,47.086477508905375,994215.5800680453,159.40605741030066,27.442954015918076,0.004400024693910225,80.01577401937642,0.01282920859698195,112.07318910318067,0.01796908595529592
