loss,layer_idx,accuracy_score,f1_macro,f1_micro,balanced_accuracy_score,aic_rep,aic_rep_avg,bic_rep,bic_rep_avg,ebic_rep,ebic_rep_avg,aic_cls,aic_cls_avg,bic_cls,bic_cls_avg,ebic_cls,ebic_cls_avg,aic_pr,aic_pr_avg,bic_pr,bic_pr_avg,ebic_pr,ebic_pr_avg
12.484686081297696,64,0.9987173320506654,0.998549862792137,0.9987173320506654,0.9991036414565826,9624.969372162595,1.5432049658750353,41968.59133948798,6.728970873735447,123341.75482968942,19.77581446684134,67238.9693721626,10.780658869995607,293691.490925476,47.088582800300784,994228.7107704785,159.40816270169609,38.79951227642596,0.006220861355848318,85.39501473443411,0.013691681054101991,112.13839906080082,0.017979541295623028
