loss,layer_idx,accuracy_score,f1_macro,f1_micro,balanced_accuracy_score,aic,aic_avg,bic,bic_avg,ebic,ebic_avg
0.35436357047299794,40,1.0,1.0,1.0,1.0,9600.708727140945,1.5393151719001035,41944.330694466335,6.725081079760516,123317.49418466777,19.771924672866405
