loss,layer_idx,accuracy_score,f1_macro,f1_micro,balanced_accuracy_score,aic_rep,aic_rep_avg,bic_rep,bic_rep_avg,ebic_rep,ebic_rep_avg,aic_cls,aic_cls_avg,bic_cls,bic_cls_avg,ebic_cls,ebic_cls_avg,aic_pr,aic_pr_avg,bic_pr,bic_pr_avg,ebic_pr,ebic_pr_avg
3.9797104262397625,51,0.9993586660253327,0.9995521270995303,0.9993586660253327,0.9995518207282912,9607.95942085248,1.5404777009543817,41951.58138817787,6.726243608814793,123324.74487837931,19.773087201920685,67221.95942085248,10.777931605074953,293674.4809741659,47.085855535380134,994211.7008191682,159.4054354367754,24.353051833924837,0.0039046098819824977,79.585281327227,0.012760186199651594,114.07331199426903,0.018289772646187114
