loss,layer_idx,accuracy_score,f1_macro,f1_micro,balanced_accuracy_score,aic,aic_avg,bic,bic_avg,ebic,ebic_avg
2.5369941244935035,41,0.9996793330126663,0.9997759102262974,0.9996793330126663,0.9997759103641456,9605.073988248987,1.5400150694643238,41948.695955574374,6.725780977324735,123321.8594457758,19.772624570430622
