loss,layer_idx,accuracy_score,f1_macro,f1_micro,balanced_accuracy_score,aic,aic_avg,bic,bic_avg,ebic,ebic_avg
2.0427551987813786,57,1.0,1.0,1.0,1.0,67218.08551039756,10.777310487477564,293670.607063711,47.08523441778274,994207.8269087134,159.40481431917803
