loss,layer_idx,accuracy_score,f1_macro,f1_micro,balanced_accuracy_score,aic_rep,aic_rep_avg,bic_rep,bic_rep_avg,ebic_rep,ebic_rep_avg,aic_cls,aic_cls_avg,bic_cls,bic_cls_avg,ebic_cls,ebic_cls_avg,aic_pr,aic_pr_avg,bic_pr,bic_pr_avg,ebic_pr,ebic_pr_avg
15.341739366391266,22,0.9972743306076639,0.996987574900514,0.9972743306076639,0.99764942596757,9630.683478732783,1.544121128544618,41974.30544605817,6.72988703640503,123347.4689362596,19.77673062951092,67244.68347873278,10.781575032665188,293697.2050320462,47.08949896297037,994234.4248770486,159.40907886436565,46.084247966486146,0.0073888484794750915,97.97139985199918,0.015708096817700686,129.40853200893253,0.02074852204728756
