loss,layer_idx,accuracy_score,f1_macro,f1_micro,balanced_accuracy_score,aic_rep,aic_rep_avg,bic_rep,bic_rep_avg,ebic_rep,ebic_rep_avg,aic_cls,aic_cls_avg,bic_cls,bic_cls_avg,ebic_cls,ebic_cls_avg,aic_pr,aic_pr_avg,bic_pr,bic_pr_avg,ebic_pr,ebic_pr_avg
2.830900364946501,59,0.9996793330126663,0.9996644346602673,0.9996793330126663,0.9997759103641456,9605.661800729893,1.5401093154930083,41949.28376805528,6.72587522335342,123322.44725825671,19.77271881645931,67219.6618007299,10.77756321961358,293672.1833540433,47.085487149918755,994209.4031990457,159.40506705131403,19.788976061008725,0.0031728356679507335,67.38522797514744,0.010804109022790996,95.00319282208065,0.015232193814667411
