loss,layer_idx,accuracy_score,f1_macro,f1_micro,balanced_accuracy_score,aic,aic_avg,bic,bic_avg,ebic,ebic_avg
152.9179204404354,2,0.9714606381273048,0.964006887178533,0.9714606381273048,0.9758737881327738,67519.83584088087,10.825691172179072,293972.3573941943,47.13361510248426,994509.5772391967,159.45319500387956
