loss,layer_idx,accuracy_score,f1_macro,f1_micro,balanced_accuracy_score,aic,aic_avg,bic,bic_avg,ebic,ebic_avg
9.065742065602535,32,0.9982363315696648,0.9979904622980699,0.9982363315696648,0.9987675070028013,67232.13148413121,10.779562527518232,293684.65303744463,47.08748645782342,994221.872882447,159.4070663592187
