loss,layer_idx,accuracy_score,f1_macro,f1_micro,balanced_accuracy_score,aic_rep,aic_rep_avg,bic_rep,bic_rep_avg,ebic_rep,ebic_rep_avg,aic_cls,aic_cls_avg,bic_cls,bic_cls_avg,ebic_cls,ebic_cls_avg,aic_pr,aic_pr_avg,bic_pr,bic_pr_avg,ebic_pr,ebic_pr_avg
1.1637673346938016,46,0.9998396665063332,0.9998880867759272,0.9998396665063332,0.9998882181980774,9602.327534669388,1.5395747209667128,41945.94950199477,6.725340628827124,123319.1129921962,19.772184221933014,67216.32753466938,10.777028625087283,293668.8490879828,47.08495255539246,994206.0689329852,159.40453245678776,17.52329348896768,0.0028095708656353507,68.71973919387901,0.011018075868827804,99.53475084776446,0.015958754344679246
