loss,layer_idx,accuracy_score,f1_macro,f1_micro,balanced_accuracy_score,aic,aic_avg,bic,bic_avg,ebic,ebic_avg
2.1702170082680823,63,0.9996793330126663,0.9995533071812764,0.9996793330126663,0.9997759103641456,67218.34043401654,10.777351360272013,293670.86198732996,47.085275290577194,994208.0818323323,159.40485519197247
