loss,layer_idx,accuracy_score,f1_macro,f1_micro,balanced_accuracy_score,aic_rep,aic_rep_avg,bic_rep,bic_rep_avg,ebic_rep,ebic_rep_avg,aic_cls,aic_cls_avg,bic_cls,bic_cls_avg,ebic_cls,ebic_cls_avg,aic_pr,aic_pr_avg,bic_pr,bic_pr_avg,ebic_pr,ebic_pr_avg
7.74904025808064,18,0.9983966650633317,0.9981525020851322,0.9983966650633317,0.9988798148367328,9615.498080516161,1.541686400595825,41959.12004784155,6.727452308456237,123332.28353804298,19.774295901562127,67229.49808051616,10.779140304716396,293682.0196338296,47.08706423502158,994219.239478832,159.40664413641687,31.077942157091456,0.004982835042022039,83.56847915891223,0.013398826223971818,115.55131594913979,0.01852674618392493
