loss,layer_idx,accuracy_score,f1_macro,f1_micro,balanced_accuracy_score,aic_rep,aic_rep_avg,bic_rep,bic_rep_avg,ebic_rep,ebic_rep_avg,aic_cls,aic_cls_avg,bic_cls,bic_cls_avg,ebic_cls,ebic_cls_avg,aic_pr,aic_pr_avg,bic_pr,bic_pr_avg,ebic_pr,ebic_pr_avg
6.8065160444239154,23,0.9982363315696648,0.9976587292691718,0.9982363315696648,0.9985442064149603,9613.613032088848,1.5413841641957429,41957.234999414235,6.727150072056155,123330.39848961568,19.773993665162045,67227.61303208885,10.778838068316313,293680.13458540227,47.0867619986215,994217.3544304047,159.4063419000168,29.319414840312675,0.004700884213614346,82.23621756817714,0.013185220068651136,114.60581590952437,0.018375150859311268
