loss,layer_idx,accuracy_score,f1_macro,f1_micro,balanced_accuracy_score,aic_rep,aic_rep_avg,bic_rep,bic_rep_avg,ebic_rep,ebic_rep_avg,aic_cls,aic_cls_avg,bic_cls,bic_cls_avg,ebic_cls,ebic_cls_avg,aic_pr,aic_pr_avg,bic_pr,bic_pr_avg,ebic_pr,ebic_pr_avg
43.507180768297985,15,0.9924643257976591,0.9903653238793073,0.9924643257976591,0.9918325640115203,9687.014361536596,1.55315285578589,42030.63632886198,6.738918763646302,123403.79981906342,19.785762356752194,67301.0143615366,10.790606759906462,293753.53591485,47.09853069021164,994290.7557598525,159.41811059160693,102.11460987338796,0.01637239215542536,152.98926860442276,0.02452930392887971,183.51538713590486,0.02942366316111991
