loss,layer_idx,accuracy_score,f1_macro,f1_micro,balanced_accuracy_score,aic_rep,aic_rep_avg,bic_rep,bic_rep_avg,ebic_rep,ebic_rep_avg,aic_cls,aic_cls_avg,bic_cls,bic_cls_avg,ebic_cls,ebic_cls_avg,aic_pr,aic_pr_avg,bic_pr,bic_pr_avg,ebic_pr,ebic_pr_avg
14.258485343307257,69,0.9958313291646625,0.9949986561392438,0.9958313291646625,0.9970897279099434,9628.516970686615,1.5437737647405185,41972.138938012,6.7295396726009304,123345.30242821344,19.776383265706823,67242.51697068661,10.781227668861089,293695.03852400003,47.08915159916627,994232.2583690025,159.40873150056157,43.92469983547926,0.007042600582889091,95.83530056108566,0.01536560855556929,127.29360104727016,0.020409427777340092
