loss,layer_idx,accuracy_score,f1_macro,f1_micro,balanced_accuracy_score,aic,aic_avg,bic,bic_avg,ebic,ebic_avg
178.06575855612755,3,0.9679333012666346,0.9589798954929422,0.9679333012666346,0.9724635394063729,9956.131517112255,1.5963013495450145,42299.75348443764,6.782067257405426,123672.91697463908,19.828910850511317
