loss,layer_idx,accuracy_score,f1_macro,f1_micro,balanced_accuracy_score,aic,aic_avg,bic,bic_avg,ebic,ebic_avg
14.258485343307257,69,0.9958313291646625,0.9949986561392438,0.9958313291646625,0.9970897279099434,67242.51697068661,10.781227668861089,293695.03852400003,47.08915159916627,994232.2583690025,159.40873150056157
