loss,layer_idx,accuracy_score,f1_macro,f1_micro,balanced_accuracy_score,aic_rep,aic_rep_avg,bic_rep,bic_rep_avg,ebic_rep,ebic_rep_avg,aic_cls,aic_cls_avg,bic_cls,bic_cls_avg,ebic_cls,ebic_cls_avg,aic_pr,aic_pr_avg,bic_pr,bic_pr_avg,ebic_pr,ebic_pr_avg
9.252159694908187,61,0.9983966650633317,0.9981023487838623,0.9983966650633317,0.9988795518207284,9618.504319389816,1.5421684013772352,41962.1262867152,6.7279343092376465,123335.28977691664,19.774777902343537,67232.50431938982,10.779622305497806,293685.02587270323,47.08754623580299,994222.2457177057,159.40712613719828,33.24108048295602,0.005329658567092516,82.89110442246619,0.013290220365955778,112.32333399267685,0.01800919255935175
