loss,layer_idx,accuracy_score,f1_macro,f1_micro,balanced_accuracy_score,aic,aic_avg,bic,bic_avg,ebic,ebic_avg
3.688833887990768,65,0.9996793330126663,0.9997759102262974,0.9996793330126663,0.9997759103641456,67221.37766777599,10.777838330571747,293673.8992210894,47.085762260876926,994211.1190660917,159.4053421622722
