loss,layer_idx,accuracy_score,f1_macro,f1_micro,balanced_accuracy_score,aic,aic_avg,bic,bic_avg,ebic,ebic_avg
3.9797104262397625,51,0.9993586660253327,0.9995521270995303,0.9993586660253327,0.9995518207282912,67221.95942085248,10.777931605074953,293674.4809741659,47.085855535380134,994211.7008191682,159.4054354367754
