loss,layer_idx,accuracy_score,f1_macro,f1_micro,balanced_accuracy_score,aic,aic_avg,bic,bic_avg,ebic,ebic_avg
4.9868654262973,54,0.9995189995189995,0.9991595511552015,0.9995189995189995,0.9996638655462184,67223.9737308526,10.7782545664346,293676.495284166,47.086178496739784,994213.7151291685,159.40575839813508
