loss,layer_idx,accuracy_score,f1_macro,f1_micro,balanced_accuracy_score,aic,aic_avg,bic,bic_avg,ebic,ebic_avg
2.7924399913863454,45,0.9996793330126663,0.9995533071812764,0.9996793330126663,0.9997759103641456,9605.584879982773,1.540096982520887,41949.20684730816,6.725862890381299,123322.3703375096,19.772706483487188
