loss,layer_idx,accuracy_score,f1_macro,f1_micro,balanced_accuracy_score,aic_rep,aic_rep_avg,bic_rep,bic_rep_avg,ebic_rep,ebic_rep_avg,aic_cls,aic_cls_avg,bic_cls,bic_cls_avg,ebic_cls,ebic_cls_avg,aic_pr,aic_pr_avg,bic_pr,bic_pr_avg,ebic_pr,ebic_pr_avg
152.9179204404354,2,0.9714606381273048,0.964006887178533,0.9714606381273048,0.9758737881327738,9905.83584088087,1.588237268058501,42249.45780820626,6.774003175918913,123622.6212984077,19.820846769024804,67519.83584088087,10.825691172179072,293972.3573941943,47.13361510248426,994509.5772391967,159.45319500387956,317.3825280070305,0.05088704954417676,356.2847866928108,0.05712438459079859,376.52903244745403,0.06037021523929037
