loss,layer_idx,accuracy_score,f1_macro,f1_micro,balanced_accuracy_score,aic,aic_avg,bic,bic_avg,ebic,ebic_avg
100.45811403542757,9,0.9842873176206509,0.9808981244313524,0.9842873176206509,0.9876858536841967,9800.916228070855,1.5714151399825005,42144.53819539624,6.757181047842912,123517.70168559768,19.804024640948803
