loss,layer_idx,accuracy_score,f1_macro,f1_micro,balanced_accuracy_score,aic_rep,aic_rep_avg,bic_rep,bic_rep_avg,ebic_rep,ebic_rep_avg,aic_cls,aic_cls_avg,bic_cls,bic_cls_avg,ebic_cls,ebic_cls_avg,aic_pr,aic_pr_avg,bic_pr,bic_pr_avg,ebic_pr,ebic_pr_avg
66.72823509573936,4,0.9884559884559885,0.9861018641790237,0.9884559884559885,0.9914866979655711,9733.456470191479,1.5605990813197816,42077.078437516866,6.746364989180194,123450.2419277183,19.793208582286084,67347.45647019148,10.798052985440352,293799.9780235049,47.105976915745536,994337.1978685074,159.42555681714083,146.29422920942307,0.02345586487244237,189.54627343692454,0.0303906162316698,213.41479513200937,0.0342175397037052
