loss,layer_idx,accuracy_score,f1_macro,f1_micro,balanced_accuracy_score,aic,aic_avg,bic,bic_avg,ebic,ebic_avg
7.592543210979784,27,0.9983966650633317,0.9981036094845294,0.9983966650633317,0.9988803408687419,67229.18508642196,10.779090121279776,293681.7066397354,47.08701405158496,994218.9264847378,159.40659395298024
