loss,layer_idx,accuracy_score,f1_macro,f1_micro,balanced_accuracy_score,aic_rep,aic_rep_avg,bic_rep,bic_rep_avg,ebic_rep,ebic_rep_avg,aic_cls,aic_cls_avg,bic_cls,bic_cls_avg,ebic_cls,ebic_cls_avg,aic_pr,aic_pr_avg,bic_pr,bic_pr_avg,ebic_pr,ebic_pr_avg
0.9696052961458008,52,0.9996793330126663,0.9995529589563892,0.9996793330126663,0.9997759103641456,9601.939210592293,1.5395124596107572,41945.561177917676,6.7252783674711685,123318.7246681191,19.772121960577056,67215.93921059229,10.776966363731328,293668.4607639057,47.08489029403651,994205.6806089082,159.4044701954318,14.359939275763281,0.0023023792329266123,56.206955223359444,0.00901185749933613,78.88993287861803,0.012648698553570311
