loss,layer_idx,accuracy_score,f1_macro,f1_micro,balanced_accuracy_score,aic,aic_avg,bic,bic_avg,ebic,ebic_avg
3.3287100961315446,71,0.9995189995189995,0.9993294823909658,0.9995189995189995,0.9994405649583777,9606.657420192263,1.5402689466397728,41950.27938751765,6.726034854500185,123323.44287771909,19.772878447606075
