loss,layer_idx,accuracy_score,f1_macro,f1_micro,balanced_accuracy_score,aic_rep,aic_rep_avg,bic_rep,bic_rep_avg,ebic_rep,ebic_rep_avg,aic_cls,aic_cls_avg,bic_cls,bic_cls_avg,ebic_cls,ebic_cls_avg,aic_pr,aic_pr_avg,bic_pr,bic_pr_avg,ebic_pr,ebic_pr_avg
0.21359181668643146,60,1.0,1.0,1.0,1.0,9600.427183633374,1.5392700310459153,41944.04915095876,6.725035938906327,123317.2126411602,19.771879532012218,67214.42718363338,10.776723935166487,293666.9487369468,47.084647865471666,994204.1685819492,159.40422776686697,13.250557427928527,0.002124508165452706,56.454136006763456,0.009051488857906598,80.28153344125639,0.012871818733566841
