loss,layer_idx,accuracy_score,f1_macro,f1_micro,balanced_accuracy_score,aic,aic_avg,bic,bic_avg,ebic,ebic_avg
8.604368428816088,68,0.9988776655443322,0.9988823020298747,0.9988776655443322,0.9992156862745099,67231.20873685763,10.779414580224087,293683.73029017105,47.08733851052927,994220.9501351735,159.40691841192455
