loss,layer_idx,accuracy_score,f1_macro,f1_micro,balanced_accuracy_score,aic,aic_avg,bic,bic_avg,ebic,ebic_avg
43.507180768297985,15,0.9924643257976591,0.9903653238793073,0.9924643257976591,0.9918325640115203,67301.0143615366,10.790606759906462,293753.53591485,47.09853069021164,994290.7557598525,159.41811059160693
