loss,layer_idx,accuracy_score,f1_macro,f1_micro,balanced_accuracy_score,aic_rep,aic_rep_avg,bic_rep,bic_rep_avg,ebic_rep,ebic_rep_avg,aic_cls,aic_cls_avg,bic_cls,bic_cls_avg,ebic_cls,ebic_cls_avg,aic_pr,aic_pr_avg,bic_pr,bic_pr_avg,ebic_pr,ebic_pr_avg
2.5369941244935035,41,0.9996793330126663,0.9997759102262974,0.9996793330126663,0.9997759103641456,9605.073988248987,1.5400150694643238,41948.695955574374,6.725780977324735,123321.8594457758,19.772624570430622,67219.07398824899,10.777468973584895,293671.5955415624,47.08539290389008,994208.8153865648,159.40497280528535,23.979862501306343,0.0038447751324845827,87.67615935326542,0.014057424940398496,130.14490665103477,0.020866587566303475
