loss,layer_idx,accuracy_score,f1_macro,f1_micro,balanced_accuracy_score,aic,aic_avg,bic,bic_avg,ebic,ebic_avg
169.7895369231701,5,0.9680936347603014,0.9602112455353957,0.9680936347603014,0.9716813298089189,67553.57907384634,10.83110134260804,294006.10062715976,47.13902527291322,994543.3204721622,159.4586051743085
