loss,layer_idx,accuracy_score,f1_macro,f1_micro,balanced_accuracy_score,aic,aic_avg,bic,bic_avg,ebic,ebic_avg
0.8352810806339335,50,1.0,1.0,1.0,1.0,67215.67056216126,10.776923290389814,293668.19211547467,47.08484722069499,994205.411960477,159.40442712209028
