loss,layer_idx,accuracy_score,f1_macro,f1_micro,balanced_accuracy_score,aic,aic_avg,bic,bic_avg,ebic,ebic_avg
12.899514892946172,34,0.9974346641013307,0.9972172064618346,0.9974346641013307,0.9982080719611789,67239.79902978589,10.780791891900897,293692.3205830993,47.08871582220608,994229.5404281018,159.40829572360138
