loss,layer_idx,accuracy_score,f1_macro,f1_micro,balanced_accuracy_score,aic_rep,aic_rep_avg,bic_rep,bic_rep_avg,ebic_rep,ebic_rep_avg,aic_cls,aic_cls_avg,bic_cls,bic_cls_avg,ebic_cls,ebic_cls_avg,aic_pr,aic_pr_avg,bic_pr,bic_pr_avg,ebic_pr,ebic_pr_avg
12.722314614096831,16,0.9971139971139971,0.9961417311348189,0.9971139971139971,0.9977601557054747,9625.444629228194,1.5432811655007526,41969.06659655358,6.729047073361164,123342.23008675501,19.775890666467053,67239.4446292282,10.780735069621324,293691.9661825416,47.08865899992651,994229.1860275441,159.4082389013218,40.836436784346006,0.006547448578538721,92.69339563747245,0.014861855962397379,124.10327686823813,0.019897911955786135
