loss,layer_idx,accuracy_score,f1_macro,f1_micro,balanced_accuracy_score,aic_rep,aic_rep_avg,bic_rep,bic_rep_avg,ebic_rep,ebic_rep_avg,aic_cls,aic_cls_avg,bic_cls,bic_cls_avg,ebic_cls,ebic_cls_avg,aic_pr,aic_pr_avg,bic_pr,bic_pr_avg,ebic_pr,ebic_pr_avg
0.35436357047299794,40,1.0,1.0,1.0,1.0,9600.708727140945,1.5393151719001035,41944.330694466335,6.725081079760516,123317.49418466777,19.771924672866405,67214.70872714094,10.776769076020674,293667.2302804544,47.08469300632586,994204.4501254568,159.40427290772115,19.604547758621777,0.0031432656338979924,83.26697263575703,0.013350484629751006,125.70308528682914,0.020154414828736433
