loss,layer_idx,accuracy_score,f1_macro,f1_micro,balanced_accuracy_score,aic,aic_avg,bic,bic_avg,ebic,ebic_avg
0.272388760310605,56,1.0,1.0,1.0,1.0,67214.54477752063,10.776742789405263,293667.06633083406,47.08466671971045,994204.2861758365,159.40424662110573
