loss,layer_idx,accuracy_score,f1_macro,f1_micro,balanced_accuracy_score,aic,aic_avg,bic,bic_avg,ebic,ebic_avg
11.335929837165168,17,0.9972743306076639,0.9969833908044502,0.9972743306076639,0.9974266514117386,67236.67185967433,10.780290501791619,293689.19341298775,47.0882144320968,994226.4132579901,159.4077943334921
