loss,layer_idx,accuracy_score,f1_macro,f1_micro,balanced_accuracy_score,aic_rep,aic_rep_avg,bic_rep,bic_rep_avg,ebic_rep,ebic_rep_avg,aic_cls,aic_cls_avg,bic_cls,bic_cls_avg,ebic_cls,ebic_cls_avg,aic_pr,aic_pr_avg,bic_pr,bic_pr_avg,ebic_pr,ebic_pr_avg
11.335929837165168,17,0.9972743306076639,0.9969833908044502,0.9972743306076639,0.9974266514117386,9622.67185967433,1.5428365976710485,41966.29382699972,6.728602505531461,123339.45731720116,19.77544609863735,67236.67185967433,10.780290501791619,293689.19341298775,47.0882144320968,994226.4132579901,159.4077943334921,38.31657975184498,0.0061434310969769096,91.02563308223658,0.014594457765309697,123.20660844870677,0.019754145975421963
