loss,layer_idx,accuracy_score,f1_macro,f1_micro,balanced_accuracy_score,aic,aic_avg,bic,bic_avg,ebic,ebic_avg
1114.8196272850037,0,0.778419111752445,0.738411911065289,0.778419111752445,0.7855934102739087,11829.639254570007,1.8966873905034483,44173.261221895395,7.08245329836386,125546.42471209684,20.12929689146975
