loss,layer_idx,accuracy_score,f1_macro,f1_micro,balanced_accuracy_score,aic_rep,aic_rep_avg,bic_rep,bic_rep_avg,ebic_rep,ebic_rep_avg,aic_cls,aic_cls_avg,bic_cls,bic_cls_avg,ebic_cls,ebic_cls_avg,aic_pr,aic_pr_avg,bic_pr,bic_pr_avg,ebic_pr,ebic_pr_avg
9.493031040299684,58,0.9985569985569985,0.9986574730788489,0.9985569985569985,0.9987682960508147,9618.9860620806,1.5422456408658969,41962.60802940599,6.728011548726308,123335.77151960743,19.774855141832198,67232.9860620806,10.779699544986467,293685.507615394,47.08762347529165,994222.7274603965,159.40720337668694,34.39404681418091,0.005514517687058027,86.30550863723114,0.013837663722499782,117.76458810485782,0.018881607841086712
