loss,layer_idx,accuracy_score,f1_macro,f1_micro,balanced_accuracy_score,aic_rep,aic_rep_avg,bic_rep,bic_rep_avg,ebic_rep,ebic_rep_avg,aic_cls,aic_cls_avg,bic_cls,bic_cls_avg,ebic_cls,ebic_cls_avg,aic_pr,aic_pr_avg,bic_pr,bic_pr_avg,ebic_pr,ebic_pr_avg
2.6974364817288006,24,0.9993586660253327,0.9994403446623987,0.9993586660253327,0.9995518207282913,9605.394872963458,1.540066518031659,41949.016840288845,6.7258324258920705,123322.18033049029,19.772676018997963,67219.39487296346,10.77752042215223,293671.9164262769,47.085444352457415,994209.1362712793,159.4050242538527,21.266839325457113,0.0034097866483016053,74.74151431406305,0.011983568111922888,107.61882158918768,0.017254901649701407
