loss,layer_idx,accuracy_score,f1_macro,f1_micro,balanced_accuracy_score,aic_rep,aic_rep_avg,bic_rep,bic_rep_avg,ebic_rep,ebic_rep_avg,aic_cls,aic_cls_avg,bic_cls,bic_cls_avg,ebic_cls,ebic_cls_avg,aic_pr,aic_pr_avg,bic_pr,bic_pr_avg,ebic_pr,ebic_pr_avg
2.0427551987813786,57,1.0,1.0,1.0,1.0,9604.085510397563,1.5398565833569926,41947.70747772295,6.725622491217404,123320.87096792439,19.772466084323295,67218.08551039756,10.777310487477564,293670.607063711,47.08523441778274,994207.8269087134,159.40481431917803,19.52707209647633,0.003130843690312062,71.55165898968377,0.011472127463473428,103.11290644745779,0.016532452532861598
