loss,layer_idx,accuracy_score,f1_macro,f1_micro,balanced_accuracy_score,aic_rep,aic_rep_avg,bic_rep,bic_rep_avg,ebic_rep,ebic_rep_avg,aic_cls,aic_cls_avg,bic_cls,bic_cls_avg,ebic_cls,ebic_cls_avg,aic_pr,aic_pr_avg,bic_pr,bic_pr_avg,ebic_pr,ebic_pr_avg
3.502667583859875,47,0.9995189995189995,0.999329786659471,0.9995189995189995,0.9996638655462184,9607.00533516772,1.5403247290632869,41950.62730249311,6.726090636923699,123323.79079269455,19.772934230029588,67221.00533516772,10.777778633183857,293673.5268884811,47.085702563489036,994210.7467334835,159.40528246488432,25.017547921015648,0.004011150861153704,85.70298543014478,0.013741059071692284,125.29208039776385,0.02008851697895845
