loss,layer_idx,accuracy_score,f1_macro,f1_micro,balanced_accuracy_score,aic_rep,aic_rep_avg,bic_rep,bic_rep_avg,ebic_rep,ebic_rep_avg,aic_cls,aic_cls_avg,bic_cls,bic_cls_avg,ebic_cls,ebic_cls_avg,aic_pr,aic_pr_avg,bic_pr,bic_pr_avg,ebic_pr,ebic_pr_avg
1.8795444658753695,36,0.9996793330126663,0.9996645662541218,0.9996793330126663,0.9997761733801501,9603.75908893175,1.5398042470629711,41947.38105625714,6.725570154923383,123320.54454645858,19.772413748029273,67217.75908893175,10.777258151183542,293670.2806422452,47.085182081488725,994207.5004872476,159.40476198288403,22.681671558093512,0.0036366316431126365,86.43426104891745,0.013858307046483477,128.9572558831482,0.020676167369432133
