loss,layer_idx,accuracy_score,f1_macro,f1_micro,balanced_accuracy_score,aic,aic_avg,bic,bic_avg,ebic,ebic_avg
8.776232845888444,35,0.9987173320506654,0.9986598222847002,0.9987173320506654,0.9991036414565827,67231.55246569178,10.779469691468941,293684.0740190052,47.08739362177412,994221.2938640076,159.4069735231694
