loss,layer_idx,accuracy_score,f1_macro,f1_micro,balanced_accuracy_score,aic,aic_avg,bic,bic_avg,ebic,ebic_avg
1.9264819126492512,28,0.9996793330126663,0.9995533511721612,0.9996793330126663,0.9997759103641456,67217.8529638253,10.777273202473191,293670.3745171387,47.08519713277837,994207.5943621411,159.40477703417366
