loss,layer_idx,accuracy_score,f1_macro,f1_micro,balanced_accuracy_score,aic,aic_avg,bic,bic_avg,ebic,ebic_avg
169.7895369231701,5,0.9680936347603014,0.9602112455353957,0.9680936347603014,0.9716813298089189,9939.57907384634,1.5936474384874684,42283.20104117173,6.77941334634788,123656.36453137317,19.82625693945377
