loss,layer_idx,accuracy_score,f1_macro,f1_micro,balanced_accuracy_score,aic_rep,aic_rep_avg,bic_rep,bic_rep_avg,ebic_rep,ebic_rep_avg,aic_cls,aic_cls_avg,bic_cls,bic_cls_avg,ebic_cls,ebic_cls_avg,aic_pr,aic_pr_avg,bic_pr,bic_pr_avg,ebic_pr,ebic_pr_avg
4.227600919417455,30,0.9990379990379991,0.9987739524266545,0.9990379990379991,0.9993279941084415,9608.455201838835,1.5405571912520177,41952.07716916422,6.726323099112429,123325.24065936566,19.77316669221832,67222.45520183883,10.77801109537259,293674.9767551522,47.08593502567776,994212.1966001546,159.40551492707306,25.814100001676707,0.004138864839133671,84.29843749628652,0.013515862994434268,121.81028824959903,0.019530269079621458
