loss,layer_idx,accuracy_score,f1_macro,f1_micro,balanced_accuracy_score,aic,aic_avg,bic,bic_avg,ebic,ebic_avg
3.494237912628705,49,0.9995189995189995,0.9995526531847236,0.9995189995189995,0.9996643915782275,67220.98847582526,10.77777593006658,293673.51002913865,47.085699860371754,994210.729874141,159.40527976176705
