loss,layer_idx,accuracy_score,f1_macro,f1_micro,balanced_accuracy_score,aic,aic_avg,bic,bic_avg,ebic,ebic_avg
3.965034640626982,62,0.9993586660253327,0.9995518204525945,0.9993586660253327,0.9995518207282913,9607.930069281254,1.5404729949144227,41951.55203660664,6.726238902774834,123324.71552680808,19.773082495880725
