loss,layer_idx,accuracy_score,f1_macro,f1_micro,balanced_accuracy_score,aic,aic_avg,bic,bic_avg,ebic,ebic_avg
3.965034640626982,62,0.9993586660253327,0.9995518204525945,0.9993586660253327,0.9995518207282913,67221.93006928125,10.777926899034993,293674.4516225947,47.085850829340174,994211.6714675971,159.40543073073547
