loss,layer_idx,accuracy_score,f1_macro,f1_micro,balanced_accuracy_score,aic,aic_avg,bic,bic_avg,ebic,ebic_avg
2.6974364817288006,24,0.9993586660253327,0.9994403446623987,0.9993586660253327,0.9995518207282913,67219.39487296346,10.77752042215223,293671.9164262769,47.085444352457415,994209.1362712793,159.4050242538527
