loss,layer_idx,accuracy_score,f1_macro,f1_micro,balanced_accuracy_score,aic_rep,aic_rep_avg,bic_rep,bic_rep_avg,ebic_rep,ebic_rep_avg,aic_cls,aic_cls_avg,bic_cls,bic_cls_avg,ebic_cls,ebic_cls_avg,aic_pr,aic_pr_avg,bic_pr,bic_pr_avg,ebic_pr,ebic_pr_avg
38.225969104329124,13,0.9915023248356581,0.9889996203607035,0.9915023248356581,0.9933946160623874,9676.451938208658,1.5514593455521337,42020.073905534045,6.737225253412546,123393.23739573549,19.784068846518437,67290.45193820866,10.788913249672705,293742.9734915221,47.09683717997789,994280.1933365245,159.41641708137317,92.66431957157329,0.014857194095169678,147.28589602909784,0.023614862278194298,181.21237925094016,0.029054413860981267
