loss,layer_idx,accuracy_score,f1_macro,f1_micro,balanced_accuracy_score,aic,aic_avg,bic,bic_avg,ebic,ebic_avg
0.8173935453315835,39,0.9996793330126663,0.9997759102262974,0.9996793330126663,0.9997759103641456,67215.63478709066,10.776917554447756,293668.15634040406,47.084841484752936,994205.3761854065,159.40442138614821
