loss,layer_idx,accuracy_score,f1_macro,f1_micro,balanced_accuracy_score,aic_rep,aic_rep_avg,bic_rep,bic_rep_avg,ebic_rep,ebic_rep_avg,aic_cls,aic_cls_avg,bic_cls,bic_cls_avg,ebic_cls,ebic_cls_avg,aic_pr,aic_pr_avg,bic_pr,bic_pr_avg,ebic_pr,ebic_pr_avg
2.8600604308740003,70,0.9996793330126663,0.9997759102262974,0.9996793330126663,0.9997759103641456,9605.720120861748,1.5401186661634998,41949.342088187135,6.725884574023912,123322.50557838858,19.772728167129802,67219.72012086175,10.77757257028407,293672.24167417514,47.08549650058925,994209.4615191775,159.40507640198453,21.61244149468257,0.003465198251512357,75.15569261292852,0.012049974765580972,108.09552788053155,0.017331333634845528
