loss,layer_idx,accuracy_score,f1_macro,f1_micro,balanced_accuracy_score,aic,aic_avg,bic,bic_avg,ebic,ebic_avg
2.830900364946501,59,0.9996793330126663,0.9996644346602673,0.9996793330126663,0.9997759103641456,67219.6618007299,10.77756321961358,293672.1833540433,47.085487149918755,994209.4031990457,159.40506705131403
