loss,layer_idx,accuracy_score,f1_macro,f1_micro,balanced_accuracy_score,aic,aic_avg,bic,bic_avg,ebic,ebic_avg
0.21359181668643146,60,1.0,1.0,1.0,1.0,67214.42718363338,10.776723935166487,293666.9487369468,47.084647865471666,994204.1685819492,159.40422776686697
