loss,layer_idx,accuracy_score,f1_macro,f1_micro,balanced_accuracy_score,aic_rep,aic_rep_avg,bic_rep,bic_rep_avg,ebic_rep,ebic_rep_avg,aic_cls,aic_cls_avg,bic_cls,bic_cls_avg,ebic_cls,ebic_cls_avg,aic_pr,aic_pr_avg,bic_pr,bic_pr_avg,ebic_pr,ebic_pr_avg
3.965034640626982,62,0.9993586660253327,0.9995518204525945,0.9993586660253327,0.9995518207282913,9607.930069281254,1.5404729949144227,41951.55203660664,6.726238902774834,123324.71552680808,19.773082495880725,67221.93006928125,10.777926899034993,293674.4516225947,47.085850829340174,994211.6714675971,159.40543073073547,20.821193052921444,0.003338334624486363,64.25302992842299,0.010301912767103252,88.27424523990376,0.014153318140116044
