loss,layer_idx,accuracy_score,f1_macro,f1_micro,balanced_accuracy_score,aic_rep,aic_rep_avg,bic_rep,bic_rep_avg,ebic_rep,ebic_rep_avg,aic_cls,aic_cls_avg,bic_cls,bic_cls_avg,ebic_cls,ebic_cls_avg,aic_pr,aic_pr_avg,bic_pr,bic_pr_avg,ebic_pr,ebic_pr_avg
100.45811403542757,9,0.9842873176206509,0.9808981244313524,0.9842873176206509,0.9876858536841967,9800.916228070855,1.5714151399825005,42144.53819539624,6.757181047842912,123517.70168559768,19.804024640948803,67414.91622807086,10.808869044103071,293867.4377813843,47.116792974408256,994404.6576263867,159.43637287580356,215.18999935686588,0.03450216439904856,263.2801517029904,0.04221262653567266,291.33205868830527,0.046710286786645065
