loss,layer_idx,accuracy_score,f1_macro,f1_micro,balanced_accuracy_score,aic,aic_avg,bic,bic_avg,ebic,ebic_avg
9.252159694908187,61,0.9983966650633317,0.9981023487838623,0.9983966650633317,0.9988795518207284,67232.50431938982,10.779622305497806,293685.02587270323,47.08754623580299,994222.2457177057,159.40712613719828
