loss,layer_idx,accuracy_score,f1_macro,f1_micro,balanced_accuracy_score,aic_rep,aic_rep_avg,bic_rep,bic_rep_avg,ebic_rep,ebic_rep_avg,aic_cls,aic_cls_avg,bic_cls,bic_cls_avg,ebic_cls,ebic_cls_avg,aic_pr,aic_pr_avg,bic_pr,bic_pr_avg,ebic_pr,ebic_pr_avg
9.065742065602535,32,0.9982363315696648,0.9979904622980699,0.9982363315696648,0.9987675070028013,9618.131484131205,1.54210862339766,41961.75345145659,6.727874531258071,123334.91694165803,19.77471812436396,67232.13148413121,10.779562527518232,293684.65303744463,47.08748645782342,994221.872882447,159.4070663592187,36.365441421854484,0.005830598271902274,97.79796450280462,0.015680289322238996,138.0975366002537,0.022141660509901188
