loss,layer_idx,accuracy_score,f1_macro,f1_micro,balanced_accuracy_score,aic_rep,aic_rep_avg,bic_rep,bic_rep_avg,ebic_rep,ebic_rep_avg,aic_cls,aic_cls_avg,bic_cls,bic_cls_avg,ebic_cls,ebic_cls_avg,aic_pr,aic_pr_avg,bic_pr,bic_pr_avg,ebic_pr,ebic_pr_avg
3.6421815181935244,42,0.9993586660253327,0.9995518204525945,0.9993586660253327,0.9995518207282913,9607.284363036388,1.5403694665763008,41950.90633036177,6.726135374436712,123324.0698205632,19.772978967542603,67221.2843630364,10.777823370696872,293673.8059163498,47.08574730100205,994211.0257613522,159.40532720239733,25.298813109629236,0.004056247091490979,85.99178843444199,0.013787363866352731,125.58803849846547,0.020135968975222938
