loss,layer_idx,accuracy_score,f1_macro,f1_micro,balanced_accuracy_score,aic,aic_avg,bic,bic_avg,ebic,ebic_avg
12.484686081297696,64,0.9987173320506654,0.998549862792137,0.9987173320506654,0.9991036414565826,67238.9693721626,10.780658869995607,293691.490925476,47.088582800300784,994228.7107704785,159.40816270169609
