loss,layer_idx,accuracy_score,f1_macro,f1_micro,balanced_accuracy_score,aic_rep,aic_rep_avg,bic_rep,bic_rep_avg,ebic_rep,ebic_rep_avg,aic_cls,aic_cls_avg,bic_cls,bic_cls_avg,ebic_cls,ebic_cls_avg,aic_pr,aic_pr_avg,bic_pr,bic_pr_avg,ebic_pr,ebic_pr_avg
60.501768896356225,8,0.9889369889369889,0.9884265574240458,0.9889369889369889,0.9902607803684854,9721.003537792712,1.5586024591618908,42064.6255051181,6.744368367022302,123437.78899531954,19.791211960128194,67335.00353779271,10.796056363282462,293787.52509110613,47.10398029358765,994324.7449361086,159.42356019498294,135.13698925450444,0.021666985610791157,182.7543862517693,0.029301649230682906,210.3908983486885,0.03373270776794749
