loss,layer_idx,accuracy_score,f1_macro,f1_micro,balanced_accuracy_score,aic,aic_avg,bic,bic_avg,ebic,ebic_avg
2.8600604308740003,70,0.9996793330126663,0.9997759102262974,0.9996793330126663,0.9997759103641456,9605.720120861748,1.5401186661634998,41949.342088187135,6.725884574023912,123322.50557838858,19.772728167129802
