loss,layer_idx,accuracy_score,f1_macro,f1_micro,balanced_accuracy_score,aic,aic_avg,bic,bic_avg,ebic,ebic_avg
4.227600919417455,30,0.9990379990379991,0.9987739524266545,0.9990379990379991,0.9993279941084415,67222.45520183883,10.77801109537259,293674.9767551522,47.08593502567776,994212.1966001546,159.40551492707306
