loss,layer_idx,accuracy_score,f1_macro,f1_micro,balanced_accuracy_score,aic,aic_avg,bic,bic_avg,ebic,ebic_avg
1.8795444658753695,36,0.9996793330126663,0.9996645662541218,0.9996793330126663,0.9997761733801501,67217.75908893175,10.777258151183542,293670.2806422452,47.085182081488725,994207.5004872476,159.40476198288403
