loss,layer_idx,accuracy_score,f1_macro,f1_micro,balanced_accuracy_score,aic,aic_avg,bic,bic_avg,ebic,ebic_avg
9.167655010031012,21,0.9982363315696648,0.9977951878604155,0.9982363315696648,0.9985442064149603,9618.335310020062,1.5421413035145202,41961.95727734545,6.727907211374932,123335.12076754688,19.77475080448082
