loss,layer_idx,accuracy_score,f1_macro,f1_micro,balanced_accuracy_score,aic_rep,aic_rep_avg,bic_rep,bic_rep_avg,ebic_rep,ebic_rep_avg,aic_cls,aic_cls_avg,bic_cls,bic_cls_avg,ebic_cls,ebic_cls_avg,aic_pr,aic_pr_avg,bic_pr,bic_pr_avg,ebic_pr,ebic_pr_avg
3.814582927749143,25,0.9990379990379991,0.9986642922506672,0.9990379990379991,0.999327731092437,9607.629165855498,1.5404247500169148,41951.251133180886,6.726190657877327,123324.41462338233,19.77303425098322,67221.6291658555,10.777878654137485,293674.15071916895,47.085802584442675,994211.3705641713,159.40538248583795,23.39268514260766,0.0037506309351623634,76.50198813186893,0.01226583102964068,109.04657945296225,0.01748381905611067
