loss,layer_idx,accuracy_score,f1_macro,f1_micro,balanced_accuracy_score,aic,aic_avg,bic,bic_avg,ebic,ebic_avg
7.632114184089005,66,0.9991983325316659,0.9991063921662009,0.9991983325316659,0.9994397759103641,67229.26422836818,10.779102810384508,293681.7857816816,47.08702674068969,994219.005626684,159.406606642085
