loss,layer_idx,accuracy_score,f1_macro,f1_micro,balanced_accuracy_score,aic,aic_avg,bic,bic_avg,ebic,ebic_avg
96.025887966156,24,0.9911816578483245,0.9899766900959308,0.9911816578483245,0.9916090004076749,14542.051775932312,2.331577966319114,62889.02836250724,10.083217630672959,190293.46624551647,30.51041626511407
