loss,layer_idx,accuracy_score,f1_macro,f1_micro,balanced_accuracy_score,aic,aic_avg,bic,bic_avg,ebic,ebic_avg
112.29094794392586,10,0.9820426487093153,0.977000993400022,0.9820426487093153,0.9859012900935022,10990.581895887852,1.7621583927990783,47262.60628132797,7.577778784885036,139753.32432375522,22.407138740380827
