loss,layer_idx,accuracy_score,f1_macro,f1_micro,balanced_accuracy_score,aic_rep,aic_rep_avg,bic_rep,bic_rep_avg,ebic_rep,ebic_rep_avg,aic_cls,aic_cls_avg,bic_cls,bic_cls_avg,ebic_cls,ebic_cls_avg,aic_pr,aic_pr_avg,bic_pr,bic_pr_avg,ebic_pr,ebic_pr_avg
55.74077858775854,12,0.9924643257976591,0.9908312508515266,0.9924643257976591,0.9947407319735405,2159.481557175517,0.34623722257103046,9059.454243538266,1.4525339495812517,23255.108501405946,3.728572791631545,14461.481557175517,2.318659861660336,62808.458143750446,10.07029952601418,190212.89602675967,30.497498160455294,126.32417325675488,0.020253996032829066,176.33083612526525,0.028271738997156525,206.08071427205005,0.03304164089659292
