loss,layer_idx,accuracy_score,f1_macro,f1_micro,balanced_accuracy_score,aic,aic_avg,bic,bic_avg,ebic,ebic_avg
56.37831827253103,7,0.9897386564053231,0.9870184296302886,0.9897386564053231,0.9926139845609605,2160.756636545062,0.34644166050105213,9060.729322907811,1.4527383875112734,23256.38358077549,3.7287772295615667
