loss,layer_idx,accuracy_score,f1_macro,f1_micro,balanced_accuracy_score,aic,aic_avg,bic,bic_avg,ebic,ebic_avg
273.0471274256706,3,0.9586339586339586,0.9496134128112935,0.9586339586339586,0.9668622834210101,11312.094254851341,1.8137075925687576,47584.11864029146,7.629327984654716,140074.8366827187,22.458687940150508
