loss,layer_idx,accuracy_score,f1_macro,f1_micro,balanced_accuracy_score,aic,aic_avg,bic,bic_avg,ebic,ebic_avg
38.12835599295795,8,0.9956709956709957,0.9943797753124937,0.9956709956709957,0.9965321339803526,14426.256711985916,2.3130121391672143,62773.233298560845,10.064651803521059,190177.67118157007,30.49185043796217
