loss,layer_idx,accuracy_score,f1_macro,f1_micro,balanced_accuracy_score,aic_rep,aic_rep_avg,bic_rep,bic_rep_avg,ebic_rep,ebic_rep_avg,aic_cls,aic_cls_avg,bic_cls,bic_cls_avg,ebic_cls,ebic_cls_avg,aic_pr,aic_pr_avg,bic_pr,bic_pr_avg,ebic_pr,ebic_pr_avg
101.13379776477814,6,0.982363315696649,0.9773780137499137,0.982363315696649,0.9865746110650832,1738.2675955295563,0.2787025165190887,6913.247110301618,1.1084250617767546,17118.108140416443,2.7446060831195194,10968.267595529556,1.7585806630639018,47240.291980969676,7.57420105514986,139731.01002339693,22.403561010645653,227.08519577980042,0.0364093627993908,310.6988500121021,0.04981543210070581,373.19964126121494,0.059836402318617116
