loss,layer_idx,accuracy_score,f1_macro,f1_micro,balanced_accuracy_score,aic_rep,aic_rep_avg,bic_rep,bic_rep_avg,ebic_rep,ebic_rep_avg,aic_cls,aic_cls_avg,bic_cls,bic_cls_avg,ebic_cls,ebic_cls_avg,aic_pr,aic_pr_avg,bic_pr,bic_pr_avg,ebic_pr,ebic_pr_avg
123.24109148979187,3,0.9847683181016514,0.9803657981609437,0.9847683181016514,0.9873573466945464,2294.4821829795837,0.36788234455340446,9194.454869342333,1.4741790715636256,23390.109127210013,3.750217913613919,14596.482182979584,2.34030498364271,62943.45876955451,10.091944647996554,190347.89665256374,30.519143282437668,265.99028158187866,0.04264715112744567,331.71554892499694,0.05318511286275404,376.1488045546828,0.06030925197285278
