loss,layer_idx,accuracy_score,f1_macro,f1_micro,balanced_accuracy_score,aic,aic_avg,bic,bic_avg,ebic,ebic_avg
273.04712760448456,3,0.9586339586339586,0.9496134128112935,0.9586339586339586,0.9668622834210101,2082.094255208969,0.3338294460812841,7257.073769981031,1.1635519913389498,17461.934800095856,2.799733012681715
