loss,layer_idx,accuracy_score,f1_macro,f1_micro,balanced_accuracy_score,aic,aic_avg,bic,bic_avg,ebic,ebic_avg
55.66236090660095,6,0.9937469937469937,0.9920240357312472,0.9937469937469937,0.9945192724977314,14461.324721813202,2.318634715698766,62808.30130838813,10.070274380052611,190212.73919139736,30.497473014493725
