loss,layer_idx,accuracy_score,f1_macro,f1_micro,balanced_accuracy_score,aic,aic_avg,bic,bic_avg,ebic,ebic_avg
141.7927638888359,5,0.9789963123296457,0.9734700342273994,0.9789963123296457,0.9827640016150302,11049.585527777672,1.7716186512390046,47321.60991321779,7.587239043324963,139812.32795564504,22.416598998820753
