loss,layer_idx,accuracy_score,f1_macro,f1_micro,balanced_accuracy_score,aic,aic_avg,bic,bic_avg,ebic,ebic_avg
71.97118270397186,5,0.9910213243546577,0.9882286666395277,0.9910213243546577,0.9928372851488013,14493.942365407944,2.32386441645149,62840.91895198287,10.075504080805334,190245.3568349921,30.50270271524645
