loss,layer_idx,accuracy_score,f1_macro,f1_micro,balanced_accuracy_score,aic,aic_avg,bic,bic_avg,ebic,ebic_avg
361.0821535587311,0,0.9429212762546096,0.9275727941872974,0.9429212762546096,0.9546649497877265,11488.164307117462,1.8419375191786855,47760.18869255758,7.657557911264644,140250.90673498483,22.486917866760436
