loss,layer_idx,accuracy_score,f1_macro,f1_micro,balanced_accuracy_score,aic,aic_avg,bic,bic_avg,ebic,ebic_avg
55.74077861011028,12,0.9924643257976591,0.9908312508515266,0.9924643257976591,0.9947407319735405,14461.48155722022,2.318659861667504,62808.45814379515,10.070299526021348,190212.89602680437,30.497498160462463
