loss,layer_idx,accuracy_score,f1_macro,f1_micro,balanced_accuracy_score,aic_rep,aic_rep_avg,bic_rep,bic_rep_avg,ebic_rep,ebic_rep_avg,aic_cls,aic_cls_avg,bic_cls,bic_cls_avg,ebic_cls,ebic_cls_avg,aic_pr,aic_pr_avg,bic_pr,bic_pr_avg,ebic_pr,ebic_pr_avg
348.4112117290497,1,0.9472502805836139,0.9345948809589812,0.9472502805836139,0.9570717924568688,2232.8224234580994,0.3579962198906685,7407.801938230161,1.1877187651483343,17612.662968344986,2.8238997864910993,11462.8224234581,1.8378743664354817,47734.84680889822,7.65349475852144,140225.56485132547,22.482854714017233,713.0716528892517,0.1143292693425127,767.8173751789943,0.12310684226054101,801.8578570536845,0.1285646716456124
