loss,layer_idx,accuracy_score,f1_macro,f1_micro,balanced_accuracy_score,aic_rep,aic_rep_avg,bic_rep,bic_rep_avg,ebic_rep,ebic_rep_avg,aic_cls,aic_cls_avg,bic_cls,bic_cls_avg,ebic_cls,ebic_cls_avg,aic_pr,aic_pr_avg,bic_pr,bic_pr_avg,ebic_pr,ebic_pr_avg
141.7927638888359,5,0.9789963123296457,0.9734700342273994,0.9789963123296457,0.9827640016150302,1819.5855277776718,0.2917405046941914,6994.565042549733,1.1214630499518572,17199.42607266456,2.757644071294622,11049.585527777672,1.7716186512390046,47321.60991321779,7.587239043324963,139812.32795564504,22.416598998820753,308.6511615514755,0.049487119055872296,393.1004722964058,0.06302717208536249,456.47518227872393,0.07318826074694948
