loss,layer_idx,accuracy_score,f1_macro,f1_micro,balanced_accuracy_score,aic,aic_avg,bic,bic_avg,ebic,ebic_avg
80.90510188043118,2,0.9858906525573192,0.981888022372127,0.9858906525573192,0.9892576373272314,14511.810203760862,2.3267292293988877,62858.78679033579,10.078368893752732,190263.22467334502,30.505567528193847
