loss,layer_idx,accuracy_score,f1_macro,f1_micro,balanced_accuracy_score,aic,aic_avg,bic,bic_avg,ebic,ebic_avg
164.69884675741196,0,0.9735449735449735,0.9650134512486499,0.9735449735449735,0.9797490827316844,14679.397693514824,2.353599117125994,63026.37428008975,10.105238781479839,190430.81216309898,30.532437415920953
