loss,layer_idx,accuracy_score,f1_macro,f1_micro,balanced_accuracy_score,aic_rep,aic_rep_avg,bic_rep,bic_rep_avg,ebic_rep,ebic_rep_avg,aic_cls,aic_cls_avg,bic_cls,bic_cls_avg,ebic_cls,ebic_cls_avg,aic_pr,aic_pr_avg,bic_pr,bic_pr_avg,ebic_pr,ebic_pr_avg
273.0471274256706,3,0.9586339586339586,0.9496134128112935,0.9586339586339586,0.9668622834210101,2082.0942548513412,0.33382944602394443,7257.073769623403,1.1635519912816101,17461.93479973823,2.799733012624375,11312.094254851341,1.8137075925687576,47584.11864029146,7.629327984654716,140074.8366827187,22.458687940150508,568.2545522451401,0.09111023765354177,642.9154149106125,0.10308087460487615,696.2143690194152,0.11162648212592836
