loss,layer_idx,accuracy_score,f1_macro,f1_micro,balanced_accuracy_score,aic,aic_avg,bic,bic_avg,ebic,ebic_avg
55.66236090660095,6,0.9937469937469937,0.9920240357312472,0.9937469937469937,0.9945192724977314,2159.324721813202,0.34621207660945996,9059.297408175951,1.4525088036196812,23254.95166604363,3.7285476456699747
