loss,layer_idx,accuracy_score,f1_macro,f1_micro,balanced_accuracy_score,aic_rep,aic_rep_avg,bic_rep,bic_rep_avg,ebic_rep,ebic_rep_avg,aic_cls,aic_cls_avg,bic_cls,bic_cls_avg,ebic_cls,ebic_cls_avg,aic_pr,aic_pr_avg,bic_pr,bic_pr_avg,ebic_pr,ebic_pr_avg
63.682875230908394,14,0.9918229918229918,0.9899188304367464,0.9918229918229918,0.9931752607146145,2175.365750461817,0.34878399077470207,9075.338436824566,1.4550807177849232,23270.992694692246,3.7311195598352165,14477.365750461817,2.3212066298640077,62824.342337036745,10.072846294217852,190228.78022004597,30.500044928658966,144.09443774819374,0.023103164622125017,200.45551458154569,0.032139732977640806,235.98687666631668,0.03783660039543317
