loss,layer_idx,accuracy_score,f1_macro,f1_micro,balanced_accuracy_score,aic,aic_avg,bic,bic_avg,ebic,ebic_avg
31.932241135276854,11,0.9956709956709957,0.9952366313979143,0.9956709956709957,0.996755171552189,14413.864482270554,2.3110252496826287,62760.84106884548,10.062664914036473,190165.2789518547,30.489863548477587
