loss,layer_idx,accuracy_score,f1_macro,f1_micro,balanced_accuracy_score,aic_rep,aic_rep_avg,bic_rep,bic_rep_avg,ebic_rep,ebic_rep_avg,aic_cls,aic_cls_avg,bic_cls,bic_cls_avg,ebic_cls,ebic_cls_avg,aic_pr,aic_pr_avg,bic_pr,bic_pr_avg,ebic_pr,ebic_pr_avg
57.549459744244814,9,0.9915023248356581,0.9905912172764669,0.9915023248356581,0.994067674017964,2163.0989194884896,0.3468172069085281,9063.071605851239,1.4531139339187493,23258.72586371892,3.729152775969043,14465.09891948849,2.3192398459978336,62812.07550606342,10.070879510351679,190216.51338907264,30.498078144792792,132.99820003658533,0.021324066063265246,193.30315457145076,0.03099297010925938,232.53145831083071,0.03728258109841762
