loss,layer_idx,accuracy_score,f1_macro,f1_micro,balanced_accuracy_score,aic_rep,aic_rep_avg,bic_rep,bic_rep_avg,ebic_rep,ebic_rep_avg,aic_cls,aic_cls_avg,bic_cls,bic_cls_avg,ebic_cls,ebic_cls_avg,aic_pr,aic_pr_avg,bic_pr,bic_pr_avg,ebic_pr,ebic_pr_avg
51.8248338624835,19,0.9939073272406606,0.9920503217787865,0.9939073272406606,0.9957470312068489,2151.649667724967,0.3449815083734114,9051.622354087716,1.4512782353836327,23247.276611955396,3.727317077433926,14453.649667724967,2.3174041474627174,62800.626254299896,10.069043811816561,190205.06413730912,30.496242446257675,121.13630293309689,0.019422206659146526,180.05100279270889,0.02886820631597064,217.96709312730079,0.03494742554550277
