loss,layer_idx,accuracy_score,f1_macro,f1_micro,balanced_accuracy_score,aic,aic_avg,bic,bic_avg,ebic,ebic_avg
29.166349260136485,10,0.996312329645663,0.9949216691006987,0.996312329645663,0.9970313215686836,14408.332698520273,2.3101383194677365,62755.3092850952,10.061777983821582,190159.74716810443,30.488976618262694
