loss,layer_idx,accuracy_score,f1_macro,f1_micro,balanced_accuracy_score,aic_rep,aic_rep_avg,bic_rep,bic_rep_avg,ebic_rep,ebic_rep_avg,aic_cls,aic_cls_avg,bic_cls,bic_cls_avg,ebic_cls,ebic_cls_avg,aic_pr,aic_pr_avg,bic_pr,bic_pr_avg,ebic_pr,ebic_pr_avg
106.35346260666847,8,0.985249318582652,0.9810585380867586,0.985249318582652,0.9881939838166811,1748.706925213337,0.2803762907188291,6923.6864399853985,1.110098835976495,17128.547470100224,2.74627985731926,10978.706925213337,1.7602544372636424,47250.73131065346,7.5758748293496,139741.4493530807,22.40523478484539,235.95421296358109,0.03783136330985748,314.2772845010322,0.050389175004173836,371.3038418159049,0.05953244217025892
