loss,layer_idx,accuracy_score,f1_macro,f1_micro,balanced_accuracy_score,aic_rep,aic_rep_avg,bic_rep,bic_rep_avg,ebic_rep,ebic_rep_avg,aic_cls,aic_cls_avg,bic_cls,bic_cls_avg,ebic_cls,ebic_cls_avg,aic_pr,aic_pr_avg,bic_pr,bic_pr_avg,ebic_pr,ebic_pr_avg
56.60344198346138,13,0.9940676607343274,0.992567045964306,0.9940676607343274,0.9951889112452491,2161.2068839669228,0.3465138502432135,9061.179570329672,1.4528105772534348,23256.833828197352,3.728849419303728,14463.206883966923,2.3189364893325193,62810.18347054185,10.070576153686364,190214.62135355108,30.497774788127476,128.7229991555214,0.020638608169876768,180.998766245262,0.029020164541488216,212.78712860435758,0.03411690373646907
