loss,layer_idx,accuracy_score,f1_macro,f1_micro,balanced_accuracy_score,aic,aic_avg,bic,bic_avg,ebic,ebic_avg
164.69884675741196,0,0.9735449735449735,0.9650134512486499,0.9735449735449735,0.9797490827316844,2377.397693514824,0.38117647803668814,9277.370379877573,1.4874732050469093,23473.024637745253,3.7635120470972026
