loss,layer_idx,accuracy_score,f1_macro,f1_micro,balanced_accuracy_score,aic_rep,aic_rep_avg,bic_rep,bic_rep_avg,ebic_rep,ebic_rep_avg,aic_cls,aic_cls_avg,bic_cls,bic_cls_avg,ebic_cls,ebic_cls_avg,aic_pr,aic_pr_avg,bic_pr,bic_pr_avg,ebic_pr,ebic_pr_avg
164.69884902238846,0,0.9735449735449735,0.9650134512486499,0.9735449735449735,0.9797490827316844,2377.397698044777,0.3811764787629913,9277.370384407526,1.4874732057732125,23473.024642275206,3.763512047823506,14679.397698044777,2.3535991178522973,63026.374284619706,10.105238782206142,190430.81216762893,30.532437416647255,339.6695085763931,0.054460399002147365,374.2765457383292,0.060009066175778294,391.0838583658625,0.06270384132850128
