loss,layer_idx,accuracy_score,f1_macro,f1_micro,balanced_accuracy_score,aic,aic_avg,bic,bic_avg,ebic,ebic_avg
96.025887966156,24,0.9911816578483245,0.9899766900959308,0.9911816578483245,0.9916090004076749,2240.051775932312,0.3591553272298079,9140.024462295061,1.4654520542400291,23335.67872016274,3.7414908962903226
