loss,layer_idx,accuracy_score,f1_macro,f1_micro,balanced_accuracy_score,aic_rep,aic_rep_avg,bic_rep,bic_rep_avg,ebic_rep,ebic_rep_avg,aic_cls,aic_cls_avg,bic_cls,bic_cls_avg,ebic_cls,ebic_cls_avg,aic_pr,aic_pr_avg,bic_pr,bic_pr_avg,ebic_pr,ebic_pr_avg
55.66236103326082,6,0.9937469937469937,0.9920240357312472,0.9937469937469937,0.9945192724977314,2159.3247220665216,0.34621207665007564,9059.297408429271,1.4525088036602967,23254.95166629695,3.72854764571059,14461.324722066522,2.3186347157393814,62808.30130864145,10.070274380093226,190212.73919165067,30.49747301453434,129.45513512194157,0.020755994087212053,190.53880449443767,0.03054975220369371,230.50627920886217,0.03695787705769796
