loss,layer_idx,accuracy_score,f1_macro,f1_micro,balanced_accuracy_score,aic_rep,aic_rep_avg,bic_rep,bic_rep_avg,ebic_rep,ebic_rep_avg,aic_cls,aic_cls_avg,bic_cls,bic_cls_avg,ebic_cls,ebic_cls_avg,aic_pr,aic_pr_avg,bic_pr,bic_pr_avg,ebic_pr,ebic_pr_avg
73.92801740765572,23,0.9911816578483245,0.9888169176003474,0.9911816578483245,0.9933996133664732,2195.8560348153114,0.35206926965132457,9095.82872117806,1.4583659966615456,23291.48297904574,3.734404838711839,14497.856034815311,2.3244919087406304,62844.83262139024,10.076131573094475,190249.27050439946,30.503330207535587,158.31249862909317,0.025382795996327267,193.54165620284047,0.03103120990906533,210.83741191872284,0.03380429884860074
