loss,layer_idx,accuracy_score,f1_macro,f1_micro,balanced_accuracy_score,aic,aic_avg,bic,bic_avg,ebic,ebic_avg
56.37831827253103,7,0.9897386564053231,0.9870184296302886,0.9897386564053231,0.9926139845609605,14462.756636545062,2.318864299590358,62809.73322311999,10.070503963944203,190214.17110612922,30.497702598385317
