loss,layer_idx,accuracy_score,f1_macro,f1_micro,balanced_accuracy_score,aic,aic_avg,bic,bic_avg,ebic,ebic_avg
123.24109107255936,3,0.9847683181016514,0.9803657981609437,0.9847683181016514,0.9873573466945464,14596.482182145119,2.3403049835089176,62943.45876872005,10.091944647862762,190347.89665172927,30.519143282303876
