loss,layer_idx,accuracy_score,f1_macro,f1_micro,balanced_accuracy_score,aic,aic_avg,bic,bic_avg,ebic,ebic_avg
57.54945966973901,9,0.9915023248356581,0.9905912172764669,0.9915023248356581,0.994067674017964,14465.098919339478,2.3192398459739425,62812.07550591441,10.070879510327787,190216.51338892363,30.4980781447689
