loss,layer_idx,accuracy_score,f1_macro,f1_micro,balanced_accuracy_score,aic,aic_avg,bic,bic_avg,ebic,ebic_avg
183.84531098604202,1,0.9672919672919673,0.9568945860638981,0.9672919672919673,0.9726780933130418,14717.690621972084,2.35973875612828,63064.66720854701,10.111378420482124,190469.10509155624,30.538577054923238
