loss,layer_idx,accuracy_score,f1_macro,f1_micro,balanced_accuracy_score,aic,aic_avg,bic,bic_avg,ebic,ebic_avg
32.258553207386285,15,0.9956709956709957,0.9942418031284809,0.9956709956709957,0.9969787351560342,14414.517106414773,2.3111298871917225,62761.4936929897,10.062769551545568,190165.93157599893,30.48996818598668
