loss,layer_idx,accuracy_score,f1_macro,f1_micro,balanced_accuracy_score,aic,aic_avg,bic,bic_avg,ebic,ebic_avg
63.14215002954006,20,0.9932659932659933,0.9925969783084053,0.9932659932659933,0.9950789705553583,2174.28430005908,0.3486105980534039,9074.25698642183,1.454907325063625,23269.91124428951,3.7309461671139186
