loss,layer_idx,accuracy_score,f1_macro,f1_micro,balanced_accuracy_score,aic_rep,aic_rep_avg,bic_rep,bic_rep_avg,ebic_rep,ebic_rep_avg,aic_cls,aic_cls_avg,bic_cls,bic_cls_avg,ebic_cls,ebic_cls_avg,aic_pr,aic_pr_avg,bic_pr,bic_pr_avg,ebic_pr,ebic_pr_avg
32.258553207386285,15,0.9956709956709957,0.9942418031284809,0.9956709956709957,0.9969787351560342,2112.5171064147726,0.33870724810241665,9012.489792777522,1.4450039751126378,23208.1440506452,3.7210428171629313,14414.517106414773,2.3111298871917225,62761.4936929897,10.062769551545568,190165.93157599893,30.48996818598668,80.72939622495323,0.012943626138360307,135.35066422966207,0.02170124486606735,169.27686696353345,0.027140751477238007
