loss,layer_idx,accuracy_score,f1_macro,f1_micro,balanced_accuracy_score,aic,aic_avg,bic,bic_avg,ebic,ebic_avg
58.032122157514095,17,0.9919833253166587,0.9902325243644975,0.9919833253166587,0.9937365368682683,2164.064244315028,0.34697198081049035,9064.036930677777,1.4532687078207114,23259.691188545457,3.7293075498710047
