loss,layer_idx,accuracy_score,f1_macro,f1_micro,balanced_accuracy_score,aic_rep,aic_rep_avg,bic_rep,bic_rep_avg,ebic_rep,ebic_rep_avg,aic_cls,aic_cls_avg,bic_cls,bic_cls_avg,ebic_cls,ebic_cls_avg,aic_pr,aic_pr_avg,bic_pr,bic_pr_avg,ebic_pr,ebic_pr_avg
56.37831822037697,7,0.9897386564053231,0.9870184296302886,0.9897386564053231,0.9926139845609605,2160.756636440754,0.346441660484328,9060.729322803503,1.4527383874945492,23256.383580671183,3.7287772295448427,14462.756636440754,2.318864299573634,62809.73322301568,10.070503963927479,190214.1711060249,30.49770259836859,130.55663758516312,0.02093260182542298,190.5271071719058,0.03054787673110563,229.4388240367412,0.03678672824061908
