loss,layer_idx,accuracy_score,f1_macro,f1_micro,balanced_accuracy_score,aic_rep,aic_rep_avg,bic_rep,bic_rep_avg,ebic_rep,ebic_rep_avg,aic_cls,aic_cls_avg,bic_cls,bic_cls_avg,ebic_cls,ebic_cls_avg,aic_pr,aic_pr_avg,bic_pr,bic_pr_avg,ebic_pr,ebic_pr_avg
191.23402547836304,11,0.9696969696969697,0.9621518374843098,0.9696969696969697,0.9739829660762516,1918.468050956726,0.3075946850980802,7093.447565728788,1.137317230355746,17298.308595843613,2.773498251698511,11148.468050956726,1.7874728316428934,47420.492436396846,7.603093223728852,139911.2104788241,22.432453179224645,398.2072467803955,0.06384595907974916,451.23460092523624,0.07234802002969958,483.70467016206817,0.0775540596700446
