loss,layer_idx,accuracy_score,f1_macro,f1_micro,balanced_accuracy_score,aic_rep,aic_rep_avg,bic_rep,bic_rep_avg,ebic_rep,ebic_rep_avg,aic_cls,aic_cls_avg,bic_cls,bic_cls_avg,ebic_cls,ebic_cls_avg,aic_pr,aic_pr_avg,bic_pr,bic_pr_avg,ebic_pr,ebic_pr_avg
101.23290652036667,9,0.9830046496713163,0.977611913573969,0.9830046496713163,0.9858997119974751,1738.4658130407333,0.27873429742516165,6913.445327812795,1.1084568426828274,17118.30635792762,2.7446378640255924,10968.465813040733,1.7586124439699748,47240.49019848085,7.574232836055933,139731.2082409081,22.403592791551723,223.54063069820404,0.03584105029632901,294.5443739631568,0.04722532851742132,344.17413290483944,0.05518264115838375
