loss,layer_idx,accuracy_score,f1_macro,f1_micro,balanced_accuracy_score,aic_rep,aic_rep_avg,bic_rep,bic_rep_avg,ebic_rep,ebic_rep_avg,aic_cls,aic_cls_avg,bic_cls,bic_cls_avg,ebic_cls,ebic_cls_avg,aic_pr,aic_pr_avg,bic_pr,bic_pr_avg,ebic_pr,ebic_pr_avg
51.993035204708576,21,0.9956709956709957,0.9944449728652474,0.9956709956709957,0.9963069922804803,2151.986070409417,0.3450354449910882,9051.958756772166,1.4513321720013093,23247.613014639846,3.7273710140516028,14453.986070409417,2.317458084080394,62800.962656984346,10.069097748434238,190205.40053999357,30.496296382875354,120.96471191942692,0.01939469487244299,178.16791634843676,0.02856628448748385,214.48198703516292,0.03438864630995076
