loss,layer_idx,accuracy_score,f1_macro,f1_micro,balanced_accuracy_score,aic,aic_avg,bic,bic_avg,ebic,ebic_avg
29.166349260136485,10,0.996312329645663,0.9949216691006987,0.996312329645663,0.9970313215686836,2106.332698520273,0.3377156803784308,9006.305384883022,1.444012407388652,23201.959642750702,3.7200512494389453
