loss,layer_idx,accuracy_score,f1_macro,f1_micro,balanced_accuracy_score,aic_rep,aic_rep_avg,bic_rep,bic_rep_avg,ebic_rep,ebic_rep_avg,aic_cls,aic_cls_avg,bic_cls,bic_cls_avg,ebic_cls,ebic_cls_avg,aic_pr,aic_pr_avg,bic_pr,bic_pr_avg,ebic_pr,ebic_pr_avg
38.12835599295795,8,0.9956709956709957,0.9943797753124937,0.9956709956709957,0.9965321339803526,2124.256711985916,0.3405895000779086,9024.229398348665,1.4468862270881298,23219.883656216345,3.722925069138423,14426.256711985916,2.3130121391672143,62773.233298560845,10.064651803521059,190177.67118157007,30.49185043796217,94.6681003831327,0.01517846727322955,156.6984114470057,0.02512400375934034,197.56841956125356,0.03167683494648927
