loss,layer_idx,accuracy_score,f1_macro,f1_micro,balanced_accuracy_score,aic,aic_avg,bic,bic_avg,ebic,ebic_avg
63.682875107973814,14,0.9918229918229918,0.9899188304367464,0.9918229918229918,0.9931752607146145,14477.365750215948,2.321206629824587,62824.342336790876,10.072846294178431,190228.7802198001,30.500044928619545
