loss,layer_idx,accuracy_score,f1_macro,f1_micro,balanced_accuracy_score,aic,aic_avg,bic,bic_avg,ebic,ebic_avg
70.80953851342201,4,0.9882956549623216,0.9850404126192972,0.9882956549623216,0.9913838587078024,14491.619077026844,2.3234919155085527,62838.59566360177,10.075131579862397,190243.033546611,30.502330214303512
