loss,layer_idx,accuracy_score,f1_macro,f1_micro,balanced_accuracy_score,aic,aic_avg,bic,bic_avg,ebic,ebic_avg
69.92800521850586,16,0.991662658329325,0.9891068686345206,0.991662658329325,0.993957207296064,14489.856010437012,2.323209236882638,62836.83259701194,10.074848901236482,190241.27048002116,30.502047535677598
