loss,layer_idx,accuracy_score,f1_macro,f1_micro,balanced_accuracy_score,aic_rep,aic_rep_avg,bic_rep,bic_rep_avg,ebic_rep,ebic_rep_avg,aic_cls,aic_cls_avg,bic_cls,bic_cls_avg,ebic_cls,ebic_cls_avg,aic_pr,aic_pr_avg,bic_pr,bic_pr_avg,ebic_pr,ebic_pr_avg
69.92800536751747,16,0.991662658329325,0.9891068686345206,0.991662658329325,0.993957207296064,2187.856010735035,0.3507865978411151,9087.828697097784,1.4570833248513362,23283.482954965464,3.7331221669016297,14489.856010735035,2.323209236930421,62836.83259730996,10.074848901284266,190241.2704803192,30.502047535725378,155.473945915699,0.02492768092283133,208.09275751919796,0.03336423881981689,240.1918751632382,0.038510802495308354
