loss,layer_idx,accuracy_score,f1_macro,f1_micro,balanced_accuracy_score,aic_rep,aic_rep_avg,bic_rep,bic_rep_avg,ebic_rep,ebic_rep_avg,aic_cls,aic_cls_avg,bic_cls,bic_cls_avg,ebic_cls,ebic_cls_avg,aic_pr,aic_pr_avg,bic_pr,bic_pr_avg,ebic_pr,ebic_pr_avg
71.97118310630322,5,0.9910213243546577,0.9882286666395277,0.9910213243546577,0.9928372851488013,2191.9423662126064,0.3514417774911987,9091.915052575356,1.45773850450142,23287.569310443036,3.7337773465517134,14493.942366212606,2.3238644165805047,62840.918952787535,10.07550408093435,190245.35683579676,30.502702715375463,162.18412646651268,0.02600354761367848,223.64293872390073,0.035857453699519114,263.9675588704816,0.04232284092840814
