loss,layer_idx,accuracy_score,f1_macro,f1_micro,balanced_accuracy_score,aic,aic_avg,bic,bic_avg,ebic,ebic_avg
73.57217531651258,7,0.9868526535193202,0.9833316769945817,0.9868526535193202,0.9901555739666759,1683.1443506330252,0.2698644140825758,6858.123865405087,1.0995869593402416,17062.984895519912,2.7357679806830064
