loss,layer_idx,accuracy_score,f1_macro,f1_micro,balanced_accuracy_score,aic_rep,aic_rep_avg,bic_rep,bic_rep_avg,ebic_rep,ebic_rep_avg,aic_cls,aic_cls_avg,bic_cls,bic_cls_avg,ebic_cls,ebic_cls_avg,aic_pr,aic_pr_avg,bic_pr,bic_pr_avg,ebic_pr,ebic_pr_avg
247.56795382499695,12,0.9611992945326279,0.9520281269806122,0.9611992945326279,0.967772385949685,2031.135907649994,0.32565911618566523,7206.115422422055,1.155381661443331,17410.97645253688,2.791562682786096,11261.135907649994,1.8055372627304784,47533.16029309011,7.621157654816436,140023.87833551737,22.45051761031223,512.3086199760437,0.08214023087638989,570.1656736872295,0.09141665443117357,607.0899997546284,0.09733686063085271
