loss,layer_idx,accuracy_score,f1_macro,f1_micro,balanced_accuracy_score,aic,aic_avg,bic,bic_avg,ebic,ebic_avg
57.54945966973901,9,0.9915023248356581,0.9905912172764669,0.9915023248356581,0.994067674017964,2163.098919339478,0.3468172068846365,9063.071605702227,1.4531139338948578,23258.725863569907,3.7291527759451513
