loss,layer_idx,accuracy_score,f1_macro,f1_micro,balanced_accuracy_score,aic_rep,aic_rep_avg,bic_rep,bic_rep_avg,ebic_rep,ebic_rep_avg,aic_cls,aic_cls_avg,bic_cls,bic_cls_avg,ebic_cls,ebic_cls_avg,aic_pr,aic_pr_avg,bic_pr,bic_pr_avg,ebic_pr,ebic_pr_avg
96.02588847279549,24,0.9911816578483245,0.9899766900959308,0.9911816578483245,0.9916090004076749,2240.051776945591,0.35915532739227046,9140.02446330834,1.4654520544024916,23335.67872117602,3.741490896452785,14542.051776945591,2.3315779664815763,62889.02836352052,10.08321763083542,190293.46624652974,30.510416265276532,210.52834898233414,0.03375474570824662,272.77827202488373,0.04373549335014971,313.85827388496585,0.05032199356821643
