loss,layer_idx,accuracy_score,f1_macro,f1_micro,balanced_accuracy_score,aic,aic_avg,bic,bic_avg,ebic,ebic_avg
58.032122157514095,17,0.9919833253166587,0.9902325243644975,0.9919833253166587,0.9937365368682683,14466.064244315028,2.319394619899796,62813.04083088996,10.07103428425364,190217.47871389918,30.498232918694754
