loss,layer_idx,accuracy_score,f1_macro,f1_micro,balanced_accuracy_score,aic,aic_avg,bic,bic_avg,ebic,ebic_avg
895.9922642707825,10,0.8385441718775052,0.8086984836007028,0.8385441718775052,0.8466769298869282,30477.984528541565,4.8866417393845705,127124.76991965574,20.382358492809963,401678.9721098376,64.40259293087023
