loss,layer_idx,accuracy_score,f1_macro,f1_micro,balanced_accuracy_score,aic,aic_avg,bic,bic_avg,ebic,ebic_avg
132.62738704681396,35,0.9817219817219818,0.9786366412854612,0.9817219817219818,0.9866193069975967,21783.254774093628,3.49258534136502,94280.13576293818,15.116263550254638,294042.4434157739,47.144852239181326
