loss,layer_idx,accuracy_score,f1_macro,f1_micro,balanced_accuracy_score,aic,aic_avg,bic,bic_avg,ebic,ebic_avg
279.26743376255035,13,0.9533429533429534,0.9404915613008462,0.9533429533429534,0.96109278113403,2606.5348675251007,0.4179148416746995,9506.50755388785,1.5242115686849207,23702.16181175553,3.800250410735214
