loss,layer_idx,accuracy_score,f1_macro,f1_micro,balanced_accuracy_score,aic,aic_avg,bic,bic_avg,ebic,ebic_avg
905.8303809165955,10,0.8439955106621774,0.8169753308729714,0.8439955106621774,0.8504704097201762,4883.660761833191,0.7830143918283134,15233.619791377314,2.442459482343645,37772.689990287116,6.056227351336719
