loss,layer_idx,accuracy_score,f1_macro,f1_micro,balanced_accuracy_score,aic,aic_avg,bic,bic_avg,ebic,ebic_avg
480.5838477611542,13,0.927689594356261,0.9142750150636952,0.927689594356261,0.9353555458743282,5057.167695522308,0.8108333646821081,18857.113068247807,3.0234268187025504,50087.5524355567,8.030712271213195
