loss,layer_idx,accuracy_score,f1_macro,f1_micro,balanced_accuracy_score,aic,aic_avg,bic,bic_avg,ebic,ebic_avg
226.1683035492897,41,0.9716209716209716,0.9663581786591618,0.9716209716209716,0.9759910932707915,21970.33660709858,3.5225808252522977,94467.21759594313,15.146259034141917,294229.52524877887,47.1748477230686
