loss,layer_idx,accuracy_score,f1_macro,f1_micro,balanced_accuracy_score,aic_rep,aic_rep_avg,bic_rep,bic_rep_avg,ebic_rep,ebic_rep_avg,aic_cls,aic_cls_avg,bic_cls,bic_cls_avg,ebic_cls,ebic_cls_avg,aic_pr,aic_pr_avg,bic_pr,bic_pr_avg,ebic_pr,ebic_pr_avg
490.9533224105835,24,0.9121372454705788,0.8863456974774524,0.9121372454705788,0.9264839488887154,5077.906644821167,0.8141585128781733,18877.852017546666,3.026751966898616,50108.29138485556,8.03403741940926,29667.906644821167,4.756759122145449,126314.69203593534,20.25247587557084,400868.8942261172,64.2727103136311,1011.7882308959961,0.1622235419105333,1112.4630979572844,0.178365095070913,1193.2657563197504,0.19132046758373422
