loss,layer_idx,accuracy_score,f1_macro,f1_micro,balanced_accuracy_score,aic_rep,aic_rep_avg,bic_rep,bic_rep_avg,ebic_rep,ebic_rep_avg,aic_cls,aic_cls_avg,bic_cls,bic_cls_avg,ebic_cls,ebic_cls_avg,aic_pr,aic_pr_avg,bic_pr,bic_pr_avg,ebic_pr,ebic_pr_avg
85.77866821736097,30,0.9876543209876543,0.9854992532345002,0.9876543209876543,0.9913809655317526,3243.557336434722,0.5200508796592468,13593.516365978845,2.179495970174578,36132.58656488865,5.793263839167652,21689.557336434722,3.4775625038375377,94186.43832527928,15.101240712727156,293948.745978115,47.12982940165384,195.37486611306667,0.031325134858596546,275.6191552913932,0.0441909820893688,334.6217179391291,0.05365106909397613
