loss,layer_idx,accuracy_score,f1_macro,f1_micro,balanced_accuracy_score,aic_rep,aic_rep_avg,bic_rep,bic_rep_avg,ebic_rep,ebic_rep_avg,aic_cls,aic_cls_avg,bic_cls,bic_cls_avg,ebic_cls,ebic_cls_avg,aic_pr,aic_pr_avg,bic_pr,bic_pr_avg,ebic_pr,ebic_pr_avg
136.17521795630455,33,0.9830046496713163,0.9789680458476582,0.9830046496713163,0.9872403045725333,3344.350435912609,0.5362113894360444,13694.309465456732,2.195656479951376,36233.379664366534,5.80942434894445,21790.35043591261,3.493723013614335,94287.23142475716,15.117401222503954,294049.5390775929,47.14598991143064,297.47848576307297,0.04769576491311094,382.1380842151053,0.061269534105355995,445.73309597957416,0.07146594452133624
