loss,layer_idx,accuracy_score,f1_macro,f1_micro,balanced_accuracy_score,aic_rep,aic_rep_avg,bic_rep,bic_rep_avg,ebic_rep,ebic_rep_avg,aic_cls,aic_cls_avg,bic_cls,bic_cls_avg,ebic_cls,ebic_cls_avg,aic_pr,aic_pr_avg,bic_pr,bic_pr_avg,ebic_pr,ebic_pr_avg
373.5462327003479,21,0.9333012666346,0.9133654117047906,0.9333012666346,0.9422416630222161,2795.092465400696,0.44814694009951833,9695.065151763445,1.5544436671097395,23890.719409631125,3.8304825091600327,15097.092465400696,2.420569579188824,63444.069051975624,10.17220924354267,190848.50693498485,30.599407877983783,762.540111541748,0.12226072014458042,814.5851976949988,0.1306052906357221,846.1649655640841,0.13566858514735997
