loss,layer_idx,accuracy_score,f1_macro,f1_micro,balanced_accuracy_score,aic,aic_avg,bic,bic_avg,ebic,ebic_avg
298.1711411476135,24,0.9498156164822832,0.9381104900453031,0.9498156164822832,0.9532447752850016,14946.342282295227,2.3963992756606105,63293.318868870156,10.148038940014455,190697.75675187938,30.575237574455567
