loss,layer_idx,accuracy_score,f1_macro,f1_micro,balanced_accuracy_score,aic,aic_avg,bic,bic_avg,ebic,ebic_avg
472.8846740722656,26,0.9163059163059163,0.8911338898778423,0.9163059163059163,0.9310220773955372,5041.769348144531,0.8083644938503337,18841.71472087003,3.020957947870776,50072.154088178926,8.028243400381422
