loss,layer_idx,accuracy_score,f1_macro,f1_micro,balanced_accuracy_score,aic,aic_avg,bic,bic_avg,ebic,ebic_avg
462.0482223033905,5,0.9118165784832452,0.8933221735307803,0.9118165784832452,0.9245601043334125,2972.096444606781,0.4765266064785604,9872.06913096953,1.5828233334887816,24067.72338883721,3.858862175539075
