loss,layer_idx,accuracy_score,f1_macro,f1_micro,balanced_accuracy_score,aic_rep,aic_rep_avg,bic_rep,bic_rep_avg,ebic_rep,ebic_rep_avg,aic_cls,aic_cls_avg,bic_cls,bic_cls_avg,ebic_cls,ebic_cls_avg,aic_pr,aic_pr_avg,bic_pr,bic_pr_avg,ebic_pr,ebic_pr_avg
597.6091575622559,22,0.8991502324835658,0.8726171858668208,0.8991502324835658,0.9133093597043253,5291.218315124512,0.848359518217815,19091.16368785001,3.0609529722382574,50321.60305515891,8.068238424748904,29881.21831512451,4.790960127485091,126528.00370623868,20.286676880910484,401082.2058964205,64.30691131897075,1227.0589714050293,0.19673865182059153,1334.3341953559257,0.21393846326053,1422.4562912930442,0.2280673867713715
