loss,layer_idx,accuracy_score,f1_macro,f1_micro,balanced_accuracy_score,aic_rep,aic_rep_avg,bic_rep,bic_rep_avg,ebic_rep,ebic_rep_avg,aic_cls,aic_cls_avg,bic_cls,bic_cls_avg,ebic_cls,ebic_cls_avg,aic_pr,aic_pr_avg,bic_pr,bic_pr_avg,ebic_pr,ebic_pr_avg
567.105797290802,4,0.8975468975468975,0.8746255221596446,0.8975468975468975,0.9084492884157959,3182.211594581604,0.510215102546353,10082.184280944353,1.6165118295565741,24277.838538812033,3.8925506716068674,15484.211594581604,2.4826377416356586,63831.18818115653,10.234277405989504,191235.62606416576,30.661476040430617,1147.2151317596436,0.1839370100624729,1191.0257037101198,0.19096131212283468,1215.369290773318,0.1948644044850598
