loss,layer_idx,accuracy_score,f1_macro,f1_micro,balanced_accuracy_score,aic_rep,aic_rep_avg,bic_rep,bic_rep_avg,ebic_rep,ebic_rep_avg,aic_cls,aic_cls_avg,bic_cls,bic_cls_avg,ebic_cls,ebic_cls_avg,aic_pr,aic_pr_avg,bic_pr,bic_pr_avg,ebic_pr,ebic_pr_avg
127.52317756414413,25,0.9839666506333173,0.9806144118740362,0.9839666506333173,0.9874643942083876,3327.0463551282883,0.5334369657092013,13677.005384672411,2.192882056224533,36216.07558358221,5.806649925217607,21773.04635512829,3.490948589887492,94269.92734397284,15.114626798777111,294032.2349968086,47.1432154877038,281.8896588087082,0.04519635382535004,372.32816574554323,0.05969667560454437,442.0367151120295,0.0708732908629196
