loss,layer_idx,accuracy_score,f1_macro,f1_micro,balanced_accuracy_score,aic_rep,aic_rep_avg,bic_rep,bic_rep_avg,ebic_rep,ebic_rep_avg,aic_cls,aic_cls_avg,bic_cls,bic_cls_avg,ebic_cls,ebic_cls_avg,aic_pr,aic_pr_avg,bic_pr,bic_pr_avg,ebic_pr,ebic_pr_avg
2049.446806907654,1,0.6145582812249479,0.5767285914867589,0.6145582812249479,0.6117189410975659,6146.893613815308,0.9855529283013159,13046.866300178057,2.0918496553115373,27242.520558045737,4.367888497361831,18448.893613815308,2.957975567390622,66795.87020039023,10.709615231744465,194200.30808339946,31.13681386618558,4109.6759033203125,0.6589186954177189,4146.002809121577,0.6647431151389414,4164.168354491229,0.667655660492421
