loss,layer_idx,accuracy_score,f1_macro,f1_micro,balanced_accuracy_score,aic_rep,aic_rep_avg,bic_rep,bic_rep_avg,ebic_rep,ebic_rep_avg,aic_cls,aic_cls_avg,bic_cls,bic_cls_avg,ebic_cls,ebic_cls_avg,aic_pr,aic_pr_avg,bic_pr,bic_pr_avg,ebic_pr,ebic_pr_avg
374.60652673244476,37,0.9320185986852654,0.9069515652234862,0.9320185986852654,0.9432302618380285,4845.2130534648895,0.7768499364221404,18645.158426190388,2.989443390442583,49875.597793499284,7.996728842953228,29435.21305346489,4.7194505456894165,126081.99844457906,20.21516729911481,400636.2006347609,64.23540173717507,775.2758796215057,0.12430269033533842,863.0848584350177,0.1383814106838252,929.9975883902833,0.14910976244833787
