loss,layer_idx,accuracy_score,f1_macro,f1_micro,balanced_accuracy_score,aic_rep,aic_rep_avg,bic_rep,bic_rep_avg,ebic_rep,ebic_rep_avg,aic_cls,aic_cls_avg,bic_cls,bic_cls_avg,ebic_cls,ebic_cls_avg,aic_pr,aic_pr_avg,bic_pr,bic_pr_avg,ebic_pr,ebic_pr_avg
165.08007341623306,36,0.9783549783549783,0.9736520619436899,0.9783549783549783,0.982258501642591,3402.160146832466,0.5454802223556944,13752.11917637659,2.204925312871026,36291.18937528639,5.8186931818640995,21848.160146832466,3.5029918465339853,94345.04113567702,15.126670055423604,294107.34878851275,47.15525874435029,354.7383290529251,0.05687643563458796,437.5453534677755,0.07015317515917516,499.2049354524189,0.08003927135680919
