loss,layer_idx,accuracy_score,f1_macro,f1_micro,balanced_accuracy_score,aic,aic_avg,bic,bic_avg,ebic,ebic_avg
1330.171362876892,2,0.7598204264870931,0.7166170319735474,0.7598204264870931,0.7588181851503962,24178.342725753784,3.876598160294017,96675.22371459834,15.500276369183636,296437.5313674341,47.52886505811032
