loss,layer_idx,accuracy_score,f1_macro,f1_micro,balanced_accuracy_score,aic,aic_avg,bic,bic_avg,ebic,ebic_avg
437.3326508998871,22,0.9193522526855861,0.8973943498844932,0.9193522526855861,0.9304065695801844,15224.665301799774,2.441023777745675,63571.6418883747,10.19266344209952,190976.07977138393,30.619862076540635
