loss,layer_idx,accuracy_score,f1_macro,f1_micro,balanced_accuracy_score,aic_rep,aic_rep_avg,bic_rep,bic_rep_avg,ebic_rep,ebic_rep_avg,aic_cls,aic_cls_avg,bic_cls,bic_cls_avg,ebic_cls,ebic_cls_avg,aic_pr,aic_pr_avg,bic_pr,bic_pr_avg,ebic_pr,ebic_pr_avg
1330.171362876892,2,0.7598204264870931,0.7166170319735474,0.7598204264870931,0.7588181851503962,5732.342725753784,0.9190865361157262,16082.301755297907,2.5785316266310576,38621.37195420771,6.192299495624131,24178.342725753784,3.876598160294017,96675.22371459834,15.500276369183636,296437.5313674341,47.52886505811032,2684.355625152588,0.43039211562491386,2765.2581397874133,0.44336349844274703,2824.940858175471,0.45293263719343774
