loss,layer_idx,accuracy_score,f1_macro,f1_micro,balanced_accuracy_score,aic_rep,aic_rep_avg,bic_rep,bic_rep_avg,ebic_rep,ebic_rep_avg,aic_cls,aic_cls_avg,bic_cls,bic_cls_avg,ebic_cls,ebic_cls_avg,aic_pr,aic_pr_avg,bic_pr,bic_pr_avg,ebic_pr,ebic_pr_avg
746.5974888801575,20,0.8741382074715408,0.8453395051364134,0.8741382074715408,0.8906717009049149,5589.194977760315,0.8961351575693948,19389.140350485814,3.108728611589837,50619.57971779471,8.116014064100483,30179.194977760315,4.83873576683667,126825.98036887449,20.33445252026206,401380.1825590563,64.35468695832232,1526.1194505691528,0.24468806326265077,1637.0461903610837,0.2624733349945621,1729.2699111860836,0.27725988635338844
