loss,layer_idx,accuracy_score,f1_macro,f1_micro,balanced_accuracy_score,aic,aic_avg,bic,bic_avg,ebic,ebic_avg
263.7713136076927,43,0.9623216289882957,0.9546135601567931,0.9623216289882957,0.9683093974779002,3599.5426272153854,0.5771272450241118,13949.501656759508,2.2365723355394436,36488.57185566931,5.850340204532517
