loss,layer_idx,accuracy_score,f1_macro,f1_micro,balanced_accuracy_score,aic_rep,aic_rep_avg,bic_rep,bic_rep_avg,ebic_rep,ebic_rep_avg,aic_cls,aic_cls_avg,bic_cls,bic_cls_avg,ebic_cls,ebic_cls_avg,aic_pr,aic_pr_avg,bic_pr,bic_pr_avg,ebic_pr,ebic_pr_avg
472.8846740722656,26,0.9163059163059163,0.8911338898778423,0.9163059163059163,0.9310220773955372,5041.769348144531,0.8083644938503337,18841.71472087003,3.020957947870776,50072.154088178926,8.028243400381422,29631.76934814453,4.7509651031176094,126278.5547392587,20.246681856543002,400832.75692944054,64.26691629460326,974.0068302154541,0.15616591794379575,1069.1425016124392,0.1714193525112136,1143.9013239928065,0.18340569568587567
