loss,layer_idx,accuracy_score,f1_macro,f1_micro,balanced_accuracy_score,aic,aic_avg,bic,bic_avg,ebic,ebic_avg
222.98423850536346,17,0.9637646304312971,0.953240915195301,0.9637646304312971,0.9684655450433096,2493.968477010727,0.3998666790140656,9393.941163373476,1.5061634060242868,23589.595421241156,3.7822022480745803
