loss,layer_idx,accuracy_score,f1_macro,f1_micro,balanced_accuracy_score,aic,aic_avg,bic,bic_avg,ebic,ebic_avg
1130.99436378479,8,0.7936507936507936,0.7596526872013947,0.7936507936507936,0.797966987014564,30947.98872756958,4.961999154652811,127594.77411868375,20.457715908078203,402148.9763088656,64.47795034613846
