loss,layer_idx,accuracy_score,f1_macro,f1_micro,balanced_accuracy_score,aic_rep,aic_rep_avg,bic_rep,bic_rep_avg,ebic_rep,ebic_rep_avg,aic_cls,aic_cls_avg,bic_cls,bic_cls_avg,ebic_cls,ebic_cls_avg,aic_pr,aic_pr_avg,bic_pr,bic_pr_avg,ebic_pr,ebic_pr_avg
811.6551342010498,3,0.855379188712522,0.8208376693023715,0.855379188712522,0.8650247640760428,3671.3102684020996,0.588634001667805,10571.282954764849,1.6949307286780262,24766.93721263253,3.9709695707283195,15973.3102684021,2.5610566407571107,64320.28685497703,10.312696305110956,191724.72473798625,30.73989493955207,1636.151351928711,0.2623298624224324,1679.4145968490825,0.2692664096278792,1703.2926244621708,0.2730948572169586
