loss,layer_idx,accuracy_score,f1_macro,f1_micro,balanced_accuracy_score,aic,aic_avg,bic,bic_avg,ebic,ebic_avg
1377.0187306404114,2,0.7726471059804393,0.726288674411348,0.7726471059804393,0.7592683118597553,17104.037461280823,2.7423500819754407,65451.01404785575,10.493989746329285,192855.45193086498,30.9211883807704
