loss,layer_idx,accuracy_score,f1_macro,f1_micro,balanced_accuracy_score,aic,aic_avg,bic,bic_avg,ebic,ebic_avg
146.2849571108818,29,0.9793169793169794,0.9734930906211394,0.9793169793169794,0.9842195657605766,21810.569914221764,3.4969648732117626,94307.45090306632,15.120643082101381,294069.75855590205,47.14923177102807
