loss,layer_idx,accuracy_score,f1_macro,f1_micro,balanced_accuracy_score,aic_rep,aic_rep_avg,bic_rep,bic_rep_avg,ebic_rep,ebic_rep_avg,aic_cls,aic_cls_avg,bic_cls,bic_cls_avg,ebic_cls,ebic_cls_avg,aic_pr,aic_pr_avg,bic_pr,bic_pr_avg,ebic_pr,ebic_pr_avg
502.1883749961853,41,0.9139009139009139,0.886144972165846,0.9139009139009139,0.9280473495961167,5100.376749992371,0.8177612233433335,18900.32212271787,3.0303546773637757,50130.761490026765,8.037640129874422,29690.37674999237,4.760361832610609,126337.16214110654,20.256078586036,400891.3643312884,64.27631302409625,1026.5731325149536,0.16459405684062106,1101.3555705725132,0.1765841863993127,1154.777427828399,0.18514949941131936
