loss,layer_idx,accuracy_score,f1_macro,f1_micro,balanced_accuracy_score,aic_rep,aic_rep_avg,bic_rep,bic_rep_avg,ebic_rep,ebic_rep_avg,aic_cls,aic_cls_avg,bic_cls,bic_cls_avg,ebic_cls,ebic_cls_avg,aic_pr,aic_pr_avg,bic_pr,bic_pr_avg,ebic_pr,ebic_pr_avg
1452.2651567459106,5,0.7348084014750681,0.686176109867774,0.7348084014750681,0.7230507282325577,5976.530313491821,0.9582379851678405,16326.489343035944,2.617683075683172,38865.559541945746,6.231450944676246,24422.53031349182,3.9157496093461313,96919.41130233638,15.539427818235751,296681.7189551721,47.56801650716243,2935.952751159668,0.4707315618341619,3041.8189433701555,0.4877054582924732,3128.3681195221952,0.5015821900789154
