loss,layer_idx,accuracy_score,f1_macro,f1_micro,balanced_accuracy_score,aic,aic_avg,bic,bic_avg,ebic,ebic_avg
339.31888258457184,7,0.9424402757736091,0.9288593392055086,0.9424402757736091,0.9504010966088563,15028.637765169144,2.409593997942784,63375.61435174407,10.16123366229663,190780.0522347533,30.588432296737743
