loss,layer_idx,accuracy_score,f1_macro,f1_micro,balanced_accuracy_score,aic,aic_avg,bic,bic_avg,ebic,ebic_avg
669.6545190811157,12,0.8951418951418951,0.8791659388958404,0.8951418951418951,0.906577582586326,4411.309038162231,0.7072805897326009,14761.268067706354,2.3667256802479324,37300.338266616156,5.9804935492410065
