loss,layer_idx,accuracy_score,f1_macro,f1_micro,balanced_accuracy_score,aic_rep,aic_rep_avg,bic_rep,bic_rep_avg,ebic_rep,ebic_rep_avg,aic_cls,aic_cls_avg,bic_cls,bic_cls_avg,ebic_cls,ebic_cls_avg,aic_pr,aic_pr_avg,bic_pr,bic_pr_avg,ebic_pr,ebic_pr_avg
480.5838477611542,13,0.927689594356261,0.9142750150636952,0.927689594356261,0.9353555458743282,5057.167695522308,0.8108333646821081,18857.113068247807,3.0234268187025504,50087.5524355567,8.030712271213195,29647.16769552231,4.7534339739493845,126293.95308663648,20.249150727374776,400848.1552768183,64.26938516543504,992.6458239555359,0.15915437292857718,1098.6996454433722,0.17615835264444,1185.4579542632916,0.19006861540216316
