loss,layer_idx,accuracy_score,f1_macro,f1_micro,balanced_accuracy_score,aic_rep,aic_rep_avg,bic_rep,bic_rep_avg,ebic_rep,ebic_rep_avg,aic_cls,aic_cls_avg,bic_cls,bic_cls_avg,ebic_cls,ebic_cls_avg,aic_pr,aic_pr_avg,bic_pr,bic_pr_avg,ebic_pr,ebic_pr_avg
1401.8139953613281,3,0.7221420554753888,0.6836321451679807,0.7221420554753888,0.7239250493924471,6899.627990722656,1.1062414607539932,20699.573363448155,3.3188349147744356,51930.01273075705,8.326120367285082,31489.627990722656,5.048842070021269,128136.41338183683,20.54455882344666,402690.61557201867,64.56479326150692,2834.525812149048,0.454469426350657,2938.624505464583,0.4711599335360883,3023.2084835375854,0.4847215782487711
