loss,layer_idx,accuracy_score,f1_macro,f1_micro,balanced_accuracy_score,aic,aic_avg,bic,bic_avg,ebic,ebic_avg
432.46304178237915,47,0.9357062690396024,0.9230679352365836,0.9357062690396024,0.9429400712437607,22382.92608356476,3.5887327374642872,94879.80707240931,15.212410946353906,294642.11472524505,47.24099963528059
