loss,layer_idx,accuracy_score,f1_macro,f1_micro,balanced_accuracy_score,aic,aic_avg,bic,bic_avg,ebic,ebic_avg
304.5022885799408,17,0.9565496232162899,0.9494588739996151,0.9565496232162899,0.9622213828094417,4705.004577159882,0.7543698215744559,18504.94994988538,2.9669632755948983,49735.38931719428,7.974248728105544
