loss,layer_idx,accuracy_score,f1_macro,f1_micro,balanced_accuracy_score,aic,aic_avg,bic,bic_avg,ebic,ebic_avg
279.24756211042404,42,0.9605579605579606,0.9529997871437008,0.9605579605579606,0.9668015435122206,3630.495124220848,0.5820899670067097,13980.454153764971,2.241535057522041,36519.52435267477,5.855302926515115
