loss,layer_idx,accuracy_score,f1_macro,f1_micro,balanced_accuracy_score,aic_rep,aic_rep_avg,bic_rep,bic_rep_avg,ebic_rep,ebic_rep_avg,aic_cls,aic_cls_avg,bic_cls,bic_cls_avg,ebic_cls,ebic_cls_avg,aic_pr,aic_pr_avg,bic_pr,bic_pr_avg,ebic_pr,ebic_pr_avg
144.44492396712303,24,0.982363315696649,0.9790984188252185,0.982363315696649,0.9865704028090109,3360.889847934246,0.5388632111486686,13710.84887747837,2.1983083016640004,36249.91907638817,5.812076170657074,21806.889847934246,3.4963748353269595,94303.7708367788,15.12005304421658,294066.07848961453,47.148641733143265,315.6960384249687,0.050616648777452096,406.0095063016402,0.06509692260728558,475.584590050165,0.07625213885684864
