loss,layer_idx,accuracy_score,f1_macro,f1_micro,balanced_accuracy_score,aic_rep,aic_rep_avg,bic_rep,bic_rep_avg,ebic_rep,ebic_rep_avg,aic_cls,aic_cls_avg,bic_cls,bic_cls_avg,ebic_cls,ebic_cls_avg,aic_pr,aic_pr_avg,bic_pr,bic_pr_avg,ebic_pr,ebic_pr_avg
895.9922642707825,10,0.8385441718775052,0.8086984836007028,0.8385441718775052,0.8466769298869282,5887.984528541565,0.9440411301172944,19687.929901267064,3.156634584137737,50918.36926857596,8.163920036648383,30477.984528541565,4.8866417393845705,127124.76991965574,20.382358492809963,401678.9721098376,64.40259293087023,1822.6906785964966,0.292238364373336,1926.1436066640672,0.30882533376047255,2010.0118010387823,0.32227221437209913
