loss,layer_idx,accuracy_score,f1_macro,f1_micro,balanced_accuracy_score,aic_rep,aic_rep_avg,bic_rep,bic_rep_avg,ebic_rep,ebic_rep_avg,aic_cls,aic_cls_avg,bic_cls,bic_cls_avg,ebic_cls,ebic_cls_avg,aic_pr,aic_pr_avg,bic_pr,bic_pr_avg,ebic_pr,ebic_pr_avg
146.98022145032883,48,0.9725829725829725,0.9656132713041018,0.9725829725829725,0.9749079094228842,4389.960442900658,0.7038576948694336,18189.905815626156,2.916451148889876,49420.34518293505,7.923736601400521,28979.960442900658,4.64645830413671,125626.74583401483,20.142175057562103,400180.94802419667,64.16240949562236,314.6146787405014,0.05044327060133099,384.2014283267399,0.061600357275411244,432.4243867404348,0.06933211267282904
