loss,layer_idx,accuracy_score,f1_macro,f1_micro,balanced_accuracy_score,aic_rep,aic_rep_avg,bic_rep,bic_rep_avg,ebic_rep,ebic_rep_avg,aic_cls,aic_cls_avg,bic_cls,bic_cls_avg,ebic_cls,ebic_cls_avg,aic_pr,aic_pr_avg,bic_pr,bic_pr_avg,ebic_pr,ebic_pr_avg
651.0475018024445,44,0.8876062209395543,0.8524269623542091,0.8876062209395543,0.8990724656659188,5398.095003604889,0.865495431073415,19198.040376330388,3.078088885093857,50428.479743639284,8.085374337604502,29988.09500360489,4.808096040340691,126634.88039471906,20.303812793766085,401189.0825849009,64.32404723182634,1324.2193150520325,0.21231670916338505,1398.7589364826347,0.2242679070839562,1451.9353801740551,0.23279387208177893
