loss,layer_idx,accuracy_score,f1_macro,f1_micro,balanced_accuracy_score,aic_rep,aic_rep_avg,bic_rep,bic_rep_avg,ebic_rep,ebic_rep_avg,aic_cls,aic_cls_avg,bic_cls,bic_cls_avg,ebic_cls,ebic_cls_avg,aic_pr,aic_pr_avg,bic_pr,bic_pr_avg,ebic_pr,ebic_pr_avg
699.7939538955688,47,0.8811928811928812,0.8513631987959549,0.8811928811928812,0.887803427434304,5495.587907791138,0.8811268090093214,19295.533280516636,3.0937202630297636,50525.97264782553,8.10100571554041,30085.587907791138,4.823727418276597,126732.37329890531,20.31944417170199,401286.57548908715,64.33967860976225,1420.8348999023438,0.22780742342509921,1492.4187208177182,0.23928470752248168,1542.626810177193,0.24733474589982252
