loss,layer_idx,accuracy_score,f1_macro,f1_micro,balanced_accuracy_score,aic,aic_avg,bic,bic_avg,ebic,ebic_avg
432.63465571403503,14,0.9349046015712682,0.9224733219760417,0.9349046015712682,0.943516932494704,29551.26931142807,4.738058250990552,126198.05470254224,20.233775004415943,400752.2568927241,64.2540094424762
