loss,layer_idx,accuracy_score,f1_macro,f1_micro,balanced_accuracy_score,aic_rep,aic_rep_avg,bic_rep,bic_rep_avg,ebic_rep,ebic_rep_avg,aic_cls,aic_cls_avg,bic_cls,bic_cls_avg,ebic_cls,ebic_cls_avg,aic_pr,aic_pr_avg,bic_pr,bic_pr_avg,ebic_pr,ebic_pr_avg
285.9965419769287,18,0.9493346160012827,0.9333679637989807,0.9493346160012827,0.9561038096189428,2619.9930839538574,0.42007264453324633,9519.965770316607,1.5263693715434674,23715.620028184287,3.8024082135937607,14921.993083953857,2.392495283622552,63268.969670528786,10.144134947976397,190673.407553538,30.57133358241751,585.8968963623047,0.09393889632231918,632.740610158495,0.10144951261159131,659.7003230069897,0.10577205756084491
