loss,layer_idx,accuracy_score,f1_macro,f1_micro,balanced_accuracy_score,aic,aic_avg,bic,bic_avg,ebic,ebic_avg
429.7134325504303,29,0.918390251723585,0.8904751126003633,0.918390251723585,0.9314839670759925,29545.42686510086,4.737121511159349,126192.21225621503,20.232838264584743,400746.41444639687,64.253072702645
