loss,layer_idx,accuracy_score,f1_macro,f1_micro,balanced_accuracy_score,aic,aic_avg,bic,bic_avg,ebic,ebic_avg
279.24756211042404,42,0.9605579605579606,0.9529997871437008,0.9605579605579606,0.9668015435122206,22076.495124220848,3.5396015911850003,94573.3761130654,15.16327980007462,294335.68376590114,47.1918684890013
