loss,layer_idx,accuracy_score,f1_macro,f1_micro,balanced_accuracy_score,aic_rep,aic_rep_avg,bic_rep,bic_rep_avg,ebic_rep,ebic_rep_avg,aic_cls,aic_cls_avg,bic_cls,bic_cls_avg,ebic_cls,ebic_cls_avg,aic_pr,aic_pr_avg,bic_pr,bic_pr_avg,ebic_pr,ebic_pr_avg
480.24878096580505,25,0.9161455828122494,0.8894484861025295,0.9161455828122494,0.9288868463177898,5056.49756193161,0.8107259198222879,18856.44293465711,3.0233193738427304,50086.882301966005,8.030604826353375,29646.49756193161,4.753326529089564,126293.28295304578,20.249043282514958,400847.4851432276,64.26927772057522,990.9028925895691,0.15887492265345024,1093.34232181796,0.17529939423087382,1176.0895423659863,0.18856654519255833
