loss,layer_idx,accuracy_score,f1_macro,f1_micro,balanced_accuracy_score,aic,aic_avg,bic,bic_avg,ebic,ebic_avg
1144.4891090393066,8,0.7934904601571269,0.7580361500046735,0.7934904601571269,0.794140003419208,23806.978218078613,3.8170559913545956,96303.85920692317,15.440734200244215,296066.1668597589,47.4693228891709
