loss,layer_idx,accuracy_score,f1_macro,f1_micro,balanced_accuracy_score,aic,aic_avg,bic,bic_avg,ebic,ebic_avg
1432.0659747123718,3,0.7404200737534071,0.6915136102999738,0.7404200737534071,0.7293773319936304,5936.131949424744,0.9517607743185416,16286.090978968867,2.611205864833873,38825.16117787867,6.224973733826947
