loss,layer_idx,accuracy_score,f1_macro,f1_micro,balanced_accuracy_score,aic,aic_avg,bic,bic_avg,ebic,ebic_avg
2049.4468083381653,1,0.6145582812249479,0.5767285914867589,0.6145582812249479,0.6117189410975659,18448.89361667633,2.9579755678493393,66795.87020325125,10.709615232203182,194200.30808626048,31.136813866644296
