loss,layer_idx,accuracy_score,f1_macro,f1_micro,balanced_accuracy_score,aic_rep,aic_rep_avg,bic_rep,bic_rep_avg,ebic_rep,ebic_rep_avg,aic_cls,aic_cls_avg,bic_cls,bic_cls_avg,ebic_cls,ebic_cls_avg,aic_pr,aic_pr_avg,bic_pr,bic_pr_avg,ebic_pr,ebic_pr_avg
393.2836697101593,6,0.9342632675966009,0.9203465444889695,0.9342632675966009,0.9415624437768315,2834.5673394203186,0.4544760845631423,9734.540025783068,1.5607728115733634,23930.194283650748,3.836811653623657,15136.567339420319,2.426898723652448,63483.54392599525,10.178538388006293,190887.98180900447,30.605737022447407,801.783718585968,0.1285527847660683,853.049636861515,0.13677242854922478,883.9270991909325,0.14172311996006615
