loss,layer_idx,accuracy_score,f1_macro,f1_micro,balanced_accuracy_score,aic,aic_avg,bic,bic_avg,ebic,ebic_avg
136.17521795630455,33,0.9830046496713163,0.9789680458476582,0.9830046496713163,0.9872403045725333,3344.350435912609,0.5362113894360444,13694.309465456732,2.195656479951376,36233.379664366534,5.80942434894445
