loss,layer_idx,accuracy_score,f1_macro,f1_micro,balanced_accuracy_score,aic,aic_avg,bic,bic_avg,ebic,ebic_avg
480.404985666275,40,0.9195125861792528,0.8893554400384723,0.9195125861792528,0.9282391833968628,29646.80997133255,4.753376618780271,126293.59536244672,20.249093372205664,400847.79755262856,64.26932781026592
