loss,layer_idx,accuracy_score,f1_macro,f1_micro,balanced_accuracy_score,aic_rep,aic_rep_avg,bic_rep,bic_rep_avg,ebic_rep,ebic_rep_avg,aic_cls,aic_cls_avg,bic_cls,bic_cls_avg,ebic_cls,ebic_cls_avg,aic_pr,aic_pr_avg,bic_pr,bic_pr_avg,ebic_pr,ebic_pr_avg
681.358250617981,45,0.8810325476992144,0.8458511410824653,0.8810325476992144,0.8941678439430912,5458.716501235962,0.8752150875799202,19258.66187396146,3.0878085416003622,50489.10124127036,8.095093994111007,30048.716501235962,4.817815696847196,126695.50189235013,20.31353245027259,401249.704082532,64.33376688833285,1384.8457851409912,0.2220371629214352,1459.402159415146,0.23399104688394193,1512.5955298562608,0.24251972580667963
