loss,layer_idx,accuracy_score,f1_macro,f1_micro,balanced_accuracy_score,aic_rep,aic_rep_avg,bic_rep,bic_rep_avg,ebic_rep,ebic_rep_avg,aic_cls,aic_cls_avg,bic_cls,bic_cls_avg,ebic_cls,ebic_cls_avg,aic_pr,aic_pr_avg,bic_pr,bic_pr_avg,ebic_pr,ebic_pr_avg
669.6545190811157,12,0.8951418951418951,0.8791659388958404,0.8951418951418951,0.906577582586326,4411.309038162231,0.7072805897326009,14761.268067706354,2.3667256802479324,37300.338266616156,5.9804935492410065,22857.30903816223,3.6647922139108915,95354.19002700679,15.288470422800511,295116.4976798425,47.3170591117272,1369.2463035583496,0.21953604353989892,1470.1087613403847,0.23570767377591545,1551.1177122803679,0.24869612189840754
