loss,layer_idx,accuracy_score,f1_macro,f1_micro,balanced_accuracy_score,aic,aic_avg,bic,bic_avg,ebic,ebic_avg
597.6091575622559,22,0.8991502324835658,0.8726171858668208,0.8991502324835658,0.9133093597043253,5291.218315124512,0.848359518217815,19091.16368785001,3.0609529722382574,50321.60305515891,8.068238424748904
