loss,layer_idx,accuracy_score,f1_macro,f1_micro,balanced_accuracy_score,aic_rep,aic_rep_avg,bic_rep,bic_rep_avg,ebic_rep,ebic_rep_avg,aic_cls,aic_cls_avg,bic_cls,bic_cls_avg,ebic_cls,ebic_cls_avg,aic_pr,aic_pr_avg,bic_pr,bic_pr_avg,ebic_pr,ebic_pr_avg
1130.99436378479,8,0.7936507936507936,0.7596526872013947,0.7936507936507936,0.797966987014564,6357.98872756958,1.0193985453855348,20157.93410029508,3.231991999405977,51388.373467603975,8.239277451916623,30947.98872756958,4.961999154652811,127594.77411868375,20.457715908078203,402148.9763088656,64.47795034613846,2293.6099605560303,0.3677424980849816,2400.1459194992035,0.3848237805834862,2487.442076496946,0.39882027841862205
