loss,layer_idx,accuracy_score,f1_macro,f1_micro,balanced_accuracy_score,aic,aic_avg,bic,bic_avg,ebic,ebic_avg
424.91613006591797,38,0.9278499278499278,0.9023779018323783,0.9278499278499278,0.9391329481547889,4945.832260131836,0.7929825653570364,18745.777632857335,3.0055760193774788,49976.21700016623,8.012861471888124
