loss,layer_idx,accuracy_score,f1_macro,f1_micro,balanced_accuracy_score,aic,aic_avg,bic,bic_avg,ebic,ebic_avg
2738.859380722046,0,0.5351932018598685,0.4810064574039688,0.5351932018598685,0.5030038050581335,7283.718761444092,1.1678240759089453,13368.36264404718,2.143396287325185,25659.497575518253,4.114076892018319
