loss,layer_idx,accuracy_score,f1_macro,f1_micro,balanced_accuracy_score,aic,aic_avg,bic,bic_avg,ebic,ebic_avg
326.19654977321625,34,0.9413179413179413,0.9167393560820309,0.9413179413179413,0.948164179066892,29338.393099546432,4.703927064221009,125985.1784906606,20.1996438176464,400539.38068084244,64.21987825570666
