loss,layer_idx,accuracy_score,f1_macro,f1_micro,balanced_accuracy_score,aic,aic_avg,bic,bic_avg,ebic,ebic_avg
1350.731083869934,4,0.7380150713484047,0.695938035806865,0.7380150713484047,0.7329805561221592,31387.462167739868,5.032461466689092,128034.24755885404,20.528178220114484,402588.4497490359,64.54841265817474
