loss,layer_idx,accuracy_score,f1_macro,f1_micro,balanced_accuracy_score,aic_rep,aic_rep_avg,bic_rep,bic_rep_avg,ebic_rep,ebic_rep_avg,aic_cls,aic_cls_avg,bic_cls,bic_cls_avg,ebic_cls,ebic_cls_avg,aic_pr,aic_pr_avg,bic_pr,bic_pr_avg,ebic_pr,ebic_pr_avg
94.97888225317001,32,0.9881353214686548,0.9863483827314956,0.9881353214686548,0.9914935363816888,3261.95776450634,0.5230010845769344,13611.916794050463,2.182446175092266,36150.986992960265,5.79621404408534,21707.95776450634,3.4805127087552252,94204.8387533509,15.104190917644845,293967.1464061866,47.13277960657153,214.85458648204803,0.03444838648100818,298.73514879143335,0.0478972500868099,361.51480314474105,0.05796293140047155
