loss,layer_idx,accuracy_score,f1_macro,f1_micro,balanced_accuracy_score,aic_rep,aic_rep_avg,bic_rep,bic_rep_avg,ebic_rep,ebic_rep_avg,aic_cls,aic_cls_avg,bic_cls,bic_cls_avg,ebic_cls,ebic_cls_avg,aic_pr,aic_pr_avg,bic_pr,bic_pr_avg,ebic_pr,ebic_pr_avg
480.404985666275,40,0.9195125861792528,0.8893554400384723,0.9195125861792528,0.9282391833968628,5056.80997133255,0.810776009512995,18856.75534405805,3.023369463533437,50087.194711366945,8.030654916044083,29646.80997133255,4.753376618780271,126293.59536244672,20.249093372205664,400847.79755262856,64.26932781026592,985.4512333869934,0.15800083908722037,1068.4707817918597,0.17131165332561485,1130.3517743391521,0.1812332490522931
