loss,layer_idx,accuracy_score,f1_macro,f1_micro,balanced_accuracy_score,aic,aic_avg,bic,bic_avg,ebic,ebic_avg
165.08007341623306,36,0.9783549783549783,0.9736520619436899,0.9783549783549783,0.982258501642591,21848.160146832466,3.5029918465339853,94345.04113567702,15.126670055423604,294107.34878851275,47.15525874435029
