loss,layer_idx,accuracy_score,f1_macro,f1_micro,balanced_accuracy_score,aic,aic_avg,bic,bic_avg,ebic,ebic_avg
373.5462327003479,21,0.9333012666346,0.9133654117047906,0.9333012666346,0.9422416630222161,2795.092465400696,0.44814694009951833,9695.065151763445,1.5544436671097395,23890.719409631125,3.8304825091600327
