loss,layer_idx,accuracy_score,f1_macro,f1_micro,balanced_accuracy_score,aic,aic_avg,bic,bic_avg,ebic,ebic_avg
352.99927031993866,16,0.948051948051948,0.9388920465384489,0.948051948051948,0.9558408775556971,29391.998540639877,4.712521811871072,126038.78393175405,20.208238565296465,400592.9861219359,64.22847300335673
