loss,layer_idx,accuracy_score,f1_macro,f1_micro,balanced_accuracy_score,aic_rep,aic_rep_avg,bic_rep,bic_rep_avg,ebic_rep,ebic_rep_avg,aic_cls,aic_cls_avg,bic_cls,bic_cls_avg,ebic_cls,ebic_cls_avg,aic_pr,aic_pr_avg,bic_pr,bic_pr_avg,ebic_pr,ebic_pr_avg
239.8856781721115,14,0.9595959595959596,0.9486505116370473,0.9595959595959596,0.9679217286754878,2527.771356344223,0.40528641275360316,9427.744042706972,1.5115831397638244,23623.398300574652,3.7876219818141177,14829.771356344223,2.377709051842909,63176.74794291915,10.129348716196754,190581.18582592838,30.556547350637867,496.60397124290466,0.0796222496781954,553.3151934308763,0.08871495806170857,589.1715465748431,0.09446393243143228
