loss,layer_idx,accuracy_score,f1_macro,f1_micro,balanced_accuracy_score,aic,aic_avg,bic,bic_avg,ebic,ebic_avg
432.63465571403503,14,0.9349046015712682,0.9224733219760417,0.9349046015712682,0.943516932494704,4961.26931142807,0.7954576417232756,18761.21468415357,3.008051095743718,49991.654051462465,8.015336548254364
