loss,layer_idx,accuracy_score,f1_macro,f1_micro,balanced_accuracy_score,aic_rep,aic_rep_avg,bic_rep,bic_rep_avg,ebic_rep,ebic_rep_avg,aic_cls,aic_cls_avg,bic_cls,bic_cls_avg,ebic_cls,ebic_cls_avg,aic_pr,aic_pr_avg,bic_pr,bic_pr_avg,ebic_pr,ebic_pr_avg
453.6252610683441,27,0.913740580407247,0.8874753740211563,0.913740580407247,0.9304724075225934,5003.250522136688,0.8021886359045516,18803.195894862187,3.014782089924994,50033.63526217108,8.02206754243564,29593.25052213669,4.744789245171828,126240.03591325086,20.24050599859722,400794.2381034327,64.26074043665749,934.9281878471375,0.14990030268512705,1028.1777666676348,0.16485133344037756,1100.900241007293,0.17651118181935113
