loss,layer_idx,accuracy_score,f1_macro,f1_micro,balanced_accuracy_score,aic,aic_avg,bic,bic_avg,ebic,ebic_avg
264.4315490722656,18,0.9628026294692962,0.9563416138816017,0.9628026294692962,0.9674296425192791,29214.86309814453,4.684121067523574,125861.6484892587,20.179837820948965,400415.85067944054,64.20007225900923
