loss,layer_idx,accuracy_score,f1_macro,f1_micro,balanced_accuracy_score,aic_rep,aic_rep_avg,bic_rep,bic_rep_avg,ebic_rep,ebic_rep_avg,aic_cls,aic_cls_avg,bic_cls,bic_cls_avg,ebic_cls,ebic_cls_avg,aic_pr,aic_pr_avg,bic_pr,bic_pr_avg,ebic_pr,ebic_pr_avg
263.7713136076927,43,0.9623216289882957,0.9546135601567931,0.9623216289882957,0.9683093974779002,3599.5426272153854,0.5771272450241118,13949.501656759508,2.2365723355394436,36488.57185566931,5.850340204532517,22045.542627215385,3.5346388692024027,94542.42361605994,15.158317078092022,294304.7312688957,47.18690576701871,547.4285773038864,0.08777113633219279,614.4268744000923,0.0985132073753555,660.1022405859593,0.10583649841044722
