loss,layer_idx,accuracy_score,f1_macro,f1_micro,balanced_accuracy_score,aic,aic_avg,bic,bic_avg,ebic,ebic_avg
94.97888225317001,32,0.9881353214686548,0.9863483827314956,0.9881353214686548,0.9914935363816888,21707.95776450634,3.4805127087552252,94204.8387533509,15.104190917644845,293967.1464061866,47.13277960657153
