loss,layer_idx,accuracy_score,f1_macro,f1_micro,balanced_accuracy_score,aic,aic_avg,bic,bic_avg,ebic,ebic_avg
2820.0688076019287,0,0.49029982363315694,0.4442054686955292,0.49029982363315694,0.4683275623704681,8712.137615203857,1.396847461151813,19062.09664474798,3.0562925516671444,41601.16684365778,6.670060420660218
