loss,layer_idx,accuracy_score,f1_macro,f1_micro,balanced_accuracy_score,aic_rep,aic_rep_avg,bic_rep,bic_rep_avg,ebic_rep,ebic_rep_avg,aic_cls,aic_cls_avg,bic_cls,bic_cls_avg,ebic_cls,ebic_cls_avg,aic_pr,aic_pr_avg,bic_pr,bic_pr_avg,ebic_pr,ebic_pr_avg
352.99927031993866,16,0.948051948051948,0.9388920465384489,0.948051948051948,0.9558408775556971,4801.998540639877,0.7699212026037963,18601.943913365376,2.9825146566242386,49832.38328067427,7.989800109134884,29391.998540639877,4.712521811871072,126038.78393175405,20.208238565296465,400592.9861219359,64.22847300335673,738.3137452602386,0.1183764221998138,847.1877829725025,0.13583257703583493,937.1013043669708,0.15024872604889702
