loss,layer_idx,accuracy_score,f1_macro,f1_micro,balanced_accuracy_score,aic,aic_avg,bic,bic_avg,ebic,ebic_avg
373.19446873664856,16,0.9464486131152798,0.9376285766545506,0.9464486131152798,0.9546163086151452,22264.388937473297,3.569727262702148,94761.26992631785,15.193405471591767,294523.5775791536,47.22199416051845
