loss,layer_idx,accuracy_score,f1_macro,f1_micro,balanced_accuracy_score,aic,aic_avg,bic,bic_avg,ebic,ebic_avg
490.9533224105835,24,0.9121372454705788,0.8863456974774524,0.9121372454705788,0.9264839488887154,29667.906644821167,4.756759122145449,126314.69203593534,20.25247587557084,400868.8942261172,64.2727103136311
