loss,layer_idx,accuracy_score,f1_macro,f1_micro,balanced_accuracy_score,aic,aic_avg,bic,bic_avg,ebic,ebic_avg
153.53701293468475,34,0.9796376463043129,0.9750101441187722,0.9796376463043129,0.9848878894280718,21825.07402586937,3.499290368104757,94321.95501471392,15.122968576994376,294084.26266754966,47.15155726592106
