loss,layer_idx,accuracy_score,f1_macro,f1_micro,balanced_accuracy_score,aic_rep,aic_rep_avg,bic_rep,bic_rep_avg,ebic_rep,ebic_rep_avg,aic_cls,aic_cls_avg,bic_cls,bic_cls_avg,ebic_cls,ebic_cls_avg,aic_pr,aic_pr_avg,bic_pr,bic_pr_avg,ebic_pr,ebic_pr_avg
429.7134325504303,29,0.918390251723585,0.8904751126003633,0.918390251723585,0.9314839670759925,4955.426865100861,0.7945209018920733,18755.37223782636,3.0071143559125155,49985.811605135255,8.01439980842316,29545.42686510086,4.737121511159349,126192.21225621503,20.232838264584743,400746.41444639687,64.253072702645,885.5404362678528,0.141981791930071,973.5203814805657,0.1560879239186413,1040.6141898990002,0.16684530862578165
