loss,layer_idx,accuracy_score,f1_macro,f1_micro,balanced_accuracy_score,aic,aic_avg,bic,bic_avg,ebic,ebic_avg
1401.8139953613281,3,0.7221420554753888,0.6836321451679807,0.7221420554753888,0.7239250493924471,31489.627990722656,5.048842070021269,128136.41338183683,20.54455882344666,402690.61557201867,64.56479326150692
