loss,layer_idx,accuracy_score,f1_macro,f1_micro,balanced_accuracy_score,aic,aic_avg,bic,bic_avg,ebic,ebic_avg
239.26661109924316,10,0.9608786275452942,0.9522731380491266,0.9608786275452942,0.9682057691721181,14828.533222198486,2.377510537469695,63175.509808773415,10.12915020182354,190579.94769178264,30.556348836264654
