loss,layer_idx,accuracy_score,f1_macro,f1_micro,balanced_accuracy_score,aic,aic_avg,bic,bic_avg,ebic,ebic_avg
2730.024214744568,0,0.4981561648228315,0.44757277201672097,0.4981561648228315,0.4731808903763284,34146.048429489136,5.474755239616664,130792.83382060331,20.970471993042057,405347.03601078514,64.99070643110231
