loss,layer_idx,accuracy_score,f1_macro,f1_micro,balanced_accuracy_score,aic,aic_avg,bic,bic_avg,ebic,ebic_avg
597.6091575622559,22,0.8991502324835658,0.8726171858668208,0.8991502324835658,0.9133093597043253,29881.21831512451,4.790960127485091,126528.00370623868,20.286676880910484,401082.2058964205,64.30691131897075
