loss,layer_idx,accuracy_score,f1_macro,f1_micro,balanced_accuracy_score,aic,aic_avg,bic,bic_avg,ebic,ebic_avg
502.1883749961853,41,0.9139009139009139,0.886144972165846,0.9139009139009139,0.9280473495961167,29690.37674999237,4.760361832610609,126337.16214110654,20.256078586036,400891.3643312884,64.27631302409625
