loss,layer_idx,accuracy_score,f1_macro,f1_micro,balanced_accuracy_score,aic,aic_avg,bic,bic_avg,ebic,ebic_avg
177.0743047297001,27,0.9793169793169794,0.973953155244078,0.9793169793169794,0.9827082590103268,3426.1486094594,0.5493263763763668,13776.107639003523,2.2087714668916982,36315.177837913325,5.822539335884772
