loss,layer_idx,accuracy_score,f1_macro,f1_micro,balanced_accuracy_score,aic,aic_avg,bic,bic_avg,ebic,ebic_avg
191.53744572401047,19,0.9717813051146384,0.9676467049913927,0.9717813051146384,0.9773937744111729,3455.074891448021,0.5539642282263942,13805.033920992144,2.213409318741726,36344.104119901946,5.8271771877348
