loss,layer_idx,accuracy_score,f1_macro,f1_micro,balanced_accuracy_score,aic,aic_avg,bic,bic_avg,ebic,ebic_avg
304.5022885799408,17,0.9565496232162899,0.9494588739996151,0.9565496232162899,0.9622213828094417,29295.00457715988,4.6969704308417315,125941.78996827405,20.192687184267125,400495.9921584559,64.21292162232739
