loss,layer_idx,accuracy_score,f1_macro,f1_micro,balanced_accuracy_score,aic,aic_avg,bic,bic_avg,ebic,ebic_avg
180.72960221767426,20,0.9738656405323072,0.9706052369403563,0.9738656405323072,0.9799671229994346,3433.4592044353485,0.5504985096096439,13783.418233979472,2.2099436001249755,36322.48843288927,5.82371146911805
