loss,layer_idx,accuracy_score,f1_macro,f1_micro,balanced_accuracy_score,aic,aic_avg,bic,bic_avg,ebic,ebic_avg
669.6545190811157,12,0.8951418951418951,0.8791659388958404,0.8951418951418951,0.906577582586326,22857.30903816223,3.6647922139108915,95354.19002700679,15.288470422800511,295116.4976798425,47.3170591117272
