loss,layer_idx,accuracy_score,f1_macro,f1_micro,balanced_accuracy_score,aic,aic_avg,bic,bic_avg,ebic,ebic_avg
1307.516682624817,5,0.742344075677409,0.7019423715154719,0.742344075677409,0.7418940230172579,6711.033365249634,1.0760034255651167,20510.978737975132,3.288596879585559,51741.41810528403,8.295882332096205
