loss,layer_idx,accuracy_score,f1_macro,f1_micro,balanced_accuracy_score,aic,aic_avg,bic,bic_avg,ebic,ebic_avg
2830.90020942688,1,0.5032868366201699,0.450759794634804,0.5032868366201699,0.47360975755800266,27179.80041885376,4.357832358321911,99676.68140769831,15.98151056721153,299438.98906053405,48.01009925613822
