loss,layer_idx,accuracy_score,f1_macro,f1_micro,balanced_accuracy_score,aic,aic_avg,bic,bic_avg,ebic,ebic_avg
2730.024214744568,0,0.4981561648228315,0.44757277201672097,0.4981561648228315,0.4731808903763284,9556.048429489136,1.5321546303493885,23355.993802214634,3.7447480843698306,54586.43316952353,8.752033536880477
