loss,layer_idx,accuracy_score,f1_macro,f1_micro,balanced_accuracy_score,aic_rep,aic_rep_avg,bic_rep,bic_rep_avg,ebic_rep,ebic_rep_avg,aic_cls,aic_cls_avg,bic_cls,bic_cls_avg,ebic_cls,ebic_cls_avg,aic_pr,aic_pr_avg,bic_pr,bic_pr_avg,ebic_pr,ebic_pr_avg
443.0080511569977,28,0.9142215808882476,0.886404357008748,0.9142215808882476,0.9310273712921389,4982.016102313995,0.7987840471883911,18781.961475039494,3.0113775012088335,50012.40084234839,8.01866295371948,29572.016102313995,4.741384656455667,126218.80149342817,20.23710140988106,400773.00368361,64.25733584794132,914.1852040290833,0.14657450762050397,1009.0904933032436,0.16179100421729095,1083.5999763786087,0.17373736995007355
