loss,layer_idx,accuracy_score,f1_macro,f1_micro,balanced_accuracy_score,aic,aic_avg,bic,bic_avg,ebic,ebic_avg
354.71183705329895,35,0.9363476030142697,0.9125961473798883,0.9363476030142697,0.9464732491738079,29395.423674106598,4.713070975486067,126042.20906522077,20.20878772891146,400596.4112554026,64.22902216697172
