loss,layer_idx,accuracy_score,f1_macro,f1_micro,balanced_accuracy_score,aic,aic_avg,bic,bic_avg,ebic,ebic_avg
388.88148045539856,15,0.9401956068622735,0.9287493907284254,0.9401956068622735,0.9492886060627427,29463.762960910797,4.724028052094083,126110.54835202497,20.219744805519476,400664.7505422068,64.23997924357974
