loss,layer_idx,accuracy_score,f1_macro,f1_micro,balanced_accuracy_score,aic,aic_avg,bic,bic_avg,ebic,ebic_avg
585.2455728054047,42,0.8993105659772327,0.8683511117767176,0.8993105659772327,0.9155038197478572,29856.49114561081,4.786995534008467,126503.27653672498,20.28271228743386,401057.4787269068,64.30294672549412
