loss,layer_idx,accuracy_score,f1_macro,f1_micro,balanced_accuracy_score,aic,aic_avg,bic,bic_avg,ebic,ebic_avg
1322.6642875671387,6,0.7426647426647427,0.6980986327609552,0.7426647426647427,0.735944959144381,31331.328575134277,5.023461371674568,127978.11396624845,20.51917812509996,402532.3161564303,64.53941256316021
