loss,layer_idx,accuracy_score,f1_macro,f1_micro,balanced_accuracy_score,aic,aic_avg,bic,bic_avg,ebic,ebic_avg
2820.0688076019287,0,0.49029982363315694,0.4442054686955292,0.49029982363315694,0.4683275623704681,27158.137615203857,4.3543590853301035,99655.01860404841,15.978037294219723,299417.32625688415,48.00662598314641
