loss,layer_idx,accuracy_score,f1_macro,f1_micro,balanced_accuracy_score,aic,aic_avg,bic,bic_avg,ebic,ebic_avg
282.305237531662,12,0.9543049543049543,0.9412266429253436,0.9543049543049543,0.9612560637080725,2612.610475063324,0.4188889650574513,9512.583161426073,1.5251856920676725,23708.237419293753,3.801224534117966
