loss,layer_idx,accuracy_score,f1_macro,f1_micro,balanced_accuracy_score,aic_rep,aic_rep_avg,bic_rep,bic_rep_avg,ebic_rep,ebic_rep_avg,aic_cls,aic_cls_avg,bic_cls,bic_cls_avg,ebic_cls,ebic_cls_avg,aic_pr,aic_pr_avg,bic_pr,bic_pr_avg,ebic_pr,ebic_pr_avg
659.1692750453949,21,0.8898508898508899,0.8629943396707528,0.8898508898508899,0.9048525893226135,5414.33855009079,0.8680998156310389,19214.28392281629,3.0806932696514813,50444.723290125185,8.087978722162127,30004.33855009079,4.8107004248983145,126651.12394120496,20.306417178323706,401205.3261313868,64.32665161638397,1351.292697429657,0.21665747914536748,1462.319414490476,0.2344587805820869,1554.655946875499,0.24926341941245775
