loss,layer_idx,accuracy_score,f1_macro,f1_micro,balanced_accuracy_score,aic,aic_avg,bic,bic_avg,ebic,ebic_avg
282.30523800849915,12,0.9543049543049543,0.9412266429253436,0.9543049543049543,0.9612560637080725,14914.610476016998,2.391311604299663,63261.58706259193,10.142951268653508,190666.02494560115,30.57014990309462
