loss,layer_idx,accuracy_score,f1_macro,f1_micro,balanced_accuracy_score,aic,aic_avg,bic,bic_avg,ebic,ebic_avg
1401.8139953613281,3,0.7221420554753888,0.6836321451679807,0.7221420554753888,0.7239250493924471,6899.627990722656,1.1062414607539932,20699.573363448155,3.3188349147744356,51930.01273075705,8.326120367285082
