loss,layer_idx,accuracy_score,f1_macro,f1_micro,balanced_accuracy_score,aic,aic_avg,bic,bic_avg,ebic,ebic_avg
534.0443060398102,14,0.9190315856982524,0.9075387558881126,0.9190315856982524,0.9313327832381579,4140.08861207962,0.6637948712649704,14490.047641623743,2.323239961780302,37029.117840533545,5.937007830773376
