loss,layer_idx,accuracy_score,f1_macro,f1_micro,balanced_accuracy_score,aic_rep,aic_rep_avg,bic_rep,bic_rep_avg,ebic_rep,ebic_rep_avg,aic_cls,aic_cls_avg,bic_cls,bic_cls_avg,ebic_cls,ebic_cls_avg,aic_pr,aic_pr_avg,bic_pr,bic_pr_avg,ebic_pr,ebic_pr_avg
173.26869410276413,38,0.9770723104056437,0.9731795662706031,0.9770723104056437,0.9827037877382498,3418.5373882055283,0.5481060426816624,13768.496417749651,2.207551133196994,36307.56661665945,5.821319002190068,21864.53738820553,3.505617666859953,94361.41837705008,15.129295875749571,294123.7260298858,47.15788456467626,371.3629478216171,0.059541918842651455,455.0034181705836,0.0729522876656379,517.5322152201169,0.08297774815137356
