loss,layer_idx,accuracy_score,f1_macro,f1_micro,balanced_accuracy_score,aic_rep,aic_rep_avg,bic_rep,bic_rep_avg,ebic_rep,ebic_rep_avg,aic_cls,aic_cls_avg,bic_cls,bic_cls_avg,ebic_cls,ebic_cls_avg,aic_pr,aic_pr_avg,bic_pr,bic_pr_avg,ebic_pr,ebic_pr_avg
817.6745924949646,19,0.8576238576238576,0.828396174278429,0.8576238576238576,0.8731421262941297,5731.349184989929,0.918927238253957,19531.294557715428,3.131520692274399,50761.733925024324,8.138806144785045,30321.34918498993,4.8615278475212325,126968.1345761041,20.357244600946625,401522.33676628594,64.37747903900689,1667.526297569275,0.2673603170705908,1775.9350856178612,0.2847418768026072,1865.3265833515566,0.29907432793836086
