loss,layer_idx,accuracy_score,f1_macro,f1_micro,balanced_accuracy_score,aic_rep,aic_rep_avg,bic_rep,bic_rep_avg,ebic_rep,ebic_rep_avg,aic_cls,aic_cls_avg,bic_cls,bic_cls_avg,ebic_cls,ebic_cls_avg,aic_pr,aic_pr_avg,bic_pr,bic_pr_avg,ebic_pr,ebic_pr_avg
1307.516682624817,5,0.742344075677409,0.7019423715154719,0.742344075677409,0.7418940230172579,6711.033365249634,1.0760034255651167,20510.978737975132,3.288596879585559,51741.41810528403,8.295882332096205,31301.033365249634,5.018604034832393,127947.8187563638,20.514320788257784,402502.02094654564,64.53455522631805,2647.749589920044,0.42452294210678915,2757.974715226068,0.44219572153696773,2849.4075330954984,0.45685546466177623
