loss,layer_idx,accuracy_score,f1_macro,f1_micro,balanced_accuracy_score,aic,aic_avg,bic,bic_avg,ebic,ebic_avg
1175.5947456359863,7,0.7867564534231201,0.7478496862829015,0.7867564534231201,0.7869212157942789,6447.189491271973,1.0337004154676883,20247.13486399747,3.246293869488131,51477.57423130637,8.253579321998776
