loss,layer_idx,accuracy_score,f1_macro,f1_micro,balanced_accuracy_score,aic_rep,aic_rep_avg,bic_rep,bic_rep_avg,ebic_rep,ebic_rep_avg,aic_cls,aic_cls_avg,bic_cls,bic_cls_avg,ebic_cls,ebic_cls_avg,aic_pr,aic_pr_avg,bic_pr,bic_pr_avg,ebic_pr,ebic_pr_avg
222.98423850536346,17,0.9637646304312971,0.953240915195301,0.9637646304312971,0.9684655450433096,2493.968477010727,0.3998666790140656,9393.941163373476,1.5061634060242868,23589.595421241156,3.7822022480745803,14795.968477010727,2.3722893181033715,63142.945063585656,10.123928982457215,190547.38294659488,30.55112761689833,463.40627455711365,0.07429954698687087,522.1564341178519,0.08371916532272757,559.9178628400614,0.08977358711561029
