loss,layer_idx,accuracy_score,f1_macro,f1_micro,balanced_accuracy_score,aic,aic_avg,bic,bic_avg,ebic,ebic_avg
348.49260437488556,46,0.9474106140772808,0.9393613135444261,0.9474106140772808,0.9591838109731956,22214.98520874977,3.5618061902757367,94711.86619759433,15.185484399165356,294474.17385043006,47.21407308809204
