loss,layer_idx,accuracy_score,f1_macro,f1_micro,balanced_accuracy_score,aic,aic_avg,bic,bic_avg,ebic,ebic_avg
811.6551349163055,3,0.855379188712522,0.8208376693023715,0.855379188712522,0.8650247640760428,15973.310269832611,2.5610566409864695,64320.28685640754,10.312696305340314,191724.72473941676,30.73989493978143
