loss,layer_idx,accuracy_score,f1_macro,f1_micro,balanced_accuracy_score,aic,aic_avg,bic,bic_avg,ebic,ebic_avg
659.1692750453949,21,0.8898508898508899,0.8629943396707528,0.8898508898508899,0.9048525893226135,30004.33855009079,4.8107004248983145,126651.12394120496,20.306417178323706,401205.3261313868,64.32665161638397
