loss,layer_idx,accuracy_score,f1_macro,f1_micro,balanced_accuracy_score,aic_rep,aic_rep_avg,bic_rep,bic_rep_avg,ebic_rep,ebic_rep_avg,aic_cls,aic_cls_avg,bic_cls,bic_cls_avg,ebic_cls,ebic_cls_avg,aic_pr,aic_pr_avg,bic_pr,bic_pr_avg,ebic_pr,ebic_pr_avg
186.2747254371643,23,0.9781946448613116,0.97482631122866,0.9781946448613116,0.9827627201115189,3444.5494508743286,0.5522766475668316,13794.508480418452,2.211721738082163,36333.57867932825,5.825489607075237,21890.54945087433,3.5097882717451223,94387.43043971888,15.133466480634741,294149.7380925546,47.16205516956143,401.2915906906128,0.0643404827145443,498.12751826872807,0.07986652529561136,574.7315625560831,0.09214871934521134
