loss,layer_idx,accuracy_score,f1_macro,f1_micro,balanced_accuracy_score,aic,aic_avg,bic,bic_avg,ebic,ebic_avg
146.98022145032883,48,0.9725829725829725,0.9656132713041018,0.9725829725829725,0.9749079094228842,28979.960442900658,4.64645830413671,125626.74583401483,20.142175057562103,400180.94802419667,64.16240949562236
