loss,layer_idx,accuracy_score,f1_macro,f1_micro,balanced_accuracy_score,aic,aic_avg,bic,bic_avg,ebic,ebic_avg
480.24878096580505,25,0.9161455828122494,0.8894484861025295,0.9161455828122494,0.9288868463177898,29646.49756193161,4.753326529089564,126293.28295304578,20.249043282514958,400847.4851432276,64.26927772057522
