loss,layer_idx,accuracy_score,f1_macro,f1_micro,balanced_accuracy_score,aic,aic_avg,bic,bic_avg,ebic,ebic_avg
746.5974888801575,20,0.8741382074715408,0.8453395051364134,0.8741382074715408,0.8906717009049149,30179.194977760315,4.83873576683667,126825.98036887449,20.33445252026206,401380.1825590563,64.35468695832232
