loss,layer_idx,accuracy_score,f1_macro,f1_micro,balanced_accuracy_score,aic_rep,aic_rep_avg,bic_rep,bic_rep_avg,ebic_rep,ebic_rep_avg,aic_cls,aic_cls_avg,bic_cls,bic_cls_avg,ebic_cls,ebic_cls_avg,aic_pr,aic_pr_avg,bic_pr,bic_pr_avg,ebic_pr,ebic_pr_avg
217.10979241132736,21,0.9717813051146384,0.9674860582325814,0.9717813051146384,0.9771691587433093,3506.2195848226547,0.5621644355976679,13856.178614366778,2.2216095261129993,36395.24881327658,5.8353773951060735,21952.219584822655,3.519676059775959,94449.10057366721,15.143354268665577,294211.40822650294,47.171942957592265,462.53159272670746,0.07415930619315496,557.918351141771,0.0894529984193957,632.9491033508153,0.10148294105352178
