loss,layer_idx,accuracy_score,f1_macro,f1_micro,balanced_accuracy_score,aic,aic_avg,bic,bic_avg,ebic,ebic_avg
191.53744572401047,19,0.9717813051146384,0.9676467049913927,0.9717813051146384,0.9773937744111729,21901.07489144802,3.511475852404685,94397.95588029257,15.135154061294305,294160.2635331283,47.16374275022099
