loss,layer_idx,accuracy_score,f1_macro,f1_micro,balanced_accuracy_score,aic,aic_avg,bic,bic_avg,ebic,ebic_avg
534.0443060398102,14,0.9190315856982524,0.9075387558881126,0.9190315856982524,0.9313327832381579,22586.08861207962,3.621306495443261,95082.96960092417,15.24498470433288,294845.2772537599,47.27357339325957
