loss,layer_idx,accuracy_score,f1_macro,f1_micro,balanced_accuracy_score,aic,aic_avg,bic,bic_avg,ebic,ebic_avg
373.5462327003479,21,0.9333012666346,0.9133654117047906,0.9333012666346,0.9422416630222161,15097.092465400696,2.420569579188824,63444.069051975624,10.17220924354267,190848.50693498485,30.599407877983783
