loss,layer_idx,accuracy_score,f1_macro,f1_micro,balanced_accuracy_score,aic,aic_avg,bic,bic_avg,ebic,ebic_avg
239.8856781721115,14,0.9595959595959596,0.9486505116370473,0.9595959595959596,0.9679217286754878,2527.771356344223,0.40528641275360316,9427.744042706972,1.5115831397638244,23623.398300574652,3.7876219818141177
