loss,layer_idx,accuracy_score,f1_macro,f1_micro,balanced_accuracy_score,aic_rep,aic_rep_avg,bic_rep,bic_rep_avg,ebic_rep,ebic_rep_avg,aic_cls,aic_cls_avg,bic_cls,bic_cls_avg,ebic_cls,ebic_cls_avg,aic_pr,aic_pr_avg,bic_pr,bic_pr_avg,ebic_pr,ebic_pr_avg
432.46304178237915,47,0.9357062690396024,0.9230679352365836,0.9357062690396024,0.9429400712437607,3936.9260835647583,0.6312211132859962,14286.885113108881,2.2906662038013277,36825.95531201868,5.904434072794402,22382.92608356476,3.5887327374642872,94879.80707240931,15.212410946353906,294642.11472524505,47.24099963528059,887.6670064926147,0.14232275236373493,964.284070489143,0.15460703390879318,1019.5676823234614,0.16347084853671018
