loss,layer_idx,accuracy_score,f1_macro,f1_micro,balanced_accuracy_score,aic,aic_avg,bic,bic_avg,ebic,ebic_avg
125.55223000049591,26,0.9844476511143178,0.9810267992662541,0.9844476511143178,0.9873544535184966,21769.104460000992,3.4903165720700646,94265.98544884555,15.113994780959683,294028.2931016813,47.14258346988637
