loss,layer_idx,accuracy_score,f1_macro,f1_micro,balanced_accuracy_score,aic,aic_avg,bic,bic_avg,ebic,ebic_avg
817.6745924949646,19,0.8576238576238576,0.828396174278429,0.8576238576238576,0.8731421262941297,30321.34918498993,4.8615278475212325,126968.1345761041,20.357244600946625,401522.33676628594,64.37747903900689
