loss,layer_idx,accuracy_score,f1_macro,f1_micro,balanced_accuracy_score,aic,aic_avg,bic,bic_avg,ebic,ebic_avg
127.52317756414413,25,0.9839666506333173,0.9806144118740362,0.9839666506333173,0.9874643942083876,21773.04635512829,3.490948589887492,94269.92734397284,15.114626798777111,294032.2349968086,47.1432154877038
