loss,layer_idx,accuracy_score,f1_macro,f1_micro,balanced_accuracy_score,aic,aic_avg,bic,bic_avg,ebic,ebic_avg
1351.6260271072388,4,0.7477954144620811,0.7037989934351767,0.7477954144620811,0.7432770730907488,5775.2520542144775,0.9259663386587266,16125.2110837586,2.585411429174058,38664.2812826684,6.199179298167132
