loss,layer_idx,accuracy_score,f1_macro,f1_micro,balanced_accuracy_score,aic,aic_avg,bic,bic_avg,ebic,ebic_avg
599.4869093894958,12,0.8965848965848966,0.8775319464896374,0.8965848965848966,0.9061512672195039,29884.97381877899,4.791562260506492,126531.75920989316,20.287279013931883,401085.961400075,64.30751345199215
