loss,layer_idx,accuracy_score,f1_macro,f1_micro,balanced_accuracy_score,aic,aic_avg,bic,bic_avg,ebic,ebic_avg
144.44492396712303,24,0.982363315696649,0.9790984188252185,0.982363315696649,0.9865704028090109,3360.889847934246,0.5388632111486686,13710.84887747837,2.1983083016640004,36249.91907638817,5.812076170657074
