loss,layer_idx,accuracy_score,f1_macro,f1_micro,balanced_accuracy_score,aic_rep,aic_rep_avg,bic_rep,bic_rep_avg,ebic_rep,ebic_rep_avg,aic_cls,aic_cls_avg,bic_cls,bic_cls_avg,ebic_cls,ebic_cls_avg,aic_pr,aic_pr_avg,bic_pr,bic_pr_avg,ebic_pr,ebic_pr_avg
194.5904866605997,16,0.9648869648869649,0.9555538868437905,0.9648869648869649,0.9715150869058042,2437.1809733211994,0.3907617401509058,9337.153659683949,1.497058467161127,23532.80791755163,3.7730973092114204,14739.1809733212,2.3631843792402116,63086.15755989613,10.114824043594057,190490.59544290535,30.54202267803517,406.63014820218086,0.0651964322915153,465.4186394513698,0.07462219648089945,503.21608387959566,0.08068239279775463
