loss,layer_idx,accuracy_score,f1_macro,f1_micro,balanced_accuracy_score,aic,aic_avg,bic,bic_avg,ebic,ebic_avg
203.22038608789444,39,0.9767516434183101,0.9714062462162222,0.9767516434183101,0.9807411455242371,21924.44077217579,3.5152221856943706,94421.32176102034,15.13890039458399,294183.6294138561,47.167489083510674
