loss,layer_idx,accuracy_score,f1_macro,f1_micro,balanced_accuracy_score,aic,aic_avg,bic,bic_avg,ebic,ebic_avg
1902.5879554748535,2,0.6129549462882796,0.5720661872254017,0.6129549462882796,0.6098825353735541,32491.175910949707,5.209423747146017,129137.96130206388,20.70514050057141,403692.1634922457,64.72537493863167
