loss,layer_idx,accuracy_score,f1_macro,f1_micro,balanced_accuracy_score,aic,aic_avg,bic,bic_avg,ebic,ebic_avg
85.77866821736097,30,0.9876543209876543,0.9854992532345002,0.9876543209876543,0.9913809655317526,21689.557336434722,3.4775625038375377,94186.43832527928,15.101240712727156,293948.745978115,47.12982940165384
