loss,layer_idx,accuracy_score,f1_macro,f1_micro,balanced_accuracy_score,aic,aic_avg,bic,bic_avg,ebic,ebic_avg
1330.171362876892,2,0.7598204264870931,0.7166170319735474,0.7598204264870931,0.7588181851503962,5732.342725753784,0.9190865361157262,16082.301755297907,2.5785316266310576,38621.37195420771,6.192299495624131
