loss,layer_idx,accuracy_score,f1_macro,f1_micro,balanced_accuracy_score,aic_rep,aic_rep_avg,bic_rep,bic_rep_avg,ebic_rep,ebic_rep_avg,aic_cls,aic_cls_avg,bic_cls,bic_cls_avg,ebic_cls,ebic_cls_avg,aic_pr,aic_pr_avg,bic_pr,bic_pr_avg,ebic_pr,ebic_pr_avg
437.33265125751495,22,0.9193522526855861,0.8973943498844932,0.9193522526855861,0.9304065695801844,2922.66530251503,0.4686011387710486,9822.63798887778,1.5748978657812698,24018.29224674546,3.850936707831563,15224.66530251503,2.4410237778603543,63571.64188908996,10.192663442214199,190976.07977209918,30.619862076655313,889.3595373630524,0.14259412175133115,938.8662849696709,0.15053171155518213,968.1711150051758,0.1552302573360872
