loss,layer_idx,accuracy_score,f1_macro,f1_micro,balanced_accuracy_score,aic,aic_avg,bic,bic_avg,ebic,ebic_avg
239.8856782913208,14,0.9595959595959596,0.9486505116370473,0.9595959595959596,0.9679217286754878,14829.771356582642,2.3777090518811352,63176.74794315757,10.12934871623498,190581.1858261668,30.556547350676095
