loss,layer_idx,accuracy_score,f1_macro,f1_micro,balanced_accuracy_score,aic_rep,aic_rep_avg,bic_rep,bic_rep_avg,ebic_rep,ebic_rep_avg,aic_cls,aic_cls_avg,bic_cls,bic_cls_avg,ebic_cls,ebic_cls_avg,aic_pr,aic_pr_avg,bic_pr,bic_pr_avg,ebic_pr,ebic_pr_avg
599.4869093894958,12,0.8965848965848966,0.8775319464896374,0.8965848965848966,0.9061512672195039,5294.973818778992,0.8489616512392162,19094.91919150449,3.0615551052596586,50325.35855881339,8.068840557770304,29884.97381877899,4.791562260506492,126531.75920989316,20.287279013931883,401085.961400075,64.30751345199215,1229.7184991836548,0.1971650632008425,1333.3012409039318,0.21377284606444313,1417.3132228453876,0.22724278063899112
