loss,layer_idx,accuracy_score,f1_macro,f1_micro,balanced_accuracy_score,aic_rep,aic_rep_avg,bic_rep,bic_rep_avg,ebic_rep,ebic_rep_avg,aic_cls,aic_cls_avg,bic_cls,bic_cls_avg,ebic_cls,ebic_cls_avg,aic_pr,aic_pr_avg,bic_pr,bic_pr_avg,ebic_pr,ebic_pr_avg
527.6610562801361,23,0.9087702421035755,0.8829311943700062,0.9087702421035755,0.9240789473316048,5151.322112560272,0.8259294713099683,18951.26748528577,3.0385229253304105,50181.70685259467,8.045808377841055,29741.322112560272,4.768530080577245,126388.10750367444,20.264246834002638,400942.3096938563,64.28448127206289,1086.4619212150574,0.1741962355643831,1191.3759003051844,0.19101746036639158,1276.8652585634397,0.20472426784727268
