loss,layer_idx,accuracy_score,f1_macro,f1_micro,balanced_accuracy_score,aic,aic_avg,bic,bic_avg,ebic,ebic_avg
456.60844254493713,39,0.920314253647587,0.8930883779880957,0.920314253647587,0.9342621715552667,29599.216885089874,4.7457458529885965,126246.00227620405,20.24146260641399,400800.2044663859,64.26169704447425
