loss,layer_idx,accuracy_score,f1_macro,f1_micro,balanced_accuracy_score,aic,aic_avg,bic,bic_avg,ebic,ebic_avg
222.9842382967472,17,0.9637646304312971,0.953240915195301,0.9637646304312971,0.9684655450433096,14795.968476593494,2.372289318036475,63142.94506316842,10.12392898239032,190547.38294617765,30.551127616831433
