loss,layer_idx,accuracy_score,f1_macro,f1_micro,balanced_accuracy_score,aic,aic_avg,bic,bic_avg,ebic,ebic_avg
868.7721910476685,46,0.8645181978515312,0.8323357419020699,0.8645181978515312,0.8703760988962561,30423.544382095337,4.877913160509113,127070.32977320951,20.373629913934504,401624.53196339135,64.39386435199476
