loss,layer_idx,accuracy_score,f1_macro,f1_micro,balanced_accuracy_score,aic,aic_avg,bic,bic_avg,ebic,ebic_avg
410.30739879608154,30,0.9268879268879269,0.901823885826673,0.9268879268879269,0.9390459905868251,29506.614797592163,4.730898636779247,126153.40018870634,20.22661539020464,400707.6023788882,64.2468498282649
