loss,layer_idx,accuracy_score,f1_macro,f1_micro,balanced_accuracy_score,aic_rep,aic_rep_avg,bic_rep,bic_rep_avg,ebic_rep,ebic_rep_avg,aic_cls,aic_cls_avg,bic_cls,bic_cls_avg,ebic_cls,ebic_cls_avg,aic_pr,aic_pr_avg,bic_pr,bic_pr_avg,ebic_pr,ebic_pr_avg
534.0443060398102,14,0.9190315856982524,0.9075387558881126,0.9190315856982524,0.9313327832381579,4140.08861207962,0.6637948712649704,14490.047641623743,2.323239961780302,37029.117840533545,5.937007830773376,22586.08861207962,3.621306495443261,95082.96960092417,15.24498470433288,294845.2772537599,47.27357339325957,1098.4790692329407,0.17612298689000172,1200.8683877309816,0.19253942403895807,1283.5602623969464,0.2057977012020116
