loss,layer_idx,accuracy_score,f1_macro,f1_micro,balanced_accuracy_score,aic_rep,aic_rep_avg,bic_rep,bic_rep_avg,ebic_rep,ebic_rep_avg,aic_cls,aic_cls_avg,bic_cls,bic_cls_avg,ebic_cls,ebic_cls_avg,aic_pr,aic_pr_avg,bic_pr,bic_pr_avg,ebic_pr,ebic_pr_avg
1249.6205677986145,6,0.7627064293730961,0.7227003768724544,0.7627064293730961,0.7610012123918591,5571.241135597229,0.8932565553306444,15921.200165141352,2.552701645845976,38460.27036405115,6.16646951483905,24017.24113559723,3.8507681795089352,96514.12212444178,15.474446388398555,296276.4297772775,47.50303507732524,2530.659707069397,0.40574951211630544,2636.5128735745216,0.4227213201177684,2723.04753553599,0.43659572479332853
