loss,layer_idx,accuracy_score,f1_macro,f1_micro,balanced_accuracy_score,aic_rep,aic_rep_avg,bic_rep,bic_rep_avg,ebic_rep,ebic_rep_avg,aic_cls,aic_cls_avg,bic_cls,bic_cls_avg,ebic_cls,ebic_cls_avg,aic_pr,aic_pr_avg,bic_pr,bic_pr_avg,ebic_pr,ebic_pr_avg
354.71183705329895,35,0.9363476030142697,0.9125961473798883,0.9363476030142697,0.9464732491738079,4805.423674106598,0.7704703662187907,18605.369046832097,2.983063820239233,49835.80841414099,7.990349272749879,29395.423674106598,4.713070975486067,126042.20906522077,20.20878772891146,400596.4112554026,64.22902216697172,736.4913487434387,0.11808423099942901,827.6857899922451,0.13270575436784432,898.2023102210768,0.1440119144173604
