loss,layer_idx,accuracy_score,f1_macro,f1_micro,balanced_accuracy_score,aic_rep,aic_rep_avg,bic_rep,bic_rep_avg,ebic_rep,ebic_rep_avg,aic_cls,aic_cls_avg,bic_cls,bic_cls_avg,ebic_cls,ebic_cls_avg,aic_pr,aic_pr_avg,bic_pr,bic_pr_avg,ebic_pr,ebic_pr_avg
114.4505410194397,28,0.9842873176206509,0.980696940352877,0.9842873176206509,0.9883594376717822,3300.9010820388794,0.5292450027319031,13650.860111583002,2.1886900932472346,36189.930310492804,5.802457962240308,21746.90108203888,3.4867566269101937,94243.78207088343,15.110434835799813,294006.08972371917,47.1390235247265,253.05344104766846,0.04057294228758513,334.42581286010585,0.05361965894822925,394.5950096263395,0.06326679647688624
