loss,layer_idx,accuracy_score,f1_macro,f1_micro,balanced_accuracy_score,aic,aic_avg,bic,bic_avg,ebic,ebic_avg
567.1057951450348,4,0.8975468975468975,0.8746255221596446,0.8975468975468975,0.9084492884157959,15484.21159029007,2.482637740947582,63831.188176865,10.234277405301427,191235.62605987422,30.66147603974254
