loss,layer_idx,accuracy_score,f1_macro,f1_micro,balanced_accuracy_score,aic,aic_avg,bic,bic_avg,ebic,ebic_avg
348.69290339946747,20,0.9358666025332693,0.9168647538069947,0.9358666025332693,0.9435883049653785,2745.385806798935,0.4401772978673938,9645.358493161684,1.546474024877615,23841.012751029364,3.8225128669279083
