loss,layer_idx,accuracy_score,f1_macro,f1_micro,balanced_accuracy_score,aic_rep,aic_rep_avg,bic_rep,bic_rep_avg,ebic_rep,ebic_rep_avg,aic_cls,aic_cls_avg,bic_cls,bic_cls_avg,ebic_cls,ebic_cls_avg,aic_pr,aic_pr_avg,bic_pr,bic_pr_avg,ebic_pr,ebic_pr_avg
868.7721910476685,46,0.8645181978515312,0.8323357419020699,0.8645181978515312,0.8703760988962561,5833.544382095337,0.9353125512418369,19633.489754820836,3.1479060052622794,50863.92912212973,8.155191457772924,30423.544382095337,4.877913160509113,127070.32977320951,20.373629913934504,401624.53196339135,64.39386435199476,1754.7732982635498,0.281348933503856,1812.8197098730725,0.29065571747203345,1849.9211799442382,0.29660432578871865
