loss,layer_idx,accuracy_score,f1_macro,f1_micro,balanced_accuracy_score,aic,aic_avg,bic,bic_avg,ebic,ebic_avg
136.17521795630455,33,0.9830046496713163,0.9789680458476582,0.9830046496713163,0.9872403045725333,21790.35043591261,3.493723013614335,94287.23142475716,15.117401222503954,294049.5390775929,47.14598991143064
