loss,layer_idx,accuracy_score,f1_macro,f1_micro,balanced_accuracy_score,aic,aic_avg,bic,bic_avg,ebic,ebic_avg
803.0661668777466,11,0.8637165303831971,0.8401782173541364,0.8637165303831971,0.8705025200570689,23124.132333755493,3.707572925085056,95621.01332260005,15.331251133974675,295383.3209754358,47.35983982290136
