loss,layer_idx,accuracy_score,f1_macro,f1_micro,balanced_accuracy_score,aic,aic_avg,bic,bic_avg,ebic,ebic_avg
269.4894746541977,44,0.962000962000962,0.9545858559043864,0.962000962000962,0.9674146170305101,22056.978949308395,3.536472494678274,94553.85993815295,15.160150703567894,294316.1675909887,47.188739392494575
