loss,layer_idx,accuracy_score,f1_macro,f1_micro,balanced_accuracy_score,aic,aic_avg,bic,bic_avg,ebic,ebic_avg
352.99927031993866,16,0.948051948051948,0.9388920465384489,0.948051948051948,0.9558408775556971,4801.998540639877,0.7699212026037963,18601.943913365376,2.9825146566242386,49832.38328067427,7.989800109134884
