loss,layer_idx,accuracy_score,f1_macro,f1_micro,balanced_accuracy_score,aic_rep,aic_rep_avg,bic_rep,bic_rep_avg,ebic_rep,ebic_rep_avg,aic_cls,aic_cls_avg,bic_cls,bic_cls_avg,ebic_cls,ebic_cls_avg,aic_pr,aic_pr_avg,bic_pr,bic_pr_avg,ebic_pr,ebic_pr_avg
322.65927267074585,4,0.949013949013949,0.9385464680129437,0.949013949013949,0.9597033179468971,2693.3185453414917,0.4318291719322578,9593.291231704241,1.5381258989424789,23788.94548957192,3.8141647409927724,14995.318545341492,2.4042518110215636,63342.29513191642,10.155891475375409,190746.73301492564,30.58309010981652,665.329213142395,0.10667455718172118,732.7477000867854,0.11748399873124665,778.8346386426703,0.12487327860232007
