loss,layer_idx,accuracy_score,f1_macro,f1_micro,balanced_accuracy_score,aic,aic_avg,bic,bic_avg,ebic,ebic_avg
638.0927995443344,15,0.8855218855218855,0.8742329098005622,0.8855218855218855,0.903772024442581,15626.185599088669,2.5054009297881463,63973.1621856636,10.25704059414199,191377.60006867282,30.684239228583106
