loss,layer_idx,accuracy_score,f1_macro,f1_micro,balanced_accuracy_score,aic_rep,aic_rep_avg,bic_rep,bic_rep_avg,ebic_rep,ebic_rep_avg,aic_cls,aic_cls_avg,bic_cls,bic_cls_avg,ebic_cls,ebic_cls_avg,aic_pr,aic_pr_avg,bic_pr,bic_pr_avg,ebic_pr,ebic_pr_avg
434.23846530914307,1,0.9281705948372615,0.913284192723026,0.9281705948372615,0.9379478987679379,2916.476930618286,0.46760893548473403,9816.449616981035,1.5739056624949552,24012.103874848715,3.8499445045452485,15218.476930618286,2.4400315745740397,63565.453517193215,10.191671238927885,190969.89140020244,30.618869873368997,884.8241596221924,0.1418669487930403,939.9000549467384,0.15069745950725322,974.2441304763998,0.15620396512368123
