loss,layer_idx,accuracy_score,f1_macro,f1_micro,balanced_accuracy_score,aic_rep,aic_rep_avg,bic_rep,bic_rep_avg,ebic_rep,ebic_rep_avg,aic_cls,aic_cls_avg,bic_cls,bic_cls_avg,ebic_cls,ebic_cls_avg,aic_pr,aic_pr_avg,bic_pr,bic_pr_avg,ebic_pr,ebic_pr_avg
564.4630994796753,0,0.8981882315215649,0.8729998667831912,0.8981882315215649,0.918365680104826,3176.9261989593506,0.5093676766008258,10076.8988853221,1.615664403611047,24272.55314318978,3.8917032456613403,15478.92619895935,2.4817903156901315,63825.90278553428,10.233429980043976,191230.3406685435,30.66062861448509,1141.786768913269,0.1830666616824225,1185.1156660876318,0.19001373514311878,1209.0494297865273,0.19385111909355898
