loss,layer_idx,accuracy_score,f1_macro,f1_micro,balanced_accuracy_score,aic,aic_avg,bic,bic_avg,ebic,ebic_avg
217.2905308008194,10,0.9613596280262947,0.9552771742139328,0.9613596280262947,0.9670800270962445,2482.581061601639,0.398040894917691,9382.553747964388,1.504337621927912,23578.208005832068,3.7803764639782056
