loss,layer_idx,accuracy_score,f1_macro,f1_micro,balanced_accuracy_score,aic,aic_avg,bic,bic_avg,ebic,ebic_avg
217.2905308008194,10,0.9613596280262947,0.9552771742139328,0.9613596280262947,0.9670800270962445,14784.581061601639,2.370463534006997,63131.55764817657,10.122103198360842,190535.9955311858,30.549301832801955
