loss,layer_idx,accuracy_score,f1_macro,f1_micro,balanced_accuracy_score,aic,aic_avg,bic,bic_avg,ebic,ebic_avg
1291.590618610382,22,0.7689594356261023,0.7532225634100567,0.7689594356261023,0.7979297954323075,16933.181237220764,2.7149561066571692,65280.15782379569,10.466595771011013,192684.59570680492,30.893794405452127
