loss,layer_idx,accuracy_score,f1_macro,f1_micro,balanced_accuracy_score,aic,aic_avg,bic,bic_avg,ebic,ebic_avg
335.4065718650818,4,0.9435626102292769,0.9308899056277328,0.9435626102292769,0.9544794395632591,11436.813143730164,1.833704207748944,47708.83752917028,7.649324599834902,140199.55557159754,22.478684555330695
