loss,layer_idx,accuracy_score,f1_macro,f1_micro,balanced_accuracy_score,aic,aic_avg,bic,bic_avg,ebic,ebic_avg
372.9854003190994,3,0.9357062690396024,0.9267977688245939,0.9357062690396024,0.9495581806791241,11511.970800638199,1.845754497456822,47783.99518607832,7.66137488954278,140274.71322850557,22.49073484503857
