loss,layer_idx,accuracy_score,f1_macro,f1_micro,balanced_accuracy_score,aic,aic_avg,bic,bic_avg,ebic,ebic_avg
838.2529792785645,16,0.8478435145101811,0.839866724709751,0.8478435145101811,0.8738202375146444,3724.505958557129,0.5971630525183789,10624.478644919878,1.7034597795286,24820.132902787558,3.9794986215788932
