loss,layer_idx,accuracy_score,f1_macro,f1_micro,balanced_accuracy_score,aic,aic_avg,bic,bic_avg,ebic,ebic_avg
397.5399059057236,2,0.928651595318262,0.9158215940999087,0.928651595318262,0.9432437092307706,11561.079811811447,1.8536283167887522,47833.10419725157,7.66924870887471,140323.82223967882,22.4986086643705
