loss,layer_idx,accuracy_score,f1_macro,f1_micro,balanced_accuracy_score,aic,aic_avg,bic,bic_avg,ebic,ebic_avg
909.1784727573395,17,0.832291165624499,0.8214813719676609,0.832291165624499,0.8615457562507572,3866.356945514679,0.6199065168373704,10766.329631877428,1.7262032438475916,24961.983889745108,4.002242085897885
