loss,layer_idx,accuracy_score,f1_macro,f1_micro,balanced_accuracy_score,aic,aic_avg,bic,bic_avg,ebic,ebic_avg
227.508287191391,9,0.9595959595959596,0.9526618921403825,0.9595959595959596,0.967100643074131,14805.016574382782,2.3737400311660704,63151.99316095771,10.125379695519916,190556.43104396694,30.55257832996103
