loss,layer_idx,accuracy_score,f1_macro,f1_micro,balanced_accuracy_score,aic_rep,aic_rep_avg,bic_rep,bic_rep_avg,ebic_rep,ebic_rep_avg,aic_cls,aic_cls_avg,bic_cls,bic_cls_avg,ebic_cls,ebic_cls_avg,aic_pr,aic_pr_avg,bic_pr,bic_pr_avg,ebic_pr,ebic_pr_avg
322.7733439207077,11,0.9448452781786115,0.9345226076103855,0.9448452781786115,0.9545634591864914,2693.5466878414154,0.43186575081632445,9593.519374204165,1.5381624778265455,23789.173632071845,3.814201319876839,14995.546687841415,2.40428838990563,63342.523274416344,10.155928054259475,190746.96115742557,30.583126688700588,687.2989728450775,0.11019704550987294,827.9677355982521,0.13275095969187944,954.8365161535858,0.1530922745155661
