loss,layer_idx,accuracy_score,f1_macro,f1_micro,balanced_accuracy_score,aic,aic_avg,bic,bic_avg,ebic,ebic_avg
316.98384869098663,5,0.9459676126342793,0.9336755101075972,0.9459676126342793,0.9572245543907304,11399.967697381973,1.827796648610225,47671.99208282209,7.643417040696183,140162.71012524934,22.472776996191975
