loss,layer_idx,accuracy_score,f1_macro,f1_micro,balanced_accuracy_score,aic,aic_avg,bic,bic_avg,ebic,ebic_avg
183.90463644266129,7,0.9695366362033029,0.9636155830686995,0.9695366362033029,0.9769382306913376,14717.809272885323,2.3597577798437266,63064.78585946025,10.111397444197571,190469.22374246948,30.538596078638683
