loss,layer_idx,accuracy_score,f1_macro,f1_micro,balanced_accuracy_score,aic_rep,aic_rep_avg,bic_rep,bic_rep_avg,ebic_rep,ebic_rep_avg,aic_cls,aic_cls_avg,bic_cls,bic_cls_avg,ebic_cls,ebic_cls_avg,aic_pr,aic_pr_avg,bic_pr,bic_pr_avg,ebic_pr,ebic_pr_avg
838.2529792785645,16,0.8478435145101811,0.839866724709751,0.8478435145101811,0.8738202375146444,3724.505958557129,0.5971630525183789,10624.478644919878,1.7034597795286,24820.132902787558,3.9794986215788932,16026.505958557129,2.5695856916076845,64373.48254513206,10.321225355961529,191777.92042814128,30.748423990402642,1752.182746887207,0.28093358135116353,2007.147479538181,0.3218129676989227,2282.105799932827,0.36589799582055904
