loss,layer_idx,accuracy_score,f1_macro,f1_micro,balanced_accuracy_score,aic_rep,aic_rep_avg,bic_rep,bic_rep_avg,ebic_rep,ebic_rep_avg,aic_cls,aic_cls_avg,bic_cls,bic_cls_avg,ebic_cls,ebic_cls_avg,aic_pr,aic_pr_avg,bic_pr,bic_pr_avg,ebic_pr,ebic_pr_avg
937.5069386959076,18,0.836940836940837,0.8262872508034588,0.836940836940837,0.8636748708073779,3923.013877391815,0.6289905206656751,10822.986563754564,1.7352872476758963,25018.640821622244,4.0113260897261895,16225.013877391815,2.6014131597549808,64571.990463966744,10.353052824108826,191976.42834697597,30.780251458549937,1943.8909602165222,0.31167082895887804,2175.946619497198,0.34887712353650757,2419.7147535233694,0.387961320109567
