loss,layer_idx,accuracy_score,f1_macro,f1_micro,balanced_accuracy_score,aic_rep,aic_rep_avg,bic_rep,bic_rep_avg,ebic_rep,ebic_rep_avg,aic_cls,aic_cls_avg,bic_cls,bic_cls_avg,ebic_cls,ebic_cls_avg,aic_pr,aic_pr_avg,bic_pr,bic_pr_avg,ebic_pr,ebic_pr_avg
319.87634432315826,3,0.9442039442039442,0.9346380610982903,0.9442039442039442,0.9572438552885943,2687.7526886463165,0.43093677868307145,9587.725375009066,1.5372335056932926,23783.379632876746,3.813272347743586,14989.752688646317,2.403359417772377,63336.729275221245,10.154999082126222,190741.16715823047,30.582197716567336,658.8879539966583,0.10564180759927182,723.3570986566494,0.11597837079632026,766.5719120531433,0.12290715280634011
