loss,layer_idx,accuracy_score,f1_macro,f1_micro,balanced_accuracy_score,aic,aic_avg,bic,bic_avg,ebic,ebic_avg
372.9854003190994,3,0.9357062690396024,0.9267977688245939,0.9357062690396024,0.9495581806791241,2281.970800638199,0.3658763509120088,7456.95031541026,1.1955988961696746,17661.811345525086,2.8317799175124394
