loss,layer_idx,accuracy_score,f1_macro,f1_micro,balanced_accuracy_score,aic,aic_avg,bic,bic_avg,ebic,ebic_avg
183.90463644266129,7,0.9695366362033029,0.9636155830686995,0.9695366362033029,0.9769382306913376,2415.8092728853226,0.3873351407544208,9315.781959248072,1.4936318677646419,23511.43621711575,3.7696707098149353
