loss,layer_idx,accuracy_score,f1_macro,f1_micro,balanced_accuracy_score,aic,aic_avg,bic,bic_avg,ebic,ebic_avg
322.7733439207077,11,0.9448452781786115,0.9345226076103855,0.9448452781786115,0.9545634591864914,2693.5466878414154,0.43186575081632445,9593.519374204165,1.5381624778265455,23789.173632071845,3.814201319876839
