loss,layer_idx,accuracy_score,f1_macro,f1_micro,balanced_accuracy_score,aic,aic_avg,bic,bic_avg,ebic,ebic_avg
229.6505977511406,8,0.9576719576719577,0.9483811080141479,0.9576719576719577,0.9660808964480808,14809.301195502281,2.3744269994391987,63156.27778207721,10.126066663793043,190560.71566508643,30.553265298234155
