loss,layer_idx,accuracy_score,f1_macro,f1_micro,balanced_accuracy_score,aic_rep,aic_rep_avg,bic_rep,bic_rep_avg,ebic_rep,ebic_rep_avg,aic_cls,aic_cls_avg,bic_cls,bic_cls_avg,ebic_cls,ebic_cls_avg,aic_pr,aic_pr_avg,bic_pr,bic_pr_avg,ebic_pr,ebic_pr_avg
774.2763268947601,8,0.8497675164341831,0.8326827952394386,0.8497675164341831,0.8746696001345298,3084.5526537895203,0.49455710338135644,8259.532168561582,1.3242796486390223,18464.393198676407,2.9604606699817873,12314.55265378952,1.9744352499261697,48586.57703922964,7.790055642012128,141077.2950816569,22.61941559750792,1594.3516039848328,0.2556279628001977,1748.654096861661,0.2803678205646402,1892.055831280246,0.3033599216418544
