loss,layer_idx,accuracy_score,f1_macro,f1_micro,balanced_accuracy_score,aic,aic_avg,bic,bic_avg,ebic,ebic_avg
440.8515325784683,13,0.9257655924322591,0.9134081265974459,0.9257655924322591,0.9385348665487571,2929.7030651569366,0.46972952784302335,9829.675751519686,1.5760262548532444,24025.330009387366,3.8520650969035377
