loss,layer_idx,accuracy_score,f1_macro,f1_micro,balanced_accuracy_score,aic_rep,aic_rep_avg,bic_rep,bic_rep_avg,ebic_rep,ebic_rep_avg,aic_cls,aic_cls_avg,bic_cls,bic_cls_avg,ebic_cls,ebic_cls_avg,aic_pr,aic_pr_avg,bic_pr,bic_pr_avg,ebic_pr,ebic_pr_avg
939.6731445789337,20,0.8217091550424884,0.8183619296735865,0.8217091550424884,0.8544596965746643,3927.3462891578674,0.6296851513801295,10827.318975520617,1.7359818783903507,25022.973233388297,4.012020720440644,16229.346289157867,2.6021077904694354,64576.322875732796,10.35374745482328,191980.76075874202,30.780946089264393,1923.2824997901917,0.3083666024996299,2071.309185974429,0.3321002382514717,2207.0541290243727,0.3538646992182736
