loss,layer_idx,accuracy_score,f1_macro,f1_micro,balanced_accuracy_score,aic_rep,aic_rep_avg,bic_rep,bic_rep_avg,ebic_rep,ebic_rep_avg,aic_cls,aic_cls_avg,bic_cls,bic_cls_avg,ebic_cls,ebic_cls_avg,aic_pr,aic_pr_avg,bic_pr,bic_pr_avg,ebic_pr,ebic_pr_avg
227.508287191391,9,0.9595959595959596,0.9526618921403825,0.9595959595959596,0.967100643074131,2503.016574382782,0.4013173920767648,9402.989260745531,1.5076141190869858,23598.64351861321,3.783652961137279,14805.016574382782,2.3737400311660704,63151.99316095771,10.125379695519916,190556.43104396694,30.55257832996103,487.6771388053894,0.07819097944611021,597.7147376516698,0.09583369210384315,688.9363865561538,0.11045957777074776
