loss,layer_idx,accuracy_score,f1_macro,f1_micro,balanced_accuracy_score,aic_rep,aic_rep_avg,bic_rep,bic_rep_avg,ebic_rep,ebic_rep_avg,aic_cls,aic_cls_avg,bic_cls,bic_cls_avg,ebic_cls,ebic_cls_avg,aic_pr,aic_pr_avg,bic_pr,bic_pr_avg,ebic_pr,ebic_pr_avg
183.90463644266129,7,0.9695366362033029,0.9636155830686995,0.9695366362033029,0.9769382306913376,2415.8092728853226,0.3873351407544208,9315.781959248072,1.4936318677646419,23511.43621711575,3.7696707098149353,14717.809272885323,2.3597577798437266,63064.78585946025,10.111397444197571,190469.22374246948,30.538596078638683,392.87605488300323,0.06299119045743197,477.3292341403304,0.07653186373903005,540.7079947013841,0.0866936018440571
