loss,layer_idx,accuracy_score,f1_macro,f1_micro,balanced_accuracy_score,aic,aic_avg,bic,bic_avg,ebic,ebic_avg
564.4630994796753,0,0.8981882315215649,0.8729998667831912,0.8981882315215649,0.918365680104826,15478.92619895935,2.4817903156901315,63825.90278553428,10.233429980043976,191230.3406685435,30.66062861448509
