loss,layer_idx,accuracy_score,f1_macro,f1_micro,balanced_accuracy_score,aic,aic_avg,bic,bic_avg,ebic,ebic_avg
909.1784727573395,17,0.832291165624499,0.8214813719676609,0.832291165624499,0.8615457562507572,16168.356945514679,2.592329155926676,64515.33353208961,10.343968820280521,191919.77141509883,30.771167454721635
