loss,layer_idx,accuracy_score,f1_macro,f1_micro,balanced_accuracy_score,aic_rep,aic_rep_avg,bic_rep,bic_rep_avg,ebic_rep,ebic_rep_avg,aic_cls,aic_cls_avg,bic_cls,bic_cls_avg,ebic_cls,ebic_cls_avg,aic_pr,aic_pr_avg,bic_pr,bic_pr_avg,ebic_pr,ebic_pr_avg
335.4065718650818,4,0.9435626102292769,0.9308899056277328,0.9435626102292769,0.9544794395632591,2206.8131437301636,0.35382606120413074,7381.792658502225,1.1835486064617966,17586.65368861705,2.8197296278045614,11436.813143730164,1.833704207748944,47708.83752917028,7.649324599834902,140199.55557159754,22.478684555330695,696.8785085678101,0.11173296594000481,784.6960405208573,0.1258130576432351,851.6178299084285,0.13654286193817997
