loss,layer_idx,accuracy_score,f1_macro,f1_micro,balanced_accuracy_score,aic,aic_avg,bic,bic_avg,ebic,ebic_avg
322.7733439207077,11,0.9448452781786115,0.9345226076103855,0.9448452781786115,0.9545634591864914,14995.546687841415,2.40428838990563,63342.523274416344,10.155928054259475,190746.96115742557,30.583126688700588
