loss,layer_idx,accuracy_score,f1_macro,f1_micro,balanced_accuracy_score,aic,aic_avg,bic,bic_avg,ebic,ebic_avg
319.87634432315826,3,0.9442039442039442,0.9346380610982903,0.9442039442039442,0.9572438552885943,14989.752688646317,2.403359417772377,63336.729275221245,10.154999082126222,190741.16715823047,30.582197716567336
