loss,layer_idx,accuracy_score,f1_macro,f1_micro,balanced_accuracy_score,aic,aic_avg,bic,bic_avg,ebic,ebic_avg
1021.6946115493774,21,0.8104858104858105,0.7992471120625577,0.8104858104858105,0.8386184216969178,16393.389223098755,2.6284093671795343,64740.36580967368,10.380049031533378,192144.8036926829,30.807247665974494
