loss,layer_idx,accuracy_score,f1_macro,f1_micro,balanced_accuracy_score,aic,aic_avg,bic,bic_avg,ebic,ebic_avg
440.8515325784683,13,0.9257655924322591,0.9134081265974459,0.9257655924322591,0.9385348665487571,15231.703065156937,2.442152166932329,63578.679651731865,10.193791831286173,190983.1175347411,30.62099046572729
