loss,layer_idx,accuracy_score,f1_macro,f1_micro,balanced_accuracy_score,aic,aic_avg,bic,bic_avg,ebic,ebic_avg
316.98384869098663,5,0.9459676126342793,0.9336755101075972,0.9459676126342793,0.9572245543907304,2169.9676973819733,0.3479185020654118,7344.947212154035,1.1776410473230776,17549.80824226886,2.8138220686658424
