loss,layer_idx,accuracy_score,f1_macro,f1_micro,balanced_accuracy_score,aic,aic_avg,bic,bic_avg,ebic,ebic_avg
759.5179162025452,0,0.8643578643578643,0.8370351069622489,0.8643578643578643,0.884683783412476,12285.03583240509,1.9697027148316644,48557.06021784521,7.785323106917622,141047.77826027246,22.614683062413413
