loss,layer_idx,accuracy_score,f1_macro,f1_micro,balanced_accuracy_score,aic_rep,aic_rep_avg,bic_rep,bic_rep_avg,ebic_rep,ebic_rep_avg,aic_cls,aic_cls_avg,bic_cls,bic_cls_avg,ebic_cls,ebic_cls_avg,aic_pr,aic_pr_avg,bic_pr,bic_pr_avg,ebic_pr,ebic_pr_avg
217.2905308008194,10,0.9613596280262947,0.9552771742139328,0.9613596280262947,0.9670800270962445,2482.581061601639,0.398040894917691,9382.553747964388,1.504337621927912,23578.208005832068,3.7803764639782056,14784.581061601639,2.370463534006997,63131.55764817657,10.122103198360842,190535.9955311858,30.549301832801955,470.2925446033478,0.07540364672171682,590.609076488748,0.09469441662477922,693.5411828891769,0.11119788085444554
