loss,layer_idx,accuracy_score,f1_macro,f1_micro,balanced_accuracy_score,aic,aic_avg,bic,bic_avg,ebic,ebic_avg
1291.590618610382,22,0.7689594356261023,0.7532225634100567,0.7689594356261023,0.7979297954323075,4631.181237220764,0.7425334675678634,11531.153923583513,1.8488301945780845,25726.808181451193,4.124869036628378
