loss,layer_idx,accuracy_score,f1_macro,f1_micro,balanced_accuracy_score,aic,aic_avg,bic,bic_avg,ebic,ebic_avg
968.6796460151672,10,0.818342151675485,0.8026843846183164,0.818342151675485,0.843793099299454,12703.359292030334,2.0367739765961734,48975.383677470454,7.852394368682131,141466.1017198977,22.681754324177923
