loss,layer_idx,accuracy_score,f1_macro,f1_micro,balanced_accuracy_score,aic,aic_avg,bic,bic_avg,ebic,ebic_avg
335.4065718650818,4,0.9435626102292769,0.9308899056277328,0.9435626102292769,0.9544794395632591,2206.8131437301636,0.35382606120413074,7381.792658502225,1.1835486064617966,17586.65368861705,2.8197296278045614
