loss,layer_idx,accuracy_score,f1_macro,f1_micro,balanced_accuracy_score,aic,aic_avg,bic,bic_avg,ebic,ebic_avg
2448.4504022598267,24,0.5358345358345359,0.5103237421170886,0.5358345358345359,0.5697882581261453,19246.900804519653,3.0859228482474994,67593.87739109457,10.837562512601343,194998.3152741038,31.264761147042456
