loss,layer_idx,accuracy_score,f1_macro,f1_micro,balanced_accuracy_score,aic,aic_avg,bic,bic_avg,ebic,ebic_avg
246.85366588830948,6,0.9575116241782908,0.948881442666597,0.9575116241782908,0.9689912021146486,14843.707331776619,2.37994345547164,63190.68391835155,10.131583119825484,190595.12180136077,30.558781754266597
