loss,layer_idx,accuracy_score,f1_macro,f1_micro,balanced_accuracy_score,aic_rep,aic_rep_avg,bic_rep,bic_rep_avg,ebic_rep,ebic_rep_avg,aic_cls,aic_cls_avg,bic_cls,bic_cls_avg,ebic_cls,ebic_cls_avg,aic_pr,aic_pr_avg,bic_pr,bic_pr_avg,ebic_pr,ebic_pr_avg
448.176997423172,6,0.9185505852172519,0.9048914028601865,0.9185505852172519,0.9287316836633764,2432.353994846344,0.38998781382817765,7607.3335096184055,1.2197103590858434,17812.19453973323,2.8558913804286084,11662.353994846344,1.8698659603729908,47934.378380286464,7.685486352458949,140425.09642271372,22.51484630795474,932.2748284339905,0.14947488030046344,1053.2966890912867,0.16887873802970765,1157.0421717380814,0.18551261371461944
