loss,layer_idx,accuracy_score,f1_macro,f1_micro,balanced_accuracy_score,aic_rep,aic_rep_avg,bic_rep,bic_rep_avg,ebic_rep,ebic_rep_avg,aic_cls,aic_cls_avg,bic_cls,bic_cls_avg,ebic_cls,ebic_cls_avg,aic_pr,aic_pr_avg,bic_pr,bic_pr_avg,ebic_pr,ebic_pr_avg
246.85366588830948,6,0.9575116241782908,0.948881442666597,0.9575116241782908,0.9689912021146486,2541.707331776619,0.4075208163823343,9441.680018139368,1.5138175433925554,23637.334276007048,3.7898563854428486,14843.707331776619,2.37994345547164,63190.68391835155,10.131583119825484,190595.12180136077,30.558781754266597,516.5222712755203,0.08281582031032873,593.3887065213397,0.09514008441900589,648.9263944929393,0.10404463596167056
