loss,layer_idx,accuracy_score,f1_macro,f1_micro,balanced_accuracy_score,aic,aic_avg,bic,bic_avg,ebic,ebic_avg
434.23846530914307,1,0.9281705948372615,0.913284192723026,0.9281705948372615,0.9379478987679379,2916.476930618286,0.46760893548473403,9816.449616981035,1.5739056624949552,24012.103874848715,3.8499445045452485
