loss,layer_idx,accuracy_score,f1_macro,f1_micro,balanced_accuracy_score,aic_rep,aic_rep_avg,bic_rep,bic_rep_avg,ebic_rep,ebic_rep_avg,aic_cls,aic_cls_avg,bic_cls,bic_cls_avg,ebic_cls,ebic_cls_avg,aic_pr,aic_pr_avg,bic_pr,bic_pr_avg,ebic_pr,ebic_pr_avg
1184.6231088638306,11,0.7699214365881033,0.7495916051975196,0.7699214365881033,0.7985016258026535,3905.246217727661,0.6261417697174381,9080.225732499723,1.4558643149751038,19285.08676261455,3.092045336317869,13135.246217727661,2.1060199162622513,49407.27060316778,7.921640308348209,141897.98864559503,22.751000263844002,2392.225652694702,0.3835538965359471,2469.6462941110262,0.395967018456153,2525.74949313353,0.40496224036131634
