loss,layer_idx,accuracy_score,f1_macro,f1_micro,balanced_accuracy_score,aic,aic_avg,bic,bic_avg,ebic,ebic_avg
64.0630902312696,54,0.9998562598821331,0.9998562598821331,0.9998562598821331,0.9998562805403852,9728.12618046254,0.6991610019018643,45923.25005158375,3.300506687622808,127296.41354178518,9.14880074326471
