loss,layer_idx,accuracy_score,f1_macro,f1_micro,balanced_accuracy_score,aic,aic_avg,bic,bic_avg,ebic,ebic_avg
46.29934914782643,36,0.9997125197642662,0.9997125197583265,0.9997125197642662,0.9997125197583265,9692.598698295653,0.6966076396647731,45887.72256941687,3.297953325385717,127260.8860596183,9.146247381027619
