loss,layer_idx,accuracy_score,f1_macro,f1_micro,balanced_accuracy_score,aic,aic_avg,bic,bic_avg,ebic,ebic_avg
13874.517734527588,3,0.5242920799195055,0.5168663093964289,0.5242920799195055,0.524274270448122,37349.035469055176,2.684277380268447,73544.15934017638,5.285623065989391,154917.32283037782,11.133917121631294
