loss,layer_idx,accuracy_score,f1_macro,f1_micro,balanced_accuracy_score,aic,aic_avg,bic,bic_avg,ebic,ebic_avg
72.03234008327127,49,0.9996406497053327,0.9996406496143813,0.9996406497053327,0.9996405980448534,9744.064680166543,0.7003065028149017,45939.188551287756,3.3016521885358454,127312.35204148918,9.149946244177748
