loss,layer_idx,accuracy_score,f1_macro,f1_micro,balanced_accuracy_score,aic,aic_avg,bic,bic_avg,ebic,ebic_avg
19.903478716500103,38,0.9998562598821331,0.9998562598791633,0.9998562598821331,0.9998562598791633,9639.806957433,0.6928134941377749,45834.930828554214,3.2941591798587186,127208.09431875564,9.142453235500621
