loss,layer_idx,accuracy_score,f1_macro,f1_micro,balanced_accuracy_score,aic,aic_avg,bic,bic_avg,ebic,ebic_avg
394.2727506160736,64,0.9959752766997269,0.9959752726250934,0.9959752766997269,0.9959754419063465,10388.545501232147,0.7466253774063639,46583.66937235336,3.3479710631273076,127956.83286255479,9.19626511876921
