loss,layer_idx,accuracy_score,f1_macro,f1_micro,balanced_accuracy_score,aic,aic_avg,bic,bic_avg,ebic,ebic_avg
36.403571363538504,52,1.0,1.0,1.0,1.0,9672.807142727077,0.6951852193996749,45867.93101384829,3.2965309051206186,127241.09450404972,9.144824960762522
