loss,layer_idx,accuracy_score,f1_macro,f1_micro,balanced_accuracy_score,aic,aic_avg,bic,bic_avg,ebic,ebic_avg
62.40525370836258,47,0.9996406497053327,0.999640649658929,0.9996406497053327,0.9996406187060753,9724.810507416725,0.6989227042846575,45919.93437853794,3.3002683900056016,127293.09786873937,9.148562445647503
