loss,layer_idx,accuracy_score,f1_macro,f1_micro,balanced_accuracy_score,aic,aic_avg,bic,bic_avg,ebic,ebic_avg
523.9497721195221,66,0.9933160845191893,0.9933160692938658,0.9933160845191893,0.9933158880994832,10647.899544239044,0.7652651677618977,46843.02341536026,3.3666108534828414,128216.18690556168,9.214904909124744
