loss,layer_idx,accuracy_score,f1_macro,f1_micro,balanced_accuracy_score,aic,aic_avg,bic,bic_avg,ebic,ebic_avg
225.8529098778963,25,0.9969814575247952,0.9969814485439529,0.9969814575247952,0.9969817260583131,10051.705819755793,0.7224166896475344,46246.829690877006,3.3237623753684784,127619.99318107843,9.17205643101038
