loss,layer_idx,accuracy_score,f1_macro,f1_micro,balanced_accuracy_score,aic,aic_avg,bic,bic_avg,ebic,ebic_avg
997.556477367878,12,0.9785108523788989,0.9785105166046734,0.9785108523788989,0.9785103044125263,4043.112954735756,0.2905787663314472,11764.739380574949,0.845532512618582,25960.393638442627,1.8657750207303887
