loss,layer_idx,accuracy_score,f1_macro,f1_micro,balanced_accuracy_score,aic,aic_avg,bic,bic_avg,ebic,ebic_avg
448.6674333512783,9,0.9906568923386517,0.990656859714775,0.9906568923386517,0.9906566442109488,2945.3348667025566,0.21168139044865292,10666.96129254175,0.7666351367357876,24862.615550409428,1.7868776448475943
