loss,layer_idx,accuracy_score,f1_macro,f1_micro,balanced_accuracy_score,aic,aic_avg,bic,bic_avg,ebic,ebic_avg
2213.1323680877686,19,0.94164151214604,0.9416415012942192,0.94164151214604,0.9416415935851699,6474.264736175537,0.46530578813968215,14195.89116201473,1.0202595344268168,28391.545419882408,2.0405020425386238
