loss,layer_idx,accuracy_score,f1_macro,f1_micro,balanced_accuracy_score,aic,aic_avg,bic,bic_avg,ebic,ebic_avg
6309.878203392029,1,0.7890613770303292,0.7890493639207284,0.7890613770303292,0.7890624780474518,14155.756406784058,1.017375047203109,19946.976226163453,1.43359035691846,30151.83725627828,2.1670143205604626
