loss,layer_idx,accuracy_score,f1_macro,f1_micro,balanced_accuracy_score,aic,aic_avg,bic,bic_avg,ebic,ebic_avg
2588.5163860321045,21,0.9246083081788127,0.9246082984432837,0.9246083081788127,0.9246082756292954,7225.032772064209,0.5192635311243502,14946.659197903402,1.0742172774114849,29142.31345577108,2.094459785523292
