loss,layer_idx,accuracy_score,f1_macro,f1_micro,balanced_accuracy_score,aic,aic_avg,bic,bic_avg,ebic,ebic_avg
10048.390354156494,0,0.5289636337501796,0.5284255597892332,0.5289636337501796,0.5289685000663639,22144.78070831299,1.591546694574744,29866.40713415218,2.1465004408618786,44062.06139201986,3.1667429489736856
