loss,layer_idx,accuracy_score,f1_macro,f1_micro,balanced_accuracy_score,aic,aic_avg,bic,bic_avg,ebic,ebic_avg
580.4469987750053,10,0.9872071295098462,0.9872071030781585,0.9872071295098462,0.9872069432945327,3208.8939975500107,0.23062340071510784,10930.520423389204,0.7855771470022426,25126.17468125688,1.8058196551140493
