loss,layer_idx,accuracy_score,f1_macro,f1_micro,balanced_accuracy_score,aic,aic_avg,bic,bic_avg,ebic,ebic_avg
1107.8228157758713,13,0.9745579991375592,0.9745571995792912,0.9745579991375592,0.9745572134854639,4263.645631551743,0.30642846281096325,11985.272057390936,0.861382209098098,26180.926315258614,1.8816247172099048
