loss,layer_idx,accuracy_score,f1_macro,f1_micro,balanced_accuracy_score,aic,aic_avg,bic,bic_avg,ebic,ebic_avg
3048.1665346622467,22,0.9130372286905275,0.9130352719780424,0.9130372286905275,0.9130365657346693,8144.333069324493,0.5853336976659834,15865.959495163686,1.140287443953118,30061.613753031364,2.160529952064925
