loss,layer_idx,accuracy_score,f1_macro,f1_micro,balanced_accuracy_score,aic,aic_avg,bic,bic_avg,ebic,ebic_avg
381.8857286274433,8,0.9936035647549231,0.993603514501386,0.9936035647549231,0.9936031823901595,2811.7714572548866,0.20208218034029657,10533.39788309408,0.7570359266274314,24729.052140961758,1.777278434739238
