loss,layer_idx,accuracy_score,f1_macro,f1_micro,balanced_accuracy_score,aic,aic_avg,bic,bic_avg,ebic,ebic_avg
8001.426021575928,36,0.7042547074888601,0.7042510396403622,0.7042547074888601,0.7042552282395598,19074.852043151855,1.370910740488131,30657.291681910647,2.2033413599188334,53196.36188082045,3.82322566341961
