loss,layer_idx,accuracy_score,f1_macro,f1_micro,balanced_accuracy_score,aic,aic_avg,bic,bic_avg,ebic,ebic_avg
9065.153179168701,18,0.6134109529969815,0.6134069093324619,0.6134109529969815,0.6134105007933083,22226.306358337402,1.5974059478465863,37669.55921001579,2.707313440420856,68899.99857732469,4.951846958266831
