loss,layer_idx,accuracy_score,f1_macro,f1_micro,balanced_accuracy_score,aic,aic_avg,bic,bic_avg,ebic,ebic_avg
6422.132284164429,41,0.7902112979732644,0.7902105080093346,0.7902112979732644,0.790211593226491,16940.264568328857,1.2174978128740015,32383.517420007243,2.327405305448271,63613.95678731614,4.571938823294246
