loss,layer_idx,accuracy_score,f1_macro,f1_micro,balanced_accuracy_score,aic,aic_avg,bic,bic_avg,ebic,ebic_avg
5507.255638122559,38,0.831033491447463,0.8310322966256263,0.831033491447463,0.8310338908502357,15110.511276245117,1.085993335938272,30553.764127923503,2.1959008285125416,61784.2034952324,4.440434346358517
