loss,layer_idx,accuracy_score,f1_macro,f1_micro,balanced_accuracy_score,aic,aic_avg,bic,bic_avg,ebic,ebic_avg
4104.611660003662,15,0.878970820756073,0.8789708107536295,0.878970820756073,0.8789707975942405,10257.223320007324,0.7371872445024669,17978.849745846517,1.2921409907896015,32174.504003714195,2.3123834989014083
