loss,layer_idx,accuracy_score,f1_macro,f1_micro,balanced_accuracy_score,aic,aic_avg,bic,bic_avg,ebic,ebic_avg
6508.791046142578,25,0.7901394279143309,0.7901285874149843,0.7901394279143309,0.7901404773006725,17113.582092285156,1.22995415353494,32556.834943963542,2.3398616461092097,63787.27431127244,4.584395163955185
