loss,layer_idx,accuracy_score,f1_macro,f1_micro,balanced_accuracy_score,aic,aic_avg,bic,bic_avg,ebic,ebic_avg
5155.092890739441,17,0.840160988932011,0.840156708817307,0.840160988932011,0.8401617500947524,12358.185781478882,0.8881835404253904,20079.812207318075,1.4431372867125252,34275.46646518575,2.463379794824332
