loss,layer_idx,accuracy_score,f1_macro,f1_micro,balanced_accuracy_score,aic,aic_avg,bic,bic_avg,ebic,ebic_avg
6429.122766494751,30,0.7972545637487423,0.7972506668860242,0.7972545637487423,0.7972539500537275,15930.245532989502,1.1449076852802573,27512.685171748293,1.9773383047109596,50051.755370658095,3.597222608211736
