loss,layer_idx,accuracy_score,f1_macro,f1_micro,balanced_accuracy_score,aic,aic_avg,bic,bic_avg,ebic,ebic_avg
4361.12982749939,31,0.889391979301423,0.8893913571258658,0.889391979301423,0.8893923385875095,12818.25965499878,0.9212490768290053,28261.512506677165,2.031156569403275,59491.951873986065,4.2756900872492505
