loss,layer_idx,accuracy_score,f1_macro,f1_micro,balanced_accuracy_score,aic,aic_avg,bic,bic_avg,ebic,ebic_avg
10342.458408355713,4,0.513942791433089,0.5139279054287509,0.513942791433089,0.5139435975088187,23756.916816711426,1.7074110116940797,35339.35645547022,2.5398416311247822,57878.42665438002,4.159725934625558
