loss,layer_idx,accuracy_score,f1_macro,f1_micro,balanced_accuracy_score,aic,aic_avg,bic,bic_avg,ebic,ebic_avg
7774.479965209961,46,0.7164007474486129,0.7163883481897799,0.7164007474486129,0.7163998118341197,18620.959930419922,1.3382894875966596,30203.399569178713,2.170720107027362,52742.469768088515,3.7906044105281382
