loss,layer_idx,accuracy_score,f1_macro,f1_micro,balanced_accuracy_score,aic,aic_avg,bic,bic_avg,ebic,ebic_avg
9982.988916397095,3,0.5185424752048297,0.5185319679280637,0.5185424752048297,0.5185418144288387,23037.97783279419,1.6557408245503946,34620.41747155298,2.4881714439810967,57159.48767046278,4.108055747481873
