loss,layer_idx,accuracy_score,f1_macro,f1_micro,balanced_accuracy_score,aic,aic_avg,bic,bic_avg,ebic,ebic_avg
3650.893913269043,5,0.8990944372574385,0.8990900255596683,0.8990944372574385,0.8990954062500361,9349.787826538086,0.67196980210853,17071.41425237728,1.2269235483956646,31267.068510244957,2.2471660565074716
