loss,layer_idx,accuracy_score,f1_macro,f1_micro,balanced_accuracy_score,aic,aic_avg,bic,bic_avg,ebic,ebic_avg
5885.549259185791,27,0.8325427626850654,0.8325377664821806,0.8325427626850654,0.8325435650128488,15867.098518371582,1.1403693056181963,31310.351370049968,2.250276798192466,62540.79073735887,4.494810316038441
