loss,layer_idx,accuracy_score,f1_macro,f1_micro,balanced_accuracy_score,aic,aic_avg,bic,bic_avg,ebic,ebic_avg
6050.087071418762,26,0.8194624119591778,0.8194621732307281,0.8194624119591778,0.8194625941800477,16196.174142837524,1.1640199901421249,31639.42699451591,2.2739274827163944,62869.86636182481,4.51846100056237
