loss,layer_idx,accuracy_score,f1_macro,f1_micro,balanced_accuracy_score,aic,aic_avg,bic,bic_avg,ebic,ebic_avg
8016.018843650818,44,0.6990081931867184,0.6989827185868975,0.6990081931867184,0.6990068853108795,19104.037687301636,1.3730083144531864,30686.477326060427,2.2054389338838885,53225.54752497023,3.825323237384665
