loss,layer_idx,accuracy_score,f1_macro,f1_micro,balanced_accuracy_score,aic,aic_avg,bic,bic_avg,ebic,ebic_avg
6066.566595077515,40,0.8069570217047578,0.8069536673148342,0.8069570217047578,0.8069576375529113,16229.13319015503,1.1663887588152242,31672.386041833415,2.2762962513894935,62902.825409142315,4.520829769235469
