loss,layer_idx,accuracy_score,f1_macro,f1_micro,balanced_accuracy_score,aic,aic_avg,bic,bic_avg,ebic,ebic_avg
6996.12393951416,46,0.7668535288198937,0.7668531386348794,0.7668535288198937,0.7668533587130274,18088.24787902832,1.300003441068587,33531.500730706706,2.4099109336428564,64761.940098015606,4.654444451488832
