loss,layer_idx,accuracy_score,f1_macro,f1_micro,balanced_accuracy_score,aic,aic_avg,bic,bic_avg,ebic,ebic_avg
9667.173389434814,4,0.522279718269369,0.5222796960612277,0.522279718269369,0.5222796980684733,23430.34677886963,1.6839404038284913,38873.599630548015,2.793847896402761,70104.03899785691,5.038381414248736
