loss,layer_idx,accuracy_score,f1_macro,f1_micro,balanced_accuracy_score,aic,aic_avg,bic,bic_avg,ebic,ebic_avg
9535.418186187744,14,0.579344545062527,0.579312730488514,0.579344545062527,0.5793433070285675,23166.83637237549,1.6650018953841805,38610.089224053874,2.77490938795845,69840.52859136277,5.019442905804425
