loss,layer_idx,accuracy_score,f1_macro,f1_micro,balanced_accuracy_score,aic,aic_avg,bic,bic_avg,ebic,ebic_avg
3898.5010747909546,7,0.8891044990656892,0.889103948593386,0.8891044990656892,0.8891048376846142,9845.00214958191,0.7075608846903773,17566.628575421102,1.262514630977512,31762.28283328878,2.282757139089319
