loss,layer_idx,accuracy_score,f1_macro,f1_micro,balanced_accuracy_score,aic,aic_avg,bic,bic_avg,ebic,ebic_avg
4337.342697143555,33,0.8833548943510133,0.8833525029493594,0.8833548943510133,0.8833555634306951,12770.68539428711,0.9178299119079423,28213.938245965495,2.027737404482212,59444.377613274395,4.272270922328187
