loss,layer_idx,accuracy_score,f1_macro,f1_micro,balanced_accuracy_score,aic,aic_avg,bic,bic_avg,ebic,ebic_avg
8822.576313018799,19,0.6388529538594222,0.6388033843200522,0.6388529538594222,0.6388546509484906,21741.152626037598,1.562537920514417,37184.40547771598,2.6724454130886865,68414.84484502488,4.916978930934662
