loss,layer_idx,accuracy_score,f1_macro,f1_micro,balanced_accuracy_score,aic,aic_avg,bic,bic_avg,ebic,ebic_avg
9088.226803779602,17,0.6103205404628432,0.6103150977393766,0.6103205404628432,0.6103200158810416,22272.453607559204,1.6007225533677738,37715.70645923759,2.710630045942043,68946.14582654649,4.955163563788019
