loss,layer_idx,accuracy_score,f1_macro,f1_micro,balanced_accuracy_score,aic,aic_avg,bic,bic_avg,ebic,ebic_avg
6432.593116760254,26,0.7907143883857984,0.790713865168829,0.7907143883857984,0.7907141774494828,15937.186233520508,1.1454065138364602,27519.6258722793,1.9778371332671625,50058.6960711891,3.5977214367679387
