loss,layer_idx,accuracy_score,f1_macro,f1_micro,balanced_accuracy_score,aic,aic_avg,bic,bic_avg,ebic,ebic_avg
6259.17501449585,40,0.8168032197786402,0.816780482884881,0.8168032197786402,0.816804837899491,15590.3500289917,1.1204793753767213,27172.78966775049,1.9529099948074236,49711.85986666029,3.5727942983082
