loss,layer_idx,accuracy_score,f1_macro,f1_micro,balanced_accuracy_score,aic,aic_avg,bic,bic_avg,ebic,ebic_avg
9640.051387786865,11,0.566048584159839,0.5660415547283817,0.566048584159839,0.5660480173408808,22352.10277557373,1.606446943766978,33934.54241433252,2.4388775631976802,56473.61261324232,4.058761866698457
