loss,layer_idx,accuracy_score,f1_macro,f1_micro,balanced_accuracy_score,aic,aic_avg,bic,bic_avg,ebic,ebic_avg
8414.171716690063,42,0.6746442432082794,0.6746416870536415,0.6746442432082794,0.6746438542534265,19900.343433380127,1.430238855352891,31482.78307213892,2.2626694747835936,54021.85327104872,3.8825537782843695
