loss,layer_idx,accuracy_score,f1_macro,f1_micro,balanced_accuracy_score,aic,aic_avg,bic,bic_avg,ebic,ebic_avg
8343.320009231567,1,0.6824780796320253,0.682475954051202,0.6824780796320253,0.682477721830862,18222.640018463135,1.3096622120499595,24013.85983784253,1.7258775217653104,34218.72086795735,2.459301485407313
