loss,layer_idx,accuracy_score,f1_macro,f1_micro,balanced_accuracy_score,aic,aic_avg,bic,bic_avg,ebic,ebic_avg
8284.418942451477,3,0.6782377461549518,0.6782340747544022,0.6782377461549518,0.6782382457068874,18104.837884902954,1.3011957657685032,23896.05770428235,1.7174110754838543,34100.91873439717,2.450835039125857
