loss,layer_idx,accuracy_score,f1_macro,f1_micro,balanced_accuracy_score,aic,aic_avg,bic,bic_avg,ebic,ebic_avg
7846.679327011108,5,0.7110104930286043,0.7110099541560215,0.7110104930286043,0.7110103114373417,17741.358654022217,1.2750724920240202,25462.98507986141,1.830026238311155,39658.63933772909,2.8502687464229615
