loss,layer_idx,accuracy_score,f1_macro,f1_micro,balanced_accuracy_score,aic,aic_avg,bic,bic_avg,ebic,ebic_avg
8779.873905181885,4,0.6380623832111543,0.6379767464929611,0.6380623832111543,0.6380601856435582,19095.74781036377,1.372412520509111,24886.967629743165,1.788627830224462,35091.82865985799,2.5220517938664644
