loss,layer_idx,accuracy_score,f1_macro,f1_micro,balanced_accuracy_score,aic,aic_avg,bic,bic_avg,ebic,ebic_avg
9251.15445137024,16,0.5907718844329453,0.5907122161764873,0.5907718844329453,0.5907701610963736,20550.30890274048,1.4769519119405259,28271.93532857967,2.031905658227661,42467.58958644735,3.0521481663394674
