loss,layer_idx,accuracy_score,f1_macro,f1_micro,balanced_accuracy_score,aic,aic_avg,bic,bic_avg,ebic,ebic_avg
7677.217832565308,3,0.7241627138134253,0.7241526601724015,0.7241627138134253,0.7241618610041916,17402.435665130615,1.2507140768384803,25124.06209096981,1.8056678231256151,39319.716348837486,2.825910331237422
