loss,layer_idx,accuracy_score,f1_macro,f1_micro,balanced_accuracy_score,aic,aic_avg,bic,bic_avg,ebic,ebic_avg
10120.01078414917,24,0.5217766278568349,0.5201180455496377,0.5217766278568349,0.5217681881976158,22288.02156829834,1.601841423623569,30009.647994137533,2.156795169910704,44205.30225200521,3.1770376780225105
