loss,layer_idx,accuracy_score,f1_macro,f1_micro,balanced_accuracy_score,aic,aic_avg,bic,bic_avg,ebic,ebic_avg
9337.996527671814,19,0.5924248957884145,0.5923559140241292,0.5924248957884145,0.5924230381880538,20723.993055343628,1.4894346022239204,28445.61948118282,2.044388348511055,42641.2737390505,3.0646308566228617
