loss,layer_idx,accuracy_score,f1_macro,f1_micro,balanced_accuracy_score,aic,aic_avg,bic,bic_avg,ebic,ebic_avg
9013.959531784058,11,0.6215322696564611,0.6215209778090827,0.6215322696564611,0.6215330676245099,20075.919063568115,1.4428574862417791,27797.54548940731,1.997811232528914,41993.199747274986,3.0180537406407204
