loss,layer_idx,accuracy_score,f1_macro,f1_micro,balanced_accuracy_score,aic_rep,aic_rep_avg,bic_rep,bic_rep_avg,ebic_rep,ebic_rep_avg,aic_cls,aic_cls_avg,bic_cls,bic_cls_avg,ebic_cls,ebic_cls_avg,aic_pr,aic_pr_avg,bic_pr,bic_pr_avg,ebic_pr,ebic_pr_avg
50348.93128967285,0,0.19444444444444445,0.18026346952782377,0.19444444444444445,0.19440158249326067,100841.8625793457,4.077384060300247,101426.20401195456,4.101010998380825,102042.04393309286,4.125911528913669,101865.8625793457,4.118787909564358,106605.52086606192,4.310428629551266,114045.5652140053,4.611255265001023,100739.65911865234,4.073251622135385,100909.26640793383,4.080109429400527,101036.31394469657,4.085246399187149
