loss,layer_idx,accuracy_score,f1_macro,f1_micro,balanced_accuracy_score,aic,aic_avg,bic,bic_avg,ebic,ebic_avg
46007.81185913086,0,0.2926168526605208,0.2801833065734066,0.2926168526605208,0.2925719796709106,93951.62371826172,3.798787955614658,101807.76964555847,4.116439012031314,115118.21896652592,4.654626353166987
