loss,layer_idx,accuracy_score,f1_macro,f1_micro,balanced_accuracy_score,aic_rep,aic_rep_avg,bic_rep,bic_rep_avg,ebic_rep,ebic_rep_avg,aic_cls,aic_cls_avg,bic_cls,bic_cls_avg,ebic_cls,ebic_cls_avg,aic_pr,aic_pr_avg,bic_pr,bic_pr_avg,ebic_pr,ebic_pr_avg
36372.1904258728,0,0.4237425198123888,0.3957323462044201,0.4237425198123888,0.4236813595764967,74280.3808517456,3.0034118086586448,80513.35613290666,3.255432481518141,90718.21716302149,3.6680501844986853,85048.3808517456,3.438799161076565,134977.1099268795,5.45758975929482,242323.75794450563,9.797984713913376,72761.61054039001,2.942002690457303,72831.52735251417,2.9448296681430604,72868.63125834899,2.946329906936317
