loss,layer_idx,accuracy_score,f1_macro,f1_micro,balanced_accuracy_score,aic,aic_avg,bic,bic_avg,ebic,ebic_avg
1778.995892137289,28,0.9741630276564774,0.9741018249438343,0.9741630276564774,0.974156005541707,80373.99178427458,3.2497975005771704,392087.6826681728,15.85345635889426,1202958.9956611637,48.63977824927882
