loss,layer_idx,accuracy_score,f1_macro,f1_micro,balanced_accuracy_score,aic_rep,aic_rep_avg,bic_rep,bic_rep_avg,ebic_rep,ebic_rep_avg,aic_cls,aic_cls_avg,bic_cls,bic_cls_avg,ebic_cls,ebic_cls_avg,aic_pr,aic_pr_avg,bic_pr,bic_pr_avg,ebic_pr,ebic_pr_avg
549.6288042590022,36,0.9919941775836972,0.9919886477523716,0.9919941775836972,0.9919918348022405,10699.257608518004,0.43260786060642104,49655.35311577461,2.0077370659782714,131028.51660597604,5.297934522318293,77915.257608518,3.150382403708475,389628.94849241624,15.754041262025563,1200500.2614854071,48.54036315241012,1148.0476628392935,0.0464195238088021,1346.0341228334992,0.05442479875600433,1501.8880638514574,0.060726510749290696
