loss,layer_idx,accuracy_score,f1_macro,f1_micro,balanced_accuracy_score,aic,aic_avg,bic,bic_avg,ebic,ebic_avg
1629.2562865316868,50,0.9787320071162866,0.9786589763144751,0.9787320071162866,0.9787249011654646,12858.512573063374,0.5199139807966753,51814.60808031998,2.095043186168526,133187.7715705214,5.385240642508548
