loss,layer_idx,accuracy_score,f1_macro,f1_micro,balanced_accuracy_score,aic,aic_avg,bic,bic_avg,ebic,ebic_avg
54705.356857299805,1,0.2044719391880964,0.20188039689646015,0.2044719391880964,0.2044629465485862,186226.7137145996,7.529787874599693,497940.40459849784,20.13344673291678,1308811.7175914887,52.91976862330134
