loss,layer_idx,accuracy_score,f1_macro,f1_micro,balanced_accuracy_score,aic,aic_avg,bic,bic_avg,ebic,ebic_avg
48594.823055267334,3,0.30430211871259905,0.30020456213558827,0.30430211871259905,0.3042712102893478,106789.64611053467,4.317873447781605,145745.74161779127,5.893002653153456,227118.9051079927,9.183200109493479
