loss,layer_idx,accuracy_score,f1_macro,f1_micro,balanced_accuracy_score,aic,aic_avg,bic,bic_avg,ebic,ebic_avg
1348.6508635282516,55,0.9811984473556526,0.9812024408732234,0.9811984473556526,0.9811970645934402,79513.3017270565,3.214996835155123,391226.99261095474,15.818655693472211,1202098.3056039456,48.60497758385677
