loss,layer_idx,accuracy_score,f1_macro,f1_micro,balanced_accuracy_score,aic_rep,aic_rep_avg,bic_rep,bic_rep_avg,ebic_rep,ebic_rep_avg,aic_cls,aic_cls_avg,bic_cls,bic_cls_avg,ebic_cls,ebic_cls_avg,aic_pr,aic_pr_avg,bic_pr,bic_pr_avg,ebic_pr,ebic_pr_avg
1759.8545780181885,62,0.9783681060973637,0.9783656064684365,0.9783681060973637,0.9783646435361673,13119.709156036377,0.5304750588725691,52075.80466329298,2.1056042642444197,133448.9681534944,5.3958017205844415,80335.70915603638,3.248249601974623,392049.4000399346,15.851908460291712,1202920.7130329255,48.63823035067627,3580.330478668213,0.1447651010297676,3826.3273572330063,0.15471160266994202,4033.1369690975034,0.1630736280566676
