loss,layer_idx,accuracy_score,f1_macro,f1_micro,balanced_accuracy_score,aic,aic_avg,bic,bic_avg,ebic,ebic_avg
5170.494652748108,71,0.9332848131974769,0.9330860500715603,0.9332848131974769,0.9332693537592207,87156.98930549622,3.5240574682798083,398870.68018939445,16.127716326596897,1209741.9931823853,48.91403821698145
