loss,layer_idx,accuracy_score,f1_macro,f1_micro,balanced_accuracy_score,aic_rep,aic_rep_avg,bic_rep,bic_rep_avg,ebic_rep,ebic_rep_avg,aic_cls,aic_cls_avg,bic_cls,bic_cls_avg,ebic_cls,ebic_cls_avg,aic_pr,aic_pr_avg,bic_pr,bic_pr_avg,ebic_pr,ebic_pr_avg
1212.1934522986412,60,0.9845139899725053,0.9845033722429581,0.9845139899725053,0.9845100567991636,12024.386904597282,0.4861874051672846,50980.48241185389,2.061316610539135,132353.64590205532,5.351514066879157,79240.38690459728,3.2039619482693387,390954.0777884955,15.807620806586428,1201825.3907814864,48.593942696970984,2496.230288386345,0.1009311939344309,2787.7654676000125,0.11271896601973203,3045.061142698268,0.12312231694558742
