loss,layer_idx,accuracy_score,f1_macro,f1_micro,balanced_accuracy_score,aic_rep,aic_rep_avg,bic_rep,bic_rep_avg,ebic_rep,ebic_rep_avg,aic_cls,aic_cls_avg,bic_cls,bic_cls_avg,ebic_cls,ebic_cls_avg,aic_pr,aic_pr_avg,bic_pr,bic_pr_avg,ebic_pr,ebic_pr_avg
1319.5452938973904,39,0.9824518841986091,0.9824373999810123,0.9824518841986091,0.9824482580465994,12239.09058779478,0.4948686150652912,51195.18609505139,2.0699978204371416,132568.3495852528,5.360195276777164,79455.09058779478,3.2126431581673454,391168.781471693,15.816302016484434,1202040.094464684,48.60262390686899,2687.731414973736,0.10867424449998932,2885.1123221753332,0.11665503486072025,3040.3405784199513,0.1229314482621685
