loss,layer_idx,accuracy_score,f1_macro,f1_micro,balanced_accuracy_score,aic,aic_avg,bic,bic_avg,ebic,ebic_avg
1917.4419300556183,45,0.9779637716318939,0.9779602216663714,0.9779637716318939,0.9779581498131349,13434.883860111237,0.5432186584227412,52390.97936736784,2.118347863794592,133764.14285756927,5.408545320134614
