loss,layer_idx,accuracy_score,f1_macro,f1_micro,balanced_accuracy_score,aic_rep,aic_rep_avg,bic_rep,bic_rep_avg,ebic_rep,ebic_rep_avg,aic_cls,aic_cls_avg,bic_cls,bic_cls_avg,ebic_cls,ebic_cls_avg,aic_pr,aic_pr_avg,bic_pr,bic_pr_avg,ebic_pr,ebic_pr_avg
10934.576117515564,17,0.8436034287562671,0.8426497649172899,0.8436034287562671,0.8435659350963478,31469.152235031128,1.2724062847740227,70425.24774228773,2.847535490145873,151798.41123248916,6.137732946485896,98685.15223503113,3.9901808278760766,410398.84311892936,16.593839686193164,1221270.1561119203,49.38016157657772,21910.261045455933,0.8859073688119009,22077.077581403682,0.8926523363012973,22201.352612545194,0.8976772041300822
