loss,layer_idx,accuracy_score,f1_macro,f1_micro,balanced_accuracy_score,aic_rep,aic_rep_avg,bic_rep,bic_rep_avg,ebic_rep,ebic_rep_avg,aic_cls,aic_cls_avg,bic_cls,bic_cls_avg,ebic_cls,ebic_cls_avg,aic_pr,aic_pr_avg,bic_pr,bic_pr_avg,ebic_pr,ebic_pr_avg
1362.2201911062002,38,0.9804706453178069,0.980471909327511,0.9804706453178069,0.9804650109848054,12324.4403822124,0.498319601415672,51280.53588946901,2.0734488067875225,132653.69937967043,5.363646263127545,79540.4403822124,3.2160941445177262,391254.13126611063,15.819753002834815,1202125.4442591015,48.60607489321937,2774.188249796629,0.11216999230942216,2976.0614457230417,0.12033242138618154,3135.9421602801717,0.1267969497121208
