loss,layer_idx,accuracy_score,f1_macro,f1_micro,balanced_accuracy_score,aic_rep,aic_rep_avg,bic_rep,bic_rep_avg,ebic_rep,ebic_rep_avg,aic_cls,aic_cls_avg,bic_cls,bic_cls_avg,ebic_cls,ebic_cls_avg,aic_pr,aic_pr_avg,bic_pr,bic_pr_avg,ebic_pr,ebic_pr_avg
2155.5085916519165,61,0.9721009218825812,0.9720225840208088,0.9721009218825812,0.9720953579364786,13911.017183303833,0.5624703696952867,52867.11269056044,2.1375995750671373,134240.27618076187,5.4277970314071595,81127.01718330383,3.280244912797341,392840.70806720207,15.88390377111443,1203712.021060193,48.67022566149899,4377.833414077759,0.17701089333971207,4648.96877527192,0.1879738304735533,4883.41348814841,0.19745323823986777
