loss,layer_idx,accuracy_score,f1_macro,f1_micro,balanced_accuracy_score,aic,aic_avg,bic,bic_avg,ebic,ebic_avg
1199.2137630432844,54,0.9858887271551027,0.9858820678511808,0.9858887271551027,0.9858866129508418,11998.427526086569,0.48513777802387875,50954.523033343175,2.0602669833957292,132327.6865235446,5.3504644397357515
