loss,layer_idx,accuracy_score,f1_macro,f1_micro,balanced_accuracy_score,aic,aic_avg,bic,bic_avg,ebic,ebic_avg
56020.76029205322,0,0.1840934821284166,0.18333264536640945,0.1840934821284166,0.18409975438496104,121641.52058410645,4.918385920431281,160597.61609136304,6.493515125803131,241970.77958156448,9.783712582143155
