loss,layer_idx,accuracy_score,f1_macro,f1_micro,balanced_accuracy_score,aic,aic_avg,bic,bic_avg,ebic,ebic_avg
5716.789688825607,70,0.9419780042050785,0.9421702370603624,0.9419780042050785,0.9419635997923086,88249.57937765121,3.5682346505600524,399963.27026154945,16.17189350887714,1210834.5832545403,48.9582153992617
