loss,layer_idx,accuracy_score,f1_macro,f1_micro,balanced_accuracy_score,aic_rep,aic_rep_avg,bic_rep,bic_rep_avg,ebic_rep,ebic_rep_avg,aic_cls,aic_cls_avg,bic_cls,bic_cls_avg,ebic_cls,ebic_cls_avg,aic_pr,aic_pr_avg,bic_pr,bic_pr_avg,ebic_pr,ebic_pr_avg
1800.2980856895447,42,0.9745673621219473,0.9745724563210021,0.9745673621219473,0.9745612169815295,13200.59617137909,0.5337455996837737,52156.691678635696,2.108874805055624,133529.85516883712,5.399072261395646,80416.59617137909,3.251520142785828,392130.2870552773,15.855179001102917,1203001.6000482682,48.641500891487475,3646.607974052429,0.14744492859665329,3833.3204927403117,0.15499435924067248,3977.602038428499,0.16082815940597198
