loss,layer_idx,accuracy_score,f1_macro,f1_micro,balanced_accuracy_score,aic,aic_avg,bic,bic_avg,ebic,ebic_avg
54705.356857299805,1,0.2044719391880964,0.20188039689646015,0.2044719391880964,0.2044629465485862,119010.71371459961,4.812013331497639,157966.8092218562,6.387142536869489,239339.97271205764,9.677339993209511
