loss,layer_idx,accuracy_score,f1_macro,f1_micro,balanced_accuracy_score,aic_rep,aic_rep_avg,bic_rep,bic_rep_avg,ebic_rep,ebic_rep_avg,aic_cls,aic_cls_avg,bic_cls,bic_cls_avg,ebic_cls,ebic_cls_avg,aic_pr,aic_pr_avg,bic_pr,bic_pr_avg,ebic_pr,ebic_pr_avg
40717.04441070557,7,0.4043748989163836,0.39865815235026325,0.4043748989163836,0.4043395810800391,91034.08882141113,3.6808219643138904,129990.18432866773,5.255951169685741,211363.34781886917,8.546148626025763,158250.08882141113,6.398596507415944,469963.77970530937,19.00225536573303,1280835.0926983003,51.78857725611759,81459.85606575012,3.293702735959491,81564.41765235725,3.2979305212824377,81630.27761678671,3.300593466633783
