loss,layer_idx,accuracy_score,f1_macro,f1_micro,balanced_accuracy_score,aic,aic_avg,bic,bic_avg,ebic,ebic_avg
6448.479430675507,20,0.9032023289665211,0.9033139009450103,0.9032023289665211,0.9031741485262639,89712.95886135101,3.6274041266921806,401426.64974524925,16.23106298500927,1212297.9627382401,49.01738487539383
