loss,layer_idx,accuracy_score,f1_macro,f1_micro,balanced_accuracy_score,aic,aic_avg,bic,bic_avg,ebic,ebic_avg
2572.0948482751846,65,0.9686640789260876,0.9686197421491667,0.9686640789260876,0.9686582850448185,81960.18969655037,3.3139329490761105,393673.8805804486,15.9175918073932,1204545.1935734395,48.70391369777776
