loss,layer_idx,accuracy_score,f1_macro,f1_micro,balanced_accuracy_score,aic,aic_avg,bic,bic_avg,ebic,ebic_avg
14871.087621688843,15,0.8045851528384279,0.8036677245869587,0.8045851528384279,0.8045464537647392,39342.175243377686,1.5907397397451757,78298.27075063428,3.165868945117026,159671.43424083572,6.456066401457048
