loss,layer_idx,accuracy_score,f1_macro,f1_micro,balanced_accuracy_score,aic_rep,aic_rep_avg,bic_rep,bic_rep_avg,ebic_rep,ebic_rep_avg,aic_cls,aic_cls_avg,bic_cls,bic_cls_avg,ebic_cls,ebic_cls_avg,aic_pr,aic_pr_avg,bic_pr,bic_pr_avg,ebic_pr,ebic_pr_avg
54705.356857299805,1,0.2044719391880964,0.20188039689646015,0.2044719391880964,0.2044629465485862,119010.71371459961,4.812013331497639,157966.8092218562,6.387142536869489,239339.97271205764,9.677339993209511,186226.7137145996,7.529787874599693,497940.40459849784,20.13344673291678,1308811.7175914887,52.91976862330134,109428.58639907837,4.4245748988791185,109501.11244111229,4.427507376722962,109540.25587956887,4.429090080849461
