loss,layer_idx,accuracy_score,f1_macro,f1_micro,balanced_accuracy_score,aic,aic_avg,bic,bic_avg,ebic,ebic_avg
1706.629931539297,26,0.9755377648390748,0.975524530200514,0.9755377648390748,0.975531174745041,80229.2598630786,3.2439454901778504,391942.9507469768,15.847604348494938,1202814.2637399677,48.633926238879496
