loss,layer_idx,accuracy_score,f1_macro,f1_micro,balanced_accuracy_score,aic,aic_avg,bic,bic_avg,ebic,ebic_avg
784.3847093880177,32,0.9888808021995795,0.9888689608474868,0.9888808021995795,0.988877550098342,78384.76941877604,3.169366384391721,390098.46030267427,15.77302524270881,1200969.7732956652,48.55934713309337
