loss,layer_idx,accuracy_score,f1_macro,f1_micro,balanced_accuracy_score,aic,aic_avg,bic,bic_avg,ebic,ebic_avg
10934.576117515564,17,0.8436034287562671,0.8426497649172899,0.8436034287562671,0.8435659350963478,98685.15223503113,3.9901808278760766,410398.84311892936,16.593839686193164,1221270.1561119203,49.38016157657772
