loss,layer_idx,accuracy_score,f1_macro,f1_micro,balanced_accuracy_score,aic_rep,aic_rep_avg,bic_rep,bic_rep_avg,ebic_rep,ebic_rep_avg,aic_cls,aic_cls_avg,bic_cls,bic_cls_avg,ebic_cls,ebic_cls_avg,aic_pr,aic_pr_avg,bic_pr,bic_pr_avg,ebic_pr,ebic_pr_avg
44860.247886657715,5,0.35528869480834546,0.35323779459277715,0.35528869480834546,0.3552514156794986,99320.49577331543,4.015869956870266,138276.59128057203,5.590999162242117,219649.75477077346,8.88119661858214,166536.49577331543,6.73364449997232,478250.18665721366,19.337303358289407,1289121.4996502046,52.12362524867397,89743.91291809082,3.628655705890782,89838.93797313013,3.632497896374338,89896.55167058285,3.634827416730667
