loss,layer_idx,accuracy_score,f1_macro,f1_micro,balanced_accuracy_score,aic,aic_avg,bic,bic_avg,ebic,ebic_avg
1905.4442985653877,47,0.972707423580786,0.9726883560296854,0.972707423580786,0.9726994859377676,13410.888597130775,0.5422484472396399,52366.98410438738,2.1173776526114905,133740.1475945888,5.407575108951512
