loss,layer_idx,accuracy_score,f1_macro,f1_micro,balanced_accuracy_score,aic_rep,aic_rep_avg,bic_rep,bic_rep_avg,ebic_rep,ebic_rep_avg,aic_cls,aic_cls_avg,bic_cls,bic_cls_avg,ebic_cls,ebic_cls_avg,aic_pr,aic_pr_avg,bic_pr,bic_pr_avg,ebic_pr,ebic_pr_avg
7119.830026626587,19,0.8998059194565745,0.8993897167423613,0.8998059194565745,0.8997781317175548,23839.660053253174,0.963919620461474,62795.75556050978,2.5390488258333246,144168.9190507112,5.829246282173346,91055.66005325317,3.681694163563528,402769.3509371514,16.285353021880617,1213640.6639301423,49.07167491226517,14289.542503356934,0.5777754529903337,14491.961825271312,0.5859599638230354,14652.409822365415,0.5924474293371104
