loss,layer_idx,accuracy_score,f1_macro,f1_micro,balanced_accuracy_score,aic,aic_avg,bic,bic_avg,ebic,ebic_avg
1212.1934522986412,60,0.9845139899725053,0.9845033722429581,0.9845139899725053,0.9845100567991636,12024.386904597282,0.4861874051672846,50980.48241185389,2.061316610539135,132353.64590205532,5.351514066879157
