loss,layer_idx,accuracy_score,f1_macro,f1_micro,balanced_accuracy_score,aic,aic_avg,bic,bic_avg,ebic,ebic_avg
48594.823055267334,3,0.30430211871259905,0.30020456213558827,0.30430211871259905,0.3042712102893478,174005.64611053467,7.0356479908836596,485719.3369944329,19.639306849200747,1296590.6499874238,52.42562873958531
