loss,layer_idx,accuracy_score,f1_macro,f1_micro,balanced_accuracy_score,aic,aic_avg,bic,bic_avg,ebic,ebic_avg
3781.5062413215637,21,0.9467087174510755,0.9468589704932737,0.9467087174510755,0.946691559712769,17163.012482643127,0.6939597478021643,56119.107989899734,2.269088953174015,137492.27148010116,5.559286409514037
