loss,layer_idx,accuracy_score,f1_macro,f1_micro,balanced_accuracy_score,aic_rep,aic_rep_avg,bic_rep,bic_rep_avg,ebic_rep,ebic_rep_avg,aic_cls,aic_cls_avg,bic_cls,bic_cls_avg,ebic_cls,ebic_cls_avg,aic_pr,aic_pr_avg,bic_pr,bic_pr_avg,ebic_pr,ebic_pr_avg
2584.7913266420364,23,0.9617095261200065,0.9617327266131,0.9617095261200065,0.9616984731493499,14769.582653284073,0.5971851307328188,53725.67816054068,2.172314336104669,135098.8416507421,5.462511792444691,81985.58265328407,3.3149596738348728,393699.2735371823,15.918618532151962,1204570.5865301732,48.70494042253652,5234.960323572159,0.2116674884187352,5500.258111883056,0.22239439236143682,5728.23224523185,0.23161217229629025
