loss,layer_idx,accuracy_score,f1_macro,f1_micro,balanced_accuracy_score,aic,aic_avg,bic,bic_avg,ebic,ebic_avg
48053.42663574219,6,0.3338994015849911,0.3252699722728651,0.3338994015849911,0.33386107579604385,172922.85327148438,6.991866944504463,484636.5441553826,19.59552580282155,1295507.8571483735,52.38184769320611
