loss,layer_idx,accuracy_score,f1_macro,f1_micro,balanced_accuracy_score,aic,aic_avg,bic,bic_avg,ebic,ebic_avg
17310.12350654602,14,0.7489891638363254,0.7466646083306114,0.7489891638363254,0.7489400622564457,111436.24701309204,4.505751537000325,423149.9378969903,17.109410395317415,1234021.2508899812,49.895732285701975
