loss,layer_idx,accuracy_score,f1_macro,f1_micro,balanced_accuracy_score,aic,aic_avg,bic,bic_avg,ebic,ebic_avg
377.1600234936923,53,0.9958757884522077,0.995875307613453,0.9958757884522077,0.9958748068589987,10354.320046987385,0.4186608461502258,49310.41555424399,1.9937900515220763,130683.57904444542,5.283987507862099
