loss,layer_idx,accuracy_score,f1_macro,f1_micro,balanced_accuracy_score,aic,aic_avg,bic,bic_avg,ebic,ebic_avg
2602.01217597723,49,0.9642163998059194,0.9642672826973013,0.9642163998059194,0.9642062502424315,14804.02435195446,0.5985777273149951,53760.11985921107,2.1737069326868457,135133.2833494125,5.463904389026868
