loss,layer_idx,accuracy_score,f1_macro,f1_micro,balanced_accuracy_score,aic_rep,aic_rep_avg,bic_rep,bic_rep_avg,ebic_rep,ebic_rep_avg,aic_cls,aic_cls_avg,bic_cls,bic_cls_avg,ebic_cls,ebic_cls_avg,aic_pr,aic_pr_avg,bic_pr,bic_pr_avg,ebic_pr,ebic_pr_avg
1706.629931539297,26,0.9755377648390748,0.975524530200514,0.9755377648390748,0.975531174745041,13013.259863078594,0.5261709470757963,51969.3553703352,2.1013001524476467,133342.51886053663,5.3914976087876685,80229.2598630786,3.2439454901778504,391942.9507469768,15.847604348494938,1202814.2637399677,48.633926238879496,3474.450315654278,0.14048400111815776,3722.756681765797,0.15052388329960364,3932.079679093378,0.1589875335231028
