loss,layer_idx,accuracy_score,f1_macro,f1_micro,balanced_accuracy_score,aic_rep,aic_rep_avg,bic_rep,bic_rep_avg,ebic_rep,ebic_rep_avg,aic_cls,aic_cls_avg,bic_cls,bic_cls_avg,ebic_cls,ebic_cls_avg,aic_pr,aic_pr_avg,bic_pr,bic_pr_avg,ebic_pr,ebic_pr_avg
1438.3399612307549,66,0.9831392527899078,0.9831678152065653,0.9831392527899078,0.9831343114639925,12476.67992246151,0.5044751707286718,51432.775429718116,2.079604376100522,132805.93891991954,5.369801832440545,79692.67992246151,3.222249713830726,391406.37080635974,15.825908572147814,1202277.6837993506,48.612230462532374,2925.6862663030624,0.11829557926180909,3124.550413298165,0.12633634211944708,3281.312027081084,0.13267475445095764
