loss,layer_idx,accuracy_score,f1_macro,f1_micro,balanced_accuracy_score,aic,aic_avg,bic,bic_avg,ebic,ebic_avg
1163.0805125534534,27,0.9839883551673945,0.9839796318116545,0.9839883551673945,0.9839831458052113,11926.161025106907,0.48221579431938005,50882.25653236351,2.0573449996912307,132255.42002256494,5.3475424560312526
