loss,layer_idx,accuracy_score,f1_macro,f1_micro,balanced_accuracy_score,aic_rep,aic_rep_avg,bic_rep,bic_rep_avg,ebic_rep,ebic_rep_avg,aic_cls,aic_cls_avg,bic_cls,bic_cls_avg,ebic_cls,ebic_cls_avg,aic_pr,aic_pr_avg,bic_pr,bic_pr_avg,ebic_pr,ebic_pr_avg
1251.9750908017159,58,0.9839883551673945,0.9839906145933921,0.9839883551673945,0.9839863646302057,12103.950181603432,0.48940442267521556,51060.04568886004,2.064533628047066,132433.20917906146,5.354731084387089,79319.95018160343,3.2071789657772696,391033.64106550167,15.810837824094358,1201904.9540584926,48.59715971447891,2569.10792696476,0.10387788803836163,2833.5132760619895,0.11456870758782102,3060.500970230875,0.12374660238682172
