loss,layer_idx,accuracy_score,f1_macro,f1_micro,balanced_accuracy_score,aic,aic_avg,bic,bic_avg,ebic,ebic_avg
2584.7913266420364,23,0.9617095261200065,0.9617327266131,0.9617095261200065,0.9616984731493499,81985.58265328407,3.3149596738348728,393699.2735371823,15.918618532151962,1204570.5865301732,48.70494042253652
