loss,layer_idx,accuracy_score,f1_macro,f1_micro,balanced_accuracy_score,aic,aic_avg,bic,bic_avg,ebic,ebic_avg
1948.0797324478626,46,0.9733139252789907,0.9732429895094544,0.9733139252789907,0.9733067007486383,13496.159464895725,0.545696242313429,52452.25497215233,2.1208254476852795,133825.41846235376,5.411022904025302
