loss,layer_idx,accuracy_score,f1_macro,f1_micro,balanced_accuracy_score,aic,aic_avg,bic,bic_avg,ebic,ebic_avg
1199.2137630432844,54,0.9858887271551027,0.9858820678511808,0.9858887271551027,0.9858866129508418,79214.42752608657,3.202912321125933,390928.1184099848,15.806571179443022,1201799.4314029757,48.59289306982758
