loss,layer_idx,accuracy_score,f1_macro,f1_micro,balanced_accuracy_score,aic,aic_avg,bic,bic_avg,ebic,ebic_avg
1052.0305053181946,31,0.9863739285136665,0.9863651355003001,0.9863739285136665,0.9863712640436558,78920.06101063639,3.1910100683582563,390633.7518945346,15.794668926675344,1201505.0648875255,48.580990817059906
