loss,layer_idx,accuracy_score,f1_macro,f1_micro,balanced_accuracy_score,aic,aic_avg,bic,bic_avg,ebic,ebic_avg
1778.995892137289,28,0.9741630276564774,0.9741018249438343,0.9741630276564774,0.974156005541707,13157.991784274578,0.5320229574751164,52114.087291531185,2.1071521628469667,133487.2507817326,5.397349619186989
