loss,layer_idx,accuracy_score,f1_macro,f1_micro,balanced_accuracy_score,aic_rep,aic_rep_avg,bic_rep,bic_rep_avg,ebic_rep,ebic_rep_avg,aic_cls,aic_cls_avg,bic_cls,bic_cls_avg,ebic_cls,ebic_cls_avg,aic_pr,aic_pr_avg,bic_pr,bic_pr_avg,ebic_pr,ebic_pr_avg
3242.7072986364365,41,0.9547954067604723,0.9547132883989231,0.9547954067604723,0.9547864387903586,16085.414597272873,0.6503887513049035,55041.51010452948,2.225517956676754,136414.6735947309,5.5157154130167765,83301.41459727287,3.3681632944069575,395015.1054811711,15.971822152724046,1205886.418474162,48.7581440431086,6532.24550318718,0.26412119938489326,6722.281882717291,0.27180502517860633,6869.95828017351,0.2777760909014034
