loss,layer_idx,accuracy_score,f1_macro,f1_micro,balanced_accuracy_score,aic,aic_avg,bic,bic_avg,ebic,ebic_avg
593.6423183931038,35,0.9918324437975093,0.9918299085417346,0.9918324437975093,0.99183122639035,78003.28463678621,3.1539416398506472,389716.97552068444,15.757600498167736,1200588.2885136753,48.543922388552296
