loss,layer_idx,accuracy_score,f1_macro,f1_micro,balanced_accuracy_score,aic,aic_avg,bic,bic_avg,ebic,ebic_avg
1791.3919958770275,48,0.9778829047387999,0.9778746498836348,0.9778829047387999,0.9778762501573732,80398.78399175406,3.2507999349730734,392112.4748756523,15.854458793290162,1202983.7878686432,48.64078068367472
