loss,layer_idx,accuracy_score,f1_macro,f1_micro,balanced_accuracy_score,aic_rep,aic_rep_avg,bic_rep,bic_rep_avg,ebic_rep,ebic_rep_avg,aic_cls,aic_cls_avg,bic_cls,bic_cls_avg,ebic_cls,ebic_cls_avg,aic_pr,aic_pr_avg,bic_pr,bic_pr_avg,ebic_pr,ebic_pr_avg
1948.0797324478626,46,0.9733139252789907,0.9732429895094544,0.9733139252789907,0.9733067007486383,13496.159464895725,0.545696242313429,52452.25497215233,2.1208254476852795,133825.41846235376,5.411022904025302,80712.15946489573,3.263470785415483,392425.85034879396,15.867129643732572,1203297.1633417848,48.65345153411713,3938.703608572483,0.15925536182162717,4111.344621525215,0.16623583299066857,4241.418872889826,0.17149518328035848
