loss,layer_idx,accuracy_score,f1_macro,f1_micro,balanced_accuracy_score,aic_rep,aic_rep_avg,bic_rep,bic_rep_avg,ebic_rep,ebic_rep_avg,aic_cls,aic_cls_avg,bic_cls,bic_cls_avg,ebic_cls,ebic_cls_avg,aic_pr,aic_pr_avg,bic_pr,bic_pr_avg,ebic_pr,ebic_pr_avg
1348.6508635282516,55,0.9811984473556526,0.9812024408732234,0.9811984473556526,0.9811970645934402,12297.301727056503,0.49722229205306906,51253.39723431311,2.0723514974249198,132626.56072451454,5.362548953764942,79513.3017270565,3.214996835155123,391226.99261095474,15.818655693472211,1202098.3056039456,48.60497758385677,2759.4340665340424,0.11157342982912996,3011.5625405732403,0.12176785300716644,3225.0566873385737,0.13040015717849643
