loss,layer_idx,accuracy_score,f1_macro,f1_micro,balanced_accuracy_score,aic,aic_avg,bic,bic_avg,ebic,ebic_avg
7119.830026626587,19,0.8998059194565745,0.8993897167423613,0.8998059194565745,0.8997781317175548,91055.66005325317,3.681694163563528,402769.3509371514,16.285353021880617,1213640.6639301423,49.07167491226517
