loss,layer_idx,accuracy_score,f1_macro,f1_micro,balanced_accuracy_score,aic,aic_avg,bic,bic_avg,ebic,ebic_avg
1073.5941125005484,59,0.9858887271551027,0.9859013018613343,0.9858887271551027,0.9858868220443117,11747.188225001097,0.47497930717293774,50703.2837322577,2.050108512544788,132076.44722245913,5.3403059688848105
