loss,layer_idx,accuracy_score,f1_macro,f1_micro,balanced_accuracy_score,aic,aic_avg,bic,bic_avg,ebic,ebic_avg
34717.93527984619,11,0.49385411612485847,0.4865898680939428,0.49385411612485847,0.4938033326198784,146251.87055969238,5.913467190671696,457965.5614435906,18.517126048988786,1268836.8744365815,51.30344793937334
