loss,layer_idx,accuracy_score,f1_macro,f1_micro,balanced_accuracy_score,aic,aic_avg,bic,bic_avg,ebic,ebic_avg
1948.0797324478626,46,0.9733139252789907,0.9732429895094544,0.9733139252789907,0.9733067007486383,80712.15946489573,3.263470785415483,392425.85034879396,15.867129643732572,1203297.1633417848,48.65345153411713
