loss,layer_idx,accuracy_score,f1_macro,f1_micro,balanced_accuracy_score,aic,aic_avg,bic,bic_avg,ebic,ebic_avg
2155.5085916519165,61,0.9721009218825812,0.9720225840208088,0.9721009218825812,0.9720953579364786,13911.017183303833,0.5624703696952867,52867.11269056044,2.1375995750671373,134240.27618076187,5.4277970314071595
