loss,layer_idx,accuracy_score,f1_macro,f1_micro,balanced_accuracy_score,aic,aic_avg,bic,bic_avg,ebic,ebic_avg
511.97421530261636,34,0.9933284813197477,0.9933240350424204,0.9933284813197477,0.993326995757962,77839.94843060523,3.147337394088842,389553.63931450347,15.75099625240593,1200424.9523074944,48.53731814279049
