loss,layer_idx,accuracy_score,f1_macro,f1_micro,balanced_accuracy_score,aic,aic_avg,bic,bic_avg,ebic,ebic_avg
1212.1934522986412,60,0.9845139899725053,0.9845033722429581,0.9845139899725053,0.9845100567991636,79240.38690459728,3.2039619482693387,390954.0777884955,15.807620806586428,1201825.3907814864,48.593942696970984
