loss,layer_idx,accuracy_score,f1_macro,f1_micro,balanced_accuracy_score,aic_rep,aic_rep_avg,bic_rep,bic_rep_avg,ebic_rep,ebic_rep_avg,aic_cls,aic_cls_avg,bic_cls,bic_cls_avg,ebic_cls,ebic_cls_avg,aic_pr,aic_pr_avg,bic_pr,bic_pr_avg,ebic_pr,ebic_pr_avg
784.3847093880177,32,0.9888808021995795,0.9888689608474868,0.9888808021995795,0.988877550098342,11168.769418776035,0.4515918412896666,50124.86492603264,2.026721046661517,131498.02841623407,5.316918503001539,78384.76941877604,3.169366384391721,390098.46030267427,15.77302524270881,1200969.7732956652,48.55934713309337,1622.3476315140724,0.0655971062394498,1839.7640869860606,0.07438800287021109,2015.9290007106702,0.08151095749274907
