loss,layer_idx,accuracy_score,f1_macro,f1_micro,balanced_accuracy_score,aic,aic_avg,bic,bic_avg,ebic,ebic_avg
1085.5918983519077,63,0.9889212356461264,0.9889395538859072,0.9889212356461264,0.9889200958665516,78987.18379670382,3.193724073940798,390700.87468060205,15.797382932257886,1201572.187673593,48.583704822642446
