loss,layer_idx,accuracy_score,f1_macro,f1_micro,balanced_accuracy_score,aic_rep,aic_rep_avg,bic_rep,bic_rep_avg,ebic_rep,ebic_rep_avg,aic_cls,aic_cls_avg,bic_cls,bic_cls_avg,ebic_cls,ebic_cls_avg,aic_pr,aic_pr_avg,bic_pr,bic_pr_avg,ebic_pr,ebic_pr_avg
1778.995892137289,28,0.9741630276564774,0.9741018249438343,0.9741630276564774,0.974156005541707,13157.991784274578,0.5320229574751164,52114.087291531185,2.1071521628469667,133487.2507817326,5.397349619186989,80373.99178427458,3.2497975005771704,392087.6826681728,15.85345635889426,1202958.9956611637,48.63977824927882,3614.371548831463,0.1461414988206155,3843.156495993405,0.15539206275244238,4031.406445588672,0.16300365702687497
