loss,layer_idx,accuracy_score,f1_macro,f1_micro,balanced_accuracy_score,aic,aic_avg,bic,bic_avg,ebic,ebic_avg
40717.04441070557,7,0.4043748989163836,0.39865815235026325,0.4043748989163836,0.4043395810800391,91034.08882141113,3.6808219643138904,129990.18432866773,5.255951169685741,211363.34781886917,8.546148626025763
