loss,layer_idx,accuracy_score,f1_macro,f1_micro,balanced_accuracy_score,aic,aic_avg,bic,bic_avg,ebic,ebic_avg
17310.12350654602,14,0.7489891638363254,0.7466646083306114,0.7489891638363254,0.7489400622564457,44220.24701309204,1.787976993898271,83176.34252034864,3.3631061992701214,164549.50601055007,6.653303655610144
