loss,layer_idx,accuracy_score,f1_macro,f1_micro,balanced_accuracy_score,aic,aic_avg,bic,bic_avg,ebic,ebic_avg
1438.3399612307549,66,0.9831392527899078,0.9831678152065653,0.9831392527899078,0.9831343114639925,79692.67992246151,3.222249713830726,391406.37080635974,15.825908572147814,1202277.6837993506,48.612230462532374
