loss,layer_idx,accuracy_score,f1_macro,f1_micro,balanced_accuracy_score,aic,aic_avg,bic,bic_avg,ebic,ebic_avg
56020.76029205322,0,0.1840934821284166,0.18333264536640945,0.1840934821284166,0.18409975438496104,188857.52058410645,7.6361604635333356,500571.2114680047,20.239819321850423,1311442.5244609956,53.02614121223498
