loss,layer_idx,accuracy_score,f1_macro,f1_micro,balanced_accuracy_score,aic,aic_avg,bic,bic_avg,ebic,ebic_avg
1251.9750908017159,58,0.9839883551673945,0.9839906145933921,0.9839883551673945,0.9839863646302057,79319.95018160343,3.2071789657772696,391033.64106550167,15.810837824094358,1201904.9540584926,48.59715971447891
