loss,layer_idx,accuracy_score,f1_macro,f1_micro,balanced_accuracy_score,aic,aic_avg,bic,bic_avg,ebic,ebic_avg
593.3492740690708,40,0.9919941775836972,0.9919922052728656,0.9919941775836972,0.991991416378502,78002.69854813814,3.1539179422666237,389716.3894320364,15.757576800583712,1200587.7024250273,48.54389869096827
