loss,layer_idx,accuracy_score,f1_macro,f1_micro,balanced_accuracy_score,aic,aic_avg,bic,bic_avg,ebic,ebic_avg
593.3492740690708,40,0.9919941775836972,0.9919922052728656,0.9919941775836972,0.991991416378502,10786.698548138142,0.43614339916456984,49742.79405539475,2.0112726045364204,131115.95754559617,5.301470060876443
