loss,layer_idx,accuracy_score,f1_macro,f1_micro,balanced_accuracy_score,aic,aic_avg,bic,bic_avg,ebic,ebic_avg
2487.496551632881,67,0.9685023451398997,0.9685985602878491,0.9685023451398997,0.9684983036765387,81790.99310326576,3.3070917476656057,393504.683987164,15.910750605982694,1204375.996980155,48.697072496367255
