loss,layer_idx,accuracy_score,f1_macro,f1_micro,balanced_accuracy_score,aic_rep,aic_rep_avg,bic_rep,bic_rep_avg,ebic_rep,ebic_rep_avg,aic_cls,aic_cls_avg,bic_cls,bic_cls_avg,ebic_cls,ebic_cls_avg,aic_pr,aic_pr_avg,bic_pr,bic_pr_avg,ebic_pr,ebic_pr_avg
2035.481453537941,64,0.9722222222222222,0.9721565878847658,0.9722222222222222,0.9722182340261742,13670.962907075882,0.552764147949049,52627.05841433249,2.1278933533208995,134000.22190453392,5.418090809660922,80886.96290707588,3.270538691051103,392600.6537909741,15.874197549368192,1203471.966783965,48.66051943975275,4124.580014467239,0.16677098554371825,4342.154301588131,0.17556826385201887,4518.486013161068,0.18269796268644137
