loss,layer_idx,accuracy_score,f1_macro,f1_micro,balanced_accuracy_score,aic,aic_avg,bic,bic_avg,ebic,ebic_avg
2035.481453537941,64,0.9722222222222222,0.9721565878847658,0.9722222222222222,0.9722182340261742,80886.96290707588,3.270538691051103,392600.6537909741,15.874197549368192,1203471.966783965,48.66051943975275
