loss,layer_idx,accuracy_score,f1_macro,f1_micro,balanced_accuracy_score,aic,aic_avg,bic,bic_avg,ebic,ebic_avg
21624.024034500122,13,0.6925440724567362,0.6901621141333159,0.6925440724567362,0.6924920798668234,52848.048069000244,2.1368287267103447,91804.14357625684,3.711957932082195,173177.30706645828,7.002155388422217
