loss,layer_idx,accuracy_score,f1_macro,f1_micro,balanced_accuracy_score,aic,aic_avg,bic,bic_avg,ebic,ebic_avg
5170.494652748108,71,0.9332848131974769,0.9330860500715603,0.9332848131974769,0.9332693537592207,19940.989305496216,0.8062829251777541,58897.08481275282,2.3814121305496045,140270.24830295425,5.671609586889627
