loss,layer_idx,accuracy_score,f1_macro,f1_micro,balanced_accuracy_score,aic_rep,aic_rep_avg,bic_rep,bic_rep_avg,ebic_rep,ebic_rep_avg,aic_cls,aic_cls_avg,bic_cls,bic_cls_avg,ebic_cls,ebic_cls_avg,aic_pr,aic_pr_avg,bic_pr,bic_pr_avg,ebic_pr,ebic_pr_avg
17310.12350654602,14,0.7489891638363254,0.7466646083306114,0.7489891638363254,0.7489400622564457,44220.24701309204,1.787976993898271,83176.34252034864,3.3631061992701214,164549.50601055007,6.653303655610144,111436.24701309204,4.505751537000325,423149.9378969903,17.109410395317415,1234021.2508899812,49.895732285701975,34657.73378753662,1.4013316265379516,34809.8523672785,1.4074823050007481,34919.72014161955,1.411924637781803
