loss,layer_idx,accuracy_score,f1_macro,f1_micro,balanced_accuracy_score,aic,aic_avg,bic,bic_avg,ebic,ebic_avg
761.9834401495755,29,0.9893255701115963,0.989314872985346,0.9893255701115963,0.9893212256705896,78339.96688029915,3.1675548633470463,390053.6577641974,15.771213721664134,1200924.9707571883,48.557535612048696
