loss,layer_idx,accuracy_score,f1_macro,f1_micro,balanced_accuracy_score,aic,aic_avg,bic,bic_avg,ebic,ebic_avg
2611.5100270807743,22,0.9693514475173863,0.9693032665452465,0.9693514475173863,0.9693413055413045,82039.02005416155,3.317120332126862,393752.7109380598,15.92077919044395,1204624.0239310507,48.70710108082851
