loss,layer_idx,accuracy_score,f1_macro,f1_micro,balanced_accuracy_score,aic,aic_avg,bic,bic_avg,ebic,ebic_avg
1800.2980856895447,42,0.9745673621219473,0.9745724563210021,0.9745673621219473,0.9745612169815295,80416.59617137909,3.251520142785828,392130.2870552773,15.855179001102917,1203001.6000482682,48.641500891487475
