loss,layer_idx,accuracy_score,f1_macro,f1_micro,balanced_accuracy_score,aic,aic_avg,bic,bic_avg,ebic,ebic_avg
1141.5462563931942,52,0.9839074882743005,0.9838795373820957,0.9839074882743005,0.9839034175450466,79099.09251278639,3.1982489290306644,390812.7833966846,15.801907787347753,1201684.0963896755,48.58822967773231
