loss,layer_idx,accuracy_score,f1_macro,f1_micro,balanced_accuracy_score,aic,aic_avg,bic,bic_avg,ebic,ebic_avg
2602.01217597723,49,0.9642163998059194,0.9642672826973013,0.9642163998059194,0.9642062502424315,82020.02435195446,3.3163522704170494,393733.7152358527,15.920011128734139,1204605.0282288436,48.706333019118695
