loss,layer_idx,accuracy_score,f1_macro,f1_micro,balanced_accuracy_score,aic_rep,aic_rep_avg,bic_rep,bic_rep_avg,ebic_rep,ebic_rep_avg,aic_cls,aic_cls_avg,bic_cls,bic_cls_avg,ebic_cls,ebic_cls_avg,aic_pr,aic_pr_avg,bic_pr,bic_pr_avg,ebic_pr,ebic_pr_avg
417.32111693546176,37,0.9946627850557982,0.994664483818394,0.9946627850557982,0.9946623655703544,10434.642233870924,0.4219085490001182,49390.73774112753,1.9970377543719686,130763.90123132896,5.287235210711991,77650.64223387092,3.1396830921021723,389364.33311776916,15.74334195041926,1200235.64611076,48.52966384080382,884.0981321558356,0.03574713456881108,1084.7865380916903,0.04386165850281782,1243.4378026815496,0.050276475929223255
