loss,layer_idx,accuracy_score,f1_macro,f1_micro,balanced_accuracy_score,aic,aic_avg,bic,bic_avg,ebic,ebic_avg
40717.04441070557,7,0.4043748989163836,0.39865815235026325,0.4043748989163836,0.4043395810800391,158250.08882141113,6.398596507415944,469963.77970530937,19.00225536573303,1280835.0926983003,51.78857725611759
