loss,layer_idx,accuracy_score,f1_macro,f1_micro,balanced_accuracy_score,aic_rep,aic_rep_avg,bic_rep,bic_rep_avg,ebic_rep,ebic_rep_avg,aic_cls,aic_cls_avg,bic_cls,bic_cls_avg,ebic_cls,ebic_cls_avg,aic_pr,aic_pr_avg,bic_pr,bic_pr_avg,ebic_pr,ebic_pr_avg
1052.0305053181946,31,0.9863739285136665,0.9863651355003001,0.9863739285136665,0.9863712640436558,11704.06101063639,0.47323552525620205,50660.156517892996,2.0483647306280526,132033.32000809442,5.338562186968074,78920.06101063639,3.1910100683582563,390633.7518945346,15.794668926675344,1201505.0648875255,48.580990817059906,2158.7894041910768,0.08728729598055461,2380.873209011403,0.09626690963170803,2561.982355805591,0.10358977663778064
