loss,layer_idx,accuracy_score,f1_macro,f1_micro,balanced_accuracy_score,aic,aic_avg,bic,bic_avg,ebic,ebic_avg
41449.79772186279,8,0.44238233867054827,0.4363245818424101,0.44238233867054827,0.4423328815926596,159715.5954437256,6.457851991093547,471429.2863276238,19.061510849410634,1282300.5993206147,51.847832739795194
