loss,layer_idx,accuracy_score,f1_macro,f1_micro,balanced_accuracy_score,aic,aic_avg,bic,bic_avg,ebic,ebic_avg
2487.496551632881,67,0.9685023451398997,0.9685985602878491,0.9685023451398997,0.9684983036765387,14574.993103265762,0.5893172045635517,53531.08861052237,2.1644464099354024,134904.2521007238,5.454643866275425
