loss,layer_idx,accuracy_score,f1_macro,f1_micro,balanced_accuracy_score,aic,aic_avg,bic,bic_avg,ebic,ebic_avg
4302.377887964249,69,0.9376111919780042,0.9376441813717834,0.9376111919780042,0.9375968379989046,85420.7557759285,3.453855562668951,397134.44665982673,16.05751442098604,1208005.7596528176,48.843836311370595
