loss,layer_idx,accuracy_score,f1_macro,f1_micro,balanced_accuracy_score,aic_rep,aic_rep_avg,bic_rep,bic_rep_avg,ebic_rep,ebic_rep_avg,aic_cls,aic_cls_avg,bic_cls,bic_cls_avg,ebic_cls,ebic_cls_avg,aic_pr,aic_pr_avg,bic_pr,bic_pr_avg,ebic_pr,ebic_pr_avg
48594.823055267334,3,0.30430211871259905,0.30020456213558827,0.30430211871259905,0.3042712102893478,106789.64611053467,4.317873447781605,145745.74161779127,5.893002653153456,227118.9051079927,9.183200109493479,174005.64611053467,7.0356479908836596,485719.3369944329,19.639306849200747,1296590.6499874238,52.42562873958531,97211.5046672821,3.9305961777164042,97300.20508648043,3.9341826413747545,97352.47862621676,3.9362962407495052
