loss,layer_idx,accuracy_score,f1_macro,f1_micro,balanced_accuracy_score,aic_rep,aic_rep_avg,bic_rep,bic_rep_avg,ebic_rep,ebic_rep_avg,aic_cls,aic_cls_avg,bic_cls,bic_cls_avg,ebic_cls,ebic_cls_avg,aic_pr,aic_pr_avg,bic_pr,bic_pr_avg,ebic_pr,ebic_pr_avg
377.1600234936923,53,0.9958757884522077,0.995875307613453,0.9958757884522077,0.9958748068589987,10354.320046987385,0.4186608461502258,49310.41555424399,1.9937900515220763,130683.57904444542,5.283987507862099,77570.32004698738,3.13643538925228,389284.0109308856,15.740094247569369,1200155.3239238765,48.52641613795392,806.9381576441228,0.03262729086382512,1020.4585893269659,0.04126065782496223,1192.5152437416846,0.0482175013642926
