loss,layer_idx,accuracy_score,f1_macro,f1_micro,balanced_accuracy_score,aic,aic_avg,bic,bic_avg,ebic,ebic_avg
1691.7077282071114,68,0.9797428432799612,0.9797282881558769,0.9797428432799612,0.9797369344144777,80199.41545641422,3.24273877795626,391913.10634031246,15.846397636273348,1202784.4193333033,48.63271952665791
