loss,layer_idx,accuracy_score,f1_macro,f1_micro,balanced_accuracy_score,aic,aic_avg,bic,bic_avg,ebic,ebic_avg
8682.46007156372,18,0.8723111758046256,0.8724614881851313,0.8723111758046256,0.8722836409397656,26964.92014312744,1.0902846572508265,65921.01565038404,2.665413862622677,147294.17914058547,5.955611318962699
