loss,layer_idx,accuracy_score,f1_macro,f1_micro,balanced_accuracy_score,aic_rep,aic_rep_avg,bic_rep,bic_rep_avg,ebic_rep,ebic_rep_avg,aic_cls,aic_cls_avg,bic_cls,bic_cls_avg,ebic_cls,ebic_cls_avg,aic_pr,aic_pr_avg,bic_pr,bic_pr_avg,ebic_pr,ebic_pr_avg
40720.93204498291,10,0.4173136018114184,0.4093001059967339,0.4173136018114184,0.41725838642007135,91041.86408996582,3.6811363452193846,129997.95959722242,5.256265550591235,211371.12308742385,8.546463006931257,158257.86408996582,6.3989108883214385,469971.55497386405,19.002569746638528,1280842.867966855,51.788891637023085,81470.95495605469,3.294151502347351,81589.00355581997,3.298924614095907,81666.88786507459,3.3020737451510023
