loss,layer_idx,accuracy_score,f1_macro,f1_micro,balanced_accuracy_score,aic,aic_avg,bic,bic_avg,ebic,ebic_avg
1629.2562865316868,50,0.9787320071162866,0.9786589763144751,0.9787320071162866,0.9787249011654646,80074.51257306337,3.237688523898729,391788.2034569616,15.841347382215817,1202659.5164499525,48.62766927260038
