loss,layer_idx,accuracy_score,f1_macro,f1_micro,balanced_accuracy_score,aic_rep,aic_rep_avg,bic_rep,bic_rep_avg,ebic_rep,ebic_rep_avg,aic_cls,aic_cls_avg,bic_cls,bic_cls_avg,ebic_cls,ebic_cls_avg,aic_pr,aic_pr_avg,bic_pr,bic_pr_avg,ebic_pr,ebic_pr_avg
36933.43888092041,9,0.47594209930454473,0.47130067419728094,0.47594209930454473,0.47589007397718164,83466.87776184082,3.3748535404270106,122422.97326909742,4.94998274579886,203796.13675929885,8.240180202138882,150682.87776184082,6.092628083529064,462396.56864573905,18.696286941846154,1273267.88163873,51.48260883223071,73894.96964263916,2.987828305136631,74008.96443340568,2.992437507415724,74083.19255132889,2.995438806054055
