loss,layer_idx,accuracy_score,f1_macro,f1_micro,balanced_accuracy_score,aic_rep,aic_rep_avg,bic_rep,bic_rep_avg,ebic_rep,ebic_rep_avg,aic_cls,aic_cls_avg,bic_cls,bic_cls_avg,ebic_cls,ebic_cls_avg,aic_pr,aic_pr_avg,bic_pr,bic_pr_avg,ebic_pr,ebic_pr_avg
2602.01217597723,49,0.9642163998059194,0.9642672826973013,0.9642163998059194,0.9642062502424315,14804.02435195446,0.5985777273149951,53760.11985921107,2.1737069326868457,135133.2833494125,5.463904389026868,82020.02435195446,3.3163522704170494,393733.7152358527,15.920011128734139,1204605.0282288436,48.706333019118695,5246.942870020866,0.21215198407006577,5421.103066773454,0.21919388107607368,5552.697944844893,0.22451471554443203
