loss,layer_idx,accuracy_score,f1_macro,f1_micro,balanced_accuracy_score,aic,aic_avg,bic,bic_avg,ebic,ebic_avg
790.630180194974,56,0.9893660035581433,0.9893686106670209,0.9893660035581433,0.9893635626159566,11181.260360389948,0.4520968931097343,50137.355867646555,2.027226098481585,131510.51935784798,5.317423554821607
