loss,layer_idx,accuracy_score,f1_macro,f1_micro,balanced_accuracy_score,aic,aic_avg,bic,bic_avg,ebic,ebic_avg
417.32111693546176,37,0.9946627850557982,0.994664483818394,0.9946627850557982,0.9946623655703544,77650.64223387092,3.1396830921021723,389364.33311776916,15.74334195041926,1200235.64611076,48.52966384080382
