loss,layer_idx,accuracy_score,f1_macro,f1_micro,balanced_accuracy_score,aic,aic_avg,bic,bic_avg,ebic,ebic_avg
1740.3150407075882,51,0.9799045770661491,0.9798777689351514,0.9799045770661491,0.9798981710878018,13080.630081415176,0.5288949571977671,52036.72558867178,2.1040241625696177,133409.8890788732,5.39422161890964
