loss,layer_idx,accuracy_score,f1_macro,f1_micro,balanced_accuracy_score,aic,aic_avg,bic,bic_avg,ebic,ebic_avg
2034.7941794991493,30,0.9744864952288533,0.9745103948095186,0.9744864952288533,0.9744793425786841,80885.5883589983,3.270483113334882,392599.27924289653,15.874141971651971,1203470.5922358874,48.66046386203653
