loss,layer_idx,accuracy_score,f1_macro,f1_micro,balanced_accuracy_score,aic,aic_avg,bic,bic_avg,ebic,ebic_avg
1917.4419300556183,45,0.9779637716318939,0.9779602216663714,0.9779637716318939,0.9779581498131349,80650.88386011124,3.260993201524795,392364.5747440095,15.864652059841884,1203235.8877370004,48.650973950226444
