loss,layer_idx,accuracy_score,f1_macro,f1_micro,balanced_accuracy_score,aic,aic_avg,bic,bic_avg,ebic,ebic_avg
12845.437121391296,24,0.7986414361960213,0.797428937903742,0.7986414361960213,0.7986007939445146,42090.87424278259,1.7018791138113616,108640.87073434595,4.392724839654939,256435.8574396844,10.368585534517402
