loss,layer_idx,accuracy_score,f1_macro,f1_micro,balanced_accuracy_score,aic,aic_avg,bic,bic_avg,ebic,ebic_avg
7036.175744056702,13,0.891072295002426,0.8902891188555706,0.891072295002426,0.8910433035038647,30472.351488113403,1.2321021950555315,97022.34797967676,3.922947920899109,244817.3346850152,9.898808615761572
