loss,layer_idx,accuracy_score,f1_macro,f1_micro,balanced_accuracy_score,aic,aic_avg,bic,bic_avg,ebic,ebic_avg
7036.175744056702,13,0.891072295002426,0.8902891188555706,0.891072295002426,0.8910433035038647,16120.351488113403,0.6518013702132218,24430.985196328147,0.9878289340258833,38626.63945419583,1.5618081616608372
