loss,layer_idx,accuracy_score,f1_macro,f1_micro,balanced_accuracy_score,aic_rep,aic_rep_avg,bic_rep,bic_rep_avg,ebic_rep,ebic_rep_avg,aic_cls,aic_cls_avg,bic_cls,bic_cls_avg,ebic_cls,ebic_cls_avg,aic_pr,aic_pr_avg,bic_pr,bic_pr_avg,ebic_pr,ebic_pr_avg
21387.48950767517,12,0.6678796700630761,0.6628665400401847,0.6678796700630761,0.6678324659543533,44310.97901535034,1.7916456014616828,50543.954296511394,2.0436662743211786,60748.81532662622,2.4562839773017235,55078.97901535034,2.227032953879603,105007.70809048423,4.245823552097859,212354.35610811037,8.586218506716415,42861.752727508545,1.733048387817748,43213.8740835871,1.7472858678468017,43541.024569090056,1.7605136895152051
