loss,layer_idx,accuracy_score,f1_macro,f1_micro,balanced_accuracy_score,aic_rep,aic_rep_avg,bic_rep,bic_rep_avg,ebic_rep,ebic_rep_avg,aic_cls,aic_cls_avg,bic_cls,bic_cls_avg,ebic_cls,ebic_cls_avg,aic_pr,aic_pr_avg,bic_pr,bic_pr_avg,ebic_pr,ebic_pr_avg
4784.922513961792,6,0.928271065825651,0.9280594816164262,0.928271065825651,0.9282498250380538,11617.845027923584,0.46974951592768815,19928.478736138328,0.8057770797403496,34124.13299400601,1.3797563073753036,25969.845027923584,1.0500503407699977,92519.84151948694,3.7408960666135753,240314.82822482538,9.716756761476038,9638.226314544678,0.3897067084968736,9915.712557515555,0.4009264336695599,10157.231973015198,0.4106918960462234
