loss,layer_idx,accuracy_score,f1_macro,f1_micro,balanced_accuracy_score,aic,aic_avg,bic,bic_avg,ebic,ebic_avg
4832.96498632431,2,0.9297671033478894,0.9296814105939918,0.9297671033478894,0.9297502767496351,26065.92997264862,1.0539353862465073,92615.92646421198,3.744781112090085,240410.91316955042,9.720641806952548
