loss,layer_idx,accuracy_score,f1_macro,f1_micro,balanced_accuracy_score,aic_rep,aic_rep_avg,bic_rep,bic_rep_avg,ebic_rep,ebic_rep_avg,aic_cls,aic_cls_avg,bic_cls,bic_cls_avg,ebic_cls,ebic_cls_avg,aic_pr,aic_pr_avg,bic_pr,bic_pr_avg,ebic_pr,ebic_pr_avg
17865.884464263916,10,0.7158337376677988,0.7105975093397829,0.7158337376677988,0.7157895693732405,37267.76892852783,1.5068643428969688,43500.744209688884,1.7588850157564646,53705.60523980371,2.1715027187370093,48035.76892852783,1.942251695314889,97964.49800366172,3.961042293533144,205311.14602128786,8.3014372481517,35827.70616912842,1.4486376422904907,36217.01245116374,1.464378637035571,36588.342055350106,1.479392772737753
