loss,layer_idx,accuracy_score,f1_macro,f1_micro,balanced_accuracy_score,aic_rep,aic_rep_avg,bic_rep,bic_rep_avg,ebic_rep,ebic_rep_avg,aic_cls,aic_cls_avg,bic_cls,bic_cls_avg,ebic_cls,ebic_cls_avg,aic_pr,aic_pr_avg,bic_pr,bic_pr_avg,ebic_pr,ebic_pr_avg
10667.481534004211,20,0.8323629306162057,0.8307945837285658,0.8323629306162057,0.8323246650142647,23382.963068008423,0.9454537873204117,31693.596776223167,1.2814813511330732,45889.25103409085,1.8554605787680272,37734.96306800842,1.5257546121627212,104284.95955957178,4.216600338006299,252079.94626491022,10.192461032868762,21384.86658668518,0.8646638600471123,21587.371403322675,0.8728518277261311,21747.90823917185,0.8793428852972607
