loss,layer_idx,accuracy_score,f1_macro,f1_micro,balanced_accuracy_score,aic,aic_avg,bic,bic_avg,ebic,ebic_avg
6565.110174179077,12,0.8952773734433123,0.8952090460491458,0.8952773734433123,0.8952499520827183,29530.220348358154,1.1940085859759888,96080.21683992152,3.8848543118195664,243875.20354525995,9.86071500668203
