loss,layer_idx,accuracy_score,f1_macro,f1_micro,balanced_accuracy_score,aic,aic_avg,bic,bic_avg,ebic,ebic_avg
5092.507962226868,7,0.9223677826297914,0.9221212289221574,0.9223677826297914,0.9223453244774641,12233.015924453735,0.49462299548980004,20543.64963266848,0.8306505593024616,34739.30389053616,1.4046297869374156
