loss,layer_idx,accuracy_score,f1_macro,f1_micro,balanced_accuracy_score,aic_rep,aic_rep_avg,bic_rep,bic_rep_avg,ebic_rep,ebic_rep_avg,aic_cls,aic_cls_avg,bic_cls,bic_cls_avg,ebic_cls,ebic_cls_avg,aic_pr,aic_pr_avg,bic_pr,bic_pr_avg,ebic_pr,ebic_pr_avg
4832.96498632431,2,0.9297671033478894,0.9296814105939918,0.9297671033478894,0.9297502767496351,11713.92997264862,0.47363456140419785,20024.563680863364,0.8096621252168593,34220.217938731046,1.3836413528518132,26065.92997264862,1.0539353862465073,92615.92646421198,3.744781112090085,240410.91316955042,9.720641806952548,9727.823760032654,0.39332944201975795,9978.98420718247,0.40348472453430656,10191.420562227693,0.41207425854066365
