loss,layer_idx,accuracy_score,f1_macro,f1_micro,balanced_accuracy_score,aic,aic_avg,bic,bic_avg,ebic,ebic_avg
10667.481534004211,20,0.8323629306162057,0.8307945837285658,0.8323629306162057,0.8323246650142647,37734.96306800842,1.5257546121627212,104284.95955957178,4.216600338006299,252079.94626491022,10.192461032868762
