loss,layer_idx,accuracy_score,f1_macro,f1_micro,balanced_accuracy_score,aic,aic_avg,bic,bic_avg,ebic,ebic_avg
10428.387324333191,19,0.8368510431829209,0.8353887802781319,0.8368510431829209,0.8368154537402446,22904.774648666382,0.9261189814275587,31215.408356881126,1.2621465452402203,45411.06261474881,1.836125772875174
