loss,layer_idx,accuracy_score,f1_macro,f1_micro,balanced_accuracy_score,aic_rep,aic_rep_avg,bic_rep,bic_rep_avg,ebic_rep,ebic_rep_avg,aic_cls,aic_cls_avg,bic_cls,bic_cls_avg,ebic_cls,ebic_cls_avg,aic_pr,aic_pr_avg,bic_pr,bic_pr_avg,ebic_pr,ebic_pr_avg
7036.175744056702,13,0.891072295002426,0.8902891188555706,0.891072295002426,0.8910433035038647,16120.351488113403,0.6518013702132218,24430.985196328147,0.9878289340258833,38626.63945419583,1.5618081616608372,30472.351488113403,1.2321021950555315,97022.34797967676,3.922947920899109,244817.3346850152,9.898808615761572,14124.999635696411,0.5711224177460946,14338.641955021807,0.5797607130447116,14510.826877776033,0.5867227429150911
