loss,layer_idx,accuracy_score,f1_macro,f1_micro,balanced_accuracy_score,aic,aic_avg,bic,bic_avg,ebic,ebic_avg
14744.114196777344,4,0.7652434093482129,0.7632550240493243,0.7652434093482129,0.7652060924220226,31024.228393554688,1.2544164804122064,37257.20367471574,1.5064371532717022,47462.06470483057,1.919054856252247
