loss,layer_idx,accuracy_score,f1_macro,f1_micro,balanced_accuracy_score,aic,aic_avg,bic,bic_avg,ebic,ebic_avg
16797.86794281006,5,0.7358078602620087,0.7323187927416261,0.7358078602620087,0.735762062506538,45899.73588562012,1.855884517451889,95828.464960754,3.874675115670144,203175.11297838014,8.2150700702887
