loss,layer_idx,accuracy_score,f1_macro,f1_micro,balanced_accuracy_score,aic,aic_avg,bic,bic_avg,ebic,ebic_avg
19139.715512275696,7,0.6898754649846353,0.6856669321787994,0.6898754649846353,0.6898310154748816,50583.43102455139,2.045262454494234,100512.16009968528,4.064053052712489,207858.80811731142,8.404448007331046
