loss,layer_idx,accuracy_score,f1_macro,f1_micro,balanced_accuracy_score,aic_rep,aic_rep_avg,bic_rep,bic_rep_avg,ebic_rep,ebic_rep_avg,aic_cls,aic_cls_avg,bic_cls,bic_cls_avg,ebic_cls,ebic_cls_avg,aic_pr,aic_pr_avg,bic_pr,bic_pr_avg,ebic_pr,ebic_pr_avg
6565.110174179077,12,0.8952773734433123,0.8952090460491458,0.8952773734433123,0.8952499520827183,15178.220348358154,0.6137077611336792,23488.854056572898,0.9497353249463407,37684.50831444058,1.5237145525812947,29530.220348358154,1.1940085859759888,96080.21683992152,3.8848543118195664,243875.20354525995,9.86071500668203,13176.551975250244,0.5327734099648328,13364.562317147622,0.5403753160742205,13510.167680630077,0.5462626427555425
