loss,layer_idx,accuracy_score,f1_macro,f1_micro,balanced_accuracy_score,aic,aic_avg,bic,bic_avg,ebic,ebic_avg
9020.373929023743,18,0.858806404657933,0.8578191049579555,0.858806404657933,0.8587748811486468,34440.747858047485,1.3925581375565053,100990.74434961085,4.083403863400083,248785.73105494928,10.059264558262546
