loss,layer_idx,accuracy_score,f1_macro,f1_micro,balanced_accuracy_score,aic_rep,aic_rep_avg,bic_rep,bic_rep_avg,ebic_rep,ebic_rep_avg,aic_cls,aic_cls_avg,bic_cls,bic_cls_avg,ebic_cls,ebic_cls_avg,aic_pr,aic_pr_avg,bic_pr,bic_pr_avg,ebic_pr,ebic_pr_avg
6852.23815536499,8,0.8933365680090571,0.8927821209782573,0.8933365680090571,0.8933065821326632,15752.47631072998,0.6369269088925271,24063.110018944724,0.9729544727051886,38258.764276812406,1.5469337003401427,30104.47631072998,1.2172277337348367,96654.47280229334,3.9080734595784143,244449.45950763178,9.883934154440878,13774.509757995605,0.5569509040108203,14058.700347618742,0.5684417090255031,14307.727079986555,0.578510718097467
