loss,layer_idx,accuracy_score,f1_macro,f1_micro,balanced_accuracy_score,aic,aic_avg,bic,bic_avg,ebic,ebic_avg
15196.208850860596,3,0.7609574640142326,0.7578695633354576,0.7609574640142326,0.760915294022332,42696.41770172119,1.7263633228902309,92625.14677685508,3.745153921108486,199971.79479448122,8.085548875727042
