loss,layer_idx,accuracy_score,f1_macro,f1_micro,balanced_accuracy_score,aic,aic_avg,bic,bic_avg,ebic,ebic_avg
6441.062894821167,9,0.9003719877082322,0.9000597047003651,0.9003719877082322,0.9003445273628206,29282.125789642334,1.183977267897555,95832.1222812057,3.874822993741133,243627.10898654413,9.850683688603596
