loss,layer_idx,accuracy_score,f1_macro,f1_micro,balanced_accuracy_score,aic_rep,aic_rep_avg,bic_rep,bic_rep_avg,ebic_rep,ebic_rep_avg,aic_cls,aic_cls_avg,bic_cls,bic_cls_avg,ebic_cls,ebic_cls_avg,aic_pr,aic_pr_avg,bic_pr,bic_pr_avg,ebic_pr,ebic_pr_avg
19139.715512275696,7,0.6898754649846353,0.6856669321787994,0.6898754649846353,0.6898310154748816,39815.43102455139,1.6098751020763138,46048.406305712444,1.8618957749358096,56253.26733582727,2.2745134779163543,50583.43102455139,2.045262454494234,100512.16009968528,4.064053052712489,207858.80811731142,8.404448007331046,38338.62642097473,1.5501628020772575,38578.83699562656,1.5598753435074624,38779.3730331779,1.5679837066625384
