loss,layer_idx,accuracy_score,f1_macro,f1_micro,balanced_accuracy_score,aic,aic_avg,bic,bic_avg,ebic,ebic_avg
21387.48950767517,12,0.6678796700630761,0.6628665400401847,0.6678796700630761,0.6678324659543533,44310.97901535034,1.7916456014616828,50543.954296511394,2.0436662743211786,60748.81532662622,2.4562839773017235
