loss,layer_idx,accuracy_score,f1_macro,f1_micro,balanced_accuracy_score,aic_rep,aic_rep_avg,bic_rep,bic_rep_avg,ebic_rep,ebic_rep_avg,aic_cls,aic_cls_avg,bic_cls,bic_cls_avg,ebic_cls,ebic_cls_avg,aic_pr,aic_pr_avg,bic_pr,bic_pr_avg,ebic_pr,ebic_pr_avg
11914.23180770874,22,0.8130357431667475,0.8112306984050525,0.8130357431667475,0.8129977989314652,25876.46361541748,1.0462746084189503,34187.097323632224,1.3823021722316118,48382.751581499906,1.9562813998665658,40228.46361541748,1.6265754332612599,106778.46010698084,4.317421159104837,254573.44681231928,10.2932818539673,23870.958877563477,0.965185139801208,24043.40153285153,0.9721575906862174,24173.277479204695,0.977408922820827
