loss,layer_idx,accuracy_score,f1_macro,f1_micro,balanced_accuracy_score,aic_rep,aic_rep_avg,bic_rep,bic_rep_avg,ebic_rep,ebic_rep_avg,aic_cls,aic_cls_avg,bic_cls,bic_cls_avg,ebic_cls,ebic_cls_avg,aic_pr,aic_pr_avg,bic_pr,bic_pr_avg,ebic_pr,ebic_pr_avg
4921.72124004364,5,0.9252385573346272,0.9252258452881026,0.9252385573346272,0.9252202910661476,11891.44248008728,0.4808120038851399,20202.076188302024,0.8168395676978014,34397.730446169706,1.3908187953327553,26243.44248008728,1.0611128287274494,92793.43897165064,3.751958554571027,240588.42567698908,9.727819249433491,9911.935430526733,0.4007737114073562,10189.8747970781,0.4120117579281134,10431.900366278354,0.4217976858433752
