loss,layer_idx,accuracy_score,f1_macro,f1_micro,balanced_accuracy_score,aic_rep,aic_rep_avg,bic_rep,bic_rep_avg,ebic_rep,ebic_rep_avg,aic_cls,aic_cls_avg,bic_cls,bic_cls_avg,ebic_cls,ebic_cls_avg,aic_pr,aic_pr_avg,bic_pr,bic_pr_avg,ebic_pr,ebic_pr_avg
12845.437121391296,24,0.7986414361960213,0.797428937903742,0.7986414361960213,0.7986007939445146,27738.874242782593,1.121578288969052,36049.50795099734,1.4576058527817135,50245.16220886502,2.0315850804166673,42090.87424278259,1.7018791138113616,108640.87073434595,4.392724839654939,256435.8574396844,10.368585534517402,25761.152074813843,1.041612165405703,26046.334359881792,1.0531430680851444,26296.474897089854,1.0632571121255805
