loss,layer_idx,accuracy_score,f1_macro,f1_micro,balanced_accuracy_score,aic_rep,aic_rep_avg,bic_rep,bic_rep_avg,ebic_rep,ebic_rep_avg,aic_cls,aic_cls_avg,bic_cls,bic_cls_avg,ebic_cls,ebic_cls_avg,aic_pr,aic_pr_avg,bic_pr,bic_pr_avg,ebic_pr,ebic_pr_avg
19095.447080612183,11,0.7022480996280123,0.6970610284084211,0.7022480996280123,0.702204136485051,39726.894161224365,1.6062952515455429,45959.86944238542,1.8583159244050387,56164.73047250025,2.2709336273855834,50494.894161224365,2.041682603963463,100423.62323635825,4.0604732021817185,207770.2712539844,8.400868156800275,38284.781871795654,1.5479856813761788,38665.77131137616,1.5633903975164223,39027.14063030122,1.5780018045568986
