loss,layer_idx,accuracy_score,f1_macro,f1_micro,balanced_accuracy_score,aic,aic_avg,bic,bic_avg,ebic,ebic_avg
6852.23815536499,8,0.8933365680090571,0.8927821209782573,0.8933365680090571,0.8933065821326632,30104.47631072998,1.2172277337348367,96654.47280229334,3.9080734595784143,244449.45950763178,9.883934154440878
