loss,layer_idx,accuracy_score,f1_macro,f1_micro,balanced_accuracy_score,aic,aic_avg,bic,bic_avg,ebic,ebic_avg
6565.110174179077,12,0.8952773734433123,0.8952090460491458,0.8952773734433123,0.8952499520827183,15178.220348358154,0.6137077611336792,23488.854056572898,0.9497353249463407,37684.50831444058,1.5237145525812947
