loss,layer_idx,accuracy_score,f1_macro,f1_micro,balanced_accuracy_score,aic,aic_avg,bic,bic_avg,ebic,ebic_avg
6441.062894821167,9,0.9003719877082322,0.9000597047003651,0.9003719877082322,0.9003445273628206,14930.125789642334,0.6036764430552456,23240.759497857078,0.9397040068679071,37436.41375572476,1.513683234502861
