loss,layer_idx,accuracy_score,f1_macro,f1_micro,balanced_accuracy_score,aic,aic_avg,bic,bic_avg,ebic,ebic_avg
21939.05708694458,1,0.643457868348698,0.6356213832495017,0.643457868348698,0.6434095643200051,56182.11417388916,2.2716365103464806,106110.84324902305,4.290427108564736,213457.4912666492,8.630822063183292
