loss,layer_idx,accuracy_score,f1_macro,f1_micro,balanced_accuracy_score,aic_rep,aic_rep_avg,bic_rep,bic_rep_avg,ebic_rep,ebic_rep_avg,aic_cls,aic_cls_avg,bic_cls,bic_cls_avg,ebic_cls,ebic_cls_avg,aic_pr,aic_pr_avg,bic_pr,bic_pr_avg,ebic_pr,ebic_pr_avg
4165.580832004547,4,0.9395519974122595,0.9394441124823286,0.9395519974122595,0.9395345321995812,10379.161664009094,0.41966527834421374,18689.795372223838,0.7556928421568753,32885.44963009152,1.3296720697918292,24731.161664009094,0.9999661031865233,91281.15815557246,3.690811829030101,239076.1448609109,9.666672523892563,8406.705937385559,0.3399120951554892,8713.25905495638,0.3523070942486002,8987.603505513933,0.3633997859256806
