loss,layer_idx,accuracy_score,f1_macro,f1_micro,balanced_accuracy_score,aic_rep,aic_rep_avg,bic_rep,bic_rep_avg,ebic_rep,ebic_rep_avg,aic_cls,aic_cls_avg,bic_cls,bic_cls_avg,ebic_cls,ebic_cls_avg,aic_pr,aic_pr_avg,bic_pr,bic_pr_avg,ebic_pr,ebic_pr_avg
21939.05708694458,1,0.643457868348698,0.6356213832495017,0.643457868348698,0.6434095643200051,45414.11417388916,1.8362491579285605,51647.08945505021,2.0882698307880565,61851.95048516504,2.500887533768601,56182.11417388916,2.2716365103464806,106110.84324902305,4.290427108564736,213457.4912666492,8.630822063183292,43947.72757720947,1.776958093854499,44230.21365932731,1.7883799797560775,44477.328009883415,1.7983716646402803
