loss,layer_idx,accuracy_score,f1_macro,f1_micro,balanced_accuracy_score,aic_rep,aic_rep_avg,bic_rep,bic_rep_avg,ebic_rep,ebic_rep_avg,aic_cls,aic_cls_avg,bic_cls,bic_cls_avg,ebic_cls,ebic_cls_avg,aic_pr,aic_pr_avg,bic_pr,bic_pr_avg,ebic_pr,ebic_pr_avg
29162.77996635437,1,0.5225214297266699,0.5125233175630572,0.5225214297266699,0.5224741003114275,60373.55993270874,2.4411111083902934,68684.19364092348,2.777138672202955,82879.84789879115,3.3511178998379085,74725.55993270874,3.0214119332326033,141275.5564242721,5.71225765907618,289070.54312961054,11.688118353938643,58375.47521209717,2.3603216566431007,58578.02775283956,2.368511553972164,58738.614192064095,2.37500461717872
