loss,layer_idx,accuracy_score,f1_macro,f1_micro,balanced_accuracy_score,aic,aic_avg,bic,bic_avg,ebic,ebic_avg
9020.373929023743,18,0.858806404657933,0.8578191049579555,0.858806404657933,0.8587748811486468,20088.747858047485,0.8122573127141955,28399.38156626223,1.1482848765268572,42595.03582412991,1.722264104161811
