loss,layer_idx,accuracy_score,f1_macro,f1_micro,balanced_accuracy_score,aic,aic_avg,bic,bic_avg,ebic,ebic_avg
17658.31667327881,2,0.7157124373281578,0.7103432325799435,0.7157124373281578,0.7156685767485371,47620.63334655762,1.9254663329515453,97549.3624216915,3.9442569311698006,204896.01043931764,8.284651885788357
