loss,layer_idx,accuracy_score,f1_macro,f1_micro,balanced_accuracy_score,aic_rep,aic_rep_avg,bic_rep,bic_rep_avg,ebic_rep,ebic_rep_avg,aic_cls,aic_cls_avg,bic_cls,bic_cls_avg,ebic_cls,ebic_cls_avg,aic_pr,aic_pr_avg,bic_pr,bic_pr_avg,ebic_pr,ebic_pr_avg
8338.206068992615,16,0.8707342713892933,0.8703955642197101,0.8707342713892933,0.8707029140470242,18724.41213798523,0.7570925173049179,27035.045846199973,1.0931200811175794,41230.700104067655,1.6670993087525334,33076.41213798523,1.3373933421472275,99626.40862954859,4.028239067990805,247421.39533488703,10.004099762853269,16741.98864555359,0.6769363029901985,17008.09330095623,0.6876958313503246,17236.959925219227,0.6969496977688512
