loss,layer_idx,accuracy_score,f1_macro,f1_micro,balanced_accuracy_score,aic,aic_avg,bic,bic_avg,ebic,ebic_avg
45673.767139434814,0,0.27814167879670065,0.2702703972240952,0.27814167879670065,0.2781053185824152,93395.53427886963,3.7763033429916555,101706.16798708437,4.112330906804317,115901.82224495204,4.68631013443927
