loss,layer_idx,accuracy_score,f1_macro,f1_micro,balanced_accuracy_score,aic,aic_avg,bic,bic_avg,ebic,ebic_avg
11914.23180770874,22,0.8130357431667475,0.8112306984050525,0.8130357431667475,0.8129977989314652,25876.46361541748,1.0462746084189503,34187.097323632224,1.3823021722316118,48382.751581499906,1.9562813998665658
