loss,layer_idx,accuracy_score,f1_macro,f1_micro,balanced_accuracy_score,aic,aic_avg,bic,bic_avg,ebic,ebic_avg
17865.884464263916,10,0.7158337376677988,0.7105975093397829,0.7158337376677988,0.7157895693732405,48035.76892852783,1.942251695314889,97964.49800366172,3.961042293533144,205311.14602128786,8.3014372481517
