loss,layer_idx,accuracy_score,f1_macro,f1_micro,balanced_accuracy_score,aic,aic_avg,bic,bic_avg,ebic,ebic_avg
13304.017139434814,23,0.7905547468866246,0.7890028545237351,0.7905547468866246,0.7905129517366483,43008.03427886963,1.7389630551055162,109558.03077043299,4.429808780949094,257353.01747577143,10.405669475811557
