loss,layer_idx,accuracy_score,f1_macro,f1_micro,balanced_accuracy_score,aic_rep,aic_rep_avg,bic_rep,bic_rep_avg,ebic_rep,ebic_rep_avg,aic_cls,aic_cls_avg,bic_cls,bic_cls_avg,ebic_cls,ebic_cls_avg,aic_pr,aic_pr_avg,bic_pr,bic_pr_avg,ebic_pr,ebic_pr_avg
7402.234222412109,14,0.8849668445738315,0.8844018372429971,0.8849668445738315,0.8849376610298803,16852.46844482422,0.681403382048529,25163.102153038963,1.0174309458611905,39358.756410906644,1.5914101734961443,31204.46844482422,1.2617042068908386,97754.46493638758,3.9525499327344162,245549.45164172602,9.928410627596879,14850.757404327393,0.6004673056900935,15038.594605091681,0.6080622111067314,15184.023235053373,0.6139423918426885
