loss,layer_idx,accuracy_score,f1_macro,f1_micro,balanced_accuracy_score,aic,aic_avg,bic,bic_avg,ebic,ebic_avg
10428.387324333191,19,0.8368510431829209,0.8353887802781319,0.8368510431829209,0.8368154537402446,37256.77464866638,1.5064198062698682,103806.77114022974,4.1972655321134456,251601.75784556818,10.173126226975908
