loss,layer_idx,accuracy_score,f1_macro,f1_micro,balanced_accuracy_score,aic_rep,aic_rep_avg,bic_rep,bic_rep_avg,ebic_rep,ebic_rep_avg,aic_cls,aic_cls_avg,bic_cls,bic_cls_avg,ebic_cls,ebic_cls_avg,aic_pr,aic_pr_avg,bic_pr,bic_pr_avg,ebic_pr,ebic_pr_avg
9711.050000190735,17,0.8512049167071001,0.8506475351087003,0.8512049167071001,0.851172580059349,21470.10000038147,0.8681101407238181,29780.733708596214,1.2041377045364796,43976.387966463895,1.7781169321714336,35822.10000038147,1.4484109655661277,102372.09649194483,4.139256691409705,250167.08319728327,10.115117386272168,19489.316133499146,0.788020222121104,19762.074269057546,0.7990487736154596,19998.323262928403,0.8086011346809155
