loss,layer_idx,accuracy_score,f1_macro,f1_micro,balanced_accuracy_score,aic,aic_avg,bic,bic_avg,ebic,ebic_avg
21939.05708694458,1,0.643457868348698,0.6356213832495017,0.643457868348698,0.6434095643200051,45414.11417388916,1.8362491579285605,51647.08945505021,2.0882698307880565,61851.95048516504,2.500887533768601
