loss,layer_idx,accuracy_score,f1_macro,f1_micro,balanced_accuracy_score,aic_rep,aic_rep_avg,bic_rep,bic_rep_avg,ebic_rep,ebic_rep_avg,aic_cls,aic_cls_avg,bic_cls,bic_cls_avg,ebic_cls,ebic_cls_avg,aic_pr,aic_pr_avg,bic_pr,bic_pr_avg,ebic_pr,ebic_pr_avg
37126.797424316406,26,0.44238233867054827,0.4211233839272067,0.44238233867054827,0.44231182037298467,78349.59484863281,3.1679441552900216,94970.8622650623,3.8399992829153446,126201.30163237119,5.102753583712243,107037.59484863281,4.327898869829889,240072.66100591412,9.706965106174758,558226.58525621,22.571024796062183,74328.65518951416,3.0053637065144008,74633.24454453302,3.017679303919336,74905.34917875782,3.0286814321024513
