loss,layer_idx,accuracy_score,f1_macro,f1_micro,balanced_accuracy_score,aic,aic_avg,bic,bic_avg,ebic,ebic_avg
46692.501567840576,2,0.28966521106259097,0.2821002516986581,0.28966521106259097,0.2896267790897675,97481.00313568115,3.941492929632911,114102.27055211064,4.6135480572582335,145332.70991941955,5.876302358055133
