loss,layer_idx,accuracy_score,f1_macro,f1_micro,balanced_accuracy_score,aic,aic_avg,bic,bic_avg,ebic,ebic_avg
21058.157285690308,19,0.6842552159146046,0.6795076658692674,0.6842552159146046,0.6842014198517606,58516.314571380615,2.3660162773483995,125066.31106294398,5.056862003191977,272861.2977682824,11.03272269805444
