loss,layer_idx,accuracy_score,f1_macro,f1_micro,balanced_accuracy_score,aic,aic_avg,bic,bic_avg,ebic,ebic_avg
25533.961822509766,3,0.6068655992236778,0.5984770699555195,0.6068655992236778,0.6068140672519671,53115.92364501953,2.147659859494563,61426.557353234275,2.4836874233072246,75622.21161110196,3.0576666509421786
