loss,layer_idx,accuracy_score,f1_macro,f1_micro,balanced_accuracy_score,aic,aic_avg,bic,bic_avg,ebic,ebic_avg
45312.52481842041,12,0.31590651787158336,0.3078584760464165,0.31590651787158336,0.31586355979196,123409.04963684082,4.989853211905257,256444.11579412213,10.368919448250127,574598.040044418,23.23297913813755
