loss,layer_idx,accuracy_score,f1_macro,f1_micro,balanced_accuracy_score,aic,aic_avg,bic,bic_avg,ebic,ebic_avg
35368.9225692749,42,0.4859291606016497,0.46552862697065467,0.4859291606016497,0.4858577601832011,73809.8451385498,2.9843864280506955,86275.79570087191,3.4884277737696876,108814.86589978171,4.39976006387602
