loss,layer_idx,accuracy_score,f1_macro,f1_micro,balanced_accuracy_score,aic,aic_avg,bic,bic_avg,ebic,ebic_avg
29749.195083618164,30,0.5687772925764192,0.5506155519348597,0.5687772925764192,0.5687155864657836,84090.39016723633,3.400064295941951,183882.92149165866,7.435020277036174,415466.5056737503,16.798742749221667
