loss,layer_idx,accuracy_score,f1_macro,f1_micro,balanced_accuracy_score,aic,aic_avg,bic,bic_avg,ebic,ebic_avg
28307.47963142395,35,0.5735888727155103,0.5569622768053608,0.5735888727155103,0.5735267037150391,89398.9592628479,3.614708040710331,222434.0254201292,8.9937742770552,540587.949670425,21.857833966942625
