loss,layer_idx,accuracy_score,f1_macro,f1_micro,balanced_accuracy_score,aic_rep,aic_rep_avg,bic_rep,bic_rep_avg,ebic_rep,ebic_rep_avg,aic_cls,aic_cls_avg,bic_cls,bic_cls_avg,ebic_cls,ebic_cls_avg,aic_pr,aic_pr_avg,bic_pr,bic_pr_avg,ebic_pr,ebic_pr_avg
45204.79647064209,13,0.301916545366327,0.2915987048542482,0.301916545366327,0.3018769104482323,93481.59294128418,3.7797829913182994,105947.54350360628,4.2838243370372915,128486.61370251609,5.195156627143623,115001.59294128418,4.649910761009388,214794.12426570652,8.684866742103612,446377.70844779816,18.048589214289105,90505.60213470459,3.6594534261161487,90895.20039600252,3.675206226589136,91266.88048719472,3.690234533688934
