loss,layer_idx,accuracy_score,f1_macro,f1_micro,balanced_accuracy_score,aic,aic_avg,bic,bic_avg,ebic,ebic_avg
25596.126121520996,39,0.6268801552644347,0.6143171299481496,0.6268801552644347,0.6268154516496482,83976.25224304199,3.3954493062850557,217011.3184003233,8.774515542629924,535165.2426506191,21.63857523251735
