loss,layer_idx,accuracy_score,f1_macro,f1_micro,balanced_accuracy_score,aic,aic_avg,bic,bic_avg,ebic,ebic_avg
47042.9478225708,18,0.27636260714863337,0.2695988207161416,0.27636260714863337,0.27632221167298704,98181.8956451416,3.969832429449361,114803.16306157109,4.641887557074684,146033.60242888,5.904641857871583
