loss,layer_idx,accuracy_score,f1_macro,f1_micro,balanced_accuracy_score,aic_rep,aic_rep_avg,bic_rep,bic_rep_avg,ebic_rep,ebic_rep_avg,aic_cls,aic_cls_avg,bic_cls,bic_cls_avg,ebic_cls,ebic_cls_avg,aic_pr,aic_pr_avg,bic_pr,bic_pr_avg,ebic_pr,ebic_pr_avg
48979.28723144531,15,0.24025553938217695,0.2357817493462412,0.24025553938217695,0.2402237958326357,102054.57446289062,4.126418181420452,118675.84187932011,4.798473309045775,149906.28124662902,6.061227609842674,130742.57446289062,5.286372895960319,263777.6406201719,10.665439132305188,581931.5648704676,23.52949882219261,98054.13033294678,3.964666437528173,98441.88904129954,3.980344858535482,98811.36190904921,3.995283919984199
