loss,layer_idx,accuracy_score,f1_macro,f1_micro,balanced_accuracy_score,aic,aic_avg,bic,bic_avg,ebic,ebic_avg
43075.42928695679,20,0.34202652434093483,0.32108886840868883,0.34202652434093483,0.34196383593160096,110742.85857391357,4.477715452608506,210535.3898983359,8.51267143370273,442118.97408042755,17.876393905888225
