loss,layer_idx,accuracy_score,f1_macro,f1_micro,balanced_accuracy_score,aic,aic_avg,bic,bic_avg,ebic,ebic_avg
47042.9478225708,18,0.27636260714863337,0.2695988207161416,0.27636260714863337,0.27632221167298704,126869.8956451416,5.129787143989229,259904.9618024229,10.508853380334099,578058.8860527187,23.372913070221525
