loss,layer_idx,accuracy_score,f1_macro,f1_micro,balanced_accuracy_score,aic,aic_avg,bic,bic_avg,ebic,ebic_avg
45244.84599304199,14,0.3131166100598415,0.3052885337561276,0.3131166100598415,0.3130742589433123,123273.69198608398,4.984380235568655,256308.7581433653,10.363446471913525,574462.6823936611,23.22750616180095
