loss,layer_idx,accuracy_score,f1_macro,f1_micro,balanced_accuracy_score,aic,aic_avg,bic,bic_avg,ebic,ebic_avg
45440.75380706787,6,0.31255054180818376,0.30025563988299725,0.31255054180818376,0.31250252361711583,115473.50761413574,4.668991897708869,215266.03893855808,8.703947878803092,446849.6231206497,18.067670350988585
