loss,layer_idx,accuracy_score,f1_macro,f1_micro,balanced_accuracy_score,aic,aic_avg,bic,bic_avg,ebic,ebic_avg
27406.503215789795,31,0.5877001455604076,0.5725969410117833,0.5877001455604076,0.5876384456035162,87597.00643157959,3.5418488772270575,220632.0725888609,8.920915113571928,538785.9968391567,21.784974803459352
