loss,layer_idx,accuracy_score,f1_macro,f1_micro,balanced_accuracy_score,aic_rep,aic_rep_avg,bic_rep,bic_rep_avg,ebic_rep,ebic_rep_avg,aic_cls,aic_cls_avg,bic_cls,bic_cls_avg,ebic_cls,ebic_cls_avg,aic_pr,aic_pr_avg,bic_pr,bic_pr_avg,ebic_pr,ebic_pr_avg
39270.304054260254,22,0.4126637554585153,0.4003571534874335,0.4126637554585153,0.4126064844775895,82636.60810852051,3.3412828767799008,99257.87552495,4.013338004405224,130488.31489225889,5.2760923052021225,111324.60810852051,4.501237591319768,244359.67426580182,9.880303827664637,562513.5985160976,22.744363517552063,78622.34112548828,3.178972227296146,78954.00771039378,3.192382650428343,79257.26261707947,3.2046442914879294
