loss,layer_idx,accuracy_score,f1_macro,f1_micro,balanced_accuracy_score,aic_rep,aic_rep_avg,bic_rep,bic_rep_avg,ebic_rep,ebic_rep_avg,aic_cls,aic_cls_avg,bic_cls,bic_cls_avg,ebic_cls,ebic_cls_avg,aic_pr,aic_pr_avg,bic_pr,bic_pr_avg,ebic_pr,ebic_pr_avg
33791.737060546875,34,0.49939349830179525,0.4807936365325898,0.49939349830179525,0.49933263588871957,70655.47412109375,2.8568443361270317,83121.42468341585,3.3608856818460238,105660.49488232566,4.272217971952355,92175.47412109375,3.7269721058181204,191968.0054455161,7.761928086912344,423551.5896276077,17.12565055909784,67637.93251419067,2.734834728861017,67858.92067696729,2.7437700419281614,68038.86699077176,2.751045891588701
