loss,layer_idx,accuracy_score,f1_macro,f1_micro,balanced_accuracy_score,aic_rep,aic_rep_avg,bic_rep,bic_rep_avg,ebic_rep,ebic_rep_avg,aic_cls,aic_cls_avg,bic_cls,bic_cls_avg,ebic_cls,ebic_cls_avg,aic_pr,aic_pr_avg,bic_pr,bic_pr_avg,ebic_pr,ebic_pr_avg
30270.738174438477,28,0.5557172893417435,0.5376237982043037,0.5557172893417435,0.555652854201706,63613.47634887695,2.5721120956201258,76079.42691119906,3.076153441339118,98618.49711010886,3.9874857314454495,85133.47634887695,3.4422398653112145,184926.0076732993,7.477195846405438,416509.5918553909,16.840918318590933,60603.641300201416,2.4504140910642658,60855.90211072222,2.4606138650623572,61069.54092250714,2.469252018539024
