loss,layer_idx,accuracy_score,f1_macro,f1_micro,balanced_accuracy_score,aic,aic_avg,bic,bic_avg,ebic,ebic_avg
14781.288734436035,4,0.7694889212356462,0.7671789875829713,0.7694889212356462,0.7694413221601253,31610.57746887207,1.278124594406925,39921.211177086814,1.6141521582195866,54116.865434954496,2.1881313858545406
