loss,layer_idx,accuracy_score,f1_macro,f1_micro,balanced_accuracy_score,aic,aic_avg,bic,bic_avg,ebic,ebic_avg
32570.1512260437,28,0.5114830988193434,0.4937065717695527,0.5114830988193434,0.5114139014192292,69236.3024520874,2.79946233430727,85857.56986851689,3.471517461932593,117088.00923582578,4.734271762729492
