loss,layer_idx,accuracy_score,f1_macro,f1_micro,balanced_accuracy_score,aic,aic_avg,bic,bic_avg,ebic,ebic_avg
21045.053106307983,45,0.700549894873039,0.6935051297217533,0.700549894873039,0.7004835564896836,46186.10621261597,1.867463456761118,62807.373629045454,2.5395185843864407,94037.81299635435,3.8022728851833394
