loss,layer_idx,accuracy_score,f1_macro,f1_micro,balanced_accuracy_score,aic_rep,aic_rep_avg,bic_rep,bic_rep_avg,ebic_rep,ebic_rep_avg,aic_cls,aic_cls_avg,bic_cls,bic_cls_avg,ebic_cls,ebic_cls_avg,aic_pr,aic_pr_avg,bic_pr,bic_pr_avg,ebic_pr,ebic_pr_avg
35510.36811065674,27,0.47072618469998384,0.45038844509139964,0.47072618469998384,0.47065506712845545,75116.73622131348,3.03722853878835,91738.00363774296,3.7092836664136732,122968.44300505186,4.9720379672105715,103804.73622131348,4.197183253328218,236839.8023785948,9.576249489673087,554993.7266288906,22.44030917956051,71101.63859558105,2.8748843035573772,71429.9344933656,2.8881584381920424,71729.28103604226,2.900262050624384
