loss,layer_idx,accuracy_score,f1_macro,f1_micro,balanced_accuracy_score,aic_rep,aic_rep_avg,bic_rep,bic_rep_avg,ebic_rep,ebic_rep_avg,aic_cls,aic_cls_avg,bic_cls,bic_cls_avg,ebic_cls,ebic_cls_avg,aic_pr,aic_pr_avg,bic_pr,bic_pr_avg,ebic_pr,ebic_pr_avg
39816.34674453735,25,0.40364709687853795,0.3941013045777982,0.40364709687853795,0.40359358327789596,83728.6934890747,3.3854396526392816,100349.9609055042,4.057494780264604,131580.4002728131,5.320249081061504,112416.6934890747,4.545394367179148,245451.75964635602,9.924460603524018,563605.6838966518,22.788520293411445,79697.70874786377,3.2224530465738224,79961.53589690708,3.233120487502308,80187.8848869641,3.242272557292742
