loss,layer_idx,accuracy_score,f1_macro,f1_micro,balanced_accuracy_score,aic_rep,aic_rep_avg,bic_rep,bic_rep_avg,ebic_rep,ebic_rep_avg,aic_cls,aic_cls_avg,bic_cls,bic_cls_avg,ebic_cls,ebic_cls_avg,aic_pr,aic_pr_avg,bic_pr,bic_pr_avg,ebic_pr,ebic_pr_avg
35039.895221710205,15,0.4915898431182274,0.4811739770246646,0.4915898431182274,0.4915336915924134,73151.79044342041,2.95777900871019,85617.74100574251,3.4618203544291815,108156.81120465232,4.373152644535513,94671.79044342041,3.827906778401278,194464.32176784275,7.862862759495502,426047.9059499344,17.226585231680996,70150.29619598389,2.836418251495386,70436.40336584573,2.8479865504547037,70687.58343770963,2.85814262646408
