loss,layer_idx,accuracy_score,f1_macro,f1_micro,balanced_accuracy_score,aic,aic_avg,bic,bic_avg,ebic,ebic_avg
39417.29402542114,23,0.40898431182273975,0.3842621166685997,0.40898431182273975,0.40891989183381355,103426.58805084229,4.181893419490631,203219.11937526462,8.216849400584854,434802.70355735626,17.58057187277035
