loss,layer_idx,accuracy_score,f1_macro,f1_micro,balanced_accuracy_score,aic,aic_avg,bic,bic_avg,ebic,ebic_avg
13771.776853561401,5,0.787117903930131,0.7854984506297612,0.787117903930131,0.7870720625255088,29591.553707122803,1.196488505059146,37902.18741533755,1.5325160688718076,52097.84167320523,2.1064952965067616
