loss,layer_idx,accuracy_score,f1_macro,f1_micro,balanced_accuracy_score,aic_rep,aic_rep_avg,bic_rep,bic_rep_avg,ebic_rep,ebic_rep_avg,aic_cls,aic_cls_avg,bic_cls,bic_cls_avg,ebic_cls,ebic_cls_avg,aic_pr,aic_pr_avg,bic_pr,bic_pr_avg,ebic_pr,ebic_pr_avg
22449.032318115234,21,0.6665857997735727,0.6616937775111116,0.6665857997735727,0.666533496284025,46946.06463623047,1.8981911950602648,55256.69834444521,2.234218758872926,69452.3526023129,2.80819798650788,61298.06463623047,2.4784920199025744,127848.06112779383,5.169337745746152,275643.04783313227,11.145198440608615,44950.69571304321,1.8175115523630605,45164.26876043561,1.8261470467586773,45336.380775372985,1.8331061287147414
