loss,layer_idx,accuracy_score,f1_macro,f1_micro,balanced_accuracy_score,aic,aic_avg,bic,bic_avg,ebic,ebic_avg
43157.16932678223,13,0.35476306000323465,0.34620250106793315,0.35476306000323465,0.3547173605120718,119098.33865356445,4.815556309783457,252133.40481084576,10.194622546128326,570287.3290611416,23.058682236015752
