loss,layer_idx,accuracy_score,f1_macro,f1_micro,balanced_accuracy_score,aic,aic_avg,bic,bic_avg,ebic,ebic_avg
48483.58150100708,4,0.24175157690441534,0.2362776292777895,0.24175157690441534,0.2417246166461178,101063.16300201416,4.086331999111037,117684.43041844365,4.75838712673636,148914.86978575255,6.021141427533259
