loss,layer_idx,accuracy_score,f1_macro,f1_micro,balanced_accuracy_score,aic_rep,aic_rep_avg,bic_rep,bic_rep_avg,ebic_rep,ebic_rep_avg,aic_cls,aic_cls_avg,bic_cls,bic_cls_avg,ebic_cls,ebic_cls_avg,aic_pr,aic_pr_avg,bic_pr,bic_pr_avg,ebic_pr,ebic_pr_avg
20915.47190093994,18,0.6840934821284166,0.6805110501600541,0.6840934821284166,0.6840413596463456,43878.94380187988,1.7741769287514104,52189.57751009463,2.1102044925640717,66385.23176796231,2.6841837201990257,58230.94380187988,2.35447775359372,124780.94029344324,5.045323479437298,272575.9269987817,11.02118417429976,41884.56885910034,1.6935374761078903,42102.175406044335,1.702336058792024,42278.54121478844,1.7094671362925942
