loss,layer_idx,accuracy_score,f1_macro,f1_micro,balanced_accuracy_score,aic,aic_avg,bic,bic_avg,ebic,ebic_avg
48600.42945480347,5,0.2405385735080058,0.23523988910975452,0.2405385735080058,0.24051243654671153,101296.85890960693,4.0957811300989375,117918.12632603642,4.767836257724261,149148.56569334533,6.03059055852116
