loss,layer_idx,accuracy_score,f1_macro,f1_micro,balanced_accuracy_score,aic,aic_avg,bic,bic_avg,ebic,ebic_avg
27825.759563446045,30,0.5825246644023937,0.5675542922829139,0.5825246644023937,0.5824633801626389,88435.51912689209,3.575752835471943,221470.5852841734,8.954819071816813,539624.5095344692,21.818878761704237
