loss,layer_idx,accuracy_score,f1_macro,f1_micro,balanced_accuracy_score,aic,aic_avg,bic,bic_avg,ebic,ebic_avg
35774.91565704346,46,0.47307132459970885,0.4507759711666955,0.47307132459970885,0.4730032269147231,96141.83131408691,3.8873455973672537,195934.36263850925,7.922301578461477,427517.9468206009,17.286024050646972
