loss,layer_idx,accuracy_score,f1_macro,f1_micro,balanced_accuracy_score,aic,aic_avg,bic,bic_avg,ebic,ebic_avg
43541.88871765137,20,0.3425925925925926,0.33280754550790903,0.3425925925925926,0.34254346718335604,119867.77743530273,4.846667371636048,252902.84359258405,10.225733607980917,571056.7678428799,23.089793297868344
