loss,layer_idx,accuracy_score,f1_macro,f1_micro,balanced_accuracy_score,aic,aic_avg,bic,bic_avg,ebic,ebic_avg
35774.91565704346,46,0.47307132459970885,0.4507759711666955,0.47307132459970885,0.4730032269147231,74621.83131408691,3.017217827676165,87087.78187640902,3.521259173395157,109626.85207531882,4.432591463501489
