loss,layer_idx,accuracy_score,f1_macro,f1_micro,balanced_accuracy_score,aic,aic_avg,bic,bic_avg,ebic,ebic_avg
18028.182006835938,16,0.7245673621219473,0.7210068213938078,0.7245673621219473,0.7245160540606204,38104.364013671875,1.5406907655536097,46414.99772188662,1.8767183293662713,60610.6519797543,2.450697557001225
