loss,layer_idx,accuracy_score,f1_macro,f1_micro,balanced_accuracy_score,aic_rep,aic_rep_avg,bic_rep,bic_rep_avg,ebic_rep,ebic_rep_avg,aic_cls,aic_cls_avg,bic_cls,bic_cls_avg,ebic_cls,ebic_cls_avg,aic_pr,aic_pr_avg,bic_pr,bic_pr_avg,ebic_pr,ebic_pr_avg
37291.677837371826,40,0.4469917515769044,0.4281792861464464,0.4469917515769044,0.44692420547641054,77655.35567474365,3.139873672761752,90121.30623706576,3.643915018480744,112660.37643597556,4.5552473085870755,99175.35567474365,4.0100014424528405,198967.886999166,8.044957423547064,430551.4711812576,17.408679895732558,74635.96078109741,3.0177891307252716,74849.42844227309,3.0264203639929277,75021.42956765588,3.033374962302114
