loss,layer_idx,accuracy_score,f1_macro,f1_micro,balanced_accuracy_score,aic,aic_avg,bic,bic_avg,ebic,ebic_avg
35481.86009979248,35,0.4745269286754003,0.4535391283530543,0.4745269286754003,0.4744626262983081,74035.72019958496,2.9935193352573575,86501.67076190707,3.497560680976349,109040.74096081687,4.408892971082681
