loss,layer_idx,accuracy_score,f1_macro,f1_micro,balanced_accuracy_score,aic_rep,aic_rep_avg,bic_rep,bic_rep_avg,ebic_rep,ebic_rep_avg,aic_cls,aic_cls_avg,bic_cls,bic_cls_avg,ebic_cls,ebic_cls_avg,aic_pr,aic_pr_avg,bic_pr,bic_pr_avg,ebic_pr,ebic_pr_avg
35262.625076293945,45,0.4841500889535824,0.462464964531789,0.4841500889535824,0.48408017821605087,73597.25015258789,2.975790480049648,86063.20071491,3.4798318257686396,108602.2709138198,4.391164115874972,95117.25015258789,3.8459182497407363,194909.78147701023,7.8808742308349595,426493.36565910187,17.244596703020456,70591.5541229248,2.8542598302977846,70860.61076885763,2.86513871780922,71092.74777749191,2.874524817139411
