loss,layer_idx,accuracy_score,f1_macro,f1_micro,balanced_accuracy_score,aic,aic_avg,bic,bic_avg,ebic,ebic_avg
39885.98804092407,23,0.4048196668284004,0.39321436953308464,0.4048196668284004,0.4047628775827197,112555.97608184814,4.551026042448979,245591.04223912946,9.930092278793849,563744.9664894253,22.794151968681273
