loss,layer_idx,accuracy_score,f1_macro,f1_micro,balanced_accuracy_score,aic_rep,aic_rep_avg,bic_rep,bic_rep_avg,ebic_rep,ebic_rep_avg,aic_cls,aic_cls_avg,bic_cls,bic_cls_avg,ebic_cls,ebic_cls_avg,aic_pr,aic_pr_avg,bic_pr,bic_pr_avg,ebic_pr,ebic_pr_avg
22971.849826812744,46,0.6788775675238558,0.6742066003619425,0.6788775675238558,0.6788231993850729,50039.69965362549,2.023277521171983,66660.96707005498,2.695332648797306,97891.40643736387,3.958086949594205,78727.69965362549,3.1832322357118508,211762.7658109068,8.56229847205672,529916.6900612026,21.426358161944147,46007.83229827881,1.8602552279750448,46268.07786392961,1.870777853142876,46490.477455612156,1.8797702351452432
