loss,layer_idx,accuracy_score,f1_macro,f1_micro,balanced_accuracy_score,aic,aic_avg,bic,bic_avg,ebic,ebic_avg
46229.877616882324,8,0.29694323144104806,0.2893876514618045,0.29694323144104806,0.2969071778561625,125243.75523376465,5.064036682587928,258278.82139104596,10.443102918932798,576432.7456413418,23.307162608820224
