loss,layer_idx,accuracy_score,f1_macro,f1_micro,balanced_accuracy_score,aic,aic_avg,bic,bic_avg,ebic,ebic_avg
46927.47347640991,0,0.2740174672489083,0.2453823497874807,0.2740174672489083,0.27396458155262216,95918.94695281982,3.878333614459802,104294.50748688,4.21698639361475,118617.12763150968,4.796099289645386
