loss,layer_idx,accuracy_score,f1_macro,f1_micro,balanced_accuracy_score,aic,aic_avg,bic,bic_avg,ebic,ebic_avg
35039.895221710205,15,0.4915898431182274,0.4811739770246646,0.4915898431182274,0.4915336915924134,94671.79044342041,3.827906778401278,194464.32176784275,7.862862759495502,426047.9059499344,17.226585231680996
