loss,layer_idx,accuracy_score,f1_macro,f1_micro,balanced_accuracy_score,aic_rep,aic_rep_avg,bic_rep,bic_rep_avg,ebic_rep,ebic_rep_avg,aic_cls,aic_cls_avg,bic_cls,bic_cls_avg,ebic_cls,ebic_cls_avg,aic_pr,aic_pr_avg,bic_pr,bic_pr_avg,ebic_pr,ebic_pr_avg
33111.45085525513,47,0.5256348051107876,0.5109795108985852,0.5256348051107876,0.5255656801910773,69294.90171051025,2.8018317042904033,81760.85227283236,3.305873050009395,104299.92247174216,4.217205340115727,90814.90171051025,3.6719594739814916,190607.4330349326,7.706915455075715,422191.01721702423,17.07063792726121,66279.36400222778,2.6799031215521505,66508.48383855139,2.6891672262069943,66697.09194402702,2.6967933019580714
