loss,layer_idx,accuracy_score,f1_macro,f1_micro,balanced_accuracy_score,aic,aic_avg,bic,bic_avg,ebic,ebic_avg
48590.56171798706,16,0.24640142325731845,0.24194315643409656,0.24640142325731845,0.24636965503879107,101277.12343597412,4.094983156880726,117898.39085240361,4.767038284506049,149128.83021971252,6.029792585302948
