loss,layer_idx,accuracy_score,f1_macro,f1_micro,balanced_accuracy_score,aic,aic_avg,bic,bic_avg,ebic,ebic_avg
20115.887226104736,17,0.6935144751738638,0.6897631777490714,0.6935144751738638,0.6934593421310122,42279.77445220947,1.7095170003319373,50590.40816042422,2.0455445641445986,64786.0624182919,2.6195237917795526
