loss,layer_idx,accuracy_score,f1_macro,f1_micro,balanced_accuracy_score,aic_rep,aic_rep_avg,bic_rep,bic_rep_avg,ebic_rep,ebic_rep_avg,aic_cls,aic_cls_avg,bic_cls,bic_cls_avg,ebic_cls,ebic_cls_avg,aic_pr,aic_pr_avg,bic_pr,bic_pr_avg,ebic_pr,ebic_pr_avg
31526.867668151855,27,0.5388565421316514,0.5178020081420196,0.5388565421316514,0.538791925087725,66125.73533630371,2.673691385100425,78591.68589862582,3.1777327308194168,101130.75609753562,4.089065020925749,87645.73533630371,3.5438191547915134,187438.26666072605,7.578775135885737,419021.8508428177,16.942497608071232,63117.12135696411,2.5520427525862894,63374.33717724239,2.5624428747065497,63593.40536062621,2.571300556389544
