loss,layer_idx,accuracy_score,f1_macro,f1_micro,balanced_accuracy_score,aic_rep,aic_rep_avg,bic_rep,bic_rep_avg,ebic_rep,ebic_rep_avg,aic_cls,aic_cls_avg,bic_cls,bic_cls_avg,ebic_cls,ebic_cls_avg,aic_pr,aic_pr_avg,bic_pr,bic_pr_avg,ebic_pr,ebic_pr_avg
35518.50755691528,41,0.480228044638525,0.46133174658549747,0.480228044638525,0.4801586105188814,74109.01511383057,2.9964829012546725,86574.96567615267,3.5005242469736646,109114.03587506247,4.411856537079997,95629.01511383057,3.8666106709457613,195421.5464382529,7.9015666520399845,427005.13062034454,17.26528912422548,71091.49350357056,2.8744741025218565,71312.56281125729,2.8834126965573867,71492.59520230265,2.8906920266174447
