loss,layer_idx,accuracy_score,f1_macro,f1_micro,balanced_accuracy_score,aic_rep,aic_rep_avg,bic_rep,bic_rep_avg,ebic_rep,ebic_rep_avg,aic_cls,aic_cls_avg,bic_cls,bic_cls_avg,ebic_cls,ebic_cls_avg,aic_pr,aic_pr_avg,bic_pr,bic_pr_avg,ebic_pr,ebic_pr_avg
35687.742458343506,43,0.4841905224001294,0.46318859243074084,0.4841905224001294,0.4841196903529562,74447.48491668701,3.010168401936237,86913.43547900912,3.5142097476552285,109452.50567791892,4.425542037761561,95967.48491668701,3.880296171627325,195760.01624110935,7.915252152721549,427343.600423201,17.278974624907043,71430.99110794067,2.8882011607609845,71656.23115874502,2.897308392315422,71840.69751125154,2.904767002719211
