loss,layer_idx,accuracy_score,f1_macro,f1_micro,balanced_accuracy_score,aic,aic_avg,bic,bic_avg,ebic,ebic_avg
40035.28342819214,24,0.4021510593562995,0.39213469074413654,0.4021510593562995,0.40209702854966367,112854.56685638428,4.563099096570608,245889.6330136656,9.942165332915478,564043.5572639614,22.806225022802902
