loss,layer_idx,accuracy_score,f1_macro,f1_micro,balanced_accuracy_score,aic,aic_avg,bic,bic_avg,ebic,ebic_avg
36653.13203430176,36,0.45588710981724084,0.43888680528616625,0.45588710981724084,0.45583062713746403,97898.26406860352,3.958364227260372,197690.79539302585,7.993320208354596,429274.3795751175,17.35704268054009
