loss,layer_idx,accuracy_score,f1_macro,f1_micro,balanced_accuracy_score,aic_rep,aic_rep_avg,bic_rep,bic_rep_avg,ebic_rep,ebic_rep_avg,aic_cls,aic_cls_avg,bic_cls,bic_cls_avg,ebic_cls,ebic_cls_avg,aic_pr,aic_pr_avg,bic_pr,bic_pr_avg,ebic_pr,ebic_pr_avg
20140.440908432007,47,0.7171276079573022,0.7117843736545726,0.7171276079573022,0.7170731592902753,44376.881816864014,1.7943102788639824,60998.1492332935,2.4663654064893055,92228.5886006024,3.7291197072862037,73064.88181686401,2.9542649934038496,206099.94797414533,8.333331229748719,524253.87222444115,21.197390919636145,40351.87530899048,1.6315653933766165,40639.961690206335,1.6432137186724218,40893.36877742183,1.6534598405879761
