loss,layer_idx,accuracy_score,f1_macro,f1_micro,balanced_accuracy_score,aic,aic_avg,bic,bic_avg,ebic,ebic_avg
45826.31625366211,0,0.3027656477438137,0.29082869401452693,0.3027656477438137,0.3027153499922664,108052.63250732422,4.368940340745763,174602.62899888758,7.059786066589341,322397.615704226,13.035646761451805
