loss,layer_idx,accuracy_score,f1_macro,f1_micro,balanced_accuracy_score,aic,aic_avg,bic,bic_avg,ebic,ebic_avg
20115.887226104736,17,0.6935144751738638,0.6897631777490714,0.6935144751738638,0.6934593421310122,56631.77445220947,2.289817825174247,123181.77094377283,4.980663551017824,270976.75764911127,10.956524245880287
