loss,layer_idx,accuracy_score,f1_macro,f1_micro,balanced_accuracy_score,aic,aic_avg,bic,bic_avg,ebic,ebic_avg
47703.078815460205,17,0.262372634643377,0.2569739546462477,0.262372634643377,0.26233677179679293,128190.15763092041,5.183169886419231,261225.22378820172,10.5622361227641,579379.1480384975,23.426295812651524
