loss,layer_idx,accuracy_score,f1_macro,f1_micro,balanced_accuracy_score,aic,aic_avg,bic,bic_avg,ebic,ebic_avg
33146.625900268555,26,0.5107148633349506,0.48800981905174123,0.5107148633349506,0.5106446163012573,90885.25180053711,3.674803970586168,190677.78312495945,7.709759951680391,422261.3673070511,17.073482423865887
