loss,layer_idx,accuracy_score,f1_macro,f1_micro,balanced_accuracy_score,aic,aic_avg,bic,bic_avg,ebic,ebic_avg
29525.373287200928,29,0.5563237910399482,0.5397038268890225,0.5563237910399482,0.5562582886227829,91834.74657440186,3.7131953167718685,224869.81273168317,9.092261553116739,543023.736981979,21.956321243004165
