loss,layer_idx,accuracy_score,f1_macro,f1_micro,balanced_accuracy_score,aic,aic_avg,bic,bic_avg,ebic,ebic_avg
37291.677837371826,40,0.4469917515769044,0.4281792861464464,0.4469917515769044,0.44692420547641054,99175.35567474365,4.0100014424528405,198967.886999166,8.044957423547064,430551.4711812576,17.408679895732558
