loss,layer_idx,accuracy_score,f1_macro,f1_micro,balanced_accuracy_score,aic_rep,aic_rep_avg,bic_rep,bic_rep_avg,ebic_rep,ebic_rep_avg,aic_cls,aic_cls_avg,bic_cls,bic_cls_avg,ebic_cls,ebic_cls_avg,aic_pr,aic_pr_avg,bic_pr,bic_pr_avg,ebic_pr,ebic_pr_avg
46164.37982940674,10,0.2916060164968462,0.28362057427102816,0.2916060164968462,0.291566091912729,96424.75965881348,3.8987853654703817,113046.02707524296,4.570840493095704,144276.46644255187,5.833594793892604,125112.75965881348,5.058740080010249,258147.8258160948,10.437806316355118,576301.7500663906,23.301866006242545,92389.99559402466,3.7356459483270523,92638.4865253333,3.7456932931155302,92848.0106045942,3.7541650737746317
