loss,layer_idx,accuracy_score,f1_macro,f1_micro,balanced_accuracy_score,aic,aic_avg,bic,bic_avg,ebic,ebic_avg
16041.032495498657,9,0.7510512696102216,0.7490141166144244,0.7510512696102216,0.7510011803811807,48482.064990997314,1.960296983300878,115032.06148256068,4.651142709144455,262827.0481878991,10.627003404006919
