loss,layer_idx,accuracy_score,f1_macro,f1_micro,balanced_accuracy_score,aic_rep,aic_rep_avg,bic_rep,bic_rep_avg,ebic_rep,ebic_rep_avg,aic_cls,aic_cls_avg,bic_cls,bic_cls_avg,ebic_cls,ebic_cls_avg,aic_pr,aic_pr_avg,bic_pr,bic_pr_avg,ebic_pr,ebic_pr_avg
43876.78525543213,16,0.33280769852822256,0.3229382220034325,0.33280769852822256,0.3327602289032848,90825.57051086426,3.6723908503503258,103291.52107318636,4.176432196069317,125830.59127209616,5.08776448617565,112345.57051086426,4.542518620041414,212138.1018352866,8.577474601135638,443721.68601737823,17.94119707332113,87836.48389434814,3.5515317764171175,88172.94031995523,3.5651358693172908,88481.76360643159,3.577622659163496
