loss,layer_idx,accuracy_score,f1_macro,f1_micro,balanced_accuracy_score,aic,aic_avg,bic,bic_avg,ebic,ebic_avg
21541.821908950806,44,0.6902393660035582,0.6826520295074496,0.6902393660035582,0.6901717630360031,75867.64381790161,3.0675903209567204,208902.70997518292,8.44665655730159,527056.6342254787,21.310716247189017
