loss,layer_idx,accuracy_score,f1_macro,f1_micro,balanced_accuracy_score,aic,aic_avg,bic,bic_avg,ebic,ebic_avg
37219.34487915039,25,0.4459809154132298,0.42215094293258576,0.4459809154132298,0.44591326884331883,99030.68975830078,4.004152100853178,198823.22108272312,8.0391080819474,430406.80526481476,17.402830554132894
