loss,layer_idx,accuracy_score,f1_macro,f1_micro,balanced_accuracy_score,aic_rep,aic_rep_avg,bic_rep,bic_rep_avg,ebic_rep,ebic_rep_avg,aic_cls,aic_cls_avg,bic_cls,bic_cls_avg,ebic_cls,ebic_cls_avg,aic_pr,aic_pr_avg,bic_pr,bic_pr_avg,ebic_pr,ebic_pr_avg
50655.92418670654,4,0.1985282225456898,0.1964126665647117,0.1985282225456898,0.19851330786331983,104383.84837341309,4.220598753574846,116849.79893573519,4.724640099293838,139388.86913464498,5.635972389400169,125903.84837341309,5.090726523265935,225696.37969783542,9.125682504360158,457279.96387992706,18.48940497654565,101405.7354888916,4.100183385447663,101786.7225136293,4.115588003947489,102148.08896007542,4.130199294843742
