loss,layer_idx,accuracy_score,f1_macro,f1_micro,balanced_accuracy_score,aic,aic_avg,bic,bic_avg,ebic,ebic_avg
46229.877616882324,8,0.29694323144104806,0.2893876514618045,0.29694323144104806,0.2969071778561625,96555.75523376465,3.904081968048061,113177.02265019414,4.576137095673384,144407.46201750304,5.8388913964702835
