loss,layer_idx,accuracy_score,f1_macro,f1_micro,balanced_accuracy_score,aic_rep,aic_rep_avg,bic_rep,bic_rep_avg,ebic_rep,ebic_rep_avg,aic_cls,aic_cls_avg,bic_cls,bic_cls_avg,ebic_cls,ebic_cls_avg,aic_pr,aic_pr_avg,bic_pr,bic_pr_avg,ebic_pr,ebic_pr_avg
47703.078815460205,17,0.262372634643377,0.2569739546462477,0.262372634643377,0.26233677179679293,99502.15763092041,4.023215171879364,116123.4250473499,4.695270299504686,147353.8644146588,5.958024600301585,128190.15763092041,5.183169886419231,261225.22378820172,10.5622361227641,579379.1480384975,23.426295812651524,95503.0636138916,3.8615180177054667,95896.30098137601,3.8774179597839242,96272.35375892348,3.8926230696637343
