loss,layer_idx,accuracy_score,f1_macro,f1_micro,balanced_accuracy_score,aic,aic_avg,bic,bic_avg,ebic,ebic_avg
47000.68081283569,3,0.27939511563965713,0.2713048103425828,0.27939511563965713,0.27935648174222344,118593.36162567139,4.795138348118688,218385.89295009372,8.830094329212912,449969.47713218536,18.193816801398405
