loss,layer_idx,accuracy_score,f1_macro,f1_micro,balanced_accuracy_score,aic,aic_avg,bic,bic_avg,ebic,ebic_avg
39351.96032714844,10,0.418203137635452,0.40601359470539733,0.418203137635452,0.4181474286642429,103295.92065429688,4.176610086296979,203088.4519787192,8.211566067391201,434672.03616081085,17.575288539576697
