loss,layer_idx,accuracy_score,f1_macro,f1_micro,balanced_accuracy_score,aic,aic_avg,bic,bic_avg,ebic,ebic_avg
24703.669485092163,40,0.6449539058709365,0.6331363560214953,0.6449539058709365,0.644887226923827,53503.338970184326,2.163324396336096,70124.60638661381,2.835379523961419,101355.0457539227,4.0981338247583174
