loss,layer_idx,accuracy_score,f1_macro,f1_micro,balanced_accuracy_score,aic,aic_avg,bic,bic_avg,ebic,ebic_avg
14781.288734436035,4,0.7694889212356462,0.7671789875829713,0.7694889212356462,0.7694413221601253,45962.57746887207,1.8584254192492347,112512.57396043543,4.5492711450928125,260307.56066577387,10.525131839955275
