loss,layer_idx,accuracy_score,f1_macro,f1_micro,balanced_accuracy_score,aic_rep,aic_rep_avg,bic_rep,bic_rep_avg,ebic_rep,ebic_rep_avg,aic_cls,aic_cls_avg,bic_cls,bic_cls_avg,ebic_cls,ebic_cls_avg,aic_pr,aic_pr_avg,bic_pr,bic_pr_avg,ebic_pr,ebic_pr_avg
42079.539123535156,21,0.36725699498625264,0.3554157384830822,0.36725699498625264,0.3672036541492768,88255.07824707031,3.568456988802778,104876.3456634998,4.240512116428102,136106.7850308087,5.503266417225,116943.07824707031,4.728411703342646,249978.14440435162,10.107477939687515,568132.0686546474,22.971537629574943,84244.45498657227,3.4062936675793414,84590.90753012813,3.4203019379802737,84911.40553635822,3.4332607769835928
