loss,layer_idx,accuracy_score,f1_macro,f1_micro,balanced_accuracy_score,aic_rep,aic_rep_avg,bic_rep,bic_rep_avg,ebic_rep,ebic_rep_avg,aic_cls,aic_cls_avg,bic_cls,bic_cls_avg,ebic_cls,ebic_cls_avg,aic_pr,aic_pr_avg,bic_pr,bic_pr_avg,ebic_pr,ebic_pr_avg
32531.208435058594,33,0.5232087983179686,0.5043608906044961,0.5232087983179686,0.5231429143764859,68134.41687011719,2.7549093025277855,80600.36743243929,3.258950648246777,103139.4376313491,4.170282938353109,89654.41687011719,3.625037072218874,189446.94819453952,7.659993053313097,421030.53237663116,17.02371552549859,65119.335468292236,2.6329991698322917,65350.30696273457,2.6423381434067026,65540.89746458628,2.6500443742756863
