loss,layer_idx,accuracy_score,f1_macro,f1_micro,balanced_accuracy_score,aic,aic_avg,bic,bic_avg,ebic,ebic_avg
33791.737060546875,34,0.49939349830179525,0.4807936365325898,0.49939349830179525,0.49933263588871957,92175.47412109375,3.7269721058181204,191968.0054455161,7.761928086912344,423551.5896276077,17.12565055909784
