loss,layer_idx,accuracy_score,f1_macro,f1_micro,balanced_accuracy_score,aic_rep,aic_rep_avg,bic_rep,bic_rep_avg,ebic_rep,ebic_rep_avg,aic_cls,aic_cls_avg,bic_cls,bic_cls_avg,ebic_cls,ebic_cls_avg,aic_pr,aic_pr_avg,bic_pr,bic_pr_avg,ebic_pr,ebic_pr_avg
41620.8180847168,0,0.37388808021995795,0.3626340737840909,0.37388808021995795,0.3738391947006106,87337.6361694336,3.5313616435967004,103958.90358586308,4.203416771222023,135189.342953172,5.4661710720189225,116025.6361694336,4.691316358136568,249060.7023267149,10.070382594481437,567214.6265770107,22.934442284368863,83282.14878845215,3.36738431135582,83446.54602342464,3.3740314581685524,83568.42687018763,3.378959520871245
