loss,layer_idx,accuracy_score,f1_macro,f1_micro,balanced_accuracy_score,aic_rep,aic_rep_avg,bic_rep,bic_rep_avg,ebic_rep,ebic_rep_avg,aic_cls,aic_cls_avg,bic_cls,bic_cls_avg,ebic_cls,ebic_cls_avg,aic_pr,aic_pr_avg,bic_pr,bic_pr_avg,ebic_pr,ebic_pr_avg
35341.21649169922,44,0.48633349506711954,0.4653980429713482,0.48633349506711954,0.4862659505537711,73754.43298339844,2.9821459236373298,86220.38354572054,3.4861872693563214,108759.45374463034,4.397519559462653,95274.43298339844,3.852273693328418,195066.96430782077,7.887229674422642,426650.5484899124,17.250952146608135,70745.0493850708,2.86046617277498,70999.14214797385,2.8707400189217958,71214.78552644826,2.879459223938552
