loss,layer_idx,accuracy_score,f1_macro,f1_micro,balanced_accuracy_score,aic,aic_avg,bic,bic_avg,ebic,ebic_avg
37002.34889984131,37,0.45224809962801227,0.43277153644330313,0.45224809962801227,0.4521853277307839,98596.69779968262,3.9866043101925692,198389.22912410495,8.021560291286793,429972.8133061966,17.385282763472286
