loss,layer_idx,accuracy_score,f1_macro,f1_micro,balanced_accuracy_score,aic_rep,aic_rep_avg,bic_rep,bic_rep_avg,ebic_rep,ebic_rep_avg,aic_cls,aic_cls_avg,bic_cls,bic_cls_avg,ebic_cls,ebic_cls_avg,aic_pr,aic_pr_avg,bic_pr,bic_pr_avg,ebic_pr,ebic_pr_avg
45407.512939453125,1,0.309437166424066,0.3023058963283076,0.309437166424066,0.3093986588787471,92863.02587890625,3.7547721930659166,101173.65958712099,4.090799756878578,115369.31384498866,4.664778984513531,107215.02587890625,4.335073017908226,173765.0223704696,7.025918743751804,321560.00907580805,13.001779438614268,90851.46466827393,3.6734378403798287,90999.33060147976,3.6794165696862264,91105.09369798155,3.6836929361952753
