loss,layer_idx,accuracy_score,f1_macro,f1_micro,balanced_accuracy_score,aic,aic_avg,bic,bic_avg,ebic,ebic_avg
27873.55564880371,34,0.5807051593077794,0.5664829622098413,0.5807051593077794,0.5806437768692889,59843.11129760742,2.419663241857004,76464.37871403691,3.091718369482327,107694.8180813458,4.354472670279225
