loss,layer_idx,accuracy_score,f1_macro,f1_micro,balanced_accuracy_score,aic,aic_avg,bic,bic_avg,ebic,ebic_avg
45691.69174194336,1,0.3058790231279314,0.29107104082719737,0.3058790231279314,0.30582806451617883,115975.38348388672,4.689284468861666,215767.91480830905,8.72424044995589,447351.4989904007,18.087962922141383
