loss,layer_idx,accuracy_score,f1_macro,f1_micro,balanced_accuracy_score,aic_rep,aic_rep_avg,bic_rep,bic_rep_avg,ebic_rep,ebic_rep_avg,aic_cls,aic_cls_avg,bic_cls,bic_cls_avg,ebic_cls,ebic_cls_avg,aic_pr,aic_pr_avg,bic_pr,bic_pr_avg,ebic_pr,ebic_pr_avg
40035.28342819214,24,0.4021510593562995,0.39213469074413654,0.4021510593562995,0.40209702854966367,84166.56685638428,3.4031443820307405,100787.83427281376,4.075199509656064,132018.27364012267,5.337953810452962,112854.56685638428,4.563099096570608,245889.6330136656,9.942165332915478,564043.5572639614,22.806225022802902,80137.45282745361,3.2402334153102705,80408.87118964868,3.2512077951499547,80643.63039064406,3.260699918754814
