loss,layer_idx,accuracy_score,f1_macro,f1_micro,balanced_accuracy_score,aic,aic_avg,bic,bic_avg,ebic,ebic_avg
39417.29402542114,23,0.40898431182273975,0.3842621166685997,0.40898431182273975,0.40891989183381355,81906.58805084229,3.3117656497995425,94372.53861316439,3.815806995518534,116911.60881207419,4.727139285624866
