loss,layer_idx,accuracy_score,f1_macro,f1_micro,balanced_accuracy_score,aic_rep,aic_rep_avg,bic_rep,bic_rep_avg,ebic_rep,ebic_rep_avg,aic_cls,aic_cls_avg,bic_cls,bic_cls_avg,ebic_cls,ebic_cls_avg,aic_pr,aic_pr_avg,bic_pr,bic_pr_avg,ebic_pr,ebic_pr_avg
20544.002084732056,24,0.695333980268478,0.6920542179761607,0.695333980268478,0.6952813761486342,43136.00416946411,1.7441373188364917,51446.637877678855,2.0801648826491532,65642.29213554654,2.6541441102841072,57488.00416946411,2.324438143678801,124038.00066102747,5.015283869522379,271832.9873663659,10.991144564384841,41131.70657348633,1.663096659125276,41309.04772192239,1.6702671729711462,41443.83712084756,1.6757171729276872
