loss,layer_idx,accuracy_score,f1_macro,f1_micro,balanced_accuracy_score,aic_rep,aic_rep_avg,bic_rep,bic_rep_avg,ebic_rep,ebic_rep_avg,aic_cls,aic_cls_avg,bic_cls,bic_cls_avg,ebic_cls,ebic_cls_avg,aic_pr,aic_pr_avg,bic_pr,bic_pr_avg,ebic_pr,ebic_pr_avg
48600.42945480347,5,0.2405385735080058,0.23523988910975452,0.2405385735080058,0.24051243654671153,101296.85890960693,4.0957811300989375,117918.12632603642,4.767836257724261,149148.56569334533,6.03059055852116,129984.85890960693,5.255735844638806,263019.9250668882,10.634802080983674,581173.849317184,23.498861770871095,97267.0597076416,3.9328424594711953,97535.69768794317,3.9437044188882084,97767.37038192962,3.9530717443769054
