loss,layer_idx,accuracy_score,f1_macro,f1_micro,balanced_accuracy_score,aic,aic_avg,bic,bic_avg,ebic,ebic_avg
40139.07674407959,8,0.40574963609898107,0.39330613512657436,0.40574963609898107,0.4056962243854478,83350.15348815918,3.370133975746368,95816.10405048128,3.8741753214653603,118355.17424939109,4.785507611571692
