loss,layer_idx,accuracy_score,f1_macro,f1_micro,balanced_accuracy_score,aic,aic_avg,bic,bic_avg,ebic,ebic_avg
15632.772207260132,13,0.7609170305676856,0.7592031500752845,0.7609170305676856,0.760872724252858,47665.544414520264,1.9272822422173808,114215.54090608362,4.618127968060959,262010.52761142206,10.593988662923422
