loss,layer_idx,accuracy_score,f1_macro,f1_micro,balanced_accuracy_score,aic,aic_avg,bic,bic_avg,ebic,ebic_avg
46136.03173446655,7,0.29609412906356136,0.2884719109699896,0.29609412906356136,0.2960563823968112,96368.0634689331,3.896492943107436,112989.3308853626,4.568548070732759,144219.7702526715,5.831302371529658
