loss,layer_idx,accuracy_score,f1_macro,f1_micro,balanced_accuracy_score,aic,aic_avg,bic,bic_avg,ebic,ebic_avg
43541.88871765137,20,0.3425925925925926,0.33280754550790903,0.3425925925925926,0.34254346718335604,91179.77743530273,3.6867126570961806,107801.04485173222,4.358767784721503,139031.48421904113,5.621522085518403
