loss,layer_idx,accuracy_score,f1_macro,f1_micro,balanced_accuracy_score,aic,aic_avg,bic,bic_avg,ebic,ebic_avg
46164.37982940674,10,0.2916060164968462,0.28362057427102816,0.2916060164968462,0.291566091912729,96424.75965881348,3.8987853654703817,113046.02707524296,4.570840493095704,144276.46644255187,5.833594793892604
