loss,layer_idx,accuracy_score,f1_macro,f1_micro,balanced_accuracy_score,aic,aic_avg,bic,bic_avg,ebic,ebic_avg
25533.961822509766,3,0.6068655992236778,0.5984770699555195,0.6068655992236778,0.6068140672519671,67467.92364501953,2.7279606843368724,134017.9201365829,5.4188064101804505,281812.9068419213,11.394667105042913
