loss,layer_idx,accuracy_score,f1_macro,f1_micro,balanced_accuracy_score,aic_rep,aic_rep_avg,bic_rep,bic_rep_avg,ebic_rep,ebic_rep_avg,aic_cls,aic_cls_avg,bic_cls,bic_cls_avg,ebic_cls,ebic_cls_avg,aic_pr,aic_pr_avg,bic_pr,bic_pr_avg,ebic_pr,ebic_pr_avg
45976.10029602051,11,0.29201035096231603,0.2816610040394131,0.29201035096231603,0.29196794946758653,95024.20059204102,3.842155935308144,107490.15115436312,4.346197281027136,130029.22135327292,5.2575295711334675,116544.20059204102,4.7122837049992325,216336.73191646335,8.747239686093456,447920.316098555,18.11096215827895,92043.05556488037,3.721617967203638,92411.73837730111,3.7365250839924435,92758.45160973442,3.7505438949431675
