loss,layer_idx,accuracy_score,f1_macro,f1_micro,balanced_accuracy_score,aic,aic_avg,bic,bic_avg,ebic,ebic_avg
45939.28757476807,2,0.30308911531618954,0.290846872052972,0.30308911531618954,0.30304155862241133,116470.57514953613,4.7093067746052135,216263.10647395847,8.744262755699436,447846.6906560501,18.10798522788493
