loss,layer_idx,accuracy_score,f1_macro,f1_micro,balanced_accuracy_score,aic_rep,aic_rep_avg,bic_rep,bic_rep_avg,ebic_rep,ebic_rep_avg,aic_cls,aic_cls_avg,bic_cls,bic_cls_avg,ebic_cls,ebic_cls_avg,aic_pr,aic_pr_avg,bic_pr,bic_pr_avg,ebic_pr,ebic_pr_avg
48108.831787109375,7,0.24890829694323144,0.24184612409075595,0.24890829694323144,0.24887525857125653,99289.66357421875,4.014623304796165,111755.61413654085,4.518664650515157,134294.68433545064,5.429996940621488,120809.66357421875,4.884751074487253,220602.1948986411,8.919707055581476,452185.7790807327,18.28342952776697,96326.64765167236,3.894818358874024,96768.89704021957,3.912700025886284,97204.62132199027,3.930317860342482
