loss,layer_idx,accuracy_score,f1_macro,f1_micro,balanced_accuracy_score,aic_rep,aic_rep_avg,bic_rep,bic_rep_avg,ebic_rep,ebic_rep_avg,aic_cls,aic_cls_avg,bic_cls,bic_cls_avg,ebic_cls,ebic_cls_avg,aic_pr,aic_pr_avg,bic_pr,bic_pr_avg,ebic_pr,ebic_pr_avg
27406.503215789795,31,0.5877001455604076,0.5725969410117833,0.5877001455604076,0.5876384456035162,58909.00643157959,2.3818941626871903,75530.27384800908,3.0539492903125134,106760.71321531797,4.316703591109412,87597.00643157959,3.5418488772270575,220632.0725888609,8.920915113571928,538785.9968391567,21.784974803459352,54881.526443481445,2.2190492658693777,55159.575623461344,2.2302917525255275,55401.72388608995,2.240082641358966
