loss,layer_idx,accuracy_score,f1_macro,f1_micro,balanced_accuracy_score,aic,aic_avg,bic,bic_avg,ebic,ebic_avg
35518.50755691528,41,0.480228044638525,0.46133174658549747,0.480228044638525,0.4801586105188814,74109.01511383057,2.9964829012546725,86574.96567615267,3.5005242469736646,109114.03587506247,4.411856537079997
