loss,layer_idx,accuracy_score,f1_macro,f1_micro,balanced_accuracy_score,aic_rep,aic_rep_avg,bic_rep,bic_rep_avg,ebic_rep,ebic_rep_avg,aic_cls,aic_cls_avg,bic_cls,bic_cls_avg,ebic_cls,ebic_cls_avg,aic_pr,aic_pr_avg,bic_pr,bic_pr_avg,ebic_pr,ebic_pr_avg
28307.47963142395,35,0.5735888727155103,0.5569622768053608,0.5735888727155103,0.5735267037150391,60710.9592628479,2.4547533261704633,77332.22667927739,3.1268084537957863,108562.66604658628,4.389562754592685,89398.9592628479,3.614708040710331,222434.0254201292,8.9937742770552,540587.949670425,21.857833966942625,56677.715896606445,2.291675396110563,56932.37771102434,2.301972250971387,57148.64442369322,2.310716659537976
