loss,layer_idx,accuracy_score,f1_macro,f1_micro,balanced_accuracy_score,aic,aic_avg,bic,bic_avg,ebic,ebic_avg
45215.30469894409,5,0.31327834384602943,0.3033228762172485,0.31327834384602943,0.31323494490685777,115022.60939788818,4.650760528784093,214815.14072231052,8.685716509878317,446398.72490440216,18.049438982063812
