loss,layer_idx,accuracy_score,f1_macro,f1_micro,balanced_accuracy_score,aic_rep,aic_rep_avg,bic_rep,bic_rep_avg,ebic_rep,ebic_rep_avg,aic_cls,aic_cls_avg,bic_cls,bic_cls_avg,ebic_cls,ebic_cls_avg,aic_pr,aic_pr_avg,bic_pr,bic_pr_avg,ebic_pr,ebic_pr_avg
32570.1512260437,28,0.5114830988193434,0.4937065717695527,0.5114830988193434,0.5114139014192292,69236.3024520874,2.79946233430727,85857.56986851689,3.471517461932593,117088.00923582578,4.734271762729492,97924.3024520874,3.959417048847137,230959.3686093687,9.338483285192007,549113.2928596645,22.20254297507943,65227.04055023193,2.637354057505739,65579.01738725654,2.6515856941313496,65905.99799143459,2.6648066469122833
