loss,layer_idx,accuracy_score,f1_macro,f1_micro,balanced_accuracy_score,aic,aic_avg,bic,bic_avg,ebic,ebic_avg
13997.080430984497,6,0.7842471292252952,0.7822275941036874,0.7842471292252952,0.7842002334552101,44394.160861968994,1.7950089302106176,110944.15735353236,4.485854656054195,258739.1440588708,10.461715350916657
