loss,layer_idx,accuracy_score,f1_macro,f1_micro,balanced_accuracy_score,aic,aic_avg,bic,bic_avg,ebic,ebic_avg
37126.797424316406,26,0.44238233867054827,0.4211233839272067,0.44238233867054827,0.44231182037298467,107037.59484863281,4.327898869829889,240072.66100591412,9.706965106174758,558226.58525621,22.571024796062183
