loss,layer_idx,accuracy_score,f1_macro,f1_micro,balanced_accuracy_score,aic,aic_avg,bic,bic_avg,ebic,ebic_avg
33791.737060546875,34,0.49939349830179525,0.4807936365325898,0.49939349830179525,0.49933263588871957,70655.47412109375,2.8568443361270317,83121.42468341585,3.3608856818460238,105660.49488232566,4.272217971952355
