loss,layer_idx,accuracy_score,f1_macro,f1_micro,balanced_accuracy_score,aic,aic_avg,bic,bic_avg,ebic,ebic_avg
39270.304054260254,22,0.4126637554585153,0.4003571534874335,0.4126637554585153,0.4126064844775895,82636.60810852051,3.3412828767799008,99257.87552495,4.013338004405224,130488.31489225889,5.2760923052021225
