loss,layer_idx,accuracy_score,f1_macro,f1_micro,balanced_accuracy_score,aic_rep,aic_rep_avg,bic_rep,bic_rep_avg,ebic_rep,ebic_rep_avg,aic_cls,aic_cls_avg,bic_cls,bic_cls_avg,ebic_cls,ebic_cls_avg,aic_pr,aic_pr_avg,bic_pr,bic_pr_avg,ebic_pr,ebic_pr_avg
39351.96032714844,10,0.418203137635452,0.40601359470539733,0.418203137635452,0.4181474286642429,81775.92065429688,3.3064823166058903,94241.87121661898,3.810523662324882,116780.94141552878,4.721855952431214,103295.92065429688,4.176610086296979,203088.4519787192,8.211566067391201,434672.03616081085,17.575288539576697,78765.15602111816,3.1847467257447097,79013.64464594233,3.194793977274071,79223.16621102144,3.203265656276138
