loss,layer_idx,accuracy_score,f1_macro,f1_micro,balanced_accuracy_score,aic_rep,aic_rep_avg,bic_rep,bic_rep_avg,ebic_rep,ebic_rep_avg,aic_cls,aic_cls_avg,bic_cls,bic_cls_avg,ebic_cls,ebic_cls_avg,aic_pr,aic_pr_avg,bic_pr,bic_pr_avg,ebic_pr,ebic_pr_avg
47150.12776565552,9,0.277252142972667,0.26924687600652353,0.277252142972667,0.2772146642617582,98396.25553131104,3.9784997384486105,115017.52294774052,4.650554866073933,146247.96231504943,5.913309166870833,127084.25553131104,5.138454452988478,260119.32168859235,10.517520689333347,578273.2459388882,23.38158037922077,94367.64878082275,3.815609282743925,94641.12564171056,3.826666894780469,94878.17449863894,3.836251597066106
