loss,layer_idx,accuracy_score,f1_macro,f1_micro,balanced_accuracy_score,aic_rep,aic_rep_avg,bic_rep,bic_rep_avg,ebic_rep,ebic_rep_avg,aic_cls,aic_cls_avg,bic_cls,bic_cls_avg,ebic_cls,ebic_cls_avg,aic_pr,aic_pr_avg,bic_pr,bic_pr_avg,ebic_pr,ebic_pr_avg
16459.030542373657,15,0.7474122594209931,0.7444186549182812,0.7474122594209931,0.7473620502636265,34966.061084747314,1.4137983618286962,43276.69479296206,1.7498259256413577,57472.34905082974,2.3238051532763118,49318.061084747314,1.9940991866710058,115868.05757631068,4.684944912514584,263663.0442816491,10.660805607377046,32980.05183792114,1.333497163105335,33231.605765130145,1.3436683553748239,33444.471977026566,1.3522752699751968
