loss,layer_idx,accuracy_score,f1_macro,f1_micro,balanced_accuracy_score,aic,aic_avg,bic,bic_avg,ebic,ebic_avg
38439.84044647217,24,0.425845059032832,0.40144245009578544,0.425845059032832,0.42577820543577316,101471.68089294434,4.102849785417448,201264.21221736667,8.137805766511672,432847.7963994583,17.501528238697166
