loss,layer_idx,accuracy_score,f1_macro,f1_micro,balanced_accuracy_score,aic_rep,aic_rep_avg,bic_rep,bic_rep_avg,ebic_rep,ebic_rep_avg,aic_cls,aic_cls_avg,bic_cls,bic_cls_avg,ebic_cls,ebic_cls_avg,aic_pr,aic_pr_avg,bic_pr,bic_pr_avg,ebic_pr,ebic_pr_avg
14968.686965942383,11,0.7683567847323306,0.7666360567109353,0.7683567847323306,0.7683104941865737,31985.373931884766,1.2932789071601474,40296.00764009951,1.629306470972809,54491.66189796719,2.203285698607763,46337.373931884766,1.873579732002457,112887.37042344813,4.564425457846035,260682.35712878656,10.540286152708498,29999.62562942505,1.2129882593168788,30252.238449723813,1.2232022662835118,30466.262188009056,1.2318559836652538
