loss,layer_idx,accuracy_score,f1_macro,f1_micro,balanced_accuracy_score,aic,aic_avg,bic,bic_avg,ebic,ebic_avg
36381.13156890869,38,0.4582726831635129,0.4387792823843345,0.4582726831635129,0.45820423245898745,97354.26313781738,3.9363683947039214,197146.79446223972,7.971324375798145,428730.37864433136,17.335046847983637
