loss,layer_idx,accuracy_score,f1_macro,f1_micro,balanced_accuracy_score,aic_rep,aic_rep_avg,bic_rep,bic_rep_avg,ebic_rep,ebic_rep_avg,aic_cls,aic_cls_avg,bic_cls,bic_cls_avg,ebic_cls,ebic_cls_avg,aic_pr,aic_pr_avg,bic_pr,bic_pr_avg,ebic_pr,ebic_pr_avg
16041.03249168396,9,0.7510512696102216,0.7490141166144244,0.7510512696102216,0.7510011803811807,34130.06498336792,1.3799961581500857,42440.698691582664,1.7160237219627472,56636.352949450345,2.2900029495977012,48482.06498336792,1.9602969829923953,115032.06147493128,4.651142708835973,262827.0481802697,10.627003403698437,32146.526638031006,1.2997948664900132,32408.10730215715,1.310371474290682,32631.9776832271,1.3194233253771268
