loss,layer_idx,accuracy_score,f1_macro,f1_micro,balanced_accuracy_score,aic,aic_avg,bic,bic_avg,ebic,ebic_avg
16041.032495498657,9,0.7510512696102216,0.7490141166144244,0.7510512696102216,0.7510011803811807,34130.064990997314,1.3799961584585685,42440.69869921206,1.71602372227123,56636.35295707974,2.290002949906184
