loss,layer_idx,accuracy_score,f1_macro,f1_micro,balanced_accuracy_score,aic,aic_avg,bic,bic_avg,ebic,ebic_avg
40842.860778808594,22,0.38605854763060005,0.36133138854516067,0.38605854763060005,0.38598836133110115,106277.72155761719,4.297174573735128,206070.25288203952,8.332130554829352,437653.83706413116,17.695853027014845
