loss,layer_idx,accuracy_score,f1_macro,f1_micro,balanced_accuracy_score,aic,aic_avg,bic,bic_avg,ebic,ebic_avg
35669.10364532471,17,0.4829370855571729,0.4713119696872269,0.4829370855571729,0.4828818344651471,74410.20729064941,3.0086611390364473,86876.15785297152,3.512702484755439,109415.22805188132,4.424034774861771
