loss,layer_idx,accuracy_score,f1_macro,f1_micro,balanced_accuracy_score,aic,aic_avg,bic,bic_avg,ebic,ebic_avg
37219.34487915039,25,0.4459809154132298,0.42215094293258576,0.4459809154132298,0.44591326884331883,77510.68975830078,3.134024331162089,89976.64032062289,3.6380656768810806,112515.71051953269,4.549397966987413
