loss,layer_idx,accuracy_score,f1_macro,f1_micro,balanced_accuracy_score,aic,aic_avg,bic,bic_avg,ebic,ebic_avg
45407.512939453125,1,0.309437166424066,0.3023058963283076,0.309437166424066,0.3093986588787471,107215.02587890625,4.335073017908226,173765.0223704696,7.025918743751804,321560.00907580805,13.001779438614268
