loss,layer_idx,accuracy_score,f1_macro,f1_micro,balanced_accuracy_score,aic_rep,aic_rep_avg,bic_rep,bic_rep_avg,ebic_rep,ebic_rep_avg,aic_cls,aic_cls_avg,bic_cls,bic_cls_avg,ebic_cls,ebic_cls_avg,aic_pr,aic_pr_avg,bic_pr,bic_pr_avg,ebic_pr,ebic_pr_avg
45312.52481842041,12,0.31590651787158336,0.3078584760464165,0.31590651787158336,0.31586355979196,94721.04963684082,3.82989849736539,111342.31705327031,4.501953624990713,142572.75642057922,5.7647079257876115,123409.04963684082,4.989853211905257,256444.11579412213,10.368919448250127,574598.040044418,23.23297913813755,90690.9873046875,3.666949187477256,90958.55752199594,3.677767973556362,91189.04678030047,3.687087448661672
