loss,layer_idx,accuracy_score,f1_macro,f1_micro,balanced_accuracy_score,aic_rep,aic_rep_avg,bic_rep,bic_rep_avg,ebic_rep,ebic_rep_avg,aic_cls,aic_cls_avg,bic_cls,bic_cls_avg,ebic_cls,ebic_cls_avg,aic_pr,aic_pr_avg,bic_pr,bic_pr_avg,ebic_pr,ebic_pr_avg
29882.844638824463,29,0.5662299854439592,0.5495590360308102,0.5662299854439592,0.5661689270195092,62837.689277648926,2.5407443505437866,75303.63983997103,3.044785696262778,97842.71003888083,3.9561179863691103,84357.68927764893,3.410872120234875,184150.22060207126,7.445828101329099,415733.8047841629,16.809550573514592,59820.41690444946,2.4187456293243352,60042.49759783771,2.427725117169566,60223.60343742489,2.435047850453861
