loss,layer_idx,accuracy_score,f1_macro,f1_micro,balanced_accuracy_score,aic,aic_avg,bic,bic_avg,ebic,ebic_avg
43530.89427947998,0,0.3371745107552968,0.3281652405480939,0.3371745107552968,0.33713047595432677,90133.78855895996,3.644419721775835,102599.73912128207,4.148461067494827,125138.80932019187,5.059793357601159
