loss,layer_idx,accuracy_score,f1_macro,f1_micro,balanced_accuracy_score,aic,aic_avg,bic,bic_avg,ebic,ebic_avg
21045.053106307983,45,0.700549894873039,0.6935051297217533,0.700549894873039,0.7004835564896836,74874.10621261597,3.0274181713009853,207909.17236989728,8.406484407645854,526063.0966201931,21.270544097533282
