loss,layer_idx,accuracy_score,f1_macro,f1_micro,balanced_accuracy_score,aic,aic_avg,bic,bic_avg,ebic,ebic_avg
35687.742458343506,43,0.4841905224001294,0.46318859243074084,0.4841905224001294,0.4841196903529562,95967.48491668701,3.880296171627325,195760.01624110935,7.915252152721549,427343.600423201,17.278974624907043
