loss,layer_idx,accuracy_score,f1_macro,f1_micro,balanced_accuracy_score,aic_rep,aic_rep_avg,bic_rep,bic_rep_avg,ebic_rep,ebic_rep_avg,aic_cls,aic_cls_avg,bic_cls,bic_cls_avg,ebic_cls,ebic_cls_avg,aic_pr,aic_pr_avg,bic_pr,bic_pr_avg,ebic_pr,ebic_pr_avg
24703.669485092163,40,0.6449539058709365,0.6331363560214953,0.6449539058709365,0.644887226923827,53503.338970184326,2.163324396336096,70124.60638661381,2.835379523961419,101355.0457539227,4.0981338247583174,82191.33897018433,3.3232791108759634,215226.40512746564,8.702345347220833,533380.3293777615,21.566405037108257,49501.916942596436,2.001533112671698,49885.707414072356,2.0170510841853613,50250.42631784815,2.0317979264858543
