loss,layer_idx,accuracy_score,f1_macro,f1_micro,balanced_accuracy_score,aic_rep,aic_rep_avg,bic_rep,bic_rep_avg,ebic_rep,ebic_rep_avg,aic_cls,aic_cls_avg,bic_cls,bic_cls_avg,ebic_cls,ebic_cls_avg,aic_pr,aic_pr_avg,bic_pr,bic_pr_avg,ebic_pr,ebic_pr_avg
47394.3215637207,3,0.2694889212356461,0.26250825984907733,0.2694889212356461,0.26945207166521745,98884.6431274414,3.9982469322109577,115505.9105438709,4.67030205983628,146736.3499111798,5.93305636063318,127572.6431274414,5.158201646750825,260607.70928472272,10.537267883095694,578761.6335350185,23.40132757298312,94831.25323867798,3.8343544088095576,95004.16194314742,3.8413457036692313,95134.50390701345,3.846615878498037
