loss,layer_idx,accuracy_score,f1_macro,f1_micro,balanced_accuracy_score,aic,aic_avg,bic,bic_avg,ebic,ebic_avg
27825.759563446045,30,0.5825246644023937,0.5675542922829139,0.5825246644023937,0.5824633801626389,59747.51912689209,2.4157981209320756,76368.78654332158,3.0878532485573986,107599.22591063047,4.350607549354297
