loss,layer_idx,accuracy_score,f1_macro,f1_micro,balanced_accuracy_score,aic,aic_avg,bic,bic_avg,ebic,ebic_avg
33146.625900268555,26,0.5107148633349506,0.48800981905174123,0.5107148633349506,0.5106446163012573,69365.25180053711,2.8046762008950794,81831.20236285921,3.3087175466140715,104370.27256176902,4.220049836720404
