loss,layer_idx,accuracy_score,f1_macro,f1_micro,balanced_accuracy_score,aic,aic_avg,bic,bic_avg,ebic,ebic_avg
48590.56171798706,16,0.24640142325731845,0.24194315643409656,0.24640142325731845,0.24636965503879107,129965.12343597412,5.254937871420593,263000.1895932554,10.634004107765461,581154.1138435511,23.498063797652886
