loss,layer_idx,accuracy_score,f1_macro,f1_micro,balanced_accuracy_score,aic_rep,aic_rep_avg,bic_rep,bic_rep_avg,ebic_rep,ebic_rep_avg,aic_cls,aic_cls_avg,bic_cls,bic_cls_avg,ebic_cls,ebic_cls_avg,aic_pr,aic_pr_avg,bic_pr,bic_pr_avg,ebic_pr,ebic_pr_avg
40842.860778808594,22,0.38605854763060005,0.36133138854516067,0.38605854763060005,0.38598836133110115,84757.72155761719,3.4270468040440396,97223.67211993929,3.9310881497630312,119762.7423188491,4.842420439869364,106277.72155761719,4.297174573735128,206070.25288203952,8.332130554829352,437653.83706413116,17.695853027014845,81761.451171875,3.3058972655618226,82068.75638914116,3.318322674637763,82343.95949126793,3.32945008455717
