loss,layer_idx,accuracy_score,f1_macro,f1_micro,balanced_accuracy_score,aic,aic_avg,bic,bic_avg,ebic,ebic_avg
41620.8180847168,0,0.37388808021995795,0.3626340737840909,0.37388808021995795,0.3738391947006106,116025.6361694336,4.691316358136568,249060.7023267149,10.070382594481437,567214.6265770107,22.934442284368863
