loss,layer_idx,accuracy_score,f1_macro,f1_micro,balanced_accuracy_score,aic,aic_avg,bic,bic_avg,ebic,ebic_avg
39816.34674453735,25,0.40364709687853795,0.3941013045777982,0.40364709687853795,0.40359358327789596,112416.6934890747,4.545394367179148,245451.75964635602,9.924460603524018,563605.6838966518,22.788520293411445
