loss,layer_idx,accuracy_score,f1_macro,f1_micro,balanced_accuracy_score,aic_rep,aic_rep_avg,bic_rep,bic_rep_avg,ebic_rep,ebic_rep_avg,aic_cls,aic_cls_avg,bic_cls,bic_cls_avg,ebic_cls,ebic_cls_avg,aic_pr,aic_pr_avg,bic_pr,bic_pr_avg,ebic_pr,ebic_pr_avg
18028.182006835938,16,0.7245673621219473,0.7210068213938078,0.7245673621219473,0.7245160540606204,38104.364013671875,1.5406907655536097,46414.99772188662,1.8767183293662713,60610.6519797543,2.450697557001225,52456.364013671875,2.1209915903959193,119006.36050523524,4.8118373162394965,266801.3472105737,10.78769801110196,36112.3702545166,1.46014759237088,36339.63946986551,1.469336870041465,36526.269957951634,1.4768829839055326
