loss,layer_idx,accuracy_score,f1_macro,f1_micro,balanced_accuracy_score,aic,aic_avg,bic,bic_avg,ebic,ebic_avg
31526.867668151855,27,0.5388565421316514,0.5178020081420196,0.5388565421316514,0.538791925087725,87645.73533630371,3.5438191547915134,187438.26666072605,7.578775135885737,419021.8508428177,16.942497608071232
