loss,layer_idx,accuracy_score,f1_macro,f1_micro,balanced_accuracy_score,aic,aic_avg,bic,bic_avg,ebic,ebic_avg
37641.437969207764,39,0.4421397379912664,0.4231409397562342,0.4421397379912664,0.44207501503287666,99874.87593841553,4.038285457642549,199667.40726283786,8.073241438736773,431250.9914449295,17.436963910922266
