loss,layer_idx,accuracy_score,f1_macro,f1_micro,balanced_accuracy_score,aic_rep,aic_rep_avg,bic_rep,bic_rep_avg,ebic_rep,ebic_rep_avg,aic_cls,aic_cls_avg,bic_cls,bic_cls_avg,ebic_cls,ebic_cls_avg,aic_pr,aic_pr_avg,bic_pr,bic_pr_avg,ebic_pr,ebic_pr_avg
43541.88871765137,20,0.3425925925925926,0.33280754550790903,0.3425925925925926,0.34254346718335604,91179.77743530273,3.6867126570961806,107801.04485173222,4.358767784721503,139031.48421904113,5.621522085518403,119867.77743530273,4.846667371636048,252902.84359258405,10.225733607980917,571056.7678428799,23.089793297868344,87174.78146362305,3.524776866554385,87544.06913224712,3.5397084397641567,87891.50036680151,3.553756282015264
