loss,layer_idx,accuracy_score,f1_macro,f1_micro,balanced_accuracy_score,aic,aic_avg,bic,bic_avg,ebic,ebic_avg
46164.37982940674,10,0.2916060164968462,0.28362057427102816,0.2916060164968462,0.291566091912729,125112.75965881348,5.058740080010249,258147.8258160948,10.437806316355118,576301.7500663906,23.301866006242545
