loss,layer_idx,accuracy_score,f1_macro,f1_micro,balanced_accuracy_score,aic,aic_avg,bic,bic_avg,ebic,ebic_avg
45976.10029602051,11,0.29201035096231603,0.2816610040394131,0.29201035096231603,0.29196794946758653,95024.20059204102,3.842155935308144,107490.15115436312,4.346197281027136,130029.22135327292,5.2575295711334675
