loss,layer_idx,accuracy_score,f1_macro,f1_micro,balanced_accuracy_score,aic,aic_avg,bic,bic_avg,ebic,ebic_avg
25644.07155418396,41,0.6289826944848779,0.6184783702837735,0.6289826944848779,0.628914173666978,84072.14310836792,3.3993265044625556,217107.20926564923,8.778392740807424,535261.133515945,21.642452430694853
