loss,layer_idx,accuracy_score,f1_macro,f1_micro,balanced_accuracy_score,aic,aic_avg,bic,bic_avg,ebic,ebic_avg
48979.28723144531,15,0.24025553938217695,0.2357817493462412,0.24025553938217695,0.2402237958326357,130742.57446289062,5.286372895960319,263777.6406201719,10.665439132305188,581931.5648704676,23.52949882219261
