loss,layer_idx,accuracy_score,f1_macro,f1_micro,balanced_accuracy_score,aic_rep,aic_rep_avg,bic_rep,bic_rep_avg,ebic_rep,ebic_rep_avg,aic_cls,aic_cls_avg,bic_cls,bic_cls_avg,ebic_cls,ebic_cls_avg,aic_pr,aic_pr_avg,bic_pr,bic_pr_avg,ebic_pr,ebic_pr_avg
45244.84599304199,14,0.3131166100598415,0.3052885337561276,0.3131166100598415,0.3130742589433123,94585.69198608398,3.824425521028788,111206.95940251347,4.496480648654111,142437.39876982238,5.7592349494510096,123273.69198608398,4.984380235568655,256308.7581433653,10.363446471913525,574462.6823936611,23.22750616180095,90566.05431365967,3.6618977160625774,90875.92703513829,3.674426938182852,91154.06477321009,3.685673005547877
