loss,layer_idx,accuracy_score,f1_macro,f1_micro,balanced_accuracy_score,aic_rep,aic_rep_avg,bic_rep,bic_rep_avg,ebic_rep,ebic_rep_avg,aic_cls,aic_cls_avg,bic_cls,bic_cls_avg,ebic_cls,ebic_cls_avg,aic_pr,aic_pr_avg,bic_pr,bic_pr_avg,ebic_pr,ebic_pr_avg
25744.625980377197,43,0.6265971211386059,0.6144562028319326,0.6265971211386059,0.6265252714887066,55585.251960754395,2.247503313955782,72206.51937718388,2.919558441581105,103436.95874449277,4.182312742378003,84273.2519607544,3.407458028495649,217308.3181180357,8.78652426484052,535462.2423683315,21.650583954727946,51571.87413787842,2.085228616281676,51907.148869447265,2.0987849292191196,52214.59680146668,2.111216108744407
