loss,layer_idx,accuracy_score,f1_macro,f1_micro,balanced_accuracy_score,aic_rep,aic_rep_avg,bic_rep,bic_rep_avg,ebic_rep,ebic_rep_avg,aic_cls,aic_cls_avg,bic_cls,bic_cls_avg,ebic_cls,ebic_cls_avg,aic_pr,aic_pr_avg,bic_pr,bic_pr_avg,ebic_pr,ebic_pr_avg
15632.772205352783,13,0.7609170305676856,0.7592031500752845,0.7609170305676856,0.760872724252858,33313.54441070557,1.3469814172208299,41624.17811892031,1.6830089810334914,55819.83237678799,2.2569882086684454,47665.54441070557,1.9272822420631395,114215.54090226893,4.618127967906717,262010.52760760736,10.59398866276918,31327.664958953857,1.266685466559674,31579.745585050063,1.2768779550804652,31793.187411619783,1.2855081437659623
