loss,layer_idx,accuracy_score,f1_macro,f1_micro,balanced_accuracy_score,aic_rep,aic_rep_avg,bic_rep,bic_rep_avg,ebic_rep,ebic_rep_avg,aic_cls,aic_cls_avg,bic_cls,bic_cls_avg,ebic_cls,ebic_cls_avg,aic_pr,aic_pr_avg,bic_pr,bic_pr_avg,ebic_pr,ebic_pr_avg
46136.03173446655,7,0.29609412906356136,0.2884719109699896,0.29609412906356136,0.2960563823968112,96368.0634689331,3.896492943107436,112989.3308853626,4.568548070732759,144219.7702526715,5.831302371529658,125056.0634689331,5.056447657647303,258091.12962621442,10.435513893992173,576245.0538765102,23.2995735838796,92339.84520721436,3.7336181953426473,92614.8985270198,3.7447395490465714,92853.70346513405,3.7543952557469695
