loss,layer_idx,accuracy_score,f1_macro,f1_micro,balanced_accuracy_score,aic,aic_avg,bic,bic_avg,ebic,ebic_avg
16162.676456451416,48,0.7490295972828724,0.7479398213173245,0.7490295972828724,0.7489804094817503,56917.35291290283,2.3013647465996616,156709.88423732517,6.336320727693885,388293.4684194168,15.70004319987938
