loss,layer_idx,accuracy_score,f1_macro,f1_micro,balanced_accuracy_score,aic,aic_avg,bic,bic_avg,ebic,ebic_avg
14968.686962127686,11,0.7683567847323306,0.7666360567109353,0.7683567847323306,0.7683104941865737,46337.37392425537,1.8735797316939742,112887.37041581873,4.564425457537552,260682.35712115717,10.540286152400014
