loss,layer_idx,accuracy_score,f1_macro,f1_micro,balanced_accuracy_score,aic,aic_avg,bic,bic_avg,ebic,ebic_avg
27463.69702911377,32,0.5903283195859615,0.5761851340802906,0.5903283195859615,0.5902656983534211,87711.39405822754,3.5464739632147637,220746.46021550885,8.925540199559633,538900.3844658047,21.78959988944706
