loss,layer_idx,accuracy_score,f1_macro,f1_micro,balanced_accuracy_score,aic_rep,aic_rep_avg,bic_rep,bic_rep_avg,ebic_rep,ebic_rep_avg,aic_cls,aic_cls_avg,bic_cls,bic_cls_avg,ebic_cls,ebic_cls_avg,aic_pr,aic_pr_avg,bic_pr,bic_pr_avg,ebic_pr,ebic_pr_avg
27104.403720855713,38,0.5973637392851366,0.584071762528431,0.5973637392851366,0.5973024660331598,58304.807441711426,2.3574643151266144,74926.07485814091,3.0295194427519374,106156.5142254498,4.292273743548836,86992.80744171143,3.5174190296664816,220027.87359899274,8.896485266011352,538181.7978492886,21.760544955898776,54294.83910369873,2.195327474676481,54643.949274638886,2.2094432021121984,54967.563247844286,2.2225280303996557
