loss,layer_idx,accuracy_score,f1_macro,f1_micro,balanced_accuracy_score,aic,aic_avg,bic,bic_avg,ebic,ebic_avg
35518.50755691528,41,0.480228044638525,0.46133174658549747,0.480228044638525,0.4801586105188814,95629.01511383057,3.8666106709457613,195421.5464382529,7.9015666520399845,427005.13062034454,17.26528912422548
