loss,layer_idx,accuracy_score,f1_macro,f1_micro,balanced_accuracy_score,aic_rep,aic_rep_avg,bic_rep,bic_rep_avg,ebic_rep,ebic_rep_avg,aic_cls,aic_cls_avg,bic_cls,bic_cls_avg,ebic_cls,ebic_cls_avg,aic_pr,aic_pr_avg,bic_pr,bic_pr_avg,ebic_pr,ebic_pr_avg
15068.022260665894,10,0.7638282387190685,0.7614319650941084,0.7638282387190685,0.7637783356866954,32184.044521331787,1.3013118438190112,40494.67822954653,1.6373394076316727,54690.33248741421,2.2113186352666268,46536.04452133179,1.8816126686613208,113086.04101289515,4.572458394504898,260881.02771823358,10.54831908936736,30199.67144393921,1.221076801064985,30457.864826639994,1.231516449403202,30678.006942482865,1.2404175538768747
