loss,layer_idx,accuracy_score,f1_macro,f1_micro,balanced_accuracy_score,aic_rep,aic_rep_avg,bic_rep,bic_rep_avg,ebic_rep,ebic_rep_avg,aic_cls,aic_cls_avg,bic_cls,bic_cls_avg,ebic_cls,ebic_cls_avg,aic_pr,aic_pr_avg,bic_pr,bic_pr_avg,ebic_pr,ebic_pr_avg
38439.84044647217,24,0.425845059032832,0.40144245009578544,0.425845059032832,0.42577820543577316,79951.68089294434,3.23272201572636,92417.63145526644,3.7367633614453517,114956.70165417624,4.648095651551683,101471.68089294434,4.102849785417448,201264.21221736667,8.137805766511672,432847.7963994583,17.501528238697166,76957.31897735596,3.1116496432700935,77272.36862645383,3.1243881864165384,77556.43946673152,3.135874149552463
