loss,layer_idx,accuracy_score,f1_macro,f1_micro,balanced_accuracy_score,aic_rep,aic_rep_avg,bic_rep,bic_rep_avg,ebic_rep,ebic_rep_avg,aic_cls,aic_cls_avg,bic_cls,bic_cls_avg,ebic_cls,ebic_cls_avg,aic_pr,aic_pr_avg,bic_pr,bic_pr_avg,ebic_pr,ebic_pr_avg
33386.89228057861,19,0.5164968461911693,0.5061848205698417,0.5164968461911693,0.5164395008873317,69845.78456115723,2.8241057965856875,82311.73512347933,3.3281471423046796,104850.80532238913,4.239479432411011,91365.78456115723,3.6942335662767762,191158.31588557956,7.729189547371,422741.9000676712,17.092912019556493,66848.33070373535,2.7029084062645703,67150.833479774,2.7151396360898428,67420.56163400841,2.7260456749962967
