loss,layer_idx,accuracy_score,f1_macro,f1_micro,balanced_accuracy_score,aic_rep,aic_rep_avg,bic_rep,bic_rep_avg,ebic_rep,ebic_rep_avg,aic_cls,aic_cls_avg,bic_cls,bic_cls_avg,ebic_cls,ebic_cls_avg,aic_pr,aic_pr_avg,bic_pr,bic_pr_avg,ebic_pr,ebic_pr_avg
43075.42928695679,20,0.34202652434093483,0.32108886840868883,0.34202652434093483,0.34196383593160096,89222.85857391357,3.607587682917418,101688.80913623568,4.1116290286364094,124227.87933514548,5.022961318742741,110742.85857391357,4.477715452608506,210535.3898983359,8.51267143370273,442118.97408042755,17.876393905888225,86243.75374603271,3.487132207101436,86620.7155374115,3.502374071543405,86977.2773568369,3.5167910948098373
