loss,layer_idx,accuracy_score,f1_macro,f1_micro,balanced_accuracy_score,aic_rep,aic_rep_avg,bic_rep,bic_rep_avg,ebic_rep,ebic_rep_avg,aic_cls,aic_cls_avg,bic_cls,bic_cls_avg,ebic_cls,ebic_cls_avg,aic_pr,aic_pr_avg,bic_pr,bic_pr_avg,ebic_pr,ebic_pr_avg
27463.69702911377,32,0.5903283195859615,0.5761851340802906,0.5903283195859615,0.5902656983534211,59023.39405822754,2.3865192486748965,75644.66147465703,3.0585743763002196,106875.10084196592,4.321328677097118,87711.39405822754,3.5464739632147637,220746.46021550885,8.925540199559633,538900.3844658047,21.78959988944706,55003.053802490234,2.2239630358438554,55310.07549244358,2.2363769809333487,55584.95483965175,2.24749130032556
