loss,layer_idx,accuracy_score,f1_macro,f1_micro,balanced_accuracy_score,aic,aic_avg,bic,bic_avg,ebic,ebic_avg
35368.9225692749,42,0.4859291606016497,0.46552862697065467,0.4859291606016497,0.4858577601832011,95329.8451385498,3.8545141977417843,195122.37646297214,7.8894701788360075,426705.9606450638,17.2531926510215
