loss,layer_idx,accuracy_score,f1_macro,f1_micro,balanced_accuracy_score,aic,aic_avg,bic,bic_avg,ebic,ebic_avg
48483.58150100708,4,0.24175157690441534,0.2362776292777895,0.24175157690441534,0.2417246166461178,129751.16300201416,5.246286713650904,262786.22915929544,10.625352949995772,580940.1534095912,23.489412639883195
