loss,layer_idx,accuracy_score,f1_macro,f1_micro,balanced_accuracy_score,aic,aic_avg,bic,bic_avg,ebic,ebic_avg
46361.60926818848,9,0.2817806889859292,0.2732887741235801,0.2817806889859292,0.28174244805332715,117315.21853637695,4.7434586178383045,217107.7498607993,8.778414598932528,448691.3340428909,18.14213707111802
