loss,layer_idx,accuracy_score,f1_macro,f1_micro,balanced_accuracy_score,aic_rep,aic_rep_avg,bic_rep,bic_rep_avg,ebic_rep,ebic_rep_avg,aic_cls,aic_cls_avg,bic_cls,bic_cls_avg,ebic_cls,ebic_cls_avg,aic_pr,aic_pr_avg,bic_pr,bic_pr_avg,ebic_pr,ebic_pr_avg
21058.157289505005,19,0.6842552159146046,0.6795076658692674,0.6842552159146046,0.6842014198517606,44164.31457901001,1.7857154528145727,52474.94828722475,2.121743016627234,66670.60254509244,2.695722244262188,58516.31457901001,2.366016277656882,125066.31107057337,5.05686200350046,272861.2977759118,11.032722698362923,42171.88274002075,1.705154566554292,42397.374259551696,1.7142719658560446,42582.10856198067,1.7217414103987008
