loss,layer_idx,accuracy_score,f1_macro,f1_micro,balanced_accuracy_score,aic_rep,aic_rep_avg,bic_rep,bic_rep_avg,ebic_rep,ebic_rep_avg,aic_cls,aic_cls_avg,bic_cls,bic_cls_avg,ebic_cls,ebic_cls_avg,aic_pr,aic_pr_avg,bic_pr,bic_pr_avg,ebic_pr,ebic_pr_avg
15146.627548217773,14,0.7692867540029112,0.767268232688678,0.7692867540029112,0.7692395277472333,32341.255096435547,1.3076684092040898,40651.88880465029,1.6436959730167513,54847.54306251797,2.2176752006517053,46693.25509643555,1.8879692340463994,113243.25158799891,4.578814959889977,261038.23829333734,10.55467565475244,30355.05577468872,1.2273595250965843,30605.83839181829,1.2374995306412053,30817.862123013296,1.2460723808431706
