loss,layer_idx,accuracy_score,f1_macro,f1_micro,balanced_accuracy_score,aic,aic_avg,bic,bic_avg,ebic,ebic_avg
32531.208435058594,33,0.5232087983179686,0.5043608906044961,0.5232087983179686,0.5231429143764859,68134.41687011719,2.7549093025277855,80600.36743243929,3.258950648246777,103139.4376313491,4.170282938353109
