loss,layer_idx,accuracy_score,f1_macro,f1_micro,balanced_accuracy_score,aic_rep,aic_rep_avg,bic_rep,bic_rep_avg,ebic_rep,ebic_rep_avg,aic_cls,aic_cls_avg,bic_cls,bic_cls_avg,ebic_cls,ebic_cls_avg,aic_pr,aic_pr_avg,bic_pr,bic_pr_avg,ebic_pr,ebic_pr_avg
23835.716815948486,2,0.6272036228368106,0.621897584705952,0.6272036228368106,0.6271623321850858,49719.43363189697,2.010328062101608,58030.06734011172,2.3463556259142697,72225.7215979794,2.9203348535492237,64071.43363189697,2.5906288869439176,130621.43012346033,5.281474612787496,278416.41682879877,11.257335307649958,47709.473918914795,1.9290584634851526,47863.83861205956,1.9352999600541632,47975.886228204974,1.9398304313522956
