loss,layer_idx,accuracy_score,f1_macro,f1_micro,balanced_accuracy_score,aic,aic_avg,bic,bic_avg,ebic,ebic_avg
40376.43978881836,10,0.38007439754164646,0.37493131079490943,0.38007439754164646,0.38003258718513,97152.87957763672,3.9282257632879154,163702.87606920008,6.619071489131493,311497.8627745385,12.594932183993956
