loss,layer_idx,accuracy_score,f1_macro,f1_micro,balanced_accuracy_score,aic,aic_avg,bic,bic_avg,ebic,ebic_avg
46640.30683898926,16,0.2872796377163189,0.28275496962687324,0.2872796377163189,0.28724935440420696,109680.61367797852,4.434765230388909,176230.61016954188,7.125610956232487,324025.5968748803,13.10147165109495
