loss,layer_idx,accuracy_score,f1_macro,f1_micro,balanced_accuracy_score,aic_rep,aic_rep_avg,bic_rep,bic_rep_avg,ebic_rep,ebic_rep_avg,aic_cls,aic_cls_avg,bic_cls,bic_cls_avg,ebic_cls,ebic_cls_avg,aic_pr,aic_pr_avg,bic_pr,bic_pr_avg,ebic_pr,ebic_pr_avg
45762.715129852295,15,0.2950832928998868,0.2907685169858869,0.2950832928998868,0.2950473825761316,93573.43025970459,3.7834962906236695,101884.06396791933,4.119523854436331,116079.718225787,4.693503082071285,107925.43025970459,4.363797115465979,174475.42675126795,7.0546428413095565,322270.4134566064,13.03050353617202,91629.46018981934,3.704894880714028,92051.60601202384,3.721963691251166,92462.68354847498,3.738584972847929
