loss,layer_idx,accuracy_score,f1_macro,f1_micro,balanced_accuracy_score,aic,aic_avg,bic,bic_avg,ebic,ebic_avg
46328.51268005371,20,0.2868348698043021,0.28308306267037875,0.2868348698043021,0.2868053918147221,109057.02536010742,4.409551405470945,175607.02185167078,7.100397131314523,323402.0085570092,13.076257826176986
