loss,layer_idx,accuracy_score,f1_macro,f1_micro,balanced_accuracy_score,aic,aic_avg,bic,bic_avg,ebic,ebic_avg
46302.6950340271,21,0.2851770984958758,0.28184584559181913,0.2851770984958758,0.28514385920969515,109005.3900680542,4.4074636126497735,175555.38655961756,7.098309338493351,323350.373264956,13.074170033355815
