loss,layer_idx,accuracy_score,f1_macro,f1_micro,balanced_accuracy_score,aic,aic_avg,bic,bic_avg,ebic,ebic_avg
46408.26245880127,18,0.289624777616044,0.2867521678780559,0.289624777616044,0.28959856053736244,109216.52491760254,4.416000522303192,175766.5214091659,7.10684624814677,323561.50811450434,13.082706943009233
