loss,layer_idx,accuracy_score,f1_macro,f1_micro,balanced_accuracy_score,aic_rep,aic_rep_avg,bic_rep,bic_rep_avg,ebic_rep,ebic_rep_avg,aic_cls,aic_cls_avg,bic_cls,bic_cls_avg,ebic_cls,ebic_cls_avg,aic_pr,aic_pr_avg,bic_pr,bic_pr_avg,ebic_pr,ebic_pr_avg
46408.262466430664,18,0.289624777616044,0.2867521678780559,0.289624777616044,0.28959856053736244,94864.52493286133,3.8356996980778475,103175.15864107606,4.171727261890509,117370.81289894374,4.745706489525462,109216.52493286133,4.416000522920157,175766.5214244247,7.106846248763735,323561.5081297631,13.082706943626198,92939.59999084473,3.7578683483278637,93439.02954431997,3.778062006482289,93946.05534092369,3.7985628069272073
