loss,layer_idx,accuracy_score,f1_macro,f1_micro,balanced_accuracy_score,aic_rep,aic_rep_avg,bic_rep,bic_rep_avg,ebic_rep,ebic_rep_avg,aic_cls,aic_cls_avg,bic_cls,bic_cls_avg,ebic_cls,ebic_cls_avg,aic_pr,aic_pr_avg,bic_pr,bic_pr_avg,ebic_pr,ebic_pr_avg
46721.26036834717,19,0.2788694808345463,0.27548114987203653,0.2788694808345463,0.27884131223797876,95490.52073669434,3.8610108659507656,103801.15444490907,4.197038429763427,117996.80870277675,4.771017657398381,109842.52073669434,4.441311690793075,176392.5172282577,7.132157416636653,324187.50393359613,13.108018111499115,93547.95818328857,3.7824663667834617,93975.81560407674,3.79976611693663,94393.87197876885,3.8166695770163694
