loss,layer_idx,accuracy_score,f1_macro,f1_micro,balanced_accuracy_score,aic,aic_avg,bic,bic_avg,ebic,ebic_avg
36596.932373046875,4,0.4277454310205402,0.42015419457473213,0.4277454310205402,0.42770003525719813,74729.86474609375,3.0215859916745007,80962.8400272548,3.2736066645339967,91167.70105736963,3.686224367514541
