loss,layer_idx,accuracy_score,f1_macro,f1_micro,balanced_accuracy_score,aic,aic_avg,bic,bic_avg,ebic,ebic_avg
48603.44713592529,11,0.23055151221090087,0.22424857422205322,0.23055151221090087,0.2305271145361783,109510.89427185059,4.42790288985325,159439.62334698447,6.446693488071506,266786.27136461064,10.787088442690063
