loss,layer_idx,accuracy_score,f1_macro,f1_micro,balanced_accuracy_score,aic,aic_avg,bic,bic_avg,ebic,ebic_avg
24285.531852722168,1,0.6185104318292092,0.6126899649092399,0.6185104318292092,0.6184637953212582,64971.063705444336,2.627004031434754,131521.0601970077,5.317849757278331,279316.04690234613,11.293710452140795
