loss,layer_idx,accuracy_score,f1_macro,f1_micro,balanced_accuracy_score,aic,aic_avg,bic,bic_avg,ebic,ebic_avg
49321.00905227661,23,0.2183406113537118,0.21251973455161363,0.2183406113537118,0.21831486972367936,100690.01810455322,4.07124446484527,109000.65181276796,4.407272028657931,123196.30607063563,4.981251256292885
