loss,layer_idx,accuracy_score,f1_macro,f1_micro,balanced_accuracy_score,aic,aic_avg,bic,bic_avg,ebic,ebic_avg
27876.631942749023,2,0.5621866407892608,0.5552615353709507,0.5621866407892608,0.5621452295097202,68057.26388549805,2.7517897414482473,117985.99296063193,4.770580339666502,225332.64097825807,9.110975294285058
