loss,layer_idx,accuracy_score,f1_macro,f1_micro,balanced_accuracy_score,aic_rep,aic_rep_avg,bic_rep,bic_rep_avg,ebic_rep,ebic_rep_avg,aic_cls,aic_cls_avg,bic_cls,bic_cls_avg,ebic_cls,ebic_cls_avg,aic_pr,aic_pr_avg,bic_pr,bic_pr_avg,ebic_pr,ebic_pr_avg
27876.631942749023,2,0.5621866407892608,0.5552615353709507,0.5621866407892608,0.5621452295097202,57289.26388549805,2.316402389030327,63522.2391666591,2.5684230618898227,73727.10019677393,2.9810407648703676,68057.26388549805,2.7517897414482473,117985.99296063193,4.770580339666502,225332.64097825807,9.110975294285058,55785.67235183716,2.2556070011255525,55917.183529956965,2.26092445131639,56007.44994320314,2.264574233511367
