loss,layer_idx,accuracy_score,f1_macro,f1_micro,balanced_accuracy_score,aic,aic_avg,bic,bic_avg,ebic,ebic_avg
43955.44887924194,6,0.3260553129548763,0.3146027589216355,0.3260553129548763,0.3260099062701327,100214.89775848389,4.052033711729091,150143.62683361777,6.070824309947347,257490.2748512439,10.411219264565903
