loss,layer_idx,accuracy_score,f1_macro,f1_micro,balanced_accuracy_score,aic,aic_avg,bic,bic_avg,ebic,ebic_avg
25119.704570770264,4,0.6110302442180171,0.6046128213657374,0.6110302442180171,0.6109868292080887,52287.40914154053,2.114160162604744,60598.04284975527,2.4501877264174055,74793.69710762295,3.0241669540523595
