loss,layer_idx,accuracy_score,f1_macro,f1_micro,balanced_accuracy_score,aic,aic_avg,bic,bic_avg,ebic,ebic_avg
46721.26036453247,19,0.2788694808345463,0.27548114987203653,0.2788694808345463,0.27884131223797876,109842.52072906494,4.441311690484593,176392.5172206283,7.1321574163281705,324187.50392596674,13.108018111190633
