loss,layer_idx,accuracy_score,f1_macro,f1_micro,balanced_accuracy_score,aic,aic_avg,bic,bic_avg,ebic,ebic_avg
47224.38196563721,22,0.2652838427947598,0.2628600528137639,0.2652838427947598,0.26525478141455944,110848.76393127441,4.481997571214395,177398.76042283777,7.172843297057972,325193.7471281762,13.148703991920435
