loss,layer_idx,accuracy_score,f1_macro,f1_micro,balanced_accuracy_score,aic_rep,aic_rep_avg,bic_rep,bic_rep_avg,ebic_rep,ebic_rep_avg,aic_cls,aic_cls_avg,bic_cls,bic_cls_avg,ebic_cls,ebic_cls_avg,aic_pr,aic_pr_avg,bic_pr,bic_pr_avg,ebic_pr,ebic_pr_avg
24285.53186416626,1,0.6185104318292092,0.6126899649092399,0.6185104318292092,0.6184637953212582,50619.06372833252,2.0467032075178926,58929.69743654726,2.382730771330554,73125.35169441495,2.956709998965508,64971.06372833252,2.627004032360202,131521.06021989588,5.31784975820378,279316.0469252343,11.293710453066243,48605.22256851196,1.9652766686281726,48743.83663522525,1.9708813130852842,48840.77512558832,1.9748008703537248
