loss,layer_idx,accuracy_score,f1_macro,f1_micro,balanced_accuracy_score,aic,aic_avg,bic,bic_avg,ebic,ebic_avg
45336.70249938965,14,0.304342552159146,0.2991840510195772,0.304342552159146,0.3043042601999164,107073.4049987793,4.329346797621676,173623.40149034266,7.020192523465254,321418.3881956811,12.996053218327717
