loss,layer_idx,accuracy_score,f1_macro,f1_micro,balanced_accuracy_score,aic,aic_avg,bic,bic_avg,ebic,ebic_avg
47790.325870513916,10,0.25129387028950345,0.2454520695185372,0.25129387028950345,0.2512669353566128,107884.65174102783,4.362148299410797,157813.38081616172,6.380938897629052,265160.0288337879,10.72133385224761
