loss,layer_idx,accuracy_score,f1_macro,f1_micro,balanced_accuracy_score,aic,aic_avg,bic,bic_avg,ebic,ebic_avg
50203.583614349365,24,0.20014556040756915,0.19755392873726696,0.20014556040756915,0.20012839575473995,116807.16722869873,4.722916352446172,183357.1637202621,7.41376207828975,331152.1504256005,13.389622773152213
