loss,layer_idx,accuracy_score,f1_macro,f1_micro,balanced_accuracy_score,aic_rep,aic_rep_avg,bic_rep,bic_rep_avg,ebic_rep,ebic_rep_avg,aic_cls,aic_cls_avg,bic_cls,bic_cls_avg,ebic_cls,ebic_cls_avg,aic_pr,aic_pr_avg,bic_pr,bic_pr_avg,ebic_pr,ebic_pr_avg
47224.38196563721,22,0.2652838427947598,0.2628600528137639,0.2652838427947598,0.26525478141455944,96496.76393127441,3.9016967463720853,104807.39763948915,4.237724310184746,119003.05189735683,4.8117035378197,110848.76393127441,4.481997571214395,177398.76042283777,7.172843297057972,325193.7471281762,13.148703991920435,94478.70038986206,3.8200994820419725,94600.18034193387,3.825011335190598,94681.18630315778,3.828286685393732
