loss,layer_idx,accuracy_score,f1_macro,f1_micro,balanced_accuracy_score,aic,aic_avg,bic,bic_avg,ebic,ebic_avg
41090.47103881836,11,0.3668526605207828,0.3603904387605935,0.3668526605207828,0.366809245460481,98580.94207763672,3.985967252047417,165130.93856920008,6.676812977890995,312925.9252745385,12.652673672753458
