loss,layer_idx,accuracy_score,f1_macro,f1_micro,balanced_accuracy_score,aic,aic_avg,bic,bic_avg,ebic,ebic_avg
28428.81037902832,1,0.5450428594533399,0.5381512594263989,0.5450428594533399,0.5450036677484373,58393.62075805664,2.361055343605719,64626.59603921769,2.613076016465215,74831.45706933252,3.0256937194457594
