loss,layer_idx,accuracy_score,f1_macro,f1_micro,balanced_accuracy_score,aic,aic_avg,bic,bic_avg,ebic,ebic_avg
37199.5937461853,0,0.423216885007278,0.40982720980350473,0.423216885007278,0.4231752839129385,75935.1874923706,3.0703213445079496,82168.16277353166,3.322342017367445,92373.02380364649,3.73495972034799
