loss,layer_idx,accuracy_score,f1_macro,f1_micro,balanced_accuracy_score,aic,aic_avg,bic,bic_avg,ebic,ebic_avg
36852.55587768555,9,0.43178877567523855,0.4247983762535045,0.43178877567523855,0.43174390240479993,90105.1117553711,3.6432602197707866,156655.10824693445,6.334105945614364,304450.0949522729,12.309966640476826
