loss,layer_idx,accuracy_score,f1_macro,f1_micro,balanced_accuracy_score,aic,aic_avg,bic,bic_avg,ebic,ebic_avg
47790.325870513916,10,0.25129387028950345,0.2454520695185372,0.25129387028950345,0.2512669353566128,97116.65174102783,3.926760946992877,103349.62702218888,4.178781619852373,113554.48805230371,4.591399322832918
