loss,layer_idx,accuracy_score,f1_macro,f1_micro,balanced_accuracy_score,aic_rep,aic_rep_avg,bic_rep,bic_rep_avg,ebic_rep,ebic_rep_avg,aic_cls,aic_cls_avg,bic_cls,bic_cls_avg,ebic_cls,ebic_cls_avg,aic_pr,aic_pr_avg,bic_pr,bic_pr_avg,ebic_pr,ebic_pr_avg
43887.92842102051,13,0.3279556849425845,0.3215244728535992,0.3279556849425845,0.3279141815259967,89823.85684204102,3.6318881142665784,98134.49055025575,3.9679156780792395,112330.14480812343,4.5418949057141935,104175.85684204102,4.212188939108888,170725.85333360438,6.903034664952465,318520.8400389428,12.878895359814928,87849.99240875244,3.5520779722122127,88150.82909805399,3.564241836408458,88418.6622292476,3.5750712530020863
