loss,layer_idx,accuracy_score,f1_macro,f1_micro,balanced_accuracy_score,aic,aic_avg,bic,bic_avg,ebic,ebic_avg
30954.01661682129,6,0.5159307779395116,0.5064566138444675,0.5159307779395116,0.5158788875847988,78308.03323364258,3.1662636759519076,144858.02972520594,5.857109401795485,292653.0164305444,11.832970096657949
