loss,layer_idx,accuracy_score,f1_macro,f1_micro,balanced_accuracy_score,aic,aic_avg,bic,bic_avg,ebic,ebic_avg
46533.306438446045,17,0.2865114022319262,0.28157467536170433,0.2865114022319262,0.2864784176643257,109466.61287689209,4.42611244043717,176016.60936845545,7.116958166280748,323811.5960737939,13.092818861143211
