loss,layer_idx,accuracy_score,f1_macro,f1_micro,balanced_accuracy_score,aic,aic_avg,bic,bic_avg,ebic,ebic_avg
45762.71513366699,15,0.2950832928998868,0.2907685169858869,0.2950832928998868,0.2950473825761316,107925.43026733398,4.363797115774462,174475.42675889735,7.05464284161804,322270.4134642358,13.030503536480502
