loss,layer_idx,accuracy_score,f1_macro,f1_micro,balanced_accuracy_score,aic_rep,aic_rep_avg,bic_rep,bic_rep_avg,ebic_rep,ebic_rep_avg,aic_cls,aic_cls_avg,bic_cls,bic_cls_avg,ebic_cls,ebic_cls_avg,aic_pr,aic_pr_avg,bic_pr,bic_pr_avg,ebic_pr,ebic_pr_avg
49321.009048461914,23,0.2183406113537118,0.21251973455161363,0.2183406113537118,0.21831486972367936,100690.01809692383,4.071244464536788,109000.65180513856,4.407272028349449,123196.30606300624,4.981251255984402,115042.01809692383,4.651545289379097,181592.0145884872,7.342391015222675,329387.0012938256,13.318251710085137,98662.21356964111,3.9892533385751703,98744.16531588994,3.9925669301265545,98790.86353308774,3.994455099995461
