loss,layer_idx,accuracy_score,f1_macro,f1_micro,balanced_accuracy_score,aic,aic_avg,bic,bic_avg,ebic,ebic_avg
32037.526203155518,7,0.500040433446547,0.49248691680914713,0.500040433446547,0.4999941384987622,80475.05240631104,3.2538837298362866,147025.0488978744,5.944729455679864,294820.03560321283,11.920590150542328
