loss,layer_idx,accuracy_score,f1_macro,f1_micro,balanced_accuracy_score,aic,aic_avg,bic,bic_avg,ebic,ebic_avg
41475.111068725586,5,0.35832120329936923,0.3490712987420188,0.35832120329936923,0.3582796128367805,84486.22213745117,3.41606914675122,90719.19741861222,3.668089819610716,100924.05844872705,4.08070752259126
