loss,layer_idx,accuracy_score,f1_macro,f1_micro,balanced_accuracy_score,aic_rep,aic_rep_avg,bic_rep,bic_rep_avg,ebic_rep,ebic_rep_avg,aic_cls,aic_cls_avg,bic_cls,bic_cls_avg,ebic_cls,ebic_cls_avg,aic_pr,aic_pr_avg,bic_pr,bic_pr_avg,ebic_pr,ebic_pr_avg
36596.932373046875,4,0.4277454310205402,0.42015419457473213,0.4277454310205402,0.42770003525719813,74729.86474609375,3.0215859916745007,80962.8400272548,3.2736066645339967,91167.70105736963,3.686224367514541,85497.86474609375,3.456973344092421,135426.59382122764,5.475763942310676,242773.24183885378,9.816158896929233,73235.45021057129,2.961161661433418,73404.20097368593,2.9679848363935766,73530.39637371973,2.973087351355318
