loss,layer_idx,accuracy_score,f1_macro,f1_micro,balanced_accuracy_score,aic_rep,aic_rep_avg,bic_rep,bic_rep_avg,ebic_rep,ebic_rep_avg,aic_cls,aic_cls_avg,bic_cls,bic_cls_avg,ebic_cls,ebic_cls_avg,aic_pr,aic_pr_avg,bic_pr,bic_pr_avg,ebic_pr,ebic_pr_avg
41475.111068725586,5,0.35832120329936923,0.3490712987420188,0.35832120329936923,0.3582796128367805,84486.22213745117,3.41606914675122,90719.19741861222,3.668089819610716,100924.05844872705,4.08070752259126,95254.22213745117,3.85145649916914,145182.95121258506,5.870247097387395,252529.5992302112,10.210642052005952,82996.23585891724,3.355823866202379,83182.95616392519,3.3633736116741546,83327.2456463112,3.369207732747501
