loss,layer_idx,accuracy_score,f1_macro,f1_micro,balanced_accuracy_score,aic,aic_avg,bic,bic_avg,ebic,ebic_avg
46302.6950340271,21,0.2851770984958758,0.28184584559181913,0.2851770984958758,0.28514385920969515,94653.3900680542,3.827162787807464,102964.02377626894,4.163190351620125,117159.67803413661,4.737169579255079
