loss,layer_idx,accuracy_score,f1_macro,f1_micro,balanced_accuracy_score,aic,aic_avg,bic,bic_avg,ebic,ebic_avg
44763.41048812866,7,0.3115397056445091,0.30517363877894443,0.3115397056445091,0.3115015567778423,91062.82097625732,3.6819837043610435,97295.79625741838,3.934004377220539,107500.6572875332,4.346622080201084
