loss,layer_idx,accuracy_score,f1_macro,f1_micro,balanced_accuracy_score,aic_rep,aic_rep_avg,bic_rep,bic_rep_avg,ebic_rep,ebic_rep_avg,aic_cls,aic_cls_avg,bic_cls,bic_cls_avg,ebic_cls,ebic_cls_avg,aic_pr,aic_pr_avg,bic_pr,bic_pr_avg,ebic_pr,ebic_pr_avg
40376.43978881836,10,0.38007439754164646,0.37493131079490943,0.38007439754164646,0.38003258718513,82800.87957763672,3.3479249384456056,91111.51328585146,3.6839525022582666,105307.16754371913,4.257931729893221,97152.87957763672,3.9282257632879154,163702.87606920008,6.619071489131493,311497.8627745385,12.594932183993956,80798.65121078491,3.266967944799649,80984.38913916452,3.274477969398533,81127.6780369493,3.2802716333878905
