loss,layer_idx,accuracy_score,f1_macro,f1_micro,balanced_accuracy_score,aic,aic_avg,bic,bic_avg,ebic,ebic_avg
36852.55587768555,9,0.43178877567523855,0.4247983762535045,0.43178877567523855,0.43174390240479993,75753.1117553711,3.0629593949284772,84063.74546358583,3.3989869587411383,98259.3997214535,3.972966186376092
