loss,layer_idx,accuracy_score,f1_macro,f1_micro,balanced_accuracy_score,aic,aic_avg,bic,bic_avg,ebic,ebic_avg
23835.716819763184,2,0.6272036228368106,0.621897584705952,0.6272036228368106,0.6271623321850858,64071.43363952637,2.5906288872524006,130621.43013108973,5.281474613095978,278416.41683642816,11.25733530795844
