loss,layer_idx,accuracy_score,f1_macro,f1_micro,balanced_accuracy_score,aic,aic_avg,bic,bic_avg,ebic,ebic_avg
24285.531852722168,1,0.6185104318292092,0.6126899649092399,0.6185104318292092,0.6184637953212582,50619.063705444336,2.0467032065924444,58929.69741365908,2.382730770405106,73125.35167152676,2.95670999804006
