loss,layer_idx,accuracy_score,f1_macro,f1_micro,balanced_accuracy_score,aic,aic_avg,bic,bic_avg,ebic,ebic_avg
44763.41048812866,7,0.3115397056445091,0.30517363877894443,0.3115397056445091,0.3115015567778423,101830.82097625732,4.117371056778963,151759.5500513912,6.136161654997219,259106.19806901735,10.476556609615775
