loss,layer_idx,accuracy_score,f1_macro,f1_micro,balanced_accuracy_score,aic_rep,aic_rep_avg,bic_rep,bic_rep_avg,ebic_rep,ebic_rep_avg,aic_cls,aic_cls_avg,bic_cls,bic_cls_avg,ebic_cls,ebic_cls_avg,aic_pr,aic_pr_avg,bic_pr,bic_pr_avg,ebic_pr,ebic_pr_avg
46328.512687683105,20,0.2868348698043021,0.28308306267037875,0.2868348698043021,0.2868053918147221,94705.02537536621,3.8292505812456015,103015.65908358095,4.165278145058262,117211.31334144862,4.739257372693216,109057.02537536621,4.40955140608791,175607.02186692957,7.100397131931488,323402.008572268,13.07625782679395,92739.60841369629,3.7497819995833854,93074.7243229115,3.7633318907856825,93381.9874916574,3.7757555996950267
