loss,layer_idx,accuracy_score,f1_macro,f1_micro,balanced_accuracy_score,aic_rep,aic_rep_avg,bic_rep,bic_rep_avg,ebic_rep,ebic_rep_avg,aic_cls,aic_cls_avg,bic_cls,bic_cls_avg,ebic_cls,ebic_cls_avg,aic_pr,aic_pr_avg,bic_pr,bic_pr_avg,ebic_pr,ebic_pr_avg
46302.6950302124,21,0.2851770984958758,0.28184584559181913,0.2851770984958758,0.28514385920969515,94653.3900604248,3.827162787498981,102964.02376863954,4.163190351311642,117159.67802650722,4.737169578946596,109005.3900604248,4.4074636123412905,175555.38655198817,7.098309338184868,323350.3732573266,13.07417003304733,92665.3861694336,3.7467809384373925,92908.84597699715,3.7566248575528527,93112.90069823725,3.764875493216774
