loss,layer_idx,accuracy_score,f1_macro,f1_micro,balanced_accuracy_score,aic,aic_avg,bic,bic_avg,ebic,ebic_avg
28014.03066253662,5,0.5583858968138444,0.5519162338848603,0.5583858968138444,0.5583393147224949,72428.06132507324,2.9285161460890037,138978.0578166366,5.619361871932582,286773.04452197504,11.595222566795044
