loss,layer_idx,accuracy_score,f1_macro,f1_micro,balanced_accuracy_score,aic_rep,aic_rep_avg,bic_rep,bic_rep_avg,ebic_rep,ebic_rep_avg,aic_cls,aic_cls_avg,bic_cls,bic_cls_avg,ebic_cls,ebic_cls_avg,aic_pr,aic_pr_avg,bic_pr,bic_pr_avg,ebic_pr,ebic_pr_avg
39115.43428039551,0,0.3846029435549086,0.37602700938250866,0.3846029435549086,0.38456238848680924,80278.86856079102,3.245951340805071,88589.50226900575,3.581978904617732,102785.15652687343,4.155958132252686,94630.86856079102,3.8262521656473805,161180.86505235438,6.517097891490958,308975.8517576928,12.49295858635342,78259.29723548889,3.1642931115756467,78374.65871118422,3.168957573636755,78450.11555223374,3.172008553785935
