loss,layer_idx,accuracy_score,f1_macro,f1_micro,balanced_accuracy_score,aic,aic_avg,bic,bic_avg,ebic,ebic_avg
24493.911163330078,3,0.6186721656153971,0.6132414005351019,0.6186721656153971,0.6186304225872865,65387.822326660156,2.6438550188686785,131937.81881822352,5.334700744712256,279732.80552356195,11.31056143957472
