loss,layer_idx,accuracy_score,f1_macro,f1_micro,balanced_accuracy_score,aic_rep,aic_rep_avg,bic_rep,bic_rep_avg,ebic_rep,ebic_rep_avg,aic_cls,aic_cls_avg,bic_cls,bic_cls_avg,ebic_cls,ebic_cls_avg,aic_pr,aic_pr_avg,bic_pr,bic_pr_avg,ebic_pr,ebic_pr_avg
41689.18006134033,12,0.3603428756267184,0.35316075348979303,0.3603428756267184,0.3603001985425206,85426.36012268066,3.4540821657237855,93736.9938308954,3.7901097295364465,107932.64808876308,4.3640889571714006,99778.36012268066,4.034382990566095,166328.35661424402,6.7252287164096725,314123.34331958246,12.701089411272136,83437.42630004883,3.373662716320913,83677.11251325745,3.383354056010733,83877.0817299923,3.3914395006466234
