loss,layer_idx,accuracy_score,f1_macro,f1_micro,balanced_accuracy_score,aic,aic_avg,bic,bic_avg,ebic,ebic_avg
41689.18005371094,12,0.3603428756267184,0.35316075348979303,0.3603428756267184,0.3603001985425206,99778.36010742188,4.03438298994913,166328.35659898524,6.725228715792707,314123.3433043237,12.70108941065517
