loss,layer_idx,accuracy_score,f1_macro,f1_micro,balanced_accuracy_score,aic,aic_avg,bic,bic_avg,ebic,ebic_avg
101.99570877850056,37,1.0,1.0,1.0,1.0,9803.991417557001,0.45770268055821667,48069.97706876535,2.2441632618471217,129443.14055896678,6.043097131604425
