loss,layer_idx,accuracy_score,f1_macro,f1_micro,balanced_accuracy_score,aic,aic_avg,bic,bic_avg,ebic,ebic_avg
1498.5642611980438,7,0.9835200746965452,0.9836001803613079,0.9835200746965452,0.9835200746965453,12597.128522396088,0.5881012382071003,50863.11417360444,2.3745618194960056,132236.27766380587,6.173495689253309
