loss,layer_idx,accuracy_score,f1_macro,f1_micro,balanced_accuracy_score,aic,aic_avg,bic,bic_avg,ebic,ebic_avg
5442.440143108368,4,0.9323996265172736,0.9324709696502193,0.9323996265172736,0.9323996265172735,20484.880286216736,0.9563436174704358,58750.865937425086,2.742804198759341,140124.02942762652,6.541738068516644
