loss,layer_idx,accuracy_score,f1_macro,f1_micro,balanced_accuracy_score,aic,aic_avg,bic,bic_avg,ebic,ebic_avg
341.9065888673067,63,0.9978991596638656,0.9979001056668889,0.9978991596638656,0.9978991596638656,10283.813177734613,0.48010332295679803,48549.79882894296,2.2665639042457033,129922.9623191444,6.065497774003006
