loss,layer_idx,accuracy_score,f1_macro,f1_micro,balanced_accuracy_score,aic,aic_avg,bic,bic_avg,ebic,ebic_avg
566.9622984826565,20,0.9954248366013072,0.9954267620373713,0.9954248366013072,0.9954248366013073,10733.924596965313,0.5011169279628997,48999.91024817366,2.287577509251805,130373.0737383751,6.086511379009108
