loss,layer_idx,accuracy_score,f1_macro,f1_micro,balanced_accuracy_score,aic,aic_avg,bic,bic_avg,ebic,ebic_avg
1290.465854883194,11,0.9891223155929039,0.9891486401272164,0.9891223155929039,0.9891223155929038,12180.931709766388,0.5686709481683655,50446.91736097474,2.3551315294572706,131820.08085117617,6.1540653992145735
