loss,layer_idx,accuracy_score,f1_macro,f1_micro,balanced_accuracy_score,aic,aic_avg,bic,bic_avg,ebic,ebic_avg
101.08011443912983,44,1.0,1.0,1.0,1.0,9802.16022887826,0.45761719089067504,48068.14588008661,2.24407777217958,129441.30937028804,6.043011641936883
