loss,layer_idx,accuracy_score,f1_macro,f1_micro,balanced_accuracy_score,aic,aic_avg,bic,bic_avg,ebic,ebic_avg
1152.2712368369102,18,0.9892623716153128,0.9892547849945058,0.9892623716153128,0.9892623716153127,11904.54247367382,0.5557676224871064,50170.52812488217,2.3422282037760116,131543.6916150836,6.141162073533315
