loss,layer_idx,accuracy_score,f1_macro,f1_micro,balanced_accuracy_score,aic,aic_avg,bic,bic_avg,ebic,ebic_avg
1184.4473744034767,71,0.9889355742296919,0.9889315575096516,0.9889355742296919,0.9889355742296919,11968.894748806953,0.5587719303831444,50234.8804000153,2.34523251167205,131608.04389021674,6.144166381429353
