loss,layer_idx,accuracy_score,f1_macro,f1_micro,balanced_accuracy_score,aic,aic_avg,bic,bic_avg,ebic,ebic_avg
1221.9486963748932,12,0.9889355742296919,0.9889067568663454,0.9889355742296919,0.9889355742296919,12043.897392749786,0.5622734543767407,50309.883043958136,2.348734035665646,131683.04653415957,6.147667905422949
