loss,layer_idx,accuracy_score,f1_macro,f1_micro,balanced_accuracy_score,aic,aic_avg,bic,bic_avg,ebic,ebic_avg
109.0454488992691,47,1.0,1.0,1.0,1.0,9818.090897798538,0.45836091959843783,48084.07654900689,2.244821500887343,129457.24003920832,6.0437553706446465
