loss,layer_idx,accuracy_score,f1_macro,f1_micro,balanced_accuracy_score,aic,aic_avg,bic,bic_avg,ebic,ebic_avg
127.39414821565151,33,1.0,1.0,1.0,1.0,9854.788296431303,0.46007415016019154,48120.77394763965,2.246534731449097,129493.93743784109,6.0454686012064
