loss,layer_idx,accuracy_score,f1_macro,f1_micro,balanced_accuracy_score,aic,aic_avg,bic,bic_avg,ebic,ebic_avg
677.9148899912834,19,0.9935574229691877,0.9935561214724056,0.9935574229691877,0.9935574229691878,10955.829779982567,0.5114766470580097,49221.81543119092,2.297937228346915,130594.97892139235,6.096871098104218
