loss,layer_idx,accuracy_score,f1_macro,f1_micro,balanced_accuracy_score,aic,aic_avg,bic,bic_avg,ebic,ebic_avg
2300.0600838661194,0,0.9949579831932773,0.9949540640242875,0.9949579831932773,0.9949579831932773,6648.120167732239,0.3103697557297964,14811.53043999002,0.6914813464047628,29007.1846978577,1.3542103033547013
