loss,layer_idx,accuracy_score,f1_macro,f1_micro,balanced_accuracy_score,aic,aic_avg,bic,bic_avg,ebic,ebic_avg
257.09933829307556,3,1.0,1.0,1.0,1.0,2562.198676586151,0.11961711842138895,10725.608948843932,0.5007287090963554,24921.263206711614,1.1634576660462939
