loss,layer_idx,accuracy_score,f1_macro,f1_micro,balanced_accuracy_score,aic,aic_avg,bic,bic_avg,ebic,ebic_avg
612.8349921703339,2,0.9997665732959851,0.9997665696201478,0.9997665732959851,0.9997665732959851,2761.6699843406677,0.1289295044043262,8884.227688534003,0.41476319741055107,19089.08871864883,0.8911806124485915
