loss,layer_idx,accuracy_score,f1_macro,f1_micro,balanced_accuracy_score,aic,aic_avg,bic,bic_avg,ebic,ebic_avg
752.0785022974014,11,1.0,1.0,1.0,1.0,3040.157004594803,0.1419307658540991,9162.714708788139,0.42776445886032394,19367.575738902964,0.9041818738983644
