loss,layer_idx,accuracy_score,f1_macro,f1_micro,balanced_accuracy_score,aic,aic_avg,bic,bic_avg,ebic,ebic_avg
378.7601418495178,2,0.9997665732959851,0.9997665696201478,0.9997665732959851,0.9997665732959851,2805.5202836990356,0.13097667057418466,10968.930555956817,0.5120882612491511,25164.5848138245,1.1748172181990895
