loss,layer_idx,accuracy_score,f1_macro,f1_micro,balanced_accuracy_score,aic,aic_avg,bic,bic_avg,ebic,ebic_avg
626.998707652092,3,0.9997665732959851,0.9997665696201478,0.9997665732959851,0.9997665732959851,2789.997415304184,0.1302519801729311,8912.55511949752,0.4160856731791559,19117.416149612345,0.8925030882171964
