loss,layer_idx,accuracy_score,f1_macro,f1_micro,balanced_accuracy_score,aic,aic_avg,bic,bic_avg,ebic,ebic_avg
501.9329940676689,5,1.0,1.0,1.0,1.0,2539.865988135338,0.11857450925001577,8662.423692328673,0.4044082022562406,18867.2847224435,0.880825617294281
