loss,layer_idx,accuracy_score,f1_macro,f1_micro,balanced_accuracy_score,aic,aic_avg,bic,bic_avg,ebic,ebic_avg
51847.69482421875,24,0.29747899159663865,0.29034268439289507,0.29747899159663865,0.2974789915966387,107791.3896484375,5.032277761364963,124118.21019295306,5.794500942714896,155348.64956026195,7.25250464800476
