loss,layer_idx,accuracy_score,f1_macro,f1_micro,balanced_accuracy_score,aic,aic_avg,bic,bic_avg,ebic,ebic_avg
12185.059061050415,13,0.9072362278244631,0.9072441967812547,0.9072362278244631,0.9072362278244631,26418.11812210083,1.233338847903867,34581.52839435861,1.6144504385788334,48777.18265222629,2.277179395528772
