loss,layer_idx,accuracy_score,f1_macro,f1_micro,balanced_accuracy_score,aic,aic_avg,bic,bic_avg,ebic,ebic_avg
54157.74102783203,46,0.27324929971988793,0.2671150405671241,0.27324929971988793,0.273249299719888,111387.48205566406,5.200162560955372,123632.59746405073,5.771829946967822,146171.66766296054,6.824074120586393
