loss,layer_idx,accuracy_score,f1_macro,f1_micro,balanced_accuracy_score,aic,aic_avg,bic,bic_avg,ebic,ebic_avg
43294.16165161133,42,0.4233893557422969,0.4198817176464073,0.4233893557422969,0.4233893557422969,90684.32330322266,4.233628538899284,107011.14384773822,4.995851720249217,138241.5832150471,6.453855425539081
