loss,layer_idx,accuracy_score,f1_macro,f1_micro,balanced_accuracy_score,aic,aic_avg,bic,bic_avg,ebic,ebic_avg
65063.32536315918,1,0.14705882352941177,0.12506463811882265,0.14705882352941177,0.14705882352941177,133198.65072631836,6.21842440365632,145443.76613470505,6.79009178966877,167982.83633361483,7.842335963287341
