loss,layer_idx,accuracy_score,f1_macro,f1_micro,balanced_accuracy_score,aic,aic_avg,bic,bic_avg,ebic,ebic_avg
44733.05174255371,44,0.3945845004668534,0.3907558952615975,0.3945845004668534,0.3945845004668534,93562.10348510742,4.367978687446659,109888.92402962298,5.130201868796592,141119.36339693188,6.588205574086455
