loss,layer_idx,accuracy_score,f1_macro,f1_micro,balanced_accuracy_score,aic,aic_avg,bic,bic_avg,ebic,ebic_avg
51269.31573486328,26,0.3234827264239029,0.31317303393342527,0.3234827264239029,0.3234827264239029,105610.63146972656,4.930468322582939,117855.74687811323,5.5021357085953895,140394.81707702304,6.5543798822139605
