loss,layer_idx,accuracy_score,f1_macro,f1_micro,balanced_accuracy_score,aic,aic_avg,bic,bic_avg,ebic,ebic_avg
10244.667287826538,8,0.9361811391223156,0.9360573969576438,0.9361811391223156,0.9361811391223156,22537.334575653076,1.0521631454553257,30700.744847910857,1.4332747361302922,44896.39910577854,2.0960036930802306
