loss,layer_idx,accuracy_score,f1_macro,f1_micro,balanced_accuracy_score,aic,aic_avg,bic,bic_avg,ebic,ebic_avg
10469.032060623169,7,0.9369281045751634,0.9369301884830049,0.9369281045751634,0.9369281045751635,22986.064121246338,1.073112237219717,31149.47439350412,1.4542238278946835,45345.1286513718,2.1169527848446217
