loss,layer_idx,accuracy_score,f1_macro,f1_micro,balanced_accuracy_score,aic,aic_avg,bic,bic_avg,ebic,ebic_avg
67275.8876876831,10,0.13281979458450047,0.12631128836132266,0.13281979458450047,0.13281979458450047,138647.7753753662,6.47281864497508,154974.59591988177,7.235041826325013,186205.03528719067,8.693045531614876
