loss,layer_idx,accuracy_score,f1_macro,f1_micro,balanced_accuracy_score,aic,aic_avg,bic,bic_avg,ebic,ebic_avg
46079.8060836792,30,0.4110177404295051,0.39855894391166,0.4110177404295051,0.4110177404295051,95231.6121673584,4.445920269251093,107476.72757574507,5.017587655263542,130015.79777465487,6.069831828882114
