loss,layer_idx,accuracy_score,f1_macro,f1_micro,balanced_accuracy_score,aic,aic_avg,bic,bic_avg,ebic,ebic_avg
62610.60704040527,13,0.1745564892623716,0.16714105080388347,0.1745564892623716,0.17455648926237163,129317.21408081055,6.037218211055581,145644.0346253261,6.799441392405514,176874.473992635,8.257445097695378
