loss,layer_idx,accuracy_score,f1_macro,f1_micro,balanced_accuracy_score,aic,aic_avg,bic,bic_avg,ebic,ebic_avg
10457.094676971436,16,0.9348739495798319,0.9348265454048494,0.9348739495798319,0.934873949579832,22962.18935394287,1.0719976355715626,31125.599626200652,1.453109226246529,45321.253884068334,2.1158381831964674
