loss,layer_idx,accuracy_score,f1_macro,f1_micro,balanced_accuracy_score,aic,aic_avg,bic,bic_avg,ebic,ebic_avg
14156.246006011963,18,0.8735294117647059,0.8731271037597552,0.8735294117647059,0.8735294117647059,30360.492012023926,1.4173899165277277,38523.90228428171,1.798501507202694,52719.55654214939,2.4612304641526324
