loss,layer_idx,accuracy_score,f1_macro,f1_micro,balanced_accuracy_score,aic,aic_avg,bic,bic_avg,ebic,ebic_avg
65791.19309997559,11,0.13795518207282914,0.13133238942894626,0.13795518207282914,0.13795518207282914,134654.38619995117,6.286385910361866,146899.50160833786,6.858053296374316,169438.57180724764,7.910297469992887
