loss,layer_idx,accuracy_score,f1_macro,f1_micro,balanced_accuracy_score,aic,aic_avg,bic,bic_avg,ebic,ebic_avg
31987.324432373047,34,0.6025210084033613,0.5997508186844884,0.6025210084033613,0.6025210084033613,68070.6488647461,3.17790144093119,84397.46940926166,3.940124622281123,115627.90877657055,5.398128327570987
