loss,layer_idx,accuracy_score,f1_macro,f1_micro,balanced_accuracy_score,aic,aic_avg,bic,bic_avg,ebic,ebic_avg
23144.673873901367,3,0.7443510737628385,0.7428915244313656,0.7443510737628385,0.7443510737628385,48337.347747802734,2.2566455531187084,56500.758020060515,2.637757143793675,70696.41227792819,3.300486100743613
