loss,layer_idx,accuracy_score,f1_macro,f1_micro,balanced_accuracy_score,aic,aic_avg,bic,bic_avg,ebic,ebic_avg
3197.290096759796,19,0.9930905695611578,0.9930998855659091,0.9930905695611578,0.9930905695611578,8442.580193519592,0.39414473359101737,16605.990465777373,0.7752563242659838,30801.644723645055,1.4379852812159222
