loss,layer_idx,accuracy_score,f1_macro,f1_micro,balanced_accuracy_score,aic,aic_avg,bic,bic_avg,ebic,ebic_avg
3667.389485836029,13,0.9890289449112979,0.9890764497988234,0.9890289449112979,0.9890289449112979,9382.778971672058,0.438038233971618,17546.18924392984,0.8191498246465845,31741.84350179752,1.4818787815965229
