loss,layer_idx,accuracy_score,f1_macro,f1_micro,balanced_accuracy_score,aic,aic_avg,bic,bic_avg,ebic,ebic_avg
2805.2937426567078,14,0.9955182072829132,0.9955219466132013,0.9955182072829132,0.9955182072829132,7658.5874853134155,0.3575437668213546,15821.997757571196,0.738655357496321,30017.652015438878,1.4013843144462594
