loss,layer_idx,accuracy_score,f1_macro,f1_micro,balanced_accuracy_score,aic,aic_avg,bic,bic_avg,ebic,ebic_avg
8053.297149658203,1,0.942063492063492,0.9420550814019601,0.942063492063492,0.9420634920634922,18154.594299316406,0.8475534220035671,26318.004571574187,1.2286650126785335,40513.65882944187,1.8913939696284718
