loss,layer_idx,accuracy_score,f1_macro,f1_micro,balanced_accuracy_score,aic,aic_avg,bic,bic_avg,ebic,ebic_avg
3292.476936340332,20,0.9917833800186742,0.9917837638003121,0.9917833800186742,0.9917833800186742,8632.953872680664,0.4030323936825707,16796.364144938445,0.7841439843575371,30992.018402806127,1.4468729413074757
