loss,layer_idx,accuracy_score,f1_macro,f1_micro,balanced_accuracy_score,aic,aic_avg,bic,bic_avg,ebic,ebic_avg
7871.723480224609,22,0.9521008403361344,0.9520369495998994,0.9521008403361344,0.9521008403361345,17791.44696044922,0.8305997647268543,25954.857232707,1.2117113554018206,40150.51149057468,1.8744403123517592
