loss,layer_idx,accuracy_score,f1_macro,f1_micro,balanced_accuracy_score,aic,aic_avg,bic,bic_avg,ebic,ebic_avg
2818.4345762729645,18,0.9953781512605042,0.9953756687886705,0.9953781512605042,0.9953781512605042,7684.869152545929,0.3587707354129752,15848.27942480371,0.7398823260879417,30043.93368267139,1.40261128303788
