loss,layer_idx,accuracy_score,f1_macro,f1_micro,balanced_accuracy_score,aic,aic_avg,bic,bic_avg,ebic,ebic_avg
4119.512122154236,6,0.9839402427637721,0.9839482206595132,0.9839402427637721,0.9839402427637722,10287.024244308472,0.48025323269413966,18450.434516566253,0.8613648233691061,32646.088774433934,1.5240937803190446
