loss,layer_idx,accuracy_score,f1_macro,f1_micro,balanced_accuracy_score,aic,aic_avg,bic,bic_avg,ebic,ebic_avg
3930.633412361145,21,0.9869281045751634,0.9869242968490153,0.9869281045751634,0.9869281045751634,9909.26682472229,0.4626174988199015,18072.67709698007,0.8437290894948679,32268.331354847753,1.5064580464448063
