loss,layer_idx,accuracy_score,f1_macro,f1_micro,balanced_accuracy_score,aic,aic_avg,bic,bic_avg,ebic,ebic_avg
4382.987643241882,5,0.9839402427637721,0.9839140715925823,0.9839402427637721,0.9839402427637722,10813.975286483765,0.5048541216845829,18977.385558741546,0.8859657123595492,33173.03981660923,1.5486946693094876
