loss,layer_idx,accuracy_score,f1_macro,f1_micro,balanced_accuracy_score,aic,aic_avg,bic,bic_avg,ebic,ebic_avg
7.8225918022944825,62,0.9997251425822854,0.9997360576829628,0.9997251425822854,0.9998080723554529,9615.645183604589,0.3303664256031261,49353.403347476284,1.69564362493906,130726.56683767772,4.491395823461751
