loss,layer_idx,accuracy_score,f1_macro,f1_micro,balanced_accuracy_score,aic,aic_avg,bic,bic_avg,ebic,ebic_avg
1.0683018555598665,56,1.0,1.0,1.0,1.0,9602.13660371112,0.3299023089298124,49339.89476758282,1.6951795082657464,130713.05825778426,4.490931706788437
