loss,layer_idx,accuracy_score,f1_macro,f1_micro,balanced_accuracy_score,aic,aic_avg,bic,bic_avg,ebic,ebic_avg
1.0402334366718122,43,0.9999656428227857,0.9999760085402828,0.9999656428227857,0.9999760065262249,9602.080466873344,0.3299003802265287,49339.83863074504,1.6951775795624628,130713.00212094648,4.490929778085153
