loss,layer_idx,accuracy_score,f1_macro,f1_micro,balanced_accuracy_score,aic,aic_avg,bic,bic_avg,ebic,ebic_avg
315.7719349190593,12,0.9846766989624133,0.9815272769585613,0.9846766989624133,0.9888664628913555,10231.543869838119,0.3515269659121184,49969.30203370981,1.7168041652480523,131342.46552391123,4.512556363770742
