loss,layer_idx,accuracy_score,f1_macro,f1_micro,balanced_accuracy_score,aic,aic_avg,bic,bic_avg,ebic,ebic_avg
7.807566555281483,29,0.9996564282278568,0.9995445303099032,0.9996564282278568,0.999760041046834,9615.615133110563,0.33036539315297747,49353.37329698226,1.6956425924889116,130726.5367871837,4.4913947910116025
