loss,layer_idx,accuracy_score,f1_macro,f1_micro,balanced_accuracy_score,aic,aic_avg,bic,bic_avg,ebic,ebic_avg
31.432947367196903,58,0.9992097849240706,0.9992083057767104,0.9992097849240706,0.999448222627526,9662.865894734394,0.33198879594359904,49400.62405860609,1.697265995279533,130773.78754880752,4.493018193802223
