loss,layer_idx,accuracy_score,f1_macro,f1_micro,balanced_accuracy_score,aic,aic_avg,bic,bic_avg,ebic,ebic_avg
6.800638949251152,25,0.9997938569367141,0.9997121991034013,0.9997938569367141,0.9998560633321338,9613.601277898502,0.33029620277257277,49351.3594417702,1.6955734021085067,130724.52293197163,4.491325600631197
