loss,layer_idx,accuracy_score,f1_macro,f1_micro,balanced_accuracy_score,aic,aic_avg,bic,bic_avg,ebic,ebic_avg
16.55097755024326,45,0.9993128564557135,0.9991607544406876,0.9993128564557135,0.9993760365376657,9633.101955100487,0.3309661909950006,49370.86011897218,1.6962433903309346,130744.02360917362,4.491995588853626
