loss,layer_idx,accuracy_score,f1_macro,f1_micro,balanced_accuracy_score,aic,aic_avg,bic,bic_avg,ebic,ebic_avg
17.311710144807876,26,0.9992097849240706,0.999065658159085,0.9992097849240706,0.9994481984527412,9634.623420289616,0.3310184642441289,49372.38158416131,1.6962956635800628,130745.54507436274,4.492047862102754
