loss,layer_idx,accuracy_score,f1_macro,f1_micro,balanced_accuracy_score,aic,aic_avg,bic,bic_avg,ebic,ebic_avg
21.213212036527693,66,0.9998625712911428,0.9998320356082093,0.9998625712911428,0.9999040381922918,9642.426424073055,0.33128655342792057,49380.18458794475,1.6965637527638546,130753.34807814618,4.492315951286545
