loss,layer_idx,accuracy_score,f1_macro,f1_micro,balanced_accuracy_score,aic,aic_avg,bic,bic_avg,ebic,ebic_avg
276.80593065172434,7,0.9910327767470625,0.9882161617149353,0.9910327767470625,0.993254414173118,2089.6118613034487,0.0717931650279478,8447.65316752292,0.29023751692169725,18652.514197637745,0.6408477357808612
