loss,layer_idx,accuracy_score,f1_macro,f1_micro,balanced_accuracy_score,aic,aic_avg,bic,bic_avg,ebic,ebic_avg
440.4431570917368,8,0.9880437023294166,0.9839576313669584,0.9880437023294166,0.9901344706649766,2416.8863141834736,0.08303739140326646,8774.927620402945,0.3014817432970159,18979.78865051777,0.6520919621561798
