loss,layer_idx,accuracy_score,f1_macro,f1_micro,balanced_accuracy_score,aic,aic_avg,bic,bic_avg,ebic,ebic_avg
406.9042680412531,6,0.9867381295952724,0.9822978426171856,0.9867381295952724,0.989773751376222,2349.808536082506,0.08073278829390869,8707.849842301977,0.2991771401876581,18912.710872416803,0.649787359046822
