loss,layer_idx,accuracy_score,f1_macro,f1_micro,balanced_accuracy_score,aic,aic_avg,bic,bic_avg,ebic,ebic_avg
116.65291865263134,10,0.9968047825190682,0.9954663752378664,0.9968047825190682,0.9971816713915961,2281.3058373052627,0.07837922893235974,10758.694245597891,0.36963836479069234,24954.34850346557,0.8573609738014695
