loss,layer_idx,accuracy_score,f1_macro,f1_micro,balanced_accuracy_score,aic,aic_avg,bic,bic_avg,ebic,ebic_avg
1880.2370756864548,23,0.9308046450903594,0.9122692826510893,0.9308046450903594,0.9439788534532031,5808.47415137291,0.19956277576351644,14285.862559665538,0.49082191162184907,28481.51681753322,0.9785445206326262
