loss,layer_idx,accuracy_score,f1_macro,f1_micro,balanced_accuracy_score,aic,aic_avg,bic,bic_avg,ebic,ebic_avg
1420.1738764047623,7,0.9518312375455232,0.9395389801358988,0.9518312375455232,0.9577873141646595,4888.3477528095245,0.1679498300285001,13365.736161102153,0.45920896588683274,27561.390418969833,0.9469315748976099
