loss,layer_idx,accuracy_score,f1_macro,f1_micro,balanced_accuracy_score,aic,aic_avg,bic,bic_avg,ebic,ebic_avg
2925.611773967743,43,0.8935958221672508,0.8586429383356661,0.8935958221672508,0.9033782253128851,9947.223547935486,0.34175852222687714,26902.000364520743,0.9242767939435423,58132.43973182964,1.9972665337672522
