loss,layer_idx,accuracy_score,f1_macro,f1_micro,balanced_accuracy_score,aic,aic_avg,bic,bic_avg,ebic,ebic_avg
1230.691277563572,18,0.9552669552669553,0.9404797014384199,0.9552669552669553,0.962840968902836,4509.382555127144,0.15492965557366672,12986.770963419773,0.44618879143199935,27182.425221287453,0.9339114004427765
