loss,layer_idx,accuracy_score,f1_macro,f1_micro,balanced_accuracy_score,aic,aic_avg,bic,bic_avg,ebic,ebic_avg
1694.6325175762177,15,0.9484642341785199,0.9390834369993727,0.9484642341785199,0.9566662396620466,7485.265035152435,0.257172577308886,24440.041851737693,0.8396908490255512,55670.48121904659,1.9126805888492608
