loss,layer_idx,accuracy_score,f1_macro,f1_micro,balanced_accuracy_score,aic,aic_avg,bic,bic_avg,ebic,ebic_avg
1178.0207654237747,12,0.9631003916718203,0.952206851988333,0.9631003916718203,0.9693795041524853,4404.041530847549,0.1513104353345547,12881.429939140178,0.4425695711928873,27077.084197007858,0.9302921802036644
