loss,layer_idx,accuracy_score,f1_macro,f1_micro,balanced_accuracy_score,aic,aic_avg,bic,bic_avg,ebic,ebic_avg
670.7893480956554,22,0.9844705558991274,0.9808187666595473,0.9844705558991274,0.9875666741666401,4413.578696191311,0.1516381054143926,17129.661308630253,0.5885268092018915,39668.731507540055,1.3629056382718359
