loss,layer_idx,accuracy_score,f1_macro,f1_micro,balanced_accuracy_score,aic,aic_avg,bic,bic_avg,ebic,ebic_avg
2884.735069513321,44,0.895348038205181,0.8610588725518973,0.895348038205181,0.9037765683066674,9865.470139026642,0.3389497058691212,26820.2469556119,0.9214679775857865,58050.686322920796,1.9944577174094962
