loss,layer_idx,accuracy_score,f1_macro,f1_micro,balanced_accuracy_score,aic,aic_avg,bic,bic_avg,ebic,ebic_avg
2604.370432138443,42,0.905002405002405,0.8743988027608457,0.905002405002405,0.9172928428880744,9304.740864276886,0.31968463080728665,26259.517680862144,0.9022029025239519,57489.95704817104,1.9751926423476616
