loss,layer_idx,accuracy_score,f1_macro,f1_micro,balanced_accuracy_score,aic,aic_avg,bic,bic_avg,ebic,ebic_avg
357.7128041088581,33,0.9942279942279942,0.9929080153042563,0.9942279942279942,0.9956796704325886,4811.425608217716,0.16530700227505382,21766.202424802974,0.747825273991719,52996.64179211187,1.8208150138154289
