loss,layer_idx,accuracy_score,f1_macro,f1_micro,balanced_accuracy_score,aic,aic_avg,bic,bic_avg,ebic,ebic_avg
2609.8461241722107,13,0.918848347419776,0.9061831293250568,0.918848347419776,0.9315130566239608,8291.692248344421,0.2848791399829733,21007.774860783364,0.7217678437704722,43546.845059693165,1.4961466728404167
