loss,layer_idx,accuracy_score,f1_macro,f1_micro,balanced_accuracy_score,aic,aic_avg,bic,bic_avg,ebic,ebic_avg
1578.7181729078293,21,0.9407338693052979,0.9233872984868466,0.9407338693052979,0.9510172250001252,5205.436345815659,0.17884409901105128,13682.824754108287,0.4701032348693839,27878.479011975967,0.957825843880161
