loss,layer_idx,accuracy_score,f1_macro,f1_micro,balanced_accuracy_score,aic,aic_avg,bic,bic_avg,ebic,ebic_avg
1026.8069604039192,14,0.96285989143132,0.9524731194384614,0.96285989143132,0.970733434081537,4101.613920807838,0.14091987634191708,12579.002329100467,0.4321790122002497,26774.656586968147,0.9199016212110268
