loss,layer_idx,accuracy_score,f1_macro,f1_micro,balanced_accuracy_score,aic,aic_avg,bic,bic_avg,ebic,ebic_avg
1947.5888197422028,15,0.9426578712292998,0.932828088352233,0.9426578712292998,0.9522008481208823,6967.1776394844055,0.2393725568434139,19683.260251923348,0.6762612606309127,42222.33045083315,1.4506400897008571
