loss,layer_idx,accuracy_score,f1_macro,f1_micro,balanced_accuracy_score,aic,aic_avg,bic,bic_avg,ebic,ebic_avg
806.6589966118336,15,0.972205043633615,0.9643606142431977,0.972205043633615,0.977427538431313,3661.317993223667,0.12579255113116428,12138.706401516296,0.41705168698949685,26334.360659383976,0.904774296000274
