loss,layer_idx,accuracy_score,f1_macro,f1_micro,balanced_accuracy_score,aic,aic_avg,bic,bic_avg,ebic,ebic_avg
3597.7311968803406,3,0.8726379440665155,0.8406704389481657,0.8726379440665155,0.882652259480578,9243.462393760681,0.3175792755363389,17720.85080205331,0.6088384113946717,31916.505059920994,1.0965610204054488
