loss,layer_idx,accuracy_score,f1_macro,f1_micro,balanced_accuracy_score,aic,aic_avg,bic,bic_avg,ebic,ebic_avg
755.9290145039558,27,0.98433312719027,0.9807018088773599,0.98433312719027,0.9873869542330712,4583.858029007912,0.15748842262790874,17299.940641446854,0.5943771264154076,39839.010840356656,1.3687559554853521
