loss,layer_idx,accuracy_score,f1_macro,f1_micro,balanced_accuracy_score,aic,aic_avg,bic,bic_avg,ebic,ebic_avg
683.6924582719803,38,0.9849171992029135,0.9815602126380227,0.9849171992029135,0.9884929834197759,4439.384916543961,0.15252473430028038,17155.467528982903,0.5894134380877792,39694.537727892704,1.3637922671577236
