loss,layer_idx,accuracy_score,f1_macro,f1_micro,balanced_accuracy_score,aic,aic_avg,bic,bic_avg,ebic,ebic_avg
854.3982938528061,9,0.970590256304542,0.9650519528812417,0.970590256304542,0.9771500018272946,3756.796587705612,0.12907292612195465,12234.184995998241,0.4203320619802873,26429.83925386592,0.9080546709910644
