loss,layer_idx,accuracy_score,f1_macro,f1_micro,balanced_accuracy_score,aic,aic_avg,bic,bic_avg,ebic,ebic_avg
2859.143355369568,19,0.8786160929018072,0.8743316480464735,0.8786160929018072,0.9058290107960701,7766.286710739136,0.2668276888180834,16243.675119031765,0.558086824676416,30439.329376899444,1.0458094336871933
