loss,layer_idx,accuracy_score,f1_macro,f1_micro,balanced_accuracy_score,aic,aic_avg,bic,bic_avg,ebic,ebic_avg
3468.995365858078,21,0.8602006459149316,0.852551148661244,0.8602006459149316,0.8882939399550088,8985.990731716156,0.3087332760158097,17463.379140008787,0.5999924118741423,31659.03339787647,1.0877150208849196
