loss,layer_idx,accuracy_score,f1_macro,f1_micro,balanced_accuracy_score,aic,aic_avg,bic,bic_avg,ebic,ebic_avg
3303.60831618309,20,0.8650106507249364,0.8612523968866158,0.8650106507249364,0.8938390893756921,8655.21663236618,0.29736881166653545,17132.60504065881,0.5886279475248681,31328.259298526493,1.0763505565356453
