loss,layer_idx,accuracy_score,f1_macro,f1_micro,balanced_accuracy_score,aic,aic_avg,bic,bic_avg,ebic,ebic_avg
923.7319464683533,5,0.96993746993747,0.9639357664478189,0.96993746993747,0.9781121229768159,3895.4638929367065,0.1338371433016116,12372.852301229335,0.4250962791599442,26568.506559097015,0.9128188881707213
