loss,layer_idx,accuracy_score,f1_macro,f1_micro,balanced_accuracy_score,aic,aic_avg,bic,bic_avg,ebic,ebic_avg
1238.1005882620811,11,0.9572596715453858,0.9478814333228156,0.9572596715453858,0.9663989772573752,4524.201176524162,0.155438781575076,13001.589584816791,0.4466979174334086,27197.24384268447,0.9344205264441857
