loss,layer_idx,accuracy_score,f1_macro,f1_micro,balanced_accuracy_score,aic,aic_avg,bic,bic_avg,ebic,ebic_avg
1929.681552529335,2,0.9336219336219336,0.9195955859084071,0.9336219336219336,0.948073371442684,5907.36310505867,0.2029603210698368,14384.751513351299,0.49421945692816943,28580.40577121898,0.9819420659389466
