loss,layer_idx,accuracy_score,f1_macro,f1_micro,balanced_accuracy_score,aic,aic_avg,bic,bic_avg,ebic,ebic_avg
1270.1356272697449,12,0.9553356696213839,0.9471863459293183,0.9553356696213839,0.9651512598746754,4588.27125453949,0.15764004859958392,13065.659662832119,0.44889918445791654,27261.3139206998,0.9366217934686937
