loss,layer_idx,accuracy_score,f1_macro,f1_micro,balanced_accuracy_score,aic_rep,aic_rep_avg,bic_rep,bic_rep_avg,ebic_rep,ebic_rep_avg,aic_cls,aic_cls_avg,bic_cls,bic_cls_avg,ebic_cls,ebic_cls_avg,aic_pr,aic_pr_avg,bic_pr,bic_pr_avg,ebic_pr,ebic_pr_avg
5350.933221817017,0,0.7793925651068508,0.7415293033851914,0.7793925651068508,0.8046830550371473,10941.866443634033,0.3759316444593566,11935.310397730826,0.41006357444275493,13084.308415998516,0.44953990297528057,12395.866443634033,0.42588698012897797,19407.92501963389,0.666801519261798,30828.365996374472,1.0591756337653566,10718.333183288574,0.3682516726203729,10786.494778928114,0.3705935126409714,10821.209882154344,0.3717862255945284
