loss,layer_idx,accuracy_score,f1_macro,f1_micro,balanced_accuracy_score,aic_rep,aic_rep_avg,bic_rep,bic_rep_avg,ebic_rep,ebic_rep_avg,aic_cls,aic_cls_avg,bic_cls,bic_cls_avg,ebic_cls,ebic_cls_avg,aic_pr,aic_pr_avg,bic_pr,bic_pr_avg,ebic_pr,ebic_pr_avg
2131.141923189163,0,0.9144162715591287,0.8955895052416156,0.9144162715591287,0.923726017781969,6182.283846378326,0.2124058216992485,14129.835479152665,0.48546126156643526,27314.34738531948,0.9384438736109215,17716.283846378326,0.6086815036892161,73407.09617312101,2.522060612008555,191989.0990167975,6.596203498137755,4274.255347728729,0.1468513484411712,4323.809579553809,0.14855389196570498,4345.231165500264,0.1492898771902791
