loss,layer_idx,accuracy_score,f1_macro,f1_micro,balanced_accuracy_score,aic,aic_avg,bic,bic_avg,ebic,ebic_avg
4.634365912439989,36,0.9997594997594997,0.9997600289320089,0.9997594997594997,0.9998319932507008,9609.268731824879,0.33014734871933205,49347.026895696574,1.695424548055266,130720.19038589801,4.491176746577957
