loss,layer_idx,accuracy_score,f1_macro,f1_micro,balanced_accuracy_score,aic_rep,aic_rep_avg,bic_rep,bic_rep_avg,ebic_rep,ebic_rep_avg,aic_cls,aic_cls_avg,bic_cls,bic_cls_avg,ebic_cls,ebic_cls_avg,aic_pr,aic_pr_avg,bic_pr,bic_pr_avg,ebic_pr,ebic_pr_avg
11.680245485287742,71,0.9997251425822854,0.9996162654712016,0.9997251425822854,0.9997600329682473,9623.360490970575,0.3306315017855623,49361.11865484227,1.6959087011214962,130734.2821450437,4.491660899644187,67237.36049097058,2.310085909811399,345459.6185353948,11.86901733441197,1045996.8383803972,35.937498741853815,39.67264192577568,0.0013630399892041393,107.19434086226673,0.0036828949653771293,141.42968344786257,0.0048591246975834045
