loss,layer_idx,accuracy_score,f1_macro,f1_micro,balanced_accuracy_score,aic_rep,aic_rep_avg,bic_rep,bic_rep_avg,ebic_rep,ebic_rep_avg,aic_cls,aic_cls_avg,bic_cls,bic_cls_avg,ebic_cls,ebic_cls_avg,aic_pr,aic_pr_avg,bic_pr,bic_pr_avg,ebic_pr,ebic_pr_avg
10.137080277952919,24,0.9997594997594997,0.9997120460650682,0.9997594997594997,0.9998320658292279,9620.274160555906,0.3305254641845635,49358.0323244276,1.6958026635204975,130731.19581462903,4.491554862043188,67234.27416055591,2.3099798722104006,345456.5322049801,11.86891129681097,1045993.7520499825,35.93739270425282,35.990013293332595,0.001236515264664763,101.04342531613317,0.0034715668699283023,133.4420128337831,0.004584690882765859
