loss,layer_idx,accuracy_score,f1_macro,f1_micro,balanced_accuracy_score,aic,aic_avg,bic,bic_avg,ebic,ebic_avg
6.099306241730494,42,0.9998282141139284,0.9998800427047971,0.9998282141139284,0.9998800447185167,67226.19861248347,2.3097024191741724,345448.4566569076,11.868633843774742,1045985.67650191,35.93711525121659
