loss,layer_idx,accuracy_score,f1_macro,f1_micro,balanced_accuracy_score,aic,aic_avg,bic,bic_avg,ebic,ebic_avg
42.56855975342478,22,0.9982134267848554,0.9981060975210685,0.9982134267848554,0.9983677581131822,9685.13711950685,0.33275397235988624,49422.895283378544,1.6980311716958203,130796.05877357998,4.493783370218511
