loss,layer_idx,accuracy_score,f1_macro,f1_micro,balanced_accuracy_score,aic,aic_avg,bic,bic_avg,ebic,ebic_avg
51.43610473867011,34,0.9978354978354979,0.9972351335578724,0.9978354978354979,0.9983919290583793,67316.87220947734,2.3128177080147507,345539.13025390153,11.87174913261532,1046076.350098904,35.94023054005717
