loss,layer_idx,accuracy_score,f1_macro,f1_micro,balanced_accuracy_score,aic,aic_avg,bic,bic_avg,ebic,ebic_avg
28.390838779276237,61,0.999244142101285,0.9990172902959766,0.999244142101285,0.9994241686558342,9656.781677558552,0.33177975941587823,49394.53984143025,1.6970569587518123,130767.70333163168,4.492809157274503
