loss,layer_idx,accuracy_score,f1_macro,f1_micro,balanced_accuracy_score,aic,aic_avg,bic,bic_avg,ebic,ebic_avg
82.54444750762195,19,0.9968047825190682,0.99613637011636,0.9968047825190682,0.9972403307886664,67379.08889501524,2.314955297705464,345601.3469394394,11.873886722306034,1046138.5667844418,35.942368129747884
