loss,layer_idx,accuracy_score,f1_macro,f1_micro,balanced_accuracy_score,aic,aic_avg,bic,bic_avg,ebic,ebic_avg
47.64405204588547,69,0.997423211708926,0.9966638205471094,0.997423211708926,0.9981521475156391,67309.28810409177,2.312557139562007,345531.54614851595,11.871488564162576,1046068.7659935183,35.93996997160442
