loss,layer_idx,accuracy_score,f1_macro,f1_micro,balanced_accuracy_score,aic_rep,aic_rep_avg,bic_rep,bic_rep_avg,ebic_rep,ebic_rep_avg,aic_cls,aic_cls_avg,bic_cls,bic_cls_avg,ebic_cls,ebic_cls_avg,aic_pr,aic_pr_avg,bic_pr,bic_pr_avg,ebic_pr,ebic_pr_avg
14.795694781001657,51,0.9995877138734282,0.9996400475123177,0.9995877138734282,0.9997121145768755,9629.591389562003,0.33084557787267244,49367.3495534337,1.6961227772086065,130740.51304363513,4.491874975731297,67243.591389562,2.310299985898509,345465.8494339862,11.86923141049908,1046003.0692789885,35.93771281794093,45.960938359610736,0.0015790881041575873,113.72022704409203,0.003907105993406584,148.13353022751738,0.0050894499494096536
