loss,layer_idx,accuracy_score,f1_macro,f1_micro,balanced_accuracy_score,aic,aic_avg,bic,bic_avg,ebic,ebic_avg
5.000250823754726,44,0.9997594997594997,0.9996640428377178,0.9997594997594997,0.9997359709382939,67224.0005016475,2.3096268982906447,345446.2585460717,11.868558322891214,1045983.4783910741,35.93703973033306
