loss,layer_idx,accuracy_score,f1_macro,f1_micro,balanced_accuracy_score,aic,aic_avg,bic,bic_avg,ebic,ebic_avg
27.53034697577823,31,0.9991754277468563,0.999183725071808,0.9991754277468563,0.9990397689938559,9655.060693951556,0.33172063127710977,49392.81885782325,1.6969978306130438,130765.98234802469,4.492750029135735
