loss,layer_idx,accuracy_score,f1_macro,f1_micro,balanced_accuracy_score,aic_rep,aic_rep_avg,bic_rep,bic_rep_avg,ebic_rep,ebic_rep_avg,aic_cls,aic_cls_avg,bic_cls,bic_cls_avg,ebic_cls,ebic_cls_avg,aic_pr,aic_pr_avg,bic_pr,bic_pr_avg,ebic_pr,ebic_pr_avg
16.55097755024326,45,0.9993128564557135,0.9991607544406876,0.9993128564557135,0.9993760365376657,9633.101955100487,0.3309661909950006,49370.86011897218,1.6962433903309346,130744.02360917362,4.491995588853626,67247.10195510049,2.310420599020837,345469.35999952466,11.869352023621406,1046006.5798445271,35.937833431063254,48.4933401789167,0.0016660942822413487,112.20366705950855,0.0038550012732601027,143.6122641418411,0.004934112009270979
