loss,layer_idx,accuracy_score,f1_macro,f1_micro,balanced_accuracy_score,aic,aic_avg,bic,bic_avg,ebic,ebic_avg
10.137080277952919,24,0.9997594997594997,0.9997120460650682,0.9997594997594997,0.9998320658292279,67234.27416055591,2.3099798722104006,345456.5322049801,11.86891129681097,1045993.7520499825,35.93739270425282
