loss,layer_idx,accuracy_score,f1_macro,f1_micro,balanced_accuracy_score,aic_rep,aic_rep_avg,bic_rep,bic_rep_avg,ebic_rep,ebic_rep_avg,aic_cls,aic_cls_avg,bic_cls,bic_cls_avg,ebic_cls,ebic_cls_avg,aic_pr,aic_pr_avg,bic_pr,bic_pr_avg,ebic_pr,ebic_pr_avg
15.925205964453198,32,0.9993815708101422,0.9993524335167574,0.9993815708101422,0.9995681416468323,9631.850411928906,0.3309231915044632,49369.6085758006,1.6962003908403973,130742.77206600204,4.4919525893630885,67245.8504119289,2.3103775995302995,345468.1084563531,11.86930902413087,1046005.3283013555,35.937790431572715,49.91809610249038,0.001715044873994722,124.70656113072917,0.0042845654205569015,164.47313293533196,0.005650832575253623
