loss,layer_idx,accuracy_score,f1_macro,f1_micro,balanced_accuracy_score,aic,aic_avg,bic,bic_avg,ebic,ebic_avg
11.814433351988555,67,0.9995877138734282,0.9996400877389738,0.9995877138734282,0.999712058141958,67237.62886670398,2.3100951304440316,345459.8869111282,11.869026555044602,1045997.1067561306,35.93750796248645
