loss,layer_idx,accuracy_score,f1_macro,f1_micro,balanced_accuracy_score,aic_rep,aic_rep_avg,bic_rep,bic_rep_avg,ebic_rep,ebic_rep_avg,aic_cls,aic_cls_avg,bic_cls,bic_cls_avg,ebic_cls,ebic_cls_avg,aic_pr,aic_pr_avg,bic_pr,bic_pr_avg,ebic_pr,ebic_pr_avg
59.16252178788454,16,0.9970109255823542,0.9961274739382101,0.9970109255823542,0.9978646572723696,9718.325043575769,0.33389421574849754,49456.08320744746,1.6991714150844315,130829.2466976489,4.4949236136071224,67332.32504357577,2.313348623774334,345554.58308799996,11.872280048374904,1046091.8029330024,35.94076145581675,133.58387841463627,0.004589564983667844,196.74553348644508,0.006759621160119737,227.75166149206302,0.007824904194738646
