loss,layer_idx,accuracy_score,f1_macro,f1_micro,balanced_accuracy_score,aic,aic_avg,bic,bic_avg,ebic,ebic_avg
15.234616326721152,35,0.9995877138734282,0.9995443313080005,0.9995877138734282,0.9997121065186139,9630.469232653442,0.33087573808333137,49368.22739652514,1.6961529374192654,130741.39088672657,4.491905135941956
