loss,layer_idx,accuracy_score,f1_macro,f1_micro,balanced_accuracy_score,aic,aic_avg,bic,bic_avg,ebic,ebic_avg
4.374797086573835,52,0.9997938569367141,0.9997121185647239,0.9997938569367141,0.9998560633321338,67222.74959417315,2.3095839206408693,345445.00763859734,11.86851534524144,1045982.2274835997,35.936996752683285
