loss,layer_idx,accuracy_score,f1_macro,f1_micro,balanced_accuracy_score,aic_rep,aic_rep_avg,bic_rep,bic_rep_avg,ebic_rep,ebic_rep_avg,aic_cls,aic_cls_avg,bic_cls,bic_cls_avg,ebic_cls,ebic_cls_avg,aic_pr,aic_pr_avg,bic_pr,bic_pr_avg,ebic_pr,ebic_pr_avg
7.807566555281483,29,0.9996564282278568,0.9995445303099032,0.9996564282278568,0.999760041046834,9615.615133110563,0.33036539315297747,49353.37329698226,1.6956425924889116,130726.5367871837,4.4913947910116025,67229.61513311056,2.309819801178814,345451.8731775347,11.868751225779382,1045989.0930225372,35.937232633221235,32.90488988546531,0.0011305191330126198,104.47324128476026,0.0035894056649749284,141.76667890596724,0.004870702910257927
