loss,layer_idx,accuracy_score,f1_macro,f1_micro,balanced_accuracy_score,aic,aic_avg,bic,bic_avg,ebic,ebic_avg
15.925205964453198,32,0.9993815708101422,0.9993524335167574,0.9993815708101422,0.9995681416468323,9631.850411928906,0.3309231915044632,49369.6085758006,1.6962003908403973,130742.77206600204,4.4919525893630885
