loss,layer_idx,accuracy_score,f1_macro,f1_micro,balanced_accuracy_score,aic_rep,aic_rep_avg,bic_rep,bic_rep_avg,ebic_rep,ebic_rep_avg,aic_cls,aic_cls_avg,bic_cls,bic_cls_avg,ebic_cls,ebic_cls_avg,aic_pr,aic_pr_avg,bic_pr,bic_pr_avg,ebic_pr,ebic_pr_avg
215.4689253559336,6,0.9907922765065622,0.9885582318895771,0.9907922765065622,0.9913117082437691,10030.937850711867,0.3446347093627385,49768.69601458356,1.7099119086986725,131141.85950478498,4.505664107221363,67644.93785071187,2.324089117388575,345867.19589513604,11.883020541989145,1046404.4157401384,35.95150194943099,444.73763918690383,0.015279929883422794,501.8597909716527,0.017242485775154703,528.5141673753988,0.018158254908795395
