loss,layer_idx,accuracy_score,f1_macro,f1_micro,balanced_accuracy_score,aic,aic_avg,bic,bic_avg,ebic,ebic_avg
63.35052344528958,33,0.997320140177283,0.9972689462083404,0.997320140177283,0.9981280976001851,67340.70104689058,2.313636399604569,345562.95909131475,11.872567824205138,1046100.1789363171,35.941049231646986
