loss,layer_idx,accuracy_score,f1_macro,f1_micro,balanced_accuracy_score,aic,aic_avg,bic,bic_avg,ebic,ebic_avg
28.390838779276237,61,0.999244142101285,0.9990172902959766,0.999244142101285,0.9994241686558342,67270.78167755855,2.311234167441715,345493.0397219827,11.870165592042284,1046030.2595669851,35.93864699948413
