loss,layer_idx,accuracy_score,f1_macro,f1_micro,balanced_accuracy_score,aic_rep,aic_rep_avg,bic_rep,bic_rep_avg,ebic_rep,ebic_rep_avg,aic_cls,aic_cls_avg,bic_cls,bic_cls_avg,ebic_cls,ebic_cls_avg,aic_pr,aic_pr_avg,bic_pr,bic_pr_avg,ebic_pr,ebic_pr_avg
7.903824384730456,49,0.9995877138734282,0.9995920321847311,0.9995877138734282,0.9997119855498875,9615.807648769462,0.3303720074475868,49353.56581264116,1.695649206783521,130726.72930284259,4.4914014053062115,67229.80764876946,2.3098264154734234,345452.06569319364,11.868757840073993,1045989.2855381961,35.93723924751584,27.705926052175755,0.0009518974112614498,76.95705784667689,0.0026440272743309587,98.17461795315148,0.0033730027469645943
