loss,layer_idx,accuracy_score,f1_macro,f1_micro,balanced_accuracy_score,aic,aic_avg,bic,bic_avg,ebic,ebic_avg
16.55097755024326,45,0.9993128564557135,0.9991607544406876,0.9993128564557135,0.9993760365376657,67247.10195510049,2.310420599020837,345469.35999952466,11.869352023621406,1046006.5798445271,35.937833431063254
