loss,layer_idx,accuracy_score,f1_macro,f1_micro,balanced_accuracy_score,aic,aic_avg,bic,bic_avg,ebic,ebic_avg
21.213212036527693,66,0.9998625712911428,0.9998320356082093,0.9998625712911428,0.9999040381922918,67256.42642407306,2.310740961453757,345478.68446849723,11.869672386054326,1046015.9043134996,35.93815379349617
