loss,layer_idx,accuracy_score,f1_macro,f1_micro,balanced_accuracy_score,aic,aic_avg,bic,bic_avg,ebic,ebic_avg
4.876059518015609,63,0.9998625712911428,0.9998080723544377,0.9998625712911428,0.9999040381922918,9609.752119036031,0.3301639565394088,49347.51028290772,1.6954411558753426,130720.67377310916,4.491193354398034
