loss,layer_idx,accuracy_score,f1_macro,f1_micro,balanced_accuracy_score,aic,aic_avg,bic,bic_avg,ebic,ebic_avg
21.047199145745253,54,0.9996564282278568,0.9995498878869865,0.9996564282278568,0.9995198441514368,67256.09439829149,2.3107295539851402,345478.35244271567,11.86966097858571,1046015.5722877181,35.93814238602756
