loss,layer_idx,accuracy_score,f1_macro,f1_micro,balanced_accuracy_score,aic,aic_avg,bic,bic_avg,ebic,ebic_avg
4937.186231136322,0,0.7897684326255755,0.7523426977267554,0.7897684326255755,0.8005466159300537,77088.37246227264,2.6485388738498123,355310.6305066968,12.207470298450382,1055847.8503516992,36.275951705892226
