loss,layer_idx,accuracy_score,f1_macro,f1_micro,balanced_accuracy_score,aic,aic_avg,bic,bic_avg,ebic,ebic_avg
162.69855494890362,13,0.99141070569642,0.989022916985091,0.99141070569642,0.9926085051864594,67539.3971098978,2.3204630354530957,345761.655154322,11.879394460053666,1046298.8749993243,35.94787586749551
