loss,layer_idx,accuracy_score,f1_macro,f1_micro,balanced_accuracy_score,aic_rep,aic_rep_avg,bic_rep,bic_rep_avg,ebic_rep,ebic_rep_avg,aic_cls,aic_cls_avg,bic_cls,bic_cls_avg,ebic_cls,ebic_cls_avg,aic_pr,aic_pr_avg,bic_pr,bic_pr_avg,ebic_pr,ebic_pr_avg
2.9894844041473334,53,0.9997938569367141,0.9997840284743704,0.9997938569367141,0.9998560028545423,9605.978968808295,0.33003432174837816,49343.73713267999,1.6953115210843122,130716.90062288143,4.491063719607003,67219.9789688083,2.309488729774215,345442.2370132325,11.868420154374785,1045979.456858235,35.93690156181663,19.68246669495238,0.0006762339962534317,76.40603805111188,0.0026250957895661334,102.77847348544073,0.003531178227356584
