loss,layer_idx,accuracy_score,f1_macro,f1_micro,balanced_accuracy_score,aic_rep,aic_rep_avg,bic_rep,bic_rep_avg,ebic_rep,ebic_rep_avg,aic_cls,aic_cls_avg,bic_cls,bic_cls_avg,ebic_cls,ebic_cls_avg,aic_pr,aic_pr_avg,bic_pr,bic_pr_avg,ebic_pr,ebic_pr_avg
6.244160746901059,37,0.9999656428227857,0.9999760085402828,0.9999656428227857,0.9999760065262249,9612.488321493802,0.33025796473214464,49350.2464853655,1.6955351640680787,130723.40997556693,4.49128736259077,67226.4883214938,2.309712372757981,345448.74636591796,11.86864379735855,1045985.9662109204,35.937125204800395,31.110798071560907,0.0010688792026235451,108.19574293190922,0.0037173003137466235,149.74662521052701,0.005144871339604447
