loss,layer_idx,accuracy_score,f1_macro,f1_micro,balanced_accuracy_score,aic_rep,aic_rep_avg,bic_rep,bic_rep_avg,ebic_rep,ebic_rep_avg,aic_cls,aic_cls_avg,bic_cls,bic_cls_avg,ebic_cls,ebic_cls_avg,aic_pr,aic_pr_avg,bic_pr,bic_pr_avg,ebic_pr,ebic_pr_avg
4937.186231136322,0,0.7897684326255755,0.7523426977267554,0.7897684326255755,0.8005466159300537,19474.372462272644,0.669084465823976,59212.13062614434,2.03436166515991,140585.29411634576,4.8301138636826,77088.37246227264,2.6485388738498123,355310.6305066968,12.207470298450382,1055847.8503516992,36.275951705892226,9883.254353523254,0.3395607212781988,9920.019608372688,0.34082387165439043,9933.261330278312,0.3412788198405247
