loss,layer_idx,accuracy_score,f1_macro,f1_micro,balanced_accuracy_score,aic_rep,aic_rep_avg,bic_rep,bic_rep_avg,ebic_rep,ebic_rep_avg,aic_cls,aic_cls_avg,bic_cls,bic_cls_avg,ebic_cls,ebic_cls_avg,aic_pr,aic_pr_avg,bic_pr,bic_pr_avg,ebic_pr,ebic_pr_avg
28.390838779276237,61,0.999244142101285,0.9990172902959766,0.999244142101285,0.9994241686558342,9656.781677558552,0.33177975941587823,49394.53984143025,1.6970569587518123,130767.70333163168,4.492809157274503,67270.78167755855,2.311234167441715,345493.0397219827,11.870165592042284,1046030.2595669851,35.93864699948413,71.39551480067894,0.0024529483543145377,131.88729919378343,0.00453127531071887,160.95161473552392,0.005529843150399365
