loss,layer_idx,accuracy_score,f1_macro,f1_micro,balanced_accuracy_score,aic,aic_avg,bic,bic_avg,ebic,ebic_avg
128.63554817298427,11,0.9953617810760668,0.9946716081222797,0.9953617810760668,0.9958958816752908,9857.271096345969,0.33866800990675355,49595.02926021766,1.7039452092426874,130968.1927504191,4.499697407765378
