loss,layer_idx,accuracy_score,f1_macro,f1_micro,balanced_accuracy_score,aic,aic_avg,bic,bic_avg,ebic,ebic_avg
4.634365912439989,36,0.9997594997594997,0.9997600289320089,0.9997594997594997,0.9998319932507008,67223.26873182488,2.3096017567451685,345445.52677624905,11.868533181345738,1045982.7466212515,35.937014588787584
