loss,layer_idx,accuracy_score,f1_macro,f1_micro,balanced_accuracy_score,aic_rep,aic_rep_avg,bic_rep,bic_rep_avg,ebic_rep,ebic_rep_avg,aic_cls,aic_cls_avg,bic_cls,bic_cls_avg,ebic_cls,ebic_cls_avg,aic_pr,aic_pr_avg,bic_pr,bic_pr_avg,ebic_pr,ebic_pr_avg
51.43610473867011,34,0.9978354978354979,0.9972351335578724,0.9978354978354979,0.9983919290583793,9702.87220947734,0.33336329998891434,49440.630373349035,1.6986404993248483,130813.79386355047,4.494392697847539,67316.87220947734,2.3128177080147507,345539.13025390153,11.87174913261532,1046076.350098904,35.94023054005717,121.1912421464076,0.004163788983247702,197.02012652135184,0.006769055401681847,237.59299997135852,0.008163024804897908
