loss,layer_idx,accuracy_score,f1_macro,f1_micro,balanced_accuracy_score,aic,aic_avg,bic,bic_avg,ebic,ebic_avg
6.800638949251152,25,0.9997938569367141,0.9997121991034013,0.9997938569367141,0.9998560633321338,67227.6012778985,2.3097506107984094,345449.85932232265,11.868682035398978,1045987.079167325,35.93716344284083
