loss,layer_idx,accuracy_score,f1_macro,f1_micro,balanced_accuracy_score,aic,aic_avg,bic,bic_avg,ebic,ebic_avg
15.925205964453198,32,0.9993815708101422,0.9993524335167574,0.9993815708101422,0.9995681416468323,67245.8504119289,2.3103775995302995,345468.1084563531,11.86930902413087,1046005.3283013555,35.937790431572715
