loss,layer_idx,accuracy_score,f1_macro,f1_micro,balanced_accuracy_score,aic,aic_avg,bic,bic_avg,ebic,ebic_avg
7.8225918022944825,62,0.9997251425822854,0.9997360576829628,0.9997251425822854,0.9998080723554529,67229.64518360459,2.3098208336289625,345451.9032280288,11.868752258229533,1045989.1230730312,35.93723366567138
