loss,layer_idx,accuracy_score,f1_macro,f1_micro,balanced_accuracy_score,aic,aic_avg,bic,bic_avg,ebic,ebic_avg
40.72223528882023,64,0.9987974987974988,0.9985029441834656,0.9987974987974988,0.9991603049307252,67295.44447057764,2.312081511392072,345517.7025150018,11.871012935992642,1046054.9223600042,35.93949434343449
