loss,layer_idx,accuracy_score,f1_macro,f1_micro,balanced_accuracy_score,aic,aic_avg,bic,bic_avg,ebic,ebic_avg
0.610713615046846,40,1.0,1.0,1.0,1.0,67215.22142723009,2.309325274075108,345437.4794716543,11.868256698675678,1045974.6993166567,35.936738106117524
