loss,layer_idx,accuracy_score,f1_macro,f1_micro,balanced_accuracy_score,aic_rep,aic_rep_avg,bic_rep,bic_rep_avg,ebic_rep,ebic_rep_avg,aic_cls,aic_cls_avg,bic_cls,bic_cls_avg,ebic_cls,ebic_cls_avg,aic_pr,aic_pr_avg,bic_pr,bic_pr_avg,ebic_pr,ebic_pr_avg
6.665285248193868,50,0.9998625712911428,0.9998559624480283,0.9998625712911428,0.9998079312139654,9613.330570496388,0.3302869020303851,49351.08873436808,1.695564101366319,130724.25222456951,4.49131629988901,67227.33057049639,2.3097413100562214,345449.58861492056,11.86867273465679,1045986.8084599229,35.937154142098635,25.526243485279338,0.0008770096710396254,76.00840013926233,0.0026114340733615865,98.05737254722078,0.003368974525775468
