loss,layer_idx,accuracy_score,f1_macro,f1_micro,balanced_accuracy_score,aic,aic_avg,bic,bic_avg,ebic,ebic_avg
31.274749337615503,17,0.9985569985569985,0.998299319234074,0.9985569985569985,0.9987040054774491,67276.54949867523,2.3114323334939613,345498.8075430994,11.87036375809453,1046036.0273881018,35.93884516553638
