loss,layer_idx,accuracy_score,f1_macro,f1_micro,balanced_accuracy_score,aic_rep,aic_rep_avg,bic_rep,bic_rep_avg,ebic_rep,ebic_rep_avg,aic_cls,aic_cls_avg,bic_cls,bic_cls_avg,ebic_cls,ebic_cls_avg,aic_pr,aic_pr_avg,bic_pr,bic_pr_avg,ebic_pr,ebic_pr_avg
14.703501626805519,21,0.9994502851645709,0.9992686563497707,0.9994502851645709,0.9995680892071771,9629.407003253611,0.3308392428795991,49367.165167125306,1.696116442215533,130740.32865732674,4.491868640738224,67243.40700325361,2.3102936509054355,345465.6650476778,11.869225075506007,1046002.8848926802,35.93770648294785,43.96835407605977,0.0015106285328131577,104.24287881790997,0.003581491060877825,133.15041686015786,0.004574672468225034
