loss,layer_idx,accuracy_score,f1_macro,f1_micro,balanced_accuracy_score,aic,aic_avg,bic,bic_avg,ebic,ebic_avg
166.86214909760747,15,0.9941249226963512,0.9933293405201722,0.9941249226963512,0.9942155398287907,9933.724298195215,0.3412947261112903,49671.48246206691,1.7065719254472242,131044.64595226834,4.502324123969915
