loss,layer_idx,accuracy_score,f1_macro,f1_micro,balanced_accuracy_score,aic_rep,aic_rep_avg,bic_rep,bic_rep_avg,ebic_rep,ebic_rep_avg,aic_cls,aic_cls_avg,bic_cls,bic_cls_avg,ebic_cls,ebic_cls_avg,aic_pr,aic_pr_avg,bic_pr,bic_pr_avg,ebic_pr,ebic_pr_avg
293.39092538226396,7,0.98711605854463,0.9836906762510179,0.98711605854463,0.990329153320946,10186.781850764528,0.3499890692903363,49924.54001463622,1.7152662686262703,131297.70350483764,4.51101846714896,67800.78185076453,2.3294434773161727,346023.0398951887,11.888374901916743,1046560.259740191,35.956856309358585,600.7634496185929,0.020640536302432243,658.6381781609989,0.022628948607194357,685.8267234282707,0.023563070275141578
