loss,layer_idx,accuracy_score,f1_macro,f1_micro,balanced_accuracy_score,aic_rep,aic_rep_avg,bic_rep,bic_rep_avg,ebic_rep,ebic_rep_avg,aic_cls,aic_cls_avg,bic_cls,bic_cls_avg,ebic_cls,ebic_cls_avg,aic_pr,aic_pr_avg,bic_pr,bic_pr_avg,ebic_pr,ebic_pr_avg
367.3016938297078,9,0.9848141276712705,0.9809493784182834,0.9848141276712705,0.988385165600129,10334.603387659416,0.3550678000295271,50072.36155153111,1.7203449993654611,131445.52504173253,4.5160971978881514,67948.60338765942,2.334522208055364,346170.8614320836,11.893453632655934,1046708.0812770859,35.96193504009778,748.8146560844034,0.025727157839771985,807.6400673212815,0.027748232918342663,835.5067734405928,0.028705654278863218
