loss,layer_idx,accuracy_score,f1_macro,f1_micro,balanced_accuracy_score,aic,aic_avg,bic,bic_avg,ebic,ebic_avg
15.50249976158375,47,0.9994502851645709,0.9991489902836888,0.9994502851645709,0.9995200659364948,9631.004999523167,0.3308941455206201,49368.76316339486,1.696171344856554,130741.9266535963,4.491923543379245
