loss,layer_idx,accuracy_score,f1_macro,f1_micro,balanced_accuracy_score,aic,aic_avg,bic,bic_avg,ebic,ebic_avg
7.903824384730456,49,0.9995877138734282,0.9995920321847311,0.9995877138734282,0.9997119855498875,9615.807648769462,0.3303720074475868,49353.56581264116,1.695649206783521,130726.72930284259,4.4914014053062115
