loss,layer_idx,accuracy_score,f1_macro,f1_micro,balanced_accuracy_score,aic_rep,aic_rep_avg,bic_rep,bic_rep_avg,ebic_rep,ebic_rep_avg,aic_cls,aic_cls_avg,bic_cls,bic_cls_avg,ebic_cls,ebic_cls_avg,aic_pr,aic_pr_avg,bic_pr,bic_pr_avg,ebic_pr,ebic_pr_avg
128.63554817298427,11,0.9953617810760668,0.9946716081222797,0.9953617810760668,0.9958958816752908,9857.271096345969,0.33866800990675355,49595.02926021766,1.7039452092426874,130968.1927504191,4.499697407765378,67471.27109634597,2.31812241793259,345693.52914077014,11.87705384253316,1046230.7489857725,35.945535249975,272.9480305882171,0.00937772385721903,337.84034534544537,0.01160724061518056,370.1198334458205,0.012716272708232685
