loss,layer_idx,accuracy_score,f1_macro,f1_micro,balanced_accuracy_score,aic,aic_avg,bic,bic_avg,ebic,ebic_avg
197.4437331566587,8,0.9918917061774205,0.9911718888738762,0.9918917061774205,0.9931362126806906,9994.887466313317,0.34339611991731317,49732.64563018501,1.7086733192532473,131105.80912038643,4.504425517775937
