loss,layer_idx,accuracy_score,f1_macro,f1_micro,balanced_accuracy_score,aic,aic_avg,bic,bic_avg,ebic,ebic_avg
6.244160746901059,37,0.9999656428227857,0.9999760085402828,0.9999656428227857,0.9999760065262249,9612.488321493802,0.33025796473214464,49350.2464853655,1.6955351640680787,130723.40997556693,4.49128736259077
