loss,layer_idx,accuracy_score,f1_macro,f1_micro,balanced_accuracy_score,aic,aic_avg,bic,bic_avg,ebic,ebic_avg
8.351244172180508,38,0.9995533566962138,0.999592064437378,0.9995533566962138,0.9996880445089856,9616.702488344361,0.33040275160944,49354.460652216054,1.695679950945374,130727.62414241748,4.491432149468064
