loss,layer_idx,accuracy_score,f1_macro,f1_micro,balanced_accuracy_score,aic_rep,aic_rep_avg,bic_rep,bic_rep_avg,ebic_rep,ebic_rep_avg,aic_cls,aic_cls_avg,bic_cls,bic_cls_avg,ebic_cls,ebic_cls_avg,aic_pr,aic_pr_avg,bic_pr,bic_pr_avg,ebic_pr,ebic_pr_avg
54.6474903934577,14,0.9976980691266406,0.9971672821047415,0.9976980691266406,0.9980562219700463,9709.294980786915,0.33358396828100445,49447.05314465861,1.6988611676169385,130820.21663486004,4.494613366139629,67323.29498078692,2.313038376306841,345545.5530252111,11.87196980090741,1046082.7728702135,35.94045120834926,125.2894580589491,0.004304592113617436,191.4961944957842,0.0065792686901595615,224.7502532890682,0.0077217842812158394
