loss,layer_idx,accuracy_score,f1_macro,f1_micro,balanced_accuracy_score,aic_rep,aic_rep_avg,bic_rep,bic_rep_avg,ebic_rep,ebic_rep_avg,aic_cls,aic_cls_avg,bic_cls,bic_cls_avg,ebic_cls,ebic_cls_avg,aic_pr,aic_pr_avg,bic_pr,bic_pr_avg,ebic_pr,ebic_pr_avg
6.099306241730494,42,0.9998282141139284,0.9998800427047971,0.9998282141139284,0.9998800447185167,9612.19861248346,0.33024801114833574,49349.95677635515,1.6955252104842697,130723.1202665566,4.491277409006961,67226.19861248347,2.3097024191741724,345448.4566569076,11.868633843774742,1045985.67650191,35.93711525121659,30.133995326478566,0.001035319017607317,104.3748188673417,0.003586024148537817,143.71838244322865,0.004937757934557433
