loss,layer_idx,accuracy_score,f1_macro,f1_micro,balanced_accuracy_score,aic,aic_avg,bic,bic_avg,ebic,ebic_avg
6.099306241730494,42,0.9998282141139284,0.9998800427047971,0.9998282141139284,0.9998800447185167,9612.19861248346,0.33024801114833574,49349.95677635515,1.6955252104842697,130723.1202665566,4.491277409006961
