loss,layer_idx,accuracy_score,f1_macro,f1_micro,balanced_accuracy_score,aic,aic_avg,bic,bic_avg,ebic,ebic_avg
7.867526110319886,57,0.9998282141139284,0.9998080441483225,0.9998282141139284,0.9998800447185167,9615.73505222064,0.3303695132350938,49353.493216092334,1.6956467125710277,130726.65670629377,4.491398911093718
