loss,layer_idx,accuracy_score,f1_macro,f1_micro,balanced_accuracy_score,aic,aic_avg,bic,bic_avg,ebic,ebic_avg
6.8301974244677695,70,0.9998969284683571,0.9998799498835186,0.9998969284683571,0.9998319246877406,67227.66039484894,2.309752641889952,345449.91843927314,11.868684066490522,1045987.1382842755,35.93716547393237
