loss,layer_idx,accuracy_score,f1_macro,f1_micro,balanced_accuracy_score,aic_rep,aic_rep_avg,bic_rep,bic_rep_avg,ebic_rep,ebic_rep_avg,aic_cls,aic_cls_avg,bic_cls,bic_cls_avg,ebic_cls,ebic_cls_avg,aic_pr,aic_pr_avg,bic_pr,bic_pr_avg,ebic_pr,ebic_pr_avg
1219.941890746355,1,0.9557135985707415,0.9455880309798843,0.9557135985707415,0.954415149634775,12039.88378149271,0.41365642072056313,51777.641945364405,1.7789336200564971,133150.80543556582,4.574685818579187,69653.88378149271,2.3931108287463996,347876.1418259169,11.952042253346969,1048413.3616709192,36.02052366078881,2450.095013678074,0.08417834857685955,2492.3628756715248,0.08563055300183896,2509.010667922404,0.0862025241504296
