loss,layer_idx,accuracy_score,f1_macro,f1_micro,balanced_accuracy_score,aic,aic_avg,bic,bic_avg,ebic,ebic_avg
0.610713615046846,40,1.0,1.0,1.0,1.0,9601.221427230093,0.3298708660492714,49338.979591101786,1.6951480653852053,130712.14308130322,4.490900263907896
