loss,layer_idx,accuracy_score,f1_macro,f1_micro,balanced_accuracy_score,aic,aic_avg,bic,bic_avg,ebic,ebic_avg
744.7762624323368,3,0.9694908266336838,0.9616443450699327,0.9694908266336838,0.9732155546074426,11089.552524864674,0.3810057213242862,50827.31068873637,1.7462829206602202,132200.4741789378,4.54203511918291
