loss,layer_idx,accuracy_score,f1_macro,f1_micro,balanced_accuracy_score,aic_rep,aic_rep_avg,bic_rep,bic_rep_avg,ebic_rep,ebic_rep_avg,aic_cls,aic_cls_avg,bic_cls,bic_cls_avg,ebic_cls,ebic_cls_avg,aic_pr,aic_pr_avg,bic_pr,bic_pr_avg,ebic_pr,ebic_pr_avg
7.8225918022944825,62,0.9997251425822854,0.9997360576829628,0.9997251425822854,0.9998080723554529,9615.645183604589,0.3303664256031261,49353.403347476284,1.69564362493906,130726.56683767772,4.491395823461751,67229.64518360459,2.3098208336289625,345451.9032280288,11.868752258229533,1045989.1230730312,35.93723366567138,28.454216044774512,0.0009776065431448674,81.47528202615791,0.0027992607031594144,105.26169946378701,0.00361649486235783
