loss,layer_idx,accuracy_score,f1_macro,f1_micro,balanced_accuracy_score,aic,aic_avg,bic,bic_avg,ebic,ebic_avg
27.65635192121772,23,0.9987287844430701,0.998340753593496,0.9987287844430701,0.9990642745668387,67269.31270384244,2.3111836976514275,345491.5707482666,11.870115122251995,1046028.790593269,35.93859652969385
