loss,layer_idx,accuracy_score,f1_macro,f1_micro,balanced_accuracy_score,aic,aic_avg,bic,bic_avg,ebic,ebic_avg
6.665285248193868,50,0.9998625712911428,0.9998559624480283,0.9998625712911428,0.9998079312139654,67227.33057049639,2.3097413100562214,345449.58861492056,11.86867273465679,1045986.8084599229,35.937154142098635
