loss,layer_idx,accuracy_score,f1_macro,f1_micro,balanced_accuracy_score,aic,aic_avg,bic,bic_avg,ebic,ebic_avg
4.374797086573835,52,0.9997938569367141,0.9997121185647239,0.9997938569367141,0.9998560633321338,9608.749594173147,0.33012951261503287,49346.50775804484,1.6954067119509668,130719.67124824628,4.491158910473658
