loss,layer_idx,accuracy_score,f1_macro,f1_micro,balanced_accuracy_score,aic,aic_avg,bic,bic_avg,ebic,ebic_avg
42.56855975342478,22,0.9982134267848554,0.9981060975210685,0.9982134267848554,0.9983677581131822,67299.13711950685,2.312208380385723,345521.395163931,11.871139804986292,1046058.6150089335,35.93962121242814
