loss,layer_idx,accuracy_score,f1_macro,f1_micro,balanced_accuracy_score,aic_rep,aic_rep_avg,bic_rep,bic_rep_avg,ebic_rep,ebic_rep_avg,aic_cls,aic_cls_avg,bic_cls,bic_cls_avg,ebic_cls,ebic_cls_avg,aic_pr,aic_pr_avg,bic_pr,bic_pr_avg,ebic_pr,ebic_pr_avg
0.801559188657265,39,0.9999656428227857,0.9999760085402828,0.9999656428227857,0.9999760065262249,9601.603118377314,0.3298839798796576,49339.36128224901,1.6951611792155916,130712.52477245044,4.490913377738282,67215.60311837732,2.3093383879054943,345437.8611628015,11.868269812506064,1045975.0810078039,35.93675121994791,20.65261216698738,0.0007095654561598084,99.50513064179943,0.003418715407194373,142.4406584990042,0.004893858946574734
