loss,layer_idx,accuracy_score,f1_macro,f1_micro,balanced_accuracy_score,aic,aic_avg,bic,bic_avg,ebic,ebic_avg
7.867526110319886,57,0.9998282141139284,0.9998080441483225,0.9998282141139284,0.9998800447185167,67229.73505222064,2.3098239212609304,345451.9930966448,11.8687553458615,1045989.2129416473,35.937236753303345
