loss,layer_idx,accuracy_score,f1_macro,f1_micro,balanced_accuracy_score,aic_rep,aic_rep_avg,bic_rep,bic_rep_avg,ebic_rep,ebic_rep_avg,aic_cls,aic_cls_avg,bic_cls,bic_cls_avg,ebic_cls,ebic_cls_avg,aic_pr,aic_pr_avg,bic_pr,bic_pr_avg,ebic_pr,ebic_pr_avg
21.047199145745253,54,0.9996564282278568,0.9995498878869865,0.9996564282278568,0.9995198441514368,9642.09439829149,0.3312751459593036,49379.852562163185,1.6965523452952376,130753.01605236462,4.492304543817928,67256.09439829149,2.3107295539851402,345478.35244271567,11.86966097858571,1046015.5722877181,35.93814238602756,57.9579351262073,0.0019912710481071703,123.62266328887884,0.00424732575032223,156.47408292276262,0.005376007796425569
