loss,layer_idx,accuracy_score,f1_macro,f1_micro,balanced_accuracy_score,aic,aic_avg,bic,bic_avg,ebic,ebic_avg
8.351244172180508,38,0.9995533566962138,0.999592064437378,0.9995533566962138,0.9996880445089856,67230.70248834437,2.3098571596352766,345452.9605327685,11.868788584235846,1045990.1803777709,35.937269991677695
