loss,layer_idx,accuracy_score,f1_macro,f1_micro,balanced_accuracy_score,aic,aic_avg,bic,bic_avg,ebic,ebic_avg
9.69040813607171,59,0.9995533566962138,0.9994723246890346,0.9995533566962138,0.9996881211031002,9619.380816272143,0.3304947713966929,49357.138980143834,1.6957719707326269,130730.30247034527,4.491524169255317
