loss,layer_idx,accuracy_score,f1_macro,f1_micro,balanced_accuracy_score,aic,aic_avg,bic,bic_avg,ebic,ebic_avg
1.0683018555598665,56,1.0,1.0,1.0,1.0,67216.13660371111,2.309356716955649,345438.3946481353,11.868288141556219,1045975.6144931377,35.936769548998065
