loss,layer_idx,accuracy_score,f1_macro,f1_micro,balanced_accuracy_score,aic,aic_avg,bic,bic_avg,ebic,ebic_avg
27.65635192121772,23,0.9987287844430701,0.998340753593496,0.9987287844430701,0.9990642745668387,9655.312703842435,0.33172928962559045,49393.07086771413,1.6970064889615244,130766.23435791556,4.492758687484215
