loss,layer_idx,accuracy_score,f1_macro,f1_micro,balanced_accuracy_score,aic,aic_avg,bic,bic_avg,ebic,ebic_avg
31.274749337615503,17,0.9985569985569985,0.998299319234074,0.9985569985569985,0.9987040054774491,9662.549498675231,0.3319779254681245,49400.307662546926,1.6972551248040584,130773.47115274836,4.493007323326749
