loss,layer_idx,accuracy_score,f1_macro,f1_micro,balanced_accuracy_score,aic,aic_avg,bic,bic_avg,ebic,ebic_avg
0.801559188657265,39,0.9999656428227857,0.9999760085402828,0.9999656428227857,0.9999760065262249,67215.60311837732,2.3093383879054943,345437.8611628015,11.868269812506064,1045975.0810078039,35.93675121994791
