loss,layer_idx,accuracy_score,f1_macro,f1_micro,balanced_accuracy_score,aic,aic_avg,bic,bic_avg,ebic,ebic_avg
7.903824384730456,49,0.9995877138734282,0.9995920321847311,0.9995877138734282,0.9997119855498875,67229.80764876946,2.3098264154734234,345452.06569319364,11.868757840073993,1045989.2855381961,35.93723924751584
