loss,layer_idx,accuracy_score,f1_macro,f1_micro,balanced_accuracy_score,aic,aic_avg,bic,bic_avg,ebic,ebic_avg
6.244160746901059,37,0.9999656428227857,0.9999760085402828,0.9999656428227857,0.9999760065262249,67226.4883214938,2.309712372757981,345448.74636591796,11.86864379735855,1045985.9662109204,35.937125204800395
