loss,layer_idx,accuracy_score,f1_macro,f1_micro,balanced_accuracy_score,aic,aic_avg,bic,bic_avg,ebic,ebic_avg
59.16252178788454,16,0.9970109255823542,0.9961274739382101,0.9970109255823542,0.9978646572723696,67332.32504357577,2.313348623774334,345554.58308799996,11.872280048374904,1046091.8029330024,35.94076145581675
