loss,layer_idx,accuracy_score,f1_macro,f1_micro,balanced_accuracy_score,aic,aic_avg,bic,bic_avg,ebic,ebic_avg
128.63554817298427,11,0.9953617810760668,0.9946716081222797,0.9953617810760668,0.9958958816752908,67471.27109634597,2.31812241793259,345693.52914077014,11.87705384253316,1046230.7489857725,35.945535249975
