loss,layer_idx,accuracy_score,f1_macro,f1_micro,balanced_accuracy_score,aic,aic_avg,bic,bic_avg,ebic,ebic_avg
11.680245485287742,71,0.9997251425822854,0.9996162654712016,0.9997251425822854,0.9997600329682473,9623.360490970575,0.3306315017855623,49361.11865484227,1.6959087011214962,130734.2821450437,4.491660899644187
