loss,layer_idx,accuracy_score,f1_macro,f1_micro,balanced_accuracy_score,aic,aic_avg,bic,bic_avg,ebic,ebic_avg
744.7762624323368,3,0.9694908266336838,0.9616443450699327,0.9694908266336838,0.9732155546074426,68703.55252486467,2.360460129350123,346925.81056928885,11.919391553950692,1047463.0304142912,35.98787296139254
