loss,layer_idx,accuracy_score,f1_macro,f1_micro,balanced_accuracy_score,aic_rep,aic_rep_avg,bic_rep,bic_rep_avg,ebic_rep,ebic_rep_avg,aic_cls,aic_cls_avg,bic_cls,bic_cls_avg,ebic_cls,ebic_cls_avg,aic_pr,aic_pr_avg,bic_pr,bic_pr_avg,ebic_pr,ebic_pr_avg
4.254554478101227,28,0.9998282141139284,0.9997601256738401,0.9998282141139284,0.9998800527767783,9608.509108956203,0.33012125022181693,49346.2672728279,1.695398449557751,130719.43076302933,4.491150648080442,67222.5091089562,2.3095756582476534,345444.7671533804,11.868507082848224,1045981.9869983827,35.93698849029007,24.71155303274054,0.0008490192067869354,91.7791368220245,0.0031532720683716243,125.67489332046978,0.00431783458120215
