loss,layer_idx,accuracy_score,f1_macro,f1_micro,balanced_accuracy_score,aic,aic_avg,bic,bic_avg,ebic,ebic_avg
293.39092538226396,7,0.98711605854463,0.9836906762510179,0.98711605854463,0.990329153320946,67800.78185076453,2.3294434773161727,346023.0398951887,11.888374901916743,1046560.259740191,35.956856309358585
