loss,layer_idx,accuracy_score,f1_macro,f1_micro,balanced_accuracy_score,aic_rep,aic_rep_avg,bic_rep,bic_rep_avg,ebic_rep,ebic_rep_avg,aic_cls,aic_cls_avg,bic_cls,bic_cls_avg,ebic_cls,ebic_cls_avg,aic_pr,aic_pr_avg,bic_pr,bic_pr_avg,ebic_pr,ebic_pr_avg
21.213212036527693,66,0.9998625712911428,0.9998320356082093,0.9998625712911428,0.9999040381922918,9642.426424073055,0.33128655342792057,49380.18458794475,1.6965637527638546,130753.34807814618,4.492315951286545,67256.42642407306,2.310740961453757,345478.68446849723,11.869672386054326,1046015.9043134996,35.93815379349617,56.54926590807736,0.0019428731501435223,115.00864855669332,0.003951372519641769,142.6138097863632,0.004899807936039414
