loss,layer_idx,accuracy_score,f1_macro,f1_micro,balanced_accuracy_score,aic,aic_avg,bic,bic_avg,ebic,ebic_avg
2.9894844041473334,53,0.9997938569367141,0.9997840284743704,0.9997938569367141,0.9998560028545423,9605.978968808295,0.33003432174837816,49343.73713267999,1.6953115210843122,130716.90062288143,4.491063719607003
