loss,layer_idx,accuracy_score,f1_macro,f1_micro,balanced_accuracy_score,aic_rep,aic_rep_avg,bic_rep,bic_rep_avg,ebic_rep,ebic_rep_avg,aic_cls,aic_cls_avg,bic_cls,bic_cls_avg,ebic_cls,ebic_cls_avg,aic_pr,aic_pr_avg,bic_pr,bic_pr_avg,ebic_pr,ebic_pr_avg
13.99899234008626,68,0.9995533566962138,0.9995442588604941,0.9995533566962138,0.999688109015708,9627.997984680173,0.3307908329787732,49365.75614855187,1.6960680323147073,130738.9196387533,4.491820230837398,67241.99798468017,2.3102452410046097,345464.25602910435,11.86917666560518,1046001.4758741067,35.937658073047025,42.172838958736975,0.0014489397017363077,100.84751930558242,0.00346483609240646,128.60645403845956,0.004418554732304665
