loss,layer_idx,accuracy_score,f1_macro,f1_micro,balanced_accuracy_score,aic,aic_avg,bic,bic_avg,ebic,ebic_avg
4937.186231136322,0,0.7897684326255755,0.7523426977267554,0.7897684326255755,0.8005466159300537,19474.372462272644,0.669084465823976,59212.13062614434,2.03436166515991,140585.29411634576,4.8301138636826
