loss,layer_idx,accuracy_score,f1_macro,f1_micro,balanced_accuracy_score,aic,aic_avg,bic,bic_avg,ebic,ebic_avg
162.69855494890362,13,0.99141070569642,0.989022916985091,0.99141070569642,0.9926085051864594,9925.397109897807,0.34100862742725924,49663.1552737695,1.7062858267631933,131036.31876397094,4.502038025285884
