loss,layer_idx,accuracy_score,f1_macro,f1_micro,balanced_accuracy_score,aic_rep,aic_rep_avg,bic_rep,bic_rep_avg,ebic_rep,ebic_rep_avg,aic_cls,aic_cls_avg,bic_cls,bic_cls_avg,ebic_cls,ebic_cls_avg,aic_pr,aic_pr_avg,bic_pr,bic_pr_avg,ebic_pr,ebic_pr_avg
47.64405204588547,69,0.997423211708926,0.9966638205471094,0.997423211708926,0.9981521475156391,9695.288104091771,0.33310273153617026,49433.046267963466,1.6983799308721041,130806.2097581649,4.494132129394795,67309.28810409177,2.312557139562007,345531.54614851595,11.871488564162576,1046068.7659935183,35.93996997160442,110.540786777623,0.0037978694007291623,173.67697593602526,0.005967050640281222,204.6644533356312,0.007031692892724222
