loss,layer_idx,accuracy_score,f1_macro,f1_micro,balanced_accuracy_score,aic,aic_avg,bic,bic_avg,ebic,ebic_avg
54.6474903934577,14,0.9976980691266406,0.9971672821047415,0.9976980691266406,0.9980562219700463,67323.29498078692,2.313038376306841,345545.5530252111,11.87196980090741,1046082.7728702135,35.94045120834926
