loss,layer_idx,accuracy_score,f1_macro,f1_micro,balanced_accuracy_score,aic,aic_avg,bic,bic_avg,ebic,ebic_avg
26.73073511675466,48,0.9983508554937126,0.9979667873362217,0.9983508554937126,0.9988484824822861,67267.46147023351,2.31112009449026,345489.7195146577,11.87005151909083,1046026.93935966,35.93853292653267
