loss,layer_idx,accuracy_score,f1_macro,f1_micro,balanced_accuracy_score,aic,aic_avg,bic,bic_avg,ebic,ebic_avg
215.78020337969065,22,0.9967360681646396,0.9956517253103042,0.9967360681646396,0.9972394761050785,14781.560406759381,0.5078526903992091,74181.2301621301,2.5486576706565693,201585.66804513935,6.925914520893952
