loss,layer_idx,accuracy_score,f1_macro,f1_micro,balanced_accuracy_score,aic,aic_avg,bic,bic_avg,ebic,ebic_avg
593.2141065895557,5,0.9819968391396963,0.9769120675398729,0.9819968391396963,0.9858387059901981,2722.4282131791115,0.09353494857345948,9080.469519398583,0.3119793004672089,19285.33054951341,0.6625895193263729
