loss,layer_idx,accuracy_score,f1_macro,f1_micro,balanced_accuracy_score,aic,aic_avg,bic,bic_avg,ebic,ebic_avg
262.7069240361452,20,0.9947089947089947,0.9936282806237581,0.9947089947089947,0.9959668018191145,2573.4138480722904,0.08841523562400504,11050.80225636492,0.3796743714823376,25246.4565142326,0.8673969804931148
