loss,layer_idx,accuracy_score,f1_macro,f1_micro,balanced_accuracy_score,aic_rep,aic_rep_avg,bic_rep,bic_rep_avg,ebic_rep,ebic_rep_avg,aic_cls,aic_cls_avg,bic_cls,bic_cls_avg,ebic_cls,ebic_cls_avg,aic_pr,aic_pr_avg,bic_pr,bic_pr_avg,ebic_pr,ebic_pr_avg
221.11475624889135,13,0.9959458530887102,0.9948980227468353,0.9959458530887102,0.9966873358399686,2490.2295124977827,0.0855572566652162,10967.617920790412,0.3768163925235488,25163.27217865809,0.864539001534326,14792.229512497783,0.5082192507557817,74191.8992678685,2.5490242310131417,201596.33715087775,6.926281081250524,457.60027055442333,0.015721853588759133,521.2252149763158,0.01790782707951336,552.5711055097495,0.018984783395511216
