loss,layer_idx,accuracy_score,f1_macro,f1_micro,balanced_accuracy_score,aic,aic_avg,bic,bic_avg,ebic,ebic_avg
377.4478048682213,9,0.9898646327217756,0.9867365492826322,0.9898646327217756,0.9916229665870178,2290.8956097364426,0.0787087064432228,8648.936915955914,0.29715305833697225,18853.79794607074,0.6477632771961361
