loss,layer_idx,accuracy_score,f1_macro,f1_micro,balanced_accuracy_score,aic_rep,aic_rep_avg,bic_rep,bic_rep_avg,ebic_rep,ebic_rep_avg,aic_cls,aic_cls_avg,bic_cls,bic_cls_avg,ebic_cls,ebic_cls_avg,aic_pr,aic_pr_avg,bic_pr,bic_pr_avg,ebic_pr,ebic_pr_avg
488.71050453186035,3,0.9888682745825603,0.9857854129401513,0.9888682745825603,0.990904408573858,3025.4210090637207,0.1039449257563293,11502.80941735635,0.39520406161466193,25698.46367522403,0.8829266706254391,15327.42100906372,0.5266069198468948,74727.09076443444,2.567411900104255,202131.5286474437,6.944668750341637,996.7791862487793,0.034246519145495063,1076.9094532772415,0.03699956893002273,1120.8518920459683,0.03850930708602928
