loss,layer_idx,accuracy_score,f1_macro,f1_micro,balanced_accuracy_score,aic,aic_avg,bic,bic_avg,ebic,ebic_avg
227.1353510990739,9,0.9954992097849241,0.9949719490342419,0.9954992097849241,0.9968077993134388,2502.270702198148,0.08597095795362289,10979.659110490777,0.3772300938119555,25175.313368358457,0.8649527028227326
