loss,layer_idx,accuracy_score,f1_macro,f1_micro,balanced_accuracy_score,aic,aic_avg,bic,bic_avg,ebic,ebic_avg
227.1353510990739,9,0.9954992097849241,0.9949719490342419,0.9954992097849241,0.9968077993134388,14804.270702198148,0.5086329520441885,74203.94045756887,2.5494379323015486,201608.3783405781,6.926694782538931
