loss,layer_idx,accuracy_score,f1_macro,f1_micro,balanced_accuracy_score,aic,aic_avg,bic,bic_avg,ebic,ebic_avg
305.20922960340977,5,0.99292242149385,0.9902303910738047,0.99292242149385,0.993521413645363,14960.41845920682,0.513997748203354,74360.08821457754,2.554802728460714,201764.5260975868,6.932059578698096
