loss,layer_idx,accuracy_score,f1_macro,f1_micro,balanced_accuracy_score,aic,aic_avg,bic,bic_avg,ebic,ebic_avg
270.24934151023626,16,0.9933690647976362,0.9911721427043491,0.9933690647976362,0.9946950911724685,2588.4986830204725,0.08893350797156849,11065.887091313101,0.3801926438299011,25261.54134918078,0.8679152528406783
