loss,layer_idx,accuracy_score,f1_macro,f1_micro,balanced_accuracy_score,aic,aic_avg,bic,bic_avg,ebic,ebic_avg
276.80593065172434,7,0.9910327767470625,0.9882161617149353,0.9910327767470625,0.993254414173118,11319.611861303449,0.3889099107161221,55883.85190216206,1.9200114032213997,148374.56994458934,5.097731393684785
