loss,layer_idx,accuracy_score,f1_macro,f1_micro,balanced_accuracy_score,aic_rep,aic_rep_avg,bic_rep,bic_rep_avg,ebic_rep,ebic_rep_avg,aic_cls,aic_cls_avg,bic_cls,bic_cls_avg,ebic_cls,ebic_cls_avg,aic_pr,aic_pr_avg,bic_pr,bic_pr_avg,ebic_pr,ebic_pr_avg
233.19287966936827,7,0.9933690647976362,0.9908473148884233,0.9933690647976362,0.9949830209025498,2514.3857593387365,0.0863871971187637,10991.774167631365,0.3776463329770963,25187.428425499045,0.8653689419878735,14816.385759338737,0.5090491912093292,74216.05551470946,2.549854171466689,201620.4933977187,6.9271110217040714,484.04408453404903,0.01663038839187965,557.1380695538751,0.019141691388506667,595.5989665061566,0.020463099240917906
