loss,layer_idx,accuracy_score,f1_macro,f1_micro,balanced_accuracy_score,aic,aic_avg,bic,bic_avg,ebic,ebic_avg
406.9042680412531,6,0.9867381295952724,0.9822978426171856,0.9867381295952724,0.989773751376222,11579.808536082506,0.39784953398208295,56144.04857694112,1.9289510264873606,148634.7666193684,5.106671016950745
