loss,layer_idx,accuracy_score,f1_macro,f1_micro,balanced_accuracy_score,aic,aic_avg,bic,bic_avg,ebic,ebic_avg
741.4286878705025,1,0.9721706864564007,0.9643197712289423,0.9721706864564007,0.9777062000840079,3530.857375741005,0.12131029257682281,12008.245784033634,0.4125694284351554,26203.900041901314,0.9002920374459326
