loss,layer_idx,accuracy_score,f1_macro,f1_micro,balanced_accuracy_score,aic,aic_avg,bic,bic_avg,ebic,ebic_avg
1214.1589844226837,2,0.9635470349756065,0.9518498778961266,0.9635470349756065,0.9714143676923123,3964.3179688453674,0.13620277498953368,10322.359275064839,0.35464712688328315,20527.220305179664,0.705257345742447
