loss,layer_idx,accuracy_score,f1_macro,f1_micro,balanced_accuracy_score,aic_rep,aic_rep_avg,bic_rep,bic_rep_avg,ebic_rep,ebic_rep_avg,aic_cls,aic_cls_avg,bic_cls,bic_cls_avg,ebic_cls,ebic_cls_avg,aic_pr,aic_pr_avg,bic_pr,bic_pr_avg,ebic_pr,ebic_pr_avg
239.75221771001816,6,0.9952587095444239,0.9935146640220216,0.9952587095444239,0.9951874935807823,2527.5044354200363,0.0868379177977062,11004.892843712665,0.3780970536560388,25200.547101580345,0.865819662666816,14829.504435420036,0.5094999118882717,74229.17419079076,2.5503048921456317,201633.6120738,6.927561742383014,497.4982384443283,0.01709263514204385,571.9808835513761,0.019651648579378,611.5111156676433,0.0210097957695198
