loss,layer_idx,accuracy_score,f1_macro,f1_micro,balanced_accuracy_score,aic,aic_avg,bic,bic_avg,ebic,ebic_avg
820.4433504343033,11,0.9746444032158318,0.9667746371396374,0.9746444032158318,0.9785525607437421,3176.8867008686066,0.10914885937155935,9534.928007088078,0.32759321126530877,19739.789037202903,0.6782034301244727
