loss,layer_idx,accuracy_score,f1_macro,f1_micro,balanced_accuracy_score,aic,aic_avg,bic,bic_avg,ebic,ebic_avg
247.82443194836378,14,0.9950182093039236,0.9938053723285,0.9950182093039236,0.9961833439246783,2543.6488638967276,0.08739259478790379,11021.037272189356,0.3786517306462364,25216.691530057036,0.8663743396570135
