loss,layer_idx,accuracy_score,f1_macro,f1_micro,balanced_accuracy_score,aic_rep,aic_rep_avg,bic_rep,bic_rep_avg,ebic_rep,ebic_rep_avg,aic_cls,aic_cls_avg,bic_cls,bic_cls_avg,ebic_cls,ebic_cls_avg,aic_pr,aic_pr_avg,bic_pr,bic_pr_avg,ebic_pr,ebic_pr_avg
719.9001879990101,0,0.9738198309626881,0.9658933539715113,0.9738198309626881,0.9801725629171403,3487.80037599802,0.11983097560633615,11965.188784290649,0.4110901114646688,26160.84304215833,0.8988127204754459,15789.80037599802,0.5424929696969016,75189.47013136874,2.583297949954262,202593.908014378,6.960554800191644,1449.9986677765846,0.049817861189328135,1492.2129648996258,0.05126822527656242,1508.8267269248865,0.051839027242660846
