loss,layer_idx,accuracy_score,f1_macro,f1_micro,balanced_accuracy_score,aic,aic_avg,bic,bic_avg,ebic,ebic_avg
124.6137239318341,11,0.9977324263038548,0.9971348571291107,0.9977324263038548,0.9982237126588261,2297.227447863668,0.07892625052785227,10774.615856156297,0.37018538638618487,24970.270114023977,0.857907995396962
