loss,layer_idx,accuracy_score,f1_macro,f1_micro,balanced_accuracy_score,aic,aic_avg,bic,bic_avg,ebic,ebic_avg
959.2186990380287,4,0.9727204012918299,0.9647990143909768,0.9727204012918299,0.9783998511213898,12684.437398076057,0.4358014635496481,57248.67743893467,1.9669029560549258,149739.39548136195,5.144622946518311
