loss,layer_idx,accuracy_score,f1_macro,f1_micro,balanced_accuracy_score,aic,aic_avg,bic,bic_avg,ebic,ebic_avg
201.93790680542588,19,0.9945372088229231,0.9927490986606144,0.9945372088229231,0.996039358866654,2451.8758136108518,0.08423953183573324,10929.26422190348,0.37549866769406587,25124.91847977116,0.863221276704843
