loss,layer_idx,accuracy_score,f1_macro,f1_micro,balanced_accuracy_score,aic_rep,aic_rep_avg,bic_rep,bic_rep_avg,ebic_rep,ebic_rep_avg,aic_cls,aic_cls_avg,bic_cls,bic_cls_avg,ebic_cls,ebic_cls_avg,aic_pr,aic_pr_avg,bic_pr,bic_pr_avg,ebic_pr,ebic_pr_avg
201.93790680542588,19,0.9945372088229231,0.9927490986606144,0.9945372088229231,0.996039358866654,2451.8758136108518,0.08423953183573324,10929.26422190348,0.37549866769406587,25124.91847977116,0.863221276704843,14753.875813610852,0.5069015259262988,74153.54556898157,2.547706506183659,201557.98345199082,6.924963356421041,421.11976731568575,0.014468486474118249,492.4985237856537,0.016920859059494732,529.6474194879848,0.018197190252456016
