loss,layer_idx,accuracy_score,f1_macro,f1_micro,balanced_accuracy_score,aic_rep,aic_rep_avg,bic_rep,bic_rep_avg,ebic_rep,ebic_rep_avg,aic_cls,aic_cls_avg,bic_cls,bic_cls_avg,ebic_cls,ebic_cls_avg,aic_pr,aic_pr_avg,bic_pr,bic_pr_avg,ebic_pr,ebic_pr_avg
741.4286878705025,1,0.9721706864564007,0.9643197712289423,0.9721706864564007,0.9777062000840079,3530.857375741005,0.12131029257682281,12008.245784033634,0.4125694284351554,26203.900041901314,0.9002920374459326,15832.857375741005,0.5439722866673883,75232.52713111172,2.5847772669247484,202636.96501412097,6.962034117162131,1498.9844452142715,0.05150087422573598,1565.74002715392,0.05379440758448155,1599.402898476715,0.054950968820061674
