loss,layer_idx,accuracy_score,f1_macro,f1_micro,balanced_accuracy_score,aic,aic_avg,bic,bic_avg,ebic,ebic_avg
262.7069240361452,20,0.9947089947089947,0.9936282806237581,0.9947089947089947,0.9959668018191145,14875.41384807229,0.5110772297145706,74275.08360344301,2.5518822099719305,201679.52148645226,6.929139060209312
