loss,layer_idx,accuracy_score,f1_macro,f1_micro,balanced_accuracy_score,aic_rep,aic_rep_avg,bic_rep,bic_rep_avg,ebic_rep,ebic_rep_avg,aic_cls,aic_cls_avg,bic_cls,bic_cls_avg,ebic_cls,ebic_cls_avg,aic_pr,aic_pr_avg,bic_pr,bic_pr_avg,ebic_pr,ebic_pr_avg
119.89528398402035,15,0.9970109255823542,0.995994021015102,0.9970109255823542,0.997767586654623,2287.7905679680407,0.07860202597292794,10765.17897626067,0.36986116183126055,24960.83323412835,0.8575837708420377,14589.79056796804,0.5012640200634935,73989.46032333876,2.5420690003208533,201393.898206348,6.919325850558236,255.85778674855828,0.008790551320983931,322.3656257346234,0.011075572931169635,355.8438274594251,0.012225789440645403
