loss,layer_idx,accuracy_score,f1_macro,f1_micro,balanced_accuracy_score,aic,aic_avg,bic,bic_avg,ebic,ebic_avg
221.11475624889135,13,0.9959458530887102,0.9948980227468353,0.9959458530887102,0.9966873358399686,2490.2295124977827,0.0855572566652162,10967.617920790412,0.3768163925235488,25163.27217865809,0.864539001534326
