loss,layer_idx,accuracy_score,f1_macro,f1_micro,balanced_accuracy_score,aic_rep,aic_rep_avg,bic_rep,bic_rep_avg,ebic_rep,ebic_rep_avg,aic_cls,aic_cls_avg,bic_cls,bic_cls_avg,ebic_cls,ebic_cls_avg,aic_pr,aic_pr_avg,bic_pr,bic_pr_avg,ebic_pr,ebic_pr_avg
305.20922960340977,5,0.99292242149385,0.9902303910738047,0.99292242149385,0.993521413645363,2658.4184592068195,0.09133575411278841,11135.806867499448,0.382594889971121,25331.46112536713,0.8703174989818981,14960.41845920682,0.513997748203354,74360.08821457754,2.554802728460714,201764.5260975868,6.932059578698096,628.5082171261311,0.02159376819645884,703.3880531095252,0.024166427991119538,743.2252952754444,0.025535123179943806
