loss,layer_idx,accuracy_score,f1_macro,f1_micro,balanced_accuracy_score,aic_rep,aic_rep_avg,bic_rep,bic_rep_avg,ebic_rep,ebic_rep_avg,aic_cls,aic_cls_avg,bic_cls,bic_cls_avg,ebic_cls,ebic_cls_avg,aic_pr,aic_pr_avg,bic_pr,bic_pr_avg,ebic_pr,ebic_pr_avg
247.82443194836378,14,0.9950182093039236,0.9938053723285,0.9950182093039236,0.9961833439246783,2543.6488638967276,0.08739259478790379,11021.037272189356,0.3786517306462364,25216.691530057036,0.8663743396570135,14845.648863896728,0.5100545888784693,74245.31861926745,2.550859569135829,201649.7565022767,6.928116419373212,512.2240077108145,0.017598571006349702,580.8343260874374,0.01995582787354626,615.886728505445,0.02116012947520941
