loss,layer_idx,accuracy_score,f1_macro,f1_micro,balanced_accuracy_score,aic,aic_avg,bic,bic_avg,ebic,ebic_avg
973.7008823156357,12,0.9694564694564695,0.9616211659083784,0.9694564694564695,0.9753853483607323,3483.4017646312714,0.11967985173611184,9841.443070850743,0.3381242036298613,20046.304100965568,0.6887344224890252
