loss,layer_idx,accuracy_score,f1_macro,f1_micro,balanced_accuracy_score,aic_rep,aic_rep_avg,bic_rep,bic_rep_avg,ebic_rep,ebic_rep_avg,aic_cls,aic_cls_avg,bic_cls,bic_cls_avg,ebic_cls,ebic_cls_avg,aic_pr,aic_pr_avg,bic_pr,bic_pr_avg,ebic_pr,ebic_pr_avg
593.2141065895557,5,0.9819968391396963,0.9769120675398729,0.9819968391396963,0.9858387059901981,2722.4282131791115,0.09353494857345948,9080.469519398583,0.3119793004672089,19285.33054951341,0.6625895193263729,11952.428213179111,0.4106516942616337,56516.66825403772,1.9417531867669113,149007.386296465,5.119473177230296,1211.1768456101418,0.04161261752250882,1313.6200925300202,0.04513227831134543,1375.8783237850605,0.047271295395624975
