loss,layer_idx,accuracy_score,f1_macro,f1_micro,balanced_accuracy_score,aic,aic_avg,bic,bic_avg,ebic,ebic_avg
270.24934151023626,16,0.9933690647976362,0.9911721427043491,0.9933690647976362,0.9946950911724685,14890.498683020473,0.511595502062134,74290.16843839119,2.552400482319494,201694.60632140044,6.929657332556876
