loss,layer_idx,accuracy_score,f1_macro,f1_micro,balanced_accuracy_score,aic_rep,aic_rep_avg,bic_rep,bic_rep_avg,ebic_rep,ebic_rep_avg,aic_cls,aic_cls_avg,bic_cls,bic_cls_avg,ebic_cls,ebic_cls_avg,aic_pr,aic_pr_avg,bic_pr,bic_pr_avg,ebic_pr,ebic_pr_avg
196.71824156492949,21,0.9958427815570673,0.9946133588135707,0.9958427815570673,0.9968555563838011,2441.436483129859,0.08388086590839892,10918.824891422488,0.3751400017667315,25114.479149290168,0.8628626107775087,14743.436483129859,0.5065428599989644,74143.10623850058,2.5473478402563243,201547.54412150983,6.924604690493706,410.0878064483404,0.014089459439577422,479.0134584419085,0.01645755027973299,514.3033167232767,0.0176700101945742
