loss,layer_idx,accuracy_score,f1_macro,f1_micro,balanced_accuracy_score,aic_rep,aic_rep_avg,bic_rep,bic_rep_avg,ebic_rep,ebic_rep_avg,aic_cls,aic_cls_avg,bic_cls,bic_cls_avg,ebic_cls,ebic_cls_avg,aic_pr,aic_pr_avg,bic_pr,bic_pr_avg,ebic_pr,ebic_pr_avg
124.6137239318341,11,0.9977324263038548,0.9971348571291107,0.9977324263038548,0.9982237126588261,2297.227447863668,0.07892625052785227,10774.615856156297,0.37018538638618487,24970.270114023977,0.857907995396962,14599.227447863668,0.5015882446184178,73998.89720323439,2.5423932248757777,201403.33508624363,6.91965007511316,265.010701533407,0.009105019636274548,330.34310959248194,0.011349656757798459,362.9481918889916,0.01246987534834713
