loss,layer_idx,accuracy_score,f1_macro,f1_micro,balanced_accuracy_score,aic_rep,aic_rep_avg,bic_rep,bic_rep_avg,ebic_rep,ebic_rep_avg,aic_cls,aic_cls_avg,bic_cls,bic_cls_avg,ebic_cls,ebic_cls_avg,aic_pr,aic_pr_avg,bic_pr,bic_pr_avg,ebic_pr,ebic_pr_avg
973.7008823156357,12,0.9694564694564695,0.9616211659083784,0.9694564694564695,0.9753853483607323,3483.4017646312714,0.11967985173611184,9841.443070850743,0.3381242036298613,20046.304100965568,0.6887344224890252,12713.401764631271,0.4367965974242861,57277.64180548988,1.9678980899295637,149768.35984791716,5.145618080392949,1964.5660541057587,0.06749694407014907,2035.615052459078,0.069937987097474,2072.5128500955566,0.0712056912696886
