loss,layer_idx,accuracy_score,f1_macro,f1_micro,balanced_accuracy_score,aic,aic_avg,bic,bic_avg,ebic,ebic_avg
741.4286878705025,1,0.9721706864564007,0.9643197712289423,0.9721706864564007,0.9777062000840079,15832.857375741005,0.5439722866673883,75232.52713111172,2.5847772669247484,202636.96501412097,6.962034117162131
