loss,layer_idx,accuracy_score,f1_macro,f1_micro,balanced_accuracy_score,aic,aic_avg,bic,bic_avg,ebic,ebic_avg
294.1022903621197,23,0.9930942073799217,0.9906981440399936,0.9930942073799217,0.9946949540330868,14938.20458072424,0.5132345420437106,74337.87433609496,2.5540395223010703,201742.3122191042,6.931296372538453
