loss,layer_idx,accuracy_score,f1_macro,f1_micro,balanced_accuracy_score,aic_rep,aic_rep_avg,bic_rep,bic_rep_avg,ebic_rep,ebic_rep_avg,aic_cls,aic_cls_avg,bic_cls,bic_cls_avg,ebic_cls,ebic_cls_avg,aic_pr,aic_pr_avg,bic_pr,bic_pr_avg,ebic_pr,ebic_pr_avg
1214.1589844226837,2,0.9635470349756065,0.9518498778961266,0.9635470349756065,0.9714143676923123,3964.3179688453674,0.13620277498953368,10322.359275064839,0.35464712688328315,20527.220305179664,0.705257345742447,13194.317968845367,0.4533195206777079,57758.55800970398,1.9844210131829856,150249.27605213126,5.16214100364637,2445.63805437088,0.08402522003610527,2517.3319470782135,0.08648841981303558,2554.7211582598443,0.0877730075675065
