loss,layer_idx,accuracy_score,f1_macro,f1_micro,balanced_accuracy_score,aic,aic_avg,bic,bic_avg,ebic,ebic_avg
488.71050453186035,3,0.9888682745825603,0.9857854129401513,0.9888682745825603,0.990904408573858,15327.42100906372,0.5266069198468948,74727.09076443444,2.567411900104255,202131.5286474437,6.944668750341637
