loss,layer_idx,accuracy_score,f1_macro,f1_micro,balanced_accuracy_score,aic,aic_avg,bic,bic_avg,ebic,ebic_avg
820.4433504343033,11,0.9746444032158318,0.9667746371396374,0.9746444032158318,0.9785525607437421,12406.886700868607,0.4262656050597336,56971.12674172722,1.9573670975650113,149461.8447841545,5.1350870880283965
