loss,layer_idx,accuracy_score,f1_macro,f1_micro,balanced_accuracy_score,aic,aic_avg,bic,bic_avg,ebic,ebic_avg
1534.0715317726135,0,0.9523465952037381,0.938318534482491,0.9523465952037381,0.963126992522577,4604.143063545227,0.15818535915430587,10962.184369764698,0.3766297110480553,21167.045399879524,0.7272399299072193
