loss,layer_idx,accuracy_score,f1_macro,f1_micro,balanced_accuracy_score,aic,aic_avg,bic,bic_avg,ebic,ebic_avg
247.82443194836378,14,0.9950182093039236,0.9938053723285,0.9950182093039236,0.9961833439246783,14845.648863896728,0.5100545888784693,74245.31861926745,2.550859569135829,201649.7565022767,6.928116419373212
