loss,layer_idx,accuracy_score,f1_macro,f1_micro,balanced_accuracy_score,aic_rep,aic_rep_avg,bic_rep,bic_rep_avg,ebic_rep,ebic_rep_avg,aic_cls,aic_cls_avg,bic_cls,bic_cls_avg,ebic_cls,ebic_cls_avg,aic_pr,aic_pr_avg,bic_pr,bic_pr_avg,ebic_pr,ebic_pr_avg
1141.9757363796234,3,0.9669140383426098,0.958457823539274,0.9669140383426098,0.9739141023328919,3819.951472759247,0.1312427496996924,10177.992778978718,0.34968710159344185,20382.853809093544,0.7002973204526057,13049.951472759247,0.4483594953878667,57614.19151361786,1.9794609878931444,150104.90955604514,5.157180978356529,2305.782651424408,0.07922018317269319,2396.149536656538,0.0823249342629196,2448.330245948126,0.08411771613921962
