loss,layer_idx,accuracy_score,f1_macro,f1_micro,balanced_accuracy_score,aic_rep,aic_rep_avg,bic_rep,bic_rep_avg,ebic_rep,ebic_rep_avg,aic_cls,aic_cls_avg,bic_cls,bic_cls_avg,ebic_cls,ebic_cls_avg,aic_pr,aic_pr_avg,bic_pr,bic_pr_avg,ebic_pr,ebic_pr_avg
406.9042680412531,6,0.9867381295952724,0.9822978426171856,0.9867381295952724,0.989773751376222,2349.808536082506,0.08073278829390869,8707.849842301977,0.2991771401876581,18912.710872416803,0.649787359046822,11579.808536082506,0.39784953398208295,56144.04857694112,1.9289510264873606,148634.7666193684,5.106671016950745,838.3622260391712,0.028803759569819665,939.9985378650713,0.032295696346632013,1001.572194150669,0.034411193367369926
