loss,layer_idx,accuracy_score,f1_macro,f1_micro,balanced_accuracy_score,aic_rep,aic_rep_avg,bic_rep,bic_rep_avg,ebic_rep,ebic_rep_avg,aic_cls,aic_cls_avg,bic_cls,bic_cls_avg,ebic_cls,ebic_cls_avg,aic_pr,aic_pr_avg,bic_pr,bic_pr_avg,ebic_pr,ebic_pr_avg
1532.0478323698044,1,0.9537552394695252,0.9419187859846241,0.9537552394695252,0.9629429965499791,4600.095664739609,0.15804630195628422,10958.13697095908,0.37649065385003366,21162.998001073905,0.7271008727091977,13830.095664739609,0.4751630476444585,58394.33570559822,2.0062645401497363,150885.0537480255,5.183984530613121,3080.1936872005463,0.10582676036557913,3146.829033395266,0.10811616276352869,3180.4022537482574,0.10926964384485183
