loss,layer_idx,accuracy_score,f1_macro,f1_micro,balanced_accuracy_score,aic,aic_avg,bic,bic_avg,ebic,ebic_avg
719.9001879990101,0,0.9738198309626881,0.9658933539715113,0.9738198309626881,0.9801725629171403,3487.80037599802,0.11983097560633615,11965.188784290649,0.4110901114646688,26160.84304215833,0.8988127204754459
