loss,layer_idx,accuracy_score,f1_macro,f1_micro,balanced_accuracy_score,aic,aic_avg,bic,bic_avg,ebic,ebic_avg
201.93790680542588,19,0.9945372088229231,0.9927490986606144,0.9945372088229231,0.996039358866654,14753.875813610852,0.5069015259262988,74153.54556898157,2.547706506183659,201557.98345199082,6.924963356421041
