loss,layer_idx,accuracy_score,f1_macro,f1_micro,balanced_accuracy_score,aic,aic_avg,bic,bic_avg,ebic,ebic_avg
1141.9757363796234,3,0.9669140383426098,0.958457823539274,0.9669140383426098,0.9739141023328919,13049.951472759247,0.4483594953878667,57614.19151361786,1.9794609878931444,150104.90955604514,5.157180978356529
