loss,layer_idx,accuracy_score,f1_macro,f1_micro,balanced_accuracy_score,aic,aic_avg,bic,bic_avg,ebic,ebic_avg
283.25348119437695,4,0.9923727066584209,0.9898513665788095,0.9923727066584209,0.9935554535434229,14916.506962388754,0.5124890731254296,74316.17671775947,2.5532940533827895,201720.61460076872,6.930550903620172
