loss,layer_idx,accuracy_score,f1_macro,f1_micro,balanced_accuracy_score,aic_rep,aic_rep_avg,bic_rep,bic_rep_avg,ebic_rep,ebic_rep_avg,aic_cls,aic_cls_avg,bic_cls,bic_cls_avg,ebic_cls,ebic_cls_avg,aic_pr,aic_pr_avg,bic_pr,bic_pr_avg,ebic_pr,ebic_pr_avg
334.05364791303873,2,0.9886621315192744,0.9853839103230673,0.9886621315192744,0.9916949391060242,2716.1072958260775,0.09331777969580421,11193.495704118706,0.3845769155541368,25389.149961986386,0.872299524564914,15018.107295826077,0.5159797737863697,74417.7770511968,2.5567847540437296,201822.21493420604,6.934041604281112,684.5611418038607,0.023519588462992534,752.6693660049796,0.025859594791623017,787.3444001074349,0.027050931083193668
