loss,layer_idx,accuracy_score,f1_macro,f1_micro,balanced_accuracy_score,aic,aic_avg,bic,bic_avg,ebic,ebic_avg
225.71854130923748,12,0.9951556380127808,0.9943049994681157,0.9951556380127808,0.9965673645842588,14801.437082618475,0.5085355968741316,74201.1068379892,2.5493405771314914,201605.54472099844,6.926597427368874
