loss,layer_idx,accuracy_score,f1_macro,f1_micro,balanced_accuracy_score,aic,aic_avg,bic,bic_avg,ebic,ebic_avg
221.11475624889135,13,0.9959458530887102,0.9948980227468353,0.9959458530887102,0.9966873358399686,14792.229512497783,0.5082192507557817,74191.8992678685,2.5490242310131417,201596.33715087775,6.926281081250524
