loss,layer_idx,accuracy_score,f1_macro,f1_micro,balanced_accuracy_score,aic,aic_avg,bic,bic_avg,ebic,ebic_avg
356.32285372912884,18,0.9921322064179207,0.9899531660119323,0.9921322064179207,0.9941191510350716,15062.645707458258,0.5175099878876609,74462.31546282898,2.558314968145021,201866.75334583822,6.935571818382403
