loss,layer_idx,accuracy_score,f1_macro,f1_micro,balanced_accuracy_score,aic_rep,aic_rep_avg,bic_rep,bic_rep_avg,ebic_rep,ebic_rep_avg,aic_cls,aic_cls_avg,bic_cls,bic_cls_avg,ebic_cls,ebic_cls_avg,aic_pr,aic_pr_avg,bic_pr,bic_pr_avg,ebic_pr,ebic_pr_avg
276.80593065172434,7,0.9910327767470625,0.9882161617149353,0.9910327767470625,0.993254414173118,2089.6118613034487,0.0717931650279478,8447.65316752292,0.29023751692169725,18652.514197637745,0.6408477357808612,11319.611861303449,0.3889099107161221,55883.85190216206,1.9200114032213997,148374.56994458934,5.097731393684785,580.2493773251772,0.019935730685259986,690.5113741749382,0.02372402165103203,759.480519888374,0.026093606812628806
