loss,layer_idx,accuracy_score,f1_macro,f1_micro,balanced_accuracy_score,aic,aic_avg,bic,bic_avg,ebic,ebic_avg
233.19287966936827,7,0.9933690647976362,0.9908473148884233,0.9933690647976362,0.9949830209025498,14816.385759338737,0.5090491912093292,74216.05551470946,2.549854171466689,201620.4933977187,6.9271110217040714
