loss,layer_idx,accuracy_score,f1_macro,f1_micro,balanced_accuracy_score,aic_rep,aic_rep_avg,bic_rep,bic_rep_avg,ebic_rep,ebic_rep_avg,aic_cls,aic_cls_avg,bic_cls,bic_cls_avg,ebic_cls,ebic_cls_avg,aic_pr,aic_pr_avg,bic_pr,bic_pr_avg,ebic_pr,ebic_pr_avg
215.78020337969065,22,0.9967360681646396,0.9956517253103042,0.9967360681646396,0.9972394761050785,2479.5604067593813,0.08519069630864362,10956.94881505201,0.37644983216697625,25152.60307291969,0.8641724411777534,14781.560406759381,0.5078526903992091,74181.2301621301,2.5486576706565693,201585.66804513935,6.925914520893952,445.2252951413393,0.015296684365468952,501.78904825160464,0.017240055254985384,528.0486248053384,0.01814226018021502
