loss,layer_idx,accuracy_score,f1_macro,f1_micro,balanced_accuracy_score,aic,aic_avg,bic,bic_avg,ebic,ebic_avg
239.75221771001816,6,0.9952587095444239,0.9935146640220216,0.9952587095444239,0.9951874935807823,2527.5044354200363,0.0868379177977062,11004.892843712665,0.3780970536560388,25200.547101580345,0.865819662666816
