loss,layer_idx,accuracy_score,f1_macro,f1_micro,balanced_accuracy_score,aic,aic_avg,bic,bic_avg,ebic,ebic_avg
1214.1589844226837,2,0.9635470349756065,0.9518498778961266,0.9635470349756065,0.9714143676923123,13194.317968845367,0.4533195206777079,57758.55800970398,1.9844210131829856,150249.27605213126,5.16214100364637
