loss,layer_idx,accuracy_score,f1_macro,f1_micro,balanced_accuracy_score,aic,aic_avg,bic,bic_avg,ebic,ebic_avg
719.9001879990101,0,0.9738198309626881,0.9658933539715113,0.9738198309626881,0.9801725629171403,15789.80037599802,0.5424929696969016,75189.47013136874,2.583297949954262,202593.908014378,6.960554800191644
