loss,layer_idx,accuracy_score,f1_macro,f1_micro,balanced_accuracy_score,aic,aic_avg,bic,bic_avg,ebic,ebic_avg
119.89528398402035,15,0.9970109255823542,0.995994021015102,0.9970109255823542,0.997767586654623,2287.7905679680407,0.07860202597292794,10765.17897626067,0.36986116183126055,24960.83323412835,0.8575837708420377
