loss,layer_idx,accuracy_score,f1_macro,f1_micro,balanced_accuracy_score,aic,aic_avg,bic,bic_avg,ebic,ebic_avg
5982.650001525879,4,0.7616299044870474,0.7213669510970775,0.7616299044870474,0.7617786325484903,16061.300003051758,0.5518209304972087,33016.07681963702,1.134339202213874,64246.51618694591,2.207328942037584
