loss,layer_idx,accuracy_score,f1_macro,f1_micro,balanced_accuracy_score,aic_rep,aic_rep_avg,bic_rep,bic_rep_avg,ebic_rep,ebic_rep_avg,aic_cls,aic_cls_avg,bic_cls,bic_cls_avg,ebic_cls,ebic_cls_avg,aic_pr,aic_pr_avg,bic_pr,bic_pr_avg,ebic_pr,ebic_pr_avg
2080.6371114254,27,0.9180581323438466,0.8929236748880873,0.9180581323438466,0.932568617386405,8257.2742228508,0.28369663378172194,25212.051039436057,0.8662149054983872,56442.49040674495,1.939204645322097,32847.2742228508,1.1285396214818526,151588.6628362699,5.20815855274754,426142.86502645176,14.641065932331882,4188.851422786713,0.14391711065713986,4303.003100066926,0.14783904006276802,4375.361322102599,0.15032506432016077
