loss,layer_idx,accuracy_score,f1_macro,f1_micro,balanced_accuracy_score,aic,aic_avg,bic,bic_avg,ebic,ebic_avg
2728.4378595352173,22,0.8999175427746856,0.8744380904610145,0.8999175427746856,0.913790451727409,9552.875719070435,0.3282098439864782,26507.652535655692,0.9107281157031434,57738.09190296459,1.983717855526853
