loss,layer_idx,accuracy_score,f1_macro,f1_micro,balanced_accuracy_score,aic_rep,aic_rep_avg,bic_rep,bic_rep_avg,ebic_rep,ebic_rep_avg,aic_cls,aic_cls_avg,bic_cls,bic_cls_avg,ebic_cls,ebic_cls_avg,aic_pr,aic_pr_avg,bic_pr,bic_pr_avg,ebic_pr,ebic_pr_avg
6021.261896133423,4,0.7683639112210541,0.7273232048152274,0.7683639112210541,0.7679434382031164,15114.523792266846,0.519292372440969,27830.606404705788,0.9561810762284679,50369.67660361559,1.7305599052984124,33560.523792266846,1.153044863336317,122631.05297666175,4.2132568190978406,322393.3606294975,11.076525823867845,12073.269887924194,0.4148034730957258,12200.538733102838,0.4191760713633903,12284.556004426337,0.42206266764331535
