loss,layer_idx,accuracy_score,f1_macro,f1_micro,balanced_accuracy_score,aic,aic_avg,bic,bic_avg,ebic,ebic_avg
1334.2003506422043,17,0.9641998213426785,0.9581249812235325,0.9641998213426785,0.9698784301567995,6764.400701284409,0.2324057136426994,23719.177517869666,0.8149239853593646,54949.61688517856,1.8879137251830744
