loss,layer_idx,accuracy_score,f1_macro,f1_micro,balanced_accuracy_score,aic_rep,aic_rep_avg,bic_rep,bic_rep_avg,ebic_rep,ebic_rep_avg,aic_cls,aic_cls_avg,bic_cls,bic_cls_avg,ebic_cls,ebic_cls_avg,aic_pr,aic_pr_avg,bic_pr,bic_pr_avg,ebic_pr,ebic_pr_avg
1997.0539816617966,5,0.9262007833436405,0.9101903956294517,0.9262007833436405,0.93705669769345,6042.107963323593,0.2075897740439632,14519.496371616222,0.4988489099022958,28715.150629483902,0.9865715189130729,18344.107963323593,0.6302517681345288,77743.77771869431,2.6710567483918886,205148.21560170356,7.048313598629271,4008.0111253261566,0.13770394850979717,4065.561176302302,0.13968120580987775,4092.518978308132,0.1406073997907006
