loss,layer_idx,accuracy_score,f1_macro,f1_micro,balanced_accuracy_score,aic,aic_avg,bic,bic_avg,ebic,ebic_avg
1028.4800609350204,10,0.966295609152752,0.9576711617744599,0.966295609152752,0.9738272028730901,16406.96012187004,0.5636968364553714,75806.62987724076,2.6045018167127316,203211.06776025,6.981758666950114
