loss,layer_idx,accuracy_score,f1_macro,f1_micro,balanced_accuracy_score,aic_rep,aic_rep_avg,bic_rep,bic_rep_avg,ebic_rep,ebic_rep_avg,aic_cls,aic_cls_avg,bic_cls,bic_cls_avg,ebic_cls,ebic_cls_avg,aic_pr,aic_pr_avg,bic_pr,bic_pr_avg,ebic_pr,ebic_pr_avg
1997.1322942972183,39,0.9257884972170687,0.8986849600778994,0.9257884972170687,0.935468767638964,8090.264588594437,0.27795865418107735,25045.041405179694,0.8604769258977425,56275.48077248859,1.9334666657214523,32680.264588594437,1.122801641881208,151421.65320201355,5.202420573146896,425975.8553921954,14.635327952731238,4019.605042695999,0.13810228278348105,4124.498046534602,0.14170611030490626,4188.843918876344,0.14391685284396152
