loss,layer_idx,accuracy_score,f1_macro,f1_micro,balanced_accuracy_score,aic,aic_avg,bic,bic_avg,ebic,ebic_avg
5540.236823558807,6,0.7833436404864976,0.746018881345125,0.7833436404864976,0.7854328587010306,32598.473647117615,1.1199915360103627,121669.00283151252,4.180203491771886,321431.3104843483,11.043472496541892
