loss,layer_idx,accuracy_score,f1_macro,f1_micro,balanced_accuracy_score,aic,aic_avg,bic,bic_avg,ebic,ebic_avg
901.7161461114883,41,0.977667834810692,0.9727853892974948,0.977667834810692,0.9827933177415561,4875.432292222977,0.16750609126032354,17591.51490466192,0.6043947950478225,40130.58510357172,1.3787736241177668
