loss,layer_idx,accuracy_score,f1_macro,f1_micro,balanced_accuracy_score,aic_rep,aic_rep_avg,bic_rep,bic_rep_avg,ebic_rep,ebic_rep_avg,aic_cls,aic_cls_avg,bic_cls,bic_cls_avg,ebic_cls,ebic_cls_avg,aic_pr,aic_pr_avg,bic_pr,bic_pr_avg,ebic_pr,ebic_pr_avg
12069.02626991272,0,0.5217480931766646,0.47401140295787964,0.5217480931766646,0.5071853708309804,28234.05253982544,0.9700423465892063,45188.8293564107,1.5525606183058718,76419.2687237196,2.625550358129581,52824.05253982544,1.814885334289337,171565.44115324455,5.894504265555025,446119.6433434264,15.327411645139367,24146.8913898468,0.829619026655906,24183.47848199218,0.8308760558645015,24196.613097957248,0.8313273241928554
