loss,layer_idx,accuracy_score,f1_macro,f1_micro,balanced_accuracy_score,aic_rep,aic_rep_avg,bic_rep,bic_rep_avg,ebic_rep,ebic_rep_avg,aic_cls,aic_cls_avg,bic_cls,bic_cls_avg,ebic_cls,ebic_cls_avg,aic_pr,aic_pr_avg,bic_pr,bic_pr_avg,ebic_pr,ebic_pr_avg
1548.814692735672,35,0.9412148697862983,0.919354827633223,0.9412148697862983,0.9496814303237431,7193.629385471344,0.24715279961077935,24148.4062020566,0.8296710713274446,55378.8455693655,1.9026608111511543,31783.629385471344,1.0919957873109098,150525.01799889046,5.171614718576598,425079.2201890723,14.60452209816094,3124.5983567237854,0.10735237946553237,3236.2323627194028,0.11118780879266828,3306.393216152471,0.11359833766757613
