loss,layer_idx,accuracy_score,f1_macro,f1_micro,balanced_accuracy_score,aic,aic_avg,bic,bic_avg,ebic,ebic_avg
12752.89549446106,0,0.5017522160379303,0.45802003468452906,0.5017522160379303,0.48646350770864444,47023.79098892212,1.6156047202955446,136094.32017331704,4.675816676057068,335856.6278261528,11.539085680827073
