loss,layer_idx,accuracy_score,f1_macro,f1_micro,balanced_accuracy_score,aic_rep,aic_rep_avg,bic_rep,bic_rep_avg,ebic_rep,ebic_rep_avg,aic_cls,aic_cls_avg,bic_cls,bic_cls_avg,ebic_cls,ebic_cls_avg,aic_pr,aic_pr_avg,bic_pr,bic_pr_avg,ebic_pr,ebic_pr_avg
2394.050039768219,23,0.9140726997869855,0.8891776983772341,0.9140726997869855,0.9278921630189918,8884.100079536438,0.30523260082238846,25838.876896121696,0.8877508725390536,57069.31626343059,1.9607406123627633,33474.10007953644,1.150075588522519,152215.48869295555,5.2296945197882065,426769.6908831374,14.662601899372548,4819.031632423401,0.16556832379658493,4947.068149949978,0.16996729711914993,5031.778215627446,0.1728776958574674
