loss,layer_idx,accuracy_score,f1_macro,f1_micro,balanced_accuracy_score,aic_rep,aic_rep_avg,bic_rep,bic_rep_avg,ebic_rep,ebic_rep_avg,aic_cls,aic_cls_avg,bic_cls,bic_cls_avg,ebic_cls,ebic_cls_avg,aic_pr,aic_pr_avg,bic_pr,bic_pr_avg,ebic_pr,ebic_pr_avg
1424.756203532219,46,0.9583934583934584,0.9496505001269248,0.9583934583934584,0.9671963851095295,5921.512407064438,0.2034464511463079,18637.59501950338,0.6403351549338068,41176.66521841318,1.4147139840037513,24367.512407064438,0.8371989420416559,113438.04159145935,3.8974108978031796,313200.3492442951,10.760679902573184,2871.2197473049164,0.0986470056794103,2961.074021977522,0.10173414491780121,3012.8352478166566,0.1035125145267868
