loss,layer_idx,accuracy_score,f1_macro,f1_micro,balanced_accuracy_score,aic_rep,aic_rep_avg,bic_rep,bic_rep_avg,ebic_rep,ebic_rep_avg,aic_cls,aic_cls_avg,bic_cls,bic_cls_avg,ebic_cls,ebic_cls_avg,aic_pr,aic_pr_avg,bic_pr,bic_pr_avg,ebic_pr,ebic_pr_avg
1880.2370756864548,23,0.9308046450903594,0.9122692826510893,0.9308046450903594,0.9439788534532031,5808.47415137291,0.19956277576351644,14285.862559665538,0.49082191162184907,28481.51681753322,0.9785445206326262,18110.47415137291,0.6222247698540819,77510.14390674363,2.663029750111442,204914.58178975288,7.040286600348824,3774.8411614894867,0.1296928867412041,3834.3112420676575,0.13173611083857822,3862.639932348306,0.13270940467080003
