loss,layer_idx,accuracy_score,f1_macro,f1_micro,balanced_accuracy_score,aic_rep,aic_rep_avg,bic_rep,bic_rep_avg,ebic_rep,ebic_rep_avg,aic_cls,aic_cls_avg,bic_cls,bic_cls_avg,ebic_cls,ebic_cls_avg,aic_pr,aic_pr_avg,bic_pr,bic_pr_avg,ebic_pr,ebic_pr_avg
599.111348181963,24,0.9878375592661307,0.9849938664276011,0.9878375592661307,0.9904951200230723,4270.222696363926,0.1467127979235871,16986.30530880287,0.5836015017110859,39525.37550771267,1.3579803307810303,22716.222696363926,0.7804652888189352,111786.75188075883,3.840677244580459,311549.0595335946,10.703946249350464,1224.7796288132668,0.04207997075562656,1334.7080620680774,0.04585680141785465,1403.388106464971,0.048216453874286094
