loss,layer_idx,accuracy_score,f1_macro,f1_micro,balanced_accuracy_score,aic,aic_avg,bic,bic_avg,ebic,ebic_avg
2958.630470752716,12,0.9043839758125473,0.8887364789575655,0.9043839758125473,0.9166367200543847,8989.260941505432,0.30884563119306785,21705.343553944374,0.7457343349805667,44244.413752854176,1.520113164050511
