loss,layer_idx,accuracy_score,f1_macro,f1_micro,balanced_accuracy_score,aic,aic_avg,bic,bic_avg,ebic,ebic_avg
3799.0977005958557,46,0.8781007352435923,0.8497885752113598,0.8781007352435923,0.8847781465566441,11694.195401191711,0.4017795437776304,28648.97221777697,0.9842978154942956,59879.411585085865,2.0572875553180054
