loss,layer_idx,accuracy_score,f1_macro,f1_micro,balanced_accuracy_score,aic,aic_avg,bic,bic_avg,ebic,ebic_avg
3928.9392886161804,10,0.8570397856112142,0.8302779359455614,0.8570397856112142,0.8687400061929155,36543.87857723236,1.2555445123765672,155285.26719065147,5.335163443642255,429839.4693808333,14.768070823226596
