loss,layer_idx,accuracy_score,f1_macro,f1_micro,balanced_accuracy_score,aic,aic_avg,bic,bic_avg,ebic,ebic_avg
499.8888395726681,31,0.9892462035319178,0.9864962657309065,0.9892462035319178,0.9918153983809189,29685.777679145336,1.0199195244673036,148427.16629256445,5.099538455732992,422981.3684827463,14.532445835317333
