loss,layer_idx,accuracy_score,f1_macro,f1_micro,balanced_accuracy_score,aic_rep,aic_rep_avg,bic_rep,bic_rep_avg,ebic_rep,ebic_rep_avg,aic_cls,aic_cls_avg,bic_cls,bic_cls_avg,ebic_cls,ebic_cls_avg,aic_pr,aic_pr_avg,bic_pr,bic_pr_avg,ebic_pr,ebic_pr_avg
12970.274375915527,1,0.5132962275819418,0.46418123594009314,0.5132962275819418,0.4907901900304467,29012.548751831055,0.9967892789057602,41728.63136427,1.433677982693259,64267.7015631798,2.2080568117632033,47458.548751831055,1.6305417698011082,136529.07793622598,4.690753725562632,336291.3855890617,11.554022730332637,25948.33064556122,0.8915113944053191,25980.54262588478,0.89261810712172,25991.115515969643,0.8929813617800331
