loss,layer_idx,accuracy_score,f1_macro,f1_micro,balanced_accuracy_score,aic,aic_avg,bic,bic_avg,ebic,ebic_avg
920.2464406490326,21,0.9780457637600495,0.9743302157726769,0.9780457637600495,0.9834160572216872,4912.492881298065,0.16877938848684343,17628.575493737007,0.6056680922743423,40167.64569264681,1.3800469213442867
