loss,layer_idx,accuracy_score,f1_macro,f1_micro,balanced_accuracy_score,aic_rep,aic_rep_avg,bic_rep,bic_rep_avg,ebic_rep,ebic_rep_avg,aic_cls,aic_cls_avg,bic_cls,bic_cls_avg,ebic_cls,ebic_cls_avg,aic_pr,aic_pr_avg,bic_pr,bic_pr_avg,ebic_pr,ebic_pr_avg
499.8888395726681,31,0.9892462035319178,0.9864962657309065,0.9892462035319178,0.9918153983809189,5095.777679145336,0.17507653676717297,22050.554495730594,0.7575948084838382,53280.99386303949,1.830584548307548,29685.777679145336,1.0199195244673036,148427.16629256445,5.099538455732992,422981.3684827463,14.532445835317333,1017.5853363871574,0.03496135973294707,1091.2974589851378,0.03749390019188957,1130.2335716723114,0.03883163511551953
