loss,layer_idx,accuracy_score,f1_macro,f1_micro,balanced_accuracy_score,aic,aic_avg,bic,bic_avg,ebic,ebic_avg
1129.132719874382,42,0.9702810417096132,0.9632529497042002,0.9702810417096132,0.9766878114937754,23776.265439748764,0.816885365208162,112846.79462414367,3.877097320969686,312609.1022769794,10.74036632573969
