loss,layer_idx,accuracy_score,f1_macro,f1_micro,balanced_accuracy_score,aic,aic_avg,bic,bic_avg,ebic,ebic_avg
2497.6605682373047,4,0.9065828351542637,0.8849196250717105,0.9065828351542637,0.9154263708678829,7043.321136474609,0.2419886324632244,15520.709544767238,0.533247768321557,29716.363802634918,1.0209703773323342
