loss,layer_idx,accuracy_score,f1_macro,f1_micro,balanced_accuracy_score,aic,aic_avg,bic,bic_avg,ebic,ebic_avg
1997.0539816617966,5,0.9262007833436405,0.9101903956294517,0.9262007833436405,0.93705669769345,6042.107963323593,0.2075897740439632,14519.496371616222,0.4988489099022958,28715.150629483902,0.9865715189130729
