loss,layer_idx,accuracy_score,f1_macro,f1_micro,balanced_accuracy_score,aic_rep,aic_rep_avg,bic_rep,bic_rep_avg,ebic_rep,ebic_rep_avg,aic_cls,aic_cls_avg,bic_cls,bic_cls_avg,ebic_cls,ebic_cls_avg,aic_pr,aic_pr_avg,bic_pr,bic_pr_avg,ebic_pr,ebic_pr_avg
686.9161630868912,37,0.9863945578231292,0.9830359273857631,0.9863945578231292,0.9893561650303857,4445.832326173782,0.15274624909550547,17161.914938612725,0.5896349528830044,39700.985137522526,1.3640137819529488,22891.832326173782,0.7864987399908535,111962.36151056869,3.8467106957523773,311724.66916340444,10.709979700522382,1398.1518528461456,0.04803655098076499,1498.8188809259582,0.05149518590414204,1559.5722800948251,0.05358250120575913
