loss,layer_idx,accuracy_score,f1_macro,f1_micro,balanced_accuracy_score,aic,aic_avg,bic,bic_avg,ebic,ebic_avg
6021.261896133423,4,0.7683639112210541,0.7273232048152274,0.7683639112210541,0.7679434382031164,15114.523792266846,0.519292372440969,27830.606404705788,0.9561810762284679,50369.67660361559,1.7305599052984124
