loss,layer_idx,accuracy_score,f1_macro,f1_micro,balanced_accuracy_score,aic,aic_avg,bic,bic_avg,ebic,ebic_avg
6467.592926025391,5,0.7563732563732564,0.7103436298459773,0.7563732563732564,0.7484550714881103,34453.18585205078,1.1837142119168138,123523.71503644569,4.243926167678337,323286.02268928144,11.107195172448343
