loss,layer_idx,accuracy_score,f1_macro,f1_micro,balanced_accuracy_score,aic_rep,aic_rep_avg,bic_rep,bic_rep_avg,ebic_rep,ebic_rep_avg,aic_cls,aic_cls_avg,bic_cls,bic_cls_avg,ebic_cls,ebic_cls_avg,aic_pr,aic_pr_avg,bic_pr,bic_pr_avg,ebic_pr,ebic_pr_avg
1026.8069604039192,14,0.96285989143132,0.9524731194384614,0.96285989143132,0.970733434081537,4101.613920807838,0.14091987634191708,12579.002329100467,0.4321790122002497,26774.656586968147,0.9199016212110268,16403.61392080784,0.5635818704324826,75803.28367617856,2.6043868506898424,203207.7215591878,6.981643700927225,2070.3688760995865,0.07113203037516617,2139.7234970818745,0.07351485937888663,2175.3369409017405,0.07473843677941801
