loss,layer_idx,accuracy_score,f1_macro,f1_micro,balanced_accuracy_score,aic,aic_avg,bic,bic_avg,ebic,ebic_avg
755.9290145039558,27,0.98433312719027,0.9807018088773599,0.98433312719027,0.9873869542330712,23029.85802900791,0.7912409135232568,112100.38721340282,3.8514528692847807,311862.69486623857,10.714721874054785
