loss,layer_idx,accuracy_score,f1_macro,f1_micro,balanced_accuracy_score,aic_rep,aic_rep_avg,bic_rep,bic_rep_avg,ebic_rep,ebic_rep_avg,aic_cls,aic_cls_avg,bic_cls,bic_cls_avg,ebic_cls,ebic_cls_avg,aic_pr,aic_pr_avg,bic_pr,bic_pr_avg,ebic_pr,ebic_pr_avg
12752.89549446106,0,0.5017522160379303,0.45802003468452906,0.5017522160379303,0.48646350770864444,28577.79098892212,0.9818522294001965,41293.87360136106,1.4187409331876955,63832.94380027086,2.19311976225764,47023.79098892212,1.6156047202955446,136094.32017331704,4.675816676057068,335856.6278261528,11.539085680827073,25515.963048934937,0.8766564642663003,25558.06876360345,0.878103097766902,25574.613595068924,0.8786715314735424
