loss,layer_idx,accuracy_score,f1_macro,f1_micro,balanced_accuracy_score,aic,aic_avg,bic,bic_avg,ebic,ebic_avg
6021.261896133423,4,0.7683639112210541,0.7273232048152274,0.7683639112210541,0.7679434382031164,33560.523792266846,1.153044863336317,122631.05297666175,4.2132568190978406,322393.3606294975,11.076525823867845
