loss,layer_idx,accuracy_score,f1_macro,f1_micro,balanced_accuracy_score,aic,aic_avg,bic,bic_avg,ebic,ebic_avg
5982.650001525879,4,0.7616299044870474,0.7213669510970775,0.7616299044870474,0.7617786325484903,40651.30000305176,1.3966639181973393,159392.68861647087,5.476282849463027,433946.8908066527,14.909190229047368
