loss,layer_idx,accuracy_score,f1_macro,f1_micro,balanced_accuracy_score,aic_rep,aic_rep_avg,bic_rep,bic_rep_avg,ebic_rep,ebic_rep_avg,aic_cls,aic_cls_avg,bic_cls,bic_cls_avg,ebic_cls,ebic_cls_avg,aic_pr,aic_pr_avg,bic_pr,bic_pr_avg,ebic_pr,ebic_pr_avg
1028.4800609350204,10,0.966295609152752,0.9576711617744599,0.966295609152752,0.9738272028730901,4104.960121870041,0.1410348423648059,12582.34853016267,0.43229397822313853,26778.00278803035,0.9200165872339157,16406.96012187004,0.5636968364553714,75806.62987724076,2.6045018167127316,203211.06776025,6.981758666950114,2073.8896491527557,0.07125299419888531,2143.966884672463,0.07366065019832553,2180.126868196357,0.07490300516032286
