loss,layer_idx,accuracy_score,f1_macro,f1_micro,balanced_accuracy_score,aic,aic_avg,bic,bic_avg,ebic,ebic_avg
12689.278661727905,0,0.5424654710368996,0.4889795126703577,0.5424654710368996,0.5121898137891773,27184.55732345581,0.9339846534548139,34660.22307803418,1.1908274265798866,46951.35800950525,1.6131161275855581
