loss,layer_idx,accuracy_score,f1_macro,f1_micro,balanced_accuracy_score,aic,aic_avg,bic,bic_avg,ebic,ebic_avg
1467.1853041648865,20,0.9434824434824435,0.9251506945633904,0.9434824434824435,0.9524100131257087,17284.370608329773,0.5938421840283712,76684.0403637005,2.6346471642857314,204088.47824670974,7.011904014523114
