loss,layer_idx,accuracy_score,f1_macro,f1_micro,balanced_accuracy_score,aic_rep,aic_rep_avg,bic_rep,bic_rep_avg,ebic_rep,ebic_rep_avg,aic_cls,aic_cls_avg,bic_cls,bic_cls_avg,ebic_cls,ebic_cls_avg,aic_pr,aic_pr_avg,bic_pr,bic_pr_avg,ebic_pr,ebic_pr_avg
1626.0129017829895,37,0.9390503676217962,0.9160771456746903,0.9390503676217962,0.9484330368867574,7348.025803565979,0.252457424708513,24302.802620151237,0.8349756964251782,55533.24198746013,1.907965436248888,31938.02580356598,1.0973004124086436,150679.4144169851,5.1769193436743315,425233.61660716694,14.609826723258672,3278.050181388855,0.11262455099941095,3385.7741847524667,0.11632564367321056,3452.549784413959,0.11861986478437295
