loss,layer_idx,accuracy_score,f1_macro,f1_micro,balanced_accuracy_score,aic,aic_avg,bic,bic_avg,ebic,ebic_avg
8588.748637199402,2,0.6323438466295609,0.5940296012859784,0.6323438466295609,0.6338802655131959,21273.497274398804,0.7308973158248747,38228.274090984065,1.31341558754154,69458.71345829296,2.38640532736525
