loss,layer_idx,accuracy_score,f1_macro,f1_micro,balanced_accuracy_score,aic,aic_avg,bic,bic_avg,ebic,ebic_avg
686.9161630868912,37,0.9863945578231292,0.9830359273857631,0.9863945578231292,0.9893561650303857,4445.832326173782,0.15274624909550547,17161.914938612725,0.5896349528830044,39700.985137522526,1.3640137819529488
