loss,layer_idx,accuracy_score,f1_macro,f1_micro,balanced_accuracy_score,aic,aic_avg,bic,bic_avg,ebic,ebic_avg
12069.02626991272,0,0.5217480931766646,0.47401140295787964,0.5217480931766646,0.5071853708309804,52824.05253982544,1.814885334289337,171565.44115324455,5.894504265555025,446119.6433434264,15.327411645139367
