loss,layer_idx,accuracy_score,f1_macro,f1_micro,balanced_accuracy_score,aic_rep,aic_rep_avg,bic_rep,bic_rep_avg,ebic_rep,ebic_rep_avg,aic_cls,aic_cls_avg,bic_cls,bic_cls_avg,ebic_cls,ebic_cls_avg,aic_pr,aic_pr_avg,bic_pr,bic_pr_avg,ebic_pr,ebic_pr_avg
8588.748637199402,2,0.6323438466295609,0.5940296012859784,0.6323438466295609,0.6338802655131959,21273.497274398804,0.7308973158248747,38228.274090984065,1.31341558754154,69458.71345829296,2.38640532736525,45863.497274398804,1.5757403035250053,164604.88588781792,5.655359234790693,439159.08807799977,15.088266614375035,17200.65361213684,0.5909659043543201,17296.505794323824,0.5942591147640975,17353.218478365492,0.5962076025000169
