loss,layer_idx,accuracy_score,f1_macro,f1_micro,balanced_accuracy_score,aic,aic_avg,bic,bic_avg,ebic,ebic_avg
1315.4031842947006,19,0.950731807874665,0.9356165144186009,0.950731807874665,0.9581707711319564,4678.806368589401,0.16075057955711541,13156.19477688203,0.45200971541544804,27351.84903474971,0.9397323244262252
