loss,layer_idx,accuracy_score,f1_macro,f1_micro,balanced_accuracy_score,aic_rep,aic_rep_avg,bic_rep,bic_rep_avg,ebic_rep,ebic_rep_avg,aic_cls,aic_cls_avg,bic_cls,bic_cls_avg,ebic_cls,ebic_cls_avg,aic_pr,aic_pr_avg,bic_pr,bic_pr_avg,ebic_pr,ebic_pr_avg
2216.9663486480713,41,0.9204974919260633,0.8929576422283846,0.9204974919260633,0.9309236615942174,8529.932697296143,0.29306440930722677,25484.7095138814,0.875582681023892,56715.1488811903,1.9485724208476018,33119.93269729614,1.1379073970073574,151861.32131071526,5.2175263282730455,426415.5235008971,14.650433707857387,4456.225887298584,0.15310334251695815,4548.505199071319,0.1562737991847495,4602.257067557056,0.1581205616559148
