loss,layer_idx,accuracy_score,f1_macro,f1_micro,balanced_accuracy_score,aic,aic_avg,bic,bic_avg,ebic,ebic_avg
920.2464406490326,21,0.9780457637600495,0.9743302157726769,0.9780457637600495,0.9834160572216872,23358.492881298065,0.8025318793821915,112429.02206569297,3.862743835143715,312191.3297185287,10.72601283991372
