loss,layer_idx,accuracy_score,f1_macro,f1_micro,balanced_accuracy_score,aic_rep,aic_rep_avg,bic_rep,bic_rep_avg,ebic_rep,ebic_rep_avg,aic_cls,aic_cls_avg,bic_cls,bic_cls_avg,ebic_cls,ebic_cls_avg,aic_pr,aic_pr_avg,bic_pr,bic_pr_avg,ebic_pr,ebic_pr_avg
5024.629060745239,8,0.8150896722325294,0.7815942527578551,0.8150896722325294,0.8186863445030811,13121.258121490479,0.45080939055488484,25837.34073392942,0.8876980943423838,48376.41093283922,1.662076923412328,31567.25812149048,1.084561881450233,120637.78730588539,4.144773837211757,320400.09495872114,11.00804284198176,10079.609327316284,0.3463069239097191,10205.24358534626,0.35062336237704456,10287.789429936864,0.35345940458794967
