loss,layer_idx,accuracy_score,f1_macro,f1_micro,balanced_accuracy_score,aic,aic_avg,bic,bic_avg,ebic,ebic_avg
4652.820361614227,9,0.8314093314093314,0.8010745802538863,0.8314093314093314,0.8379265690314707,30823.640723228455,1.059013286718493,119894.16990762336,4.119225242480017,319656.4775604591,10.98249424725002
