loss,layer_idx,accuracy_score,f1_macro,f1_micro,balanced_accuracy_score,aic,aic_avg,bic,bic_avg,ebic,ebic_avg
3799.0977005958557,46,0.8781007352435923,0.8497885752113598,0.8781007352435923,0.8847781465566441,36284.19540119171,1.246622531477761,155025.58401461082,5.326241462743449,429579.7862047927,14.759148842327791
