loss,layer_idx,accuracy_score,f1_macro,f1_micro,balanced_accuracy_score,aic,aic_avg,bic,bic_avg,ebic,ebic_avg
1467.1853041648865,20,0.9434824434824435,0.9251506945633904,0.9434824434824435,0.9524100131257087,4982.370608329773,0.1711801899378057,13459.759016622402,0.46243932579613833,27655.41327449008,0.9501619348069155
