loss,layer_idx,accuracy_score,f1_macro,f1_micro,balanced_accuracy_score,aic_rep,aic_rep_avg,bic_rep,bic_rep_avg,ebic_rep,ebic_rep_avg,aic_cls,aic_cls_avg,bic_cls,bic_cls_avg,ebic_cls,ebic_cls_avg,aic_pr,aic_pr_avg,bic_pr,bic_pr_avg,ebic_pr,ebic_pr_avg
1578.7181729078293,21,0.9407338693052979,0.9233872984868466,0.9407338693052979,0.9510172250001252,5205.436345815659,0.17884409901105128,13682.824754108287,0.4701032348693839,27878.479011975967,0.957825843880161,17507.43634581566,0.6015060931016168,76907.10610118638,2.642311073358977,204311.54398419562,7.019567923596359,3172.838045835495,0.1090097590131071,3236.591069866824,0.11120013295770027,3268.0310347108693,0.11228032140145913
