loss,layer_idx,accuracy_score,f1_macro,f1_micro,balanced_accuracy_score,aic,aic_avg,bic,bic_avg,ebic,ebic_avg
1578.7181729078293,21,0.9407338693052979,0.9233872984868466,0.9407338693052979,0.9510172250001252,17507.43634581566,0.6015060931016168,76907.10610118638,2.642311073358977,204311.54398419562,7.019567923596359
