loss,layer_idx,accuracy_score,f1_macro,f1_micro,balanced_accuracy_score,aic,aic_avg,bic,bic_avg,ebic,ebic_avg
5024.629060745239,8,0.8150896722325294,0.7815942527578551,0.8150896722325294,0.8186863445030811,31567.25812149048,1.084561881450233,120637.78730588539,4.144773837211757,320400.09495872114,11.00804284198176
