loss,layer_idx,accuracy_score,f1_macro,f1_micro,balanced_accuracy_score,aic,aic_avg,bic,bic_avg,ebic,ebic_avg
2231.5562686920166,24,0.9182986325843469,0.8936763624634645,0.9182986325843469,0.9304139648632147,33149.11253738403,1.1389099339443425,151890.50115080315,5.218528865210031,426444.703340985,14.651436244794372
