loss,layer_idx,accuracy_score,f1_macro,f1_micro,balanced_accuracy_score,aic,aic_avg,bic,bic_avg,ebic,ebic_avg
2004.4355058670044,28,0.9212877070019927,0.8951022782030973,0.9212877070019927,0.9357732210581423,32694.87101173401,1.1233034773494814,151436.25962515312,5.202922408615169,425990.461815335,14.635829788199512
