loss,layer_idx,accuracy_score,f1_macro,f1_micro,balanced_accuracy_score,aic_rep,aic_rep_avg,bic_rep,bic_rep_avg,ebic_rep,ebic_rep_avg,aic_cls,aic_cls_avg,bic_cls,bic_cls_avg,ebic_cls,ebic_cls_avg,aic_pr,aic_pr_avg,bic_pr,bic_pr_avg,ebic_pr,ebic_pr_avg
815.8402510285378,40,0.9812753384181956,0.9767358546885283,0.9812753384181956,0.9852288343280992,4703.6805020570755,0.16160518456871695,17419.763114496018,0.5984938883562159,39958.83331340582,1.3728727174261601,23149.680502057076,0.795357675464065,112220.20968645198,3.8555696312255887,311982.51733928773,10.718838635995594,1654.1887341737747,0.056833255485940176,1747.3581804810335,0.060034294663678746,1801.8446216405416,0.061906294978373584
