loss,layer_idx,accuracy_score,f1_macro,f1_micro,balanced_accuracy_score,aic_rep,aic_rep_avg,bic_rep,bic_rep_avg,ebic_rep,ebic_rep_avg,aic_cls,aic_cls_avg,bic_cls,bic_cls_avg,ebic_cls,ebic_cls_avg,aic_pr,aic_pr_avg,bic_pr,bic_pr_avg,ebic_pr,ebic_pr_avg
4393.980361938477,9,0.8348450491307634,0.805295065390611,0.8348450491307634,0.8458675818908772,12883.960723876953,0.44265652181258,29838.73754046221,1.0251747935292452,61069.17690777111,2.098164533352955,37473.96072387695,1.2874995095127106,156215.34933729607,5.367118440778398,430769.5515274779,14.800025820362741,8819.278776168823,0.3030055238153241,8948.91514993318,0.3074594636821679,9035.07260287931,0.3104195905613726
