loss,layer_idx,accuracy_score,f1_macro,f1_micro,balanced_accuracy_score,aic_rep,aic_rep_avg,bic_rep,bic_rep_avg,ebic_rep,ebic_rep_avg,aic_cls,aic_cls_avg,bic_cls,bic_cls_avg,ebic_cls,ebic_cls_avg,aic_pr,aic_pr_avg,bic_pr,bic_pr_avg,ebic_pr,ebic_pr_avg
1866.1915582418442,22,0.9292929292929293,0.909592807010436,0.9292929292929293,0.9404373803531013,5780.383116483688,0.19859764709969382,14257.771524776317,0.4898567829580264,28453.425782643997,0.9775793919688036,18082.38311648369,0.6212596411902593,77482.05287185441,2.662064621447619,204886.49075486365,7.039321471685001,3747.074061155319,0.1287388875542953,3807.8850201719947,0.130828180449804,3837.1799996465065,0.13183467325109965
