loss,layer_idx,accuracy_score,f1_macro,f1_micro,balanced_accuracy_score,aic,aic_avg,bic,bic_avg,ebic,ebic_avg
429.30510298907757,48,0.9846766989624133,0.9810691801935327,0.9846766989624133,0.9883375577091496,29544.610205978155,1.0150694085748009,148285.99881939727,5.094688339840489,422840.2010095791,14.52759571942483
