loss,layer_idx,accuracy_score,f1_macro,f1_micro,balanced_accuracy_score,aic_rep,aic_rep_avg,bic_rep,bic_rep_avg,ebic_rep,ebic_rep_avg,aic_cls,aic_cls_avg,bic_cls,bic_cls_avg,ebic_cls,ebic_cls_avg,aic_pr,aic_pr_avg,bic_pr,bic_pr_avg,ebic_pr,ebic_pr_avg
1230.691277563572,18,0.9552669552669553,0.9404797014384199,0.9552669552669553,0.962840968902836,4509.382555127144,0.15492965557366672,12986.770963419773,0.44618879143199935,27182.425221287453,0.9339114004427765,16811.382555127144,0.5775916496642323,76211.05231049786,2.6183966299215924,203615.4901935071,6.995653480158975,2475.2801905870438,0.08504364016309503,2532.8073652698718,0.0870201114983121,2559.7489262946747,0.08794574748487166
