loss,layer_idx,accuracy_score,f1_macro,f1_micro,balanced_accuracy_score,aic,aic_avg,bic,bic_avg,ebic,ebic_avg
1302.2751967906952,8,0.9573283858998145,0.9462976419088401,0.9573283858998145,0.9635583687540815,16954.55039358139,0.582510492461396,76354.22014895211,2.623315472718756,203758.65803196136,7.000572322956138
