loss,layer_idx,accuracy_score,f1_macro,f1_micro,balanced_accuracy_score,aic_rep,aic_rep_avg,bic_rep,bic_rep_avg,ebic_rep,ebic_rep_avg,aic_cls,aic_cls_avg,bic_cls,bic_cls_avg,ebic_cls,ebic_cls_avg,aic_pr,aic_pr_avg,bic_pr,bic_pr_avg,ebic_pr,ebic_pr_avg
1167.8517671227455,18,0.9697656840513983,0.9640816417198387,0.9697656840513983,0.9748836761344214,6431.703534245491,0.22097517811604106,23386.48035083075,0.8034934498327063,54616.919718139645,1.876483189656416,31021.70353424549,1.0658181658161716,149763.0921476646,5.145437097081859,424317.29433784646,14.578344476666201,2366.7115584611893,0.08131352842923072,2495.0646175677407,0.0857233772269546,2580.0606780402127,0.08864360193912639
