loss,layer_idx,accuracy_score,f1_macro,f1_micro,balanced_accuracy_score,aic,aic_avg,bic,bic_avg,ebic,ebic_avg
1419.6803354024887,34,0.9492888064316636,0.9272915260199052,0.9492888064316636,0.9551118272280207,6935.360670804977,0.23827941561207233,23890.137487390235,0.8207976873287376,55120.57685469913,1.8937874271524473
