loss,layer_idx,accuracy_score,f1_macro,f1_micro,balanced_accuracy_score,aic,aic_avg,bic,bic_avg,ebic,ebic_avg
1362.8016449213028,18,0.9619322476465334,0.9551503288823822,0.9619322476465334,0.9697827859531888,5797.603289842606,0.19918928364744745,18513.685902281548,0.6360779874349464,41052.75610119135,1.4104568165048907
