loss,layer_idx,accuracy_score,f1_macro,f1_micro,balanced_accuracy_score,aic,aic_avg,bic,bic_avg,ebic,ebic_avg
3003.7856678962708,47,0.8931148216862502,0.8665432903399283,0.8931148216862502,0.8999184507284355,34693.57133579254,1.1919731785814796,153434.95994921165,5.271592109847167,427989.1621393935,14.704499489431509
