loss,layer_idx,accuracy_score,f1_macro,f1_micro,balanced_accuracy_score,aic,aic_avg,bic,bic_avg,ebic,ebic_avg
4989.549387454987,8,0.8098330241187384,0.7765989465349142,0.8098330241187384,0.8175046955610995,38665.09877490997,1.3284236506187719,157406.4873883291,5.40804258188446,431960.68957851094,14.840949961468802
