loss,layer_idx,accuracy_score,f1_macro,f1_micro,balanced_accuracy_score,aic_rep,aic_rep_avg,bic_rep,bic_rep_avg,ebic_rep,ebic_rep_avg,aic_cls,aic_cls_avg,bic_cls,bic_cls_avg,ebic_cls,ebic_cls_avg,aic_pr,aic_pr_avg,bic_pr,bic_pr_avg,ebic_pr,ebic_pr_avg
683.6924582719803,38,0.9849171992029135,0.9815602126380227,0.9849171992029135,0.9884929834197759,4439.384916543961,0.15252473430028038,17155.467528982903,0.5894134380877792,39694.537727892704,1.3637922671577236,22885.38491654396,0.7862772251956284,111955.91410093887,3.846489180957152,311718.2217537746,10.709758185727157,1392.0280230045319,0.04782615347366632,1494.0344610187742,0.0513308067415232,1555.9219243697987,0.05345708528721908
