loss,layer_idx,accuracy_score,f1_macro,f1_micro,balanced_accuracy_score,aic,aic_avg,bic,bic_avg,ebic,ebic_avg
901.7161461114883,41,0.977667834810692,0.9727853892974948,0.977667834810692,0.9827933177415561,23321.432292222977,0.8012585821556716,112391.96147661789,3.8614705379171954,312154.26912945363,10.7247395426872
