loss,layer_idx,accuracy_score,f1_macro,f1_micro,balanced_accuracy_score,aic_rep,aic_rep_avg,bic_rep,bic_rep_avg,ebic_rep,ebic_rep_avg,aic_cls,aic_cls_avg,bic_cls,bic_cls_avg,ebic_cls,ebic_cls_avg,aic_pr,aic_pr_avg,bic_pr,bic_pr_avg,ebic_pr,ebic_pr_avg
2166.7274808883667,25,0.9226619940905655,0.8979629087610046,0.9226619940905655,0.9344458177208225,8429.454961776733,0.28961227794189287,25384.23177836199,0.8721305496585581,56614.67114567089,1.945120289482268,33019.45496177673,1.1344552656420235,151760.84357519585,5.214074196907712,426315.0457653777,14.646981576492053,4363.714378356934,0.14992490820988572,4488.968688590668,0.15422829274344355,4571.173243139807,0.15705260919191255
