loss,layer_idx,accuracy_score,f1_macro,f1_micro,balanced_accuracy_score,aic_rep,aic_rep_avg,bic_rep,bic_rep_avg,ebic_rep,ebic_rep_avg,aic_cls,aic_cls_avg,bic_cls,bic_cls_avg,ebic_cls,ebic_cls_avg,aic_pr,aic_pr_avg,bic_pr,bic_pr_avg,ebic_pr,ebic_pr_avg
781.3728967308998,23,0.982615268329554,0.9796302736408384,0.982615268329554,0.9856363162977507,4634.7457934618,0.15923678256929155,17350.828405900742,0.5961254863567904,39889.89860481054,1.370504315426735,23080.7457934618,0.7929892734646395,112151.27497785671,3.8532012292261633,311913.58263069246,10.716470233996167,1591.2687865495682,0.05467150369509957,1709.3354325320192,0.05872794037421904,1785.1370963882682,0.061332271572468504
