loss,layer_idx,accuracy_score,f1_macro,f1_micro,balanced_accuracy_score,aic_rep,aic_rep_avg,bic_rep,bic_rep_avg,ebic_rep,ebic_rep_avg,aic_cls,aic_cls_avg,bic_cls,bic_cls_avg,ebic_cls,ebic_cls_avg,aic_pr,aic_pr_avg,bic_pr,bic_pr_avg,ebic_pr,ebic_pr_avg
3955.2430081367493,10,0.8612657184085756,0.8371324652507398,0.8612657184085756,0.872205828244888,10982.486016273499,0.3773272183149007,23698.56862871244,0.8142159221023996,46237.63882762224,1.588594751172344,29428.4860162735,1.0110797092102486,118499.01520066841,4.071291664971772,318261.32285350416,10.934560669741776,7940.249409675598,0.27280455609412485,8063.4505064619325,0.2770373980094116,8143.815601331695,0.2797985158156976
