loss,layer_idx,accuracy_score,f1_macro,f1_micro,balanced_accuracy_score,aic,aic_avg,bic,bic_avg,ebic,ebic_avg
1334.2003506422043,17,0.9641998213426785,0.9581249812235325,0.9641998213426785,0.9698784301567995,31354.40070128441,1.07724870134283,150095.78931470352,5.156867632608518,424649.9915048854,14.58977501219286
