loss,layer_idx,accuracy_score,f1_macro,f1_micro,balanced_accuracy_score,aic_rep,aic_rep_avg,bic_rep,bic_rep_avg,ebic_rep,ebic_rep_avg,aic_cls,aic_cls_avg,bic_cls,bic_cls_avg,ebic_cls,ebic_cls_avg,aic_pr,aic_pr_avg,bic_pr,bic_pr_avg,ebic_pr,ebic_pr_avg
367.9731215238571,32,0.9923727066584209,0.9903083142264159,0.9923727066584209,0.9943357052077231,3807.9462430477142,0.13083028389499465,16524.028855486657,0.5677189876824935,39063.09905439646,1.342097816752438,22253.946243047714,0.7645827747903426,111324.47542744262,3.8247947305518664,311086.7830802784,10.68806373532187,760.6461217403412,0.02613365360201818,862.8875598824847,0.02964638081091475,924.9744379328844,0.03177951068277621
