loss,layer_idx,accuracy_score,f1_macro,f1_micro,balanced_accuracy_score,aic,aic_avg,bic,bic_avg,ebic,ebic_avg
1547.0856308937073,16,0.9552669552669553,0.9477296172009603,0.9552669552669553,0.9623663097499088,31780.171261787415,1.091876975942672,150521.55987520653,5.17149590720836,425075.7620653884,14.604403286792701
