loss,layer_idx,accuracy_score,f1_macro,f1_micro,balanced_accuracy_score,aic,aic_avg,bic,bic_avg,ebic,ebic_avg
2609.8461241722107,13,0.918848347419776,0.9061831293250568,0.918848347419776,0.9315130566239608,26737.69224834442,0.9186316308783213,115808.22143273933,3.978843586639845,315570.5290855751,10.84211259140985
