loss,layer_idx,accuracy_score,f1_macro,f1_micro,balanced_accuracy_score,aic,aic_avg,bic,bic_avg,ebic,ebic_avg
686.9161630868912,37,0.9863945578231292,0.9830359273857631,0.9863945578231292,0.9893561650303857,22891.832326173782,0.7864987399908535,111962.36151056869,3.8467106957523773,311724.66916340444,10.709979700522382
