loss,layer_idx,accuracy_score,f1_macro,f1_micro,balanced_accuracy_score,aic_rep,aic_rep_avg,bic_rep,bic_rep_avg,ebic_rep,ebic_rep_avg,aic_cls,aic_cls_avg,bic_cls,bic_cls_avg,ebic_cls,ebic_cls_avg,aic_pr,aic_pr_avg,bic_pr,bic_pr_avg,ebic_pr,ebic_pr_avg
1947.5888197422028,15,0.9426578712292998,0.932828088352233,0.9426578712292998,0.9522008481208823,6967.1776394844055,0.2393725568434139,19683.260251923348,0.6762612606309127,42222.33045083315,1.4506400897008571,25413.177639484406,0.873125047738762,114483.70682387931,3.9333370035002857,314246.01447671506,10.79660600827029,3926.15646982193,0.13489165360482133,4054.3886852544465,0.13929735055502118,4139.275540615792,0.1422138232878373
