loss,layer_idx,accuracy_score,f1_macro,f1_micro,balanced_accuracy_score,aic,aic_avg,bic,bic_avg,ebic,ebic_avg
1362.8016449213028,18,0.9619322476465334,0.9551503288823822,0.9619322476465334,0.9697827859531888,24243.603289842606,0.8329417745427955,113314.13247423751,3.893153730304319,313076.44012707326,10.756422735074324
