loss,layer_idx,accuracy_score,f1_macro,f1_micro,balanced_accuracy_score,aic,aic_avg,bic,bic_avg,ebic,ebic_avg
1424.756203532219,46,0.9583934583934584,0.9496505001269248,0.9583934583934584,0.9671963851095295,5921.512407064438,0.2034464511463079,18637.59501950338,0.6403351549338068,41176.66521841318,1.4147139840037513
