loss,layer_idx,accuracy_score,f1_macro,f1_micro,balanced_accuracy_score,aic_rep,aic_rep_avg,bic_rep,bic_rep_avg,ebic_rep,ebic_rep_avg,aic_cls,aic_cls_avg,bic_cls,bic_cls_avg,ebic_cls,ebic_cls_avg,aic_pr,aic_pr_avg,bic_pr,bic_pr_avg,ebic_pr,ebic_pr_avg
522.6987666785717,25,0.9877001305572735,0.9847948940596297,0.9877001305572735,0.9903995978104608,4117.397533357143,0.14146215671535572,16833.480145796086,0.5783508605028546,39372.55034470589,1.352729689572799,22563.397533357143,0.7752146476107038,111633.92671775205,3.8354266033722273,311396.2343705878,10.698695608142232,1071.9618110060692,0.036829581907719,1181.920648611377,0.0406074571776052,1250.627035514243,0.042968014688182614
