loss,layer_idx,accuracy_score,f1_macro,f1_micro,balanced_accuracy_score,aic_rep,aic_rep_avg,bic_rep,bic_rep_avg,ebic_rep,ebic_rep_avg,aic_cls,aic_cls_avg,bic_cls,bic_cls_avg,ebic_cls,ebic_cls_avg,aic_pr,aic_pr_avg,bic_pr,bic_pr_avg,ebic_pr,ebic_pr_avg
1068.5629243850708,44,0.972411186696901,0.9663859782538139,0.972411186696901,0.9781738772675143,5209.125848770142,0.17897085991789122,17925.208461209084,0.6158595637053901,40464.278660118885,1.3902383927753346,23655.12584877014,0.8127233508132392,112725.65503316505,3.872935306574763,312487.9626860008,10.736204311344768,2157.344373703003,0.07412026295963042,2241.0359210167794,0.07699566828203049,2287.8105080686614,0.07860271105849864
