loss,layer_idx,accuracy_score,f1_macro,f1_micro,balanced_accuracy_score,aic,aic_avg,bic,bic_avg,ebic,ebic_avg
1931.3611314296722,29,0.9267161410018553,0.9016887788486262,0.9267161410018553,0.9395616387230353,7958.7222628593445,0.27343923118461294,24913.499079444602,0.8559575029012781,56143.9384467535,1.9289472427249879
