loss,layer_idx,accuracy_score,f1_macro,f1_micro,balanced_accuracy_score,aic,aic_avg,bic,bic_avg,ebic,ebic_avg
1129.132719874382,42,0.9702810417096132,0.9632529497042002,0.9702810417096132,0.9766878114937754,5330.265439748764,0.183132874312814,18046.348052187706,0.6200215781003129,40585.41825109751,1.3944004071702574
