loss,layer_idx,accuracy_score,f1_macro,f1_micro,balanced_accuracy_score,aic,aic_avg,bic,bic_avg,ebic,ebic_avg
5829.322923660278,6,0.7735518449804164,0.7314288116286756,0.7735518449804164,0.7719081170804072,40344.64584732056,1.3861281470253748,159086.03446073967,5.465747078291063,433640.2366509215,14.898654457875404
