loss,layer_idx,accuracy_score,f1_macro,f1_micro,balanced_accuracy_score,aic_rep,aic_rep_avg,bic_rep,bic_rep_avg,ebic_rep,ebic_rep_avg,aic_cls,aic_cls_avg,bic_cls,bic_cls_avg,ebic_cls,ebic_cls_avg,aic_pr,aic_pr_avg,bic_pr,bic_pr_avg,ebic_pr,ebic_pr_avg
803.8288340568542,16,0.9715866144437573,0.963583476468063,0.9715866144437573,0.9775708969426649,3655.6576681137085,0.12559807833827075,12133.046076406337,0.4168572141966034,26328.700334274017,0.9045798232073805,15957.657668113708,0.5482600724288362,75357.32742348443,2.5890650526861965,202761.76530649367,6.966321902923578,1625.001675605774,0.055830470542354634,1696.7945897007817,0.05829707241464927,1734.2593799932788,0.059584256854025935
