loss,layer_idx,accuracy_score,f1_macro,f1_micro,balanced_accuracy_score,aic_rep,aic_rep_avg,bic_rep,bic_rep_avg,ebic_rep,ebic_rep_avg,aic_cls,aic_cls_avg,bic_cls,bic_cls_avg,ebic_cls,ebic_cls_avg,aic_pr,aic_pr_avg,bic_pr,bic_pr_avg,ebic_pr,ebic_pr_avg
5829.322923660278,6,0.7735518449804164,0.7314288116286756,0.7735518449804164,0.7719081170804072,15754.645847320557,0.5412851593252441,32709.422663905814,1.1238034310419094,63939.86203121471,2.196793170865619,40344.64584732056,1.3861281470253748,159086.03446073967,5.465747078291063,433640.2366509215,14.898654457875404,11690.89295578003,0.40166608107538065,11824.375018014058,0.4062521479424881,11914.031050814334,0.40933247614974005
