loss,layer_idx,accuracy_score,f1_macro,f1_micro,balanced_accuracy_score,aic,aic_avg,bic,bic_avg,ebic,ebic_avg
3955.2430081367493,10,0.8612657184085756,0.8371324652507398,0.8612657184085756,0.872205828244888,29428.4860162735,1.0110797092102486,118499.01520066841,4.071291664971772,318261.32285350416,10.934560669741776
