loss,layer_idx,accuracy_score,f1_macro,f1_micro,balanced_accuracy_score,aic,aic_avg,bic,bic_avg,ebic,ebic_avg
2394.050039768219,23,0.9140726997869855,0.8891776983772341,0.9140726997869855,0.9278921630189918,33474.10007953644,1.150075588522519,152215.48869295555,5.2296945197882065,426769.6908831374,14.662601899372548
