loss,layer_idx,accuracy_score,f1_macro,f1_micro,balanced_accuracy_score,aic_rep,aic_rep_avg,bic_rep,bic_rep_avg,ebic_rep,ebic_rep_avg,aic_cls,aic_cls_avg,bic_cls,bic_cls_avg,ebic_cls,ebic_cls_avg,aic_pr,aic_pr_avg,bic_pr,bic_pr_avg,ebic_pr,ebic_pr_avg
1931.3611314296722,29,0.9267161410018553,0.9016887788486262,0.9267161410018553,0.9395616387230353,7958.7222628593445,0.27343923118461294,24913.499079444602,0.8559575029012781,56143.9384467535,1.9289472427249879,32548.722262859344,1.1182822188847434,151290.11087627846,5.1979011501504315,425844.3130664603,14.630808529734773,3888.748197078705,0.13360641094890074,3996.478642911806,0.1373077249677663,4063.259793581653,0.13960213679590644
