loss,layer_idx,accuracy_score,f1_macro,f1_micro,balanced_accuracy_score,aic,aic_avg,bic,bic_avg,ebic,ebic_avg
1230.691277563572,18,0.9552669552669553,0.9404797014384199,0.9552669552669553,0.962840968902836,16811.382555127144,0.5775916496642323,76211.05231049786,2.6183966299215924,203615.4901935071,6.995653480158975
