loss,layer_idx,accuracy_score,f1_macro,f1_micro,balanced_accuracy_score,aic,aic_avg,bic,bic_avg,ebic,ebic_avg
1302.2751967906952,8,0.9573283858998145,0.9462976419088401,0.9573283858998145,0.9635583687540815,4652.55039358139,0.15984849837083043,13129.93880187402,0.45110763422916306,27325.5930597417,0.9388302432399402
