loss,layer_idx,accuracy_score,f1_macro,f1_micro,balanced_accuracy_score,aic_rep,aic_rep_avg,bic_rep,bic_rep_avg,ebic_rep,ebic_rep_avg,aic_cls,aic_cls_avg,bic_cls,bic_cls_avg,ebic_cls,ebic_cls_avg,aic_pr,aic_pr_avg,bic_pr,bic_pr_avg,ebic_pr,ebic_pr_avg
2115.581395626068,40,0.9259259259259259,0.8972242888122638,0.9259259259259259,0.9329544423174138,8327.162791252136,0.2860978077115418,25281.939607837394,0.8686160794282071,56512.37897514629,1.9416058192519168,32917.162791252136,1.1309407954116724,151658.55140467125,5.21055972667736,426212.7535948531,14.643467106261703,4255.861222267151,0.14621937821298533,4358.0966679652465,0.14973189953841978,4420.178458472228,0.15186485461665045
