loss,layer_idx,accuracy_score,f1_macro,f1_micro,balanced_accuracy_score,aic_rep,aic_rep_avg,bic_rep,bic_rep_avg,ebic_rep,ebic_rep_avg,aic_cls,aic_cls_avg,bic_cls,bic_cls_avg,ebic_cls,ebic_cls_avg,aic_pr,aic_pr_avg,bic_pr,bic_pr_avg,ebic_pr,ebic_pr_avg
1843.6086121797562,38,0.9351680065965781,0.9116840680310699,0.9351680065965781,0.9453407886622467,7783.217224359512,0.26740937347486815,24737.99404094477,0.8499276451915334,55968.433408253666,1.922917385015243,32373.217224359512,1.1122523611749988,151114.60583777862,5.191871292440687,425668.8080279605,14.624778672025029,3712.688780069351,0.1275575063584605,3818.124459325097,0.13117997867536238,3882.9346737455926,0.13340667469750542
