loss,layer_idx,accuracy_score,f1_macro,f1_micro,balanced_accuracy_score,aic_rep,aic_rep_avg,bic_rep,bic_rep_avg,ebic_rep,ebic_rep_avg,aic_cls,aic_cls_avg,bic_cls,bic_cls_avg,ebic_cls,ebic_cls_avg,aic_pr,aic_pr_avg,bic_pr,bic_pr_avg,ebic_pr,ebic_pr_avg
1178.0207654237747,12,0.9631003916718203,0.952206851988333,0.9631003916718203,0.9693795041524853,4404.041530847549,0.1513104353345547,12881.429939140178,0.4425695711928873,27077.084197007858,0.9302921802036644,16706.04153084755,0.5739724294251203,76105.71128621827,2.61477740968248,203510.14916922752,6.992034259919863,2373.017654657364,0.08153018809377324,2443.2877695026086,0.08394447088238194,2479.5939378122807,0.08519184834097027
