loss,layer_idx,accuracy_score,f1_macro,f1_micro,balanced_accuracy_score,aic_rep,aic_rep_avg,bic_rep,bic_rep_avg,ebic_rep,ebic_rep_avg,aic_cls,aic_cls_avg,bic_cls,bic_cls_avg,ebic_cls,ebic_cls_avg,aic_pr,aic_pr_avg,bic_pr,bic_pr_avg,ebic_pr,ebic_pr_avg
5839.7861614227295,2,0.7833436404864976,0.7445353489585702,0.7833436404864976,0.7869496989958341,14751.572322845459,0.5068223844858606,27467.6549352844,0.9437110882733595,50006.7251341942,1.718089917343304,33197.57232284546,1.1405748753812086,122268.10150724037,4.200786831142732,322030.4091600761,11.064055835912736,11703.3297996521,0.4020933759242802,11801.670306727732,0.40547207815322384,11860.46412345187,0.40749206773352126
