loss,layer_idx,accuracy_score,f1_macro,f1_micro,balanced_accuracy_score,aic_rep,aic_rep_avg,bic_rep,bic_rep_avg,ebic_rep,ebic_rep_avg,aic_cls,aic_cls_avg,bic_cls,bic_cls_avg,ebic_cls,ebic_cls_avg,aic_pr,aic_pr_avg,bic_pr,bic_pr_avg,ebic_pr,ebic_pr_avg
3435.9599609375,20,0.8757300900158043,0.8457325038095698,0.8757300900158043,0.8883594650863609,10967.919921875,0.3768267684283309,27922.696738460258,0.9593450401449961,59153.136105769154,2.0323347799687057,35557.919921875,1.2216697561284615,154299.3085352941,5.301288687394149,428853.51072547596,14.734196066978491,6904.614368438721,0.2372230594529898,7039.948119569008,0.24187274512365176,7131.29830230823,0.24501127954058372
