loss,layer_idx,accuracy_score,f1_macro,f1_micro,balanced_accuracy_score,aic_rep,aic_rep_avg,bic_rep,bic_rep_avg,ebic_rep,ebic_rep_avg,aic_cls,aic_cls_avg,bic_cls,bic_cls_avg,ebic_cls,ebic_cls_avg,aic_pr,aic_pr_avg,bic_pr,bic_pr_avg,ebic_pr,ebic_pr_avg
262.35612662136555,32,0.9952243523672095,0.9939184439893837,0.9952243523672095,0.9965199542222314,4620.712253242731,0.1587546297410407,21575.48906982799,0.741272901457706,52805.928437136885,1.8142626412814158,29210.71225324273,1.0035976174411714,147952.10086666184,5.083216548706859,422506.3030568437,14.5161239282912,543.1841160356998,0.018662272934642336,619.6456177547844,0.021289274299277964,660.7104413745875,0.022700145721658335
