loss,layer_idx,accuracy_score,f1_macro,f1_micro,balanced_accuracy_score,aic_rep,aic_rep_avg,bic_rep,bic_rep_avg,ebic_rep,ebic_rep_avg,aic_cls,aic_cls_avg,bic_cls,bic_cls_avg,ebic_cls,ebic_cls_avg,aic_pr,aic_pr_avg,bic_pr,bic_pr_avg,ebic_pr,ebic_pr_avg
920.2464406490326,21,0.9780457637600495,0.9743302157726769,0.9780457637600495,0.9834160572216872,4912.492881298065,0.16877938848684343,17628.575493737007,0.6056680922743423,40167.64569264681,1.3800469213442867,23358.492881298065,0.8025318793821915,112429.02206569297,3.862743835143715,312191.3297185287,10.72601283991372,1868.5840125083923,0.06419927205759611,1984.8630311110558,0.06819429090603503,2059.088418258615,0.07074446568606525
