loss,layer_idx,accuracy_score,f1_macro,f1_micro,balanced_accuracy_score,aic_rep,aic_rep_avg,bic_rep,bic_rep_avg,ebic_rep,ebic_rep_avg,aic_cls,aic_cls_avg,bic_cls,bic_cls_avg,ebic_cls,ebic_cls_avg,aic_pr,aic_pr_avg,bic_pr,bic_pr_avg,ebic_pr,ebic_pr_avg
429.30510298907757,48,0.9846766989624133,0.9810691801935327,0.9846766989624133,0.9883375577091496,4954.610205978155,0.17022642087467035,21909.387022563413,0.7527446925913356,53139.82638987231,1.8257344324150453,29544.610205978155,1.0150694085748009,148285.99881939727,5.094688339840489,422840.2010095791,14.52759571942483,879.3096974790096,0.030210599102556506,964.9921336640173,0.03315440574671948,1013.3660584027771,0.03481639725152123
