loss,layer_idx,accuracy_score,f1_macro,f1_micro,balanced_accuracy_score,aic_rep,aic_rep_avg,bic_rep,bic_rep_avg,ebic_rep,ebic_rep_avg,aic_cls,aic_cls_avg,bic_cls,bic_cls_avg,ebic_cls,ebic_cls_avg,aic_pr,aic_pr_avg,bic_pr,bic_pr_avg,ebic_pr,ebic_pr_avg
812.2756335735321,39,0.9821686250257678,0.9771444626914302,0.9821686250257678,0.9859369831734172,4696.551267147064,0.16136024418151118,17412.633879586007,0.5982489479690101,39951.70407849581,1.3726277770389546,23142.551267147064,0.7951127350768592,112213.08045154197,3.855324690838383,311975.3881043777,10.718593695608387,1648.6269888877869,0.05664216961752858,1748.2848230704437,0.06006613148733745,1808.1865828844964,0.06212418686471849
