loss,layer_idx,accuracy_score,f1_macro,f1_micro,balanced_accuracy_score,aic,aic_avg,bic,bic_avg,ebic,ebic_avg
2728.4378595352173,22,0.8999175427746856,0.8744380904610145,0.8999175427746856,0.913790451727409,34142.875719070435,1.1730528316866087,152884.26433248955,5.252671762952296,427438.4665226714,14.685579142536639
