loss,layer_idx,accuracy_score,f1_macro,f1_micro,balanced_accuracy_score,aic,aic_avg,bic,bic_avg,ebic,ebic_avg
2115.581395626068,40,0.9259259259259259,0.8972242888122638,0.9259259259259259,0.9329544423174138,8327.162791252136,0.2860978077115418,25281.939607837394,0.8686160794282071,56512.37897514629,1.9416058192519168
