loss,layer_idx,accuracy_score,f1_macro,f1_micro,balanced_accuracy_score,aic_rep,aic_rep_avg,bic_rep,bic_rep_avg,ebic_rep,ebic_rep_avg,aic_cls,aic_cls_avg,bic_cls,bic_cls_avg,ebic_cls,ebic_cls_avg,aic_pr,aic_pr_avg,bic_pr,bic_pr_avg,ebic_pr,ebic_pr_avg
515.3162261545658,26,0.9890744176458462,0.9865447352390303,0.9890744176458462,0.9915514620636986,4102.632452309132,0.14095487020920539,16818.715064748074,0.5778435739967043,39357.785263657875,1.3522224030666485,22548.63245230913,0.7747073611045534,111619.16163670404,3.834919316866077,311381.4692895398,10.698188321636081,1054.1980288624763,0.036219268496615005,1151.7441936613325,0.03957067936718658,1209.8719873065959,0.04156778627453432
