loss,layer_idx,accuracy_score,f1_macro,f1_micro,balanced_accuracy_score,aic,aic_avg,bic,bic_avg,ebic,ebic_avg
537.5054506659508,33,0.9891774891774892,0.9861718723315182,0.9891774891774892,0.9914314138954736,22593.0109013319,0.7762320793421253,111663.54008572681,3.836444035103649,311425.84773856256,10.699713039873654
