loss,layer_idx,accuracy_score,f1_macro,f1_micro,balanced_accuracy_score,aic_rep,aic_rep_avg,bic_rep,bic_rep_avg,ebic_rep,ebic_rep_avg,aic_cls,aic_cls_avg,bic_cls,bic_cls_avg,ebic_cls,ebic_cls_avg,aic_pr,aic_pr_avg,bic_pr,bic_pr_avg,ebic_pr,ebic_pr_avg
1467.1853041648865,20,0.9434824434824435,0.9251506945633904,0.9434824434824435,0.9524100131257087,4982.370608329773,0.1711801899378057,13459.759016622402,0.46243932579613833,27655.41327449008,0.9501619348069155,17284.370608329773,0.5938421840283712,76684.0403637005,2.6346471642857314,204088.47824670974,7.011904014523114,2950.319624900818,0.10136465419160372,3016.3381835937103,0.10363286551204942,3049.4523304661557,0.10477057412444704
