loss,layer_idx,accuracy_score,f1_macro,f1_micro,balanced_accuracy_score,aic,aic_avg,bic,bic_avg,ebic,ebic_avg
1843.6086121797562,38,0.9351680065965781,0.9116840680310699,0.9351680065965781,0.9453407886622467,32373.217224359512,1.1122523611749988,151114.60583777862,5.191871292440687,425668.8080279605,14.624778672025029
