loss,layer_idx,accuracy_score,f1_macro,f1_micro,balanced_accuracy_score,aic_rep,aic_rep_avg,bic_rep,bic_rep_avg,ebic_rep,ebic_rep_avg,aic_cls,aic_cls_avg,bic_cls,bic_cls_avg,ebic_cls,ebic_cls_avg,aic_pr,aic_pr_avg,bic_pr,bic_pr_avg,ebic_pr,ebic_pr_avg
645.4650057554245,36,0.9862227719370577,0.9830485458050043,0.9862227719370577,0.9890439594894429,4362.930011510849,0.14989795957915375,17079.01262394979,0.5867866633666526,39618.08282285959,1.361165492436597,22808.93001151085,0.7836504504745018,111879.45919590576,3.8438624062360254,311641.7668487415,10.70713141100603,1315.2670533657074,0.04518886323664218,1416.006582912831,0.04864998910577994,1476.8212605846336,0.050739409763781815
