loss,layer_idx,accuracy_score,f1_macro,f1_micro,balanced_accuracy_score,aic,aic_avg,bic,bic_avg,ebic,ebic_avg
1068.5629243850708,44,0.972411186696901,0.9663859782538139,0.972411186696901,0.9781738772675143,23655.12584877014,0.8127233508132392,112725.65503316505,3.872935306574763,312487.9626860008,10.736204311344768
