loss,layer_idx,accuracy_score,f1_macro,f1_micro,balanced_accuracy_score,aic_rep,aic_rep_avg,bic_rep,bic_rep_avg,ebic_rep,ebic_rep_avg,aic_cls,aic_cls_avg,bic_cls,bic_cls_avg,ebic_cls,ebic_cls_avg,aic_pr,aic_pr_avg,bic_pr,bic_pr_avg,ebic_pr,ebic_pr_avg
1127.4479753375053,24,0.9619666048237476,0.9534209930894938,0.9619666048237476,0.9696416151245388,4302.895950675011,0.14783535871212158,12780.28435896764,0.4390944945704542,26975.93861683532,0.9268171035812314,16604.89595067501,0.5704973528026871,76004.56570604573,2.611302333060047,203409.00358905498,6.988559183297429,2268.0252565145493,0.07792294566462411,2322.3720461302883,0.07979014794648143,2347.0774567440026,0.08063895611708935
