loss,layer_idx,accuracy_score,f1_macro,f1_micro,balanced_accuracy_score,aic,aic_avg,bic,bic_avg,ebic,ebic_avg
4393.980361938477,9,0.8348450491307634,0.805295065390611,0.8348450491307634,0.8458675818908772,37473.96072387695,1.2874995095127106,156215.34933729607,5.367118440778398,430769.5515274779,14.800025820362741
