loss,layer_idx,accuracy_score,f1_macro,f1_micro,balanced_accuracy_score,aic,aic_avg,bic,bic_avg,ebic,ebic_avg
2216.9663486480713,41,0.9204974919260633,0.8929576422283846,0.9204974919260633,0.9309236615942174,8529.932697296143,0.29306440930722677,25484.7095138814,0.875582681023892,56715.1488811903,1.9485724208476018
