loss,layer_idx,accuracy_score,f1_macro,f1_micro,balanced_accuracy_score,aic,aic_avg,bic,bic_avg,ebic,ebic_avg
3769.7839975357056,19,0.8608190751047894,0.8293918658142928,0.8608190751047894,0.8716650502862829,36225.56799507141,1.2446082592960699,154966.95660849052,5.324227190561758,429521.1587986724,14.7571345701461
