loss,layer_idx,accuracy_score,f1_macro,f1_micro,balanced_accuracy_score,aic,aic_avg,bic,bic_avg,ebic,ebic_avg
6397.024548530579,3,0.7597059025630454,0.7149120100449744,0.7597059025630454,0.7554933995482749,15866.049097061157,0.5451126605188331,28582.1317095001,0.982001364306332,51121.2019084099,1.7563801933762764
