loss,layer_idx,accuracy_score,f1_macro,f1_micro,balanced_accuracy_score,aic_rep,aic_rep_avg,bic_rep,bic_rep_avg,ebic_rep,ebic_rep_avg,aic_cls,aic_cls_avg,bic_cls,bic_cls_avg,ebic_cls,ebic_cls_avg,aic_pr,aic_pr_avg,bic_pr,bic_pr_avg,ebic_pr,ebic_pr_avg
602.1061655879021,29,0.986257129114272,0.9823078434141568,0.986257129114272,0.9892950631741158,4276.212331175804,0.14691858486826787,16992.294943614746,0.5838072886557667,39531.36514252455,1.358186117725711,22722.212331175804,0.7806710757636159,111792.74151557071,3.8408830315251397,311555.04916840646,10.704152036295143,1226.2658075094223,0.042131031660462524,1317.5528605529626,0.04526739711925248,1370.4883303905858,0.047086110437386995
