loss,layer_idx,accuracy_score,f1_macro,f1_micro,balanced_accuracy_score,aic,aic_avg,bic,bic_avg,ebic,ebic_avg
1548.814692735672,35,0.9412148697862983,0.919354827633223,0.9412148697862983,0.9496814303237431,31783.629385471344,1.0919957873109098,150525.01799889046,5.171614718576598,425079.2201890723,14.60452209816094
