loss,layer_idx,accuracy_score,f1_macro,f1_micro,balanced_accuracy_score,aic,aic_avg,bic,bic_avg,ebic,ebic_avg
1694.6325175762177,15,0.9484642341785199,0.9390834369993727,0.9484642341785199,0.9566662396620466,32075.265035152435,1.1020155650090164,150816.65364857155,5.181634496274705,425370.8558387534,14.614541875859047
