loss,layer_idx,accuracy_score,f1_macro,f1_micro,balanced_accuracy_score,aic_rep,aic_rep_avg,bic_rep,bic_rep_avg,ebic_rep,ebic_rep_avg,aic_cls,aic_cls_avg,bic_cls,bic_cls_avg,ebic_cls,ebic_cls_avg,aic_pr,aic_pr_avg,bic_pr,bic_pr_avg,ebic_pr,ebic_pr_avg
946.8906907141209,17,0.9663643235071806,0.9566411160536089,0.9663643235071806,0.972559311896563,3941.7813814282417,0.13542848146183747,12419.16978972087,0.4266876173201701,26614.82404758855,0.9144102263309473,16243.781381428242,0.558090475552403,75643.45113679896,2.598895455809763,203047.8890198082,6.976152306047145,1911.1378763318062,0.06566130269813118,1982.982480191214,0.06812968048482149,2020.4867333596353,0.06941822075721965
