loss,layer_idx,accuracy_score,f1_macro,f1_micro,balanced_accuracy_score,aic,aic_avg,bic,bic_avg,ebic,ebic_avg
5540.236823558807,6,0.7833436404864976,0.746018881345125,0.7833436404864976,0.7854328587010306,14152.473647117615,0.4862390451150146,26868.556259556557,0.9231277489025135,49407.62645846636,1.6975065779724579
