loss,layer_idx,accuracy_score,f1_macro,f1_micro,balanced_accuracy_score,aic,aic_avg,bic,bic_avg,ebic,ebic_avg
2216.9663486480713,41,0.9204974919260633,0.8929576422283846,0.9204974919260633,0.9309236615942174,33119.93269729614,1.1379073970073574,151861.32131071526,5.2175263282730455,426415.5235008971,14.650433707857387
