loss,layer_idx,accuracy_score,f1_macro,f1_micro,balanced_accuracy_score,aic,aic_avg,bic,bic_avg,ebic,ebic_avg
3769.7839975357056,19,0.8608190751047894,0.8293918658142928,0.8608190751047894,0.8716650502862829,11635.567995071411,0.3997652715959394,28590.34481165667,0.9822835433126046,59820.784178965565,2.0552732831363145
