loss,layer_idx,accuracy_score,f1_macro,f1_micro,balanced_accuracy_score,aic,aic_avg,bic,bic_avg,ebic,ebic_avg
1866.1915582418442,22,0.9292929292929293,0.909592807010436,0.9292929292929293,0.9404373803531013,18082.38311648369,0.6212596411902593,77482.05287185441,2.662064621447619,204886.49075486365,7.039321471685001
