loss,layer_idx,accuracy_score,f1_macro,f1_micro,balanced_accuracy_score,aic,aic_avg,bic,bic_avg,ebic,ebic_avg
2115.581395626068,40,0.9259259259259259,0.8972242888122638,0.9259259259259259,0.9329544423174138,32917.162791252136,1.1309407954116724,151658.55140467125,5.21055972667736,426212.7535948531,14.643467106261703
