loss,layer_idx,accuracy_score,f1_macro,f1_micro,balanced_accuracy_score,aic,aic_avg,bic,bic_avg,ebic,ebic_avg
812.2756335735321,39,0.9821686250257678,0.9771444626914302,0.9821686250257678,0.9859369831734172,4696.551267147064,0.16136024418151118,17412.633879586007,0.5982489479690101,39951.70407849581,1.3726277770389546
