loss,layer_idx,accuracy_score,f1_macro,f1_micro,balanced_accuracy_score,aic,aic_avg,bic,bic_avg,ebic,ebic_avg
1068.5629243850708,44,0.972411186696901,0.9663859782538139,0.972411186696901,0.9781738772675143,5209.125848770142,0.17897085991789122,17925.208461209084,0.6158595637053901,40464.278660118885,1.3902383927753346
