loss,layer_idx,accuracy_score,f1_macro,f1_micro,balanced_accuracy_score,aic,aic_avg,bic,bic_avg,ebic,ebic_avg
1156.706998348236,9,0.9615199615199616,0.951725833209997,0.9615199615199616,0.9683079976824714,16663.413996696472,0.5725078676800822,76063.08375206719,2.613312847937442,203467.52163507644,6.990569698174824
