loss,layer_idx,accuracy_score,f1_macro,f1_micro,balanced_accuracy_score,aic,aic_avg,bic,bic_avg,ebic,ebic_avg
3306.611222267151,11,0.8818800247371676,0.8623199809638807,0.8818800247371676,0.8942884263336194,35299.2224445343,1.2127816410545695,154040.6110579534,5.292400572320258,428594.81324813527,14.725307951904599
