loss,layer_idx,accuracy_score,f1_macro,f1_micro,balanced_accuracy_score,aic_rep,aic_rep_avg,bic_rep,bic_rep_avg,ebic_rep,ebic_rep_avg,aic_cls,aic_cls_avg,bic_cls,bic_cls_avg,ebic_cls,ebic_cls_avg,aic_pr,aic_pr_avg,bic_pr,bic_pr_avg,ebic_pr,ebic_pr_avg
1302.2751967906952,8,0.9573283858998145,0.9462976419088401,0.9573283858998145,0.9635583687540815,4652.55039358139,0.15984849837083043,13129.93880187402,0.45110763422916306,27325.5930597417,0.9388302432399402,16954.55039358139,0.582510492461396,76354.22014895211,2.623315472718756,203758.65803196136,7.000572322956138,2621.1107268333435,0.09005396574016847,2689.6597391124305,0.09240911630290767,2724.6660146978757,0.09361183311681014
