loss,layer_idx,accuracy_score,f1_macro,f1_micro,balanced_accuracy_score,aic_rep,aic_rep_avg,bic_rep,bic_rep_avg,ebic_rep,ebic_rep_avg,aic_cls,aic_cls_avg,bic_cls,bic_cls_avg,ebic_cls,ebic_cls_avg,aic_pr,aic_pr_avg,bic_pr,bic_pr_avg,ebic_pr,ebic_pr_avg
6397.024548530579,3,0.7597059025630454,0.7149120100449744,0.7597059025630454,0.7554933995482749,15866.049097061157,0.5451126605188331,28582.1317095001,0.982001364306332,51121.2019084099,1.7563801933762764,34312.04909706116,1.1788651514141812,123382.57828145607,4.239077107175705,323144.8859342918,11.102346111945709,12823.724864959717,0.44058698773310373,12946.563249134731,0.44480736786692543,13026.604243895476,0.4475573505083308
