loss,layer_idx,accuracy_score,f1_macro,f1_micro,balanced_accuracy_score,aic,aic_avg,bic,bic_avg,ebic,ebic_avg
499.8888395726681,31,0.9892462035319178,0.9864962657309065,0.9892462035319178,0.9918153983809189,5095.777679145336,0.17507653676717297,22050.554495730594,0.7575948084838382,53280.99386303949,1.830584548307548
