loss,layer_idx,accuracy_score,f1_macro,f1_micro,balanced_accuracy_score,aic_rep,aic_rep_avg,bic_rep,bic_rep_avg,ebic_rep,ebic_rep_avg,aic_cls,aic_cls_avg,bic_cls,bic_cls_avg,ebic_cls,ebic_cls_avg,aic_pr,aic_pr_avg,bic_pr,bic_pr_avg,ebic_pr,ebic_pr_avg
2231.5562686920166,24,0.9182986325843469,0.8936763624634645,0.9182986325843469,0.9304139648632147,8559.112537384033,0.294066946244212,25513.88935396929,0.8765852179608772,56744.32872127819,1.949574957784587,33149.11253738403,1.1389099339443425,151890.50115080315,5.218528865210031,426444.703340985,14.651436244794372,4492.833698272705,0.15436108356602435,4615.85997991266,0.15858791932634714,4696.068836741614,0.16134366923457755
