loss,layer_idx,accuracy_score,f1_macro,f1_micro,balanced_accuracy_score,aic,aic_avg,bic,bic_avg,ebic,ebic_avg
5091.865605354309,45,0.8312375455232598,0.7906618750177349,0.8312375455232598,0.834835465955303,31701.731210708618,1.0891819972070576,120772.26039510353,4.149393952968581,320534.5680479393,11.012662957738586
