loss,layer_idx,accuracy_score,f1_macro,f1_micro,balanced_accuracy_score,aic,aic_avg,bic,bic_avg,ebic,ebic_avg
3016.633812904358,21,0.8903662475091046,0.8622154176070485,0.8903662475091046,0.9036938628952684,10129.267625808716,0.3480130428711852,27084.044442393973,0.9305313145878504,58314.48380970287,2.0035210544115603
