loss,layer_idx,accuracy_score,f1_macro,f1_micro,balanced_accuracy_score,aic,aic_avg,bic,bic_avg,ebic,ebic_avg
645.4650057554245,36,0.9862227719370577,0.9830485458050043,0.9862227719370577,0.9890439594894429,4362.930011510849,0.14989795957915375,17079.01262394979,0.5867866633666526,39618.08282285959,1.361165492436597
