loss,layer_idx,accuracy_score,f1_macro,f1_micro,balanced_accuracy_score,aic_rep,aic_rep_avg,bic_rep,bic_rep_avg,ebic_rep,ebic_rep_avg,aic_cls,aic_cls_avg,bic_cls,bic_cls_avg,ebic_cls,ebic_cls_avg,aic_pr,aic_pr_avg,bic_pr,bic_pr_avg,ebic_pr,ebic_pr_avg
2613.2897305488586,12,0.9099841956984814,0.8932850303206832,0.9099841956984814,0.9209410491511683,9322.579461097717,0.3202975146395148,26277.356277682975,0.90281578635618,57507.79564499187,1.9758055261798897,33912.57946109772,1.1651405023396453,152653.96807451683,5.244759433605333,427208.1702646987,14.677666813189674,5257.054968833923,0.180617569189649,5383.20375595294,0.18495168542406856,5466.212215623147,0.1878036217832456
