loss,layer_idx,accuracy_score,f1_macro,f1_micro,balanced_accuracy_score,aic_rep,aic_rep_avg,bic_rep,bic_rep_avg,ebic_rep,ebic_rep_avg,aic_cls,aic_cls_avg,bic_cls,bic_cls_avg,ebic_cls,ebic_cls_avg,aic_pr,aic_pr_avg,bic_pr,bic_pr_avg,ebic_pr,ebic_pr_avg
4652.820361614227,9,0.8314093314093314,0.8010745802538863,0.8314093314093314,0.8379265690314707,12377.640723228455,0.42526079582314485,25093.723335667397,0.8621494996106438,47632.7935345772,1.636528328680588,30823.640723228455,1.059013286718493,119894.16990762336,4.119225242480017,319656.4775604591,10.98249424725002,9335.657227516174,0.3207468297779212,9459.90603879849,0.32501566820581634,9541.208750796945,0.32780899988995205
