loss,layer_idx,accuracy_score,f1_macro,f1_micro,balanced_accuracy_score,aic_rep,aic_rep_avg,bic_rep,bic_rep_avg,ebic_rep,ebic_rep_avg,aic_cls,aic_cls_avg,bic_cls,bic_cls_avg,ebic_cls,ebic_cls_avg,aic_pr,aic_pr_avg,bic_pr,bic_pr_avg,ebic_pr,ebic_pr_avg
1129.132719874382,42,0.9702810417096132,0.9632529497042002,0.9702810417096132,0.9766878114937754,5330.265439748764,0.183132874312814,18046.348052187706,0.6200215781003129,40585.41825109751,1.3944004071702574,23776.265439748764,0.816885365208162,112846.79462414367,3.877097320969686,312609.1022769794,10.74036632573969,2279.0201852321625,0.07830070037903396,2364.9313369792453,0.08125236504429482,2413.4897153062793,0.08292069385371674
