loss,layer_idx,accuracy_score,f1_macro,f1_micro,balanced_accuracy_score,aic,aic_avg,bic,bic_avg,ebic,ebic_avg
2080.6371114254,27,0.9180581323438466,0.8929236748880873,0.9180581323438466,0.932568617386405,8257.2742228508,0.28369663378172194,25212.051039436057,0.8662149054983872,56442.49040674495,1.939204645322097
