loss,layer_idx,accuracy_score,f1_macro,f1_micro,balanced_accuracy_score,aic,aic_avg,bic,bic_avg,ebic,ebic_avg
8588.748637199402,2,0.6323438466295609,0.5940296012859784,0.6323438466295609,0.6338802655131959,45863.497274398804,1.5757403035250053,164604.88588781792,5.655359234790693,439159.08807799977,15.088266614375035
