loss,layer_idx,accuracy_score,f1_macro,f1_micro,balanced_accuracy_score,aic,aic_avg,bic,bic_avg,ebic,ebic_avg
1822.0674740076065,30,0.9314574314574314,0.9070971270118398,0.9314574314574314,0.942309892912333,7740.134948015213,0.26592918807171073,24694.91176460047,0.848447459788376,55925.35113190937,1.9214371996120858
