loss,layer_idx,accuracy_score,f1_macro,f1_micro,balanced_accuracy_score,aic_rep,aic_rep_avg,bic_rep,bic_rep_avg,ebic_rep,ebic_rep_avg,aic_cls,aic_cls_avg,bic_cls,bic_cls_avg,ebic_cls,ebic_cls_avg,aic_pr,aic_pr_avg,bic_pr,bic_pr_avg,ebic_pr,ebic_pr_avg
504.1923834681511,35,0.9890057032914176,0.9861011593722134,0.9890057032914176,0.9919485251347725,4080.384766936302,0.14019050254024262,16796.467379375244,0.5770792063277416,39335.537578285046,1.351458035397686,22526.384766936302,0.7739429934355907,111596.91395133121,3.8341549491971145,311359.22160416696,10.69742395396712,1033.8418210744858,0.03551988665823149,1139.2174732523742,0.03914029661418176,1203.9762897735707,0.041365226749590145
