loss,layer_idx,accuracy_score,f1_macro,f1_micro,balanced_accuracy_score,aic_rep,aic_rep_avg,bic_rep,bic_rep_avg,ebic_rep,ebic_rep_avg,aic_cls,aic_cls_avg,bic_cls,bic_cls_avg,ebic_cls,ebic_cls_avg,aic_pr,aic_pr_avg,bic_pr,bic_pr_avg,ebic_pr,ebic_pr_avg
456.84759740531445,31,0.9909984195698481,0.9885656594405808,0.9909984195698481,0.9930873831031991,3985.695194810629,0.13693723613037273,16701.77780724957,0.5738259399178716,39240.84800615937,1.348204768987816,22431.69519481063,0.7706897270257208,111502.22437920554,3.8309016827872444,311264.5320320413,10.694170687557248,938.2067342698574,0.03223413503297799,1039.6685704422555,0.035720077318843385,1101.094413383544,0.03783049589031622
