loss,layer_idx,accuracy_score,f1_macro,f1_micro,balanced_accuracy_score,aic,aic_avg,bic,bic_avg,ebic,ebic_avg
1167.8517671227455,18,0.9697656840513983,0.9640816417198387,0.9697656840513983,0.9748836761344214,31021.70353424549,1.0658181658161716,149763.0921476646,5.145437097081859,424317.29433784646,14.578344476666201
