loss,layer_idx,accuracy_score,f1_macro,f1_micro,balanced_accuracy_score,aic_rep,aic_rep_avg,bic_rep,bic_rep_avg,ebic_rep,ebic_rep_avg,aic_cls,aic_cls_avg,bic_cls,bic_cls_avg,ebic_cls,ebic_cls_avg,aic_pr,aic_pr_avg,bic_pr,bic_pr_avg,ebic_pr,ebic_pr_avg
755.9290145039558,27,0.98433312719027,0.9807018088773599,0.98433312719027,0.9873869542330712,4583.858029007912,0.15748842262790874,17299.940641446854,0.5943771264154076,39839.010840356656,1.3687559554853521,23029.85802900791,0.7912409135232568,112100.38721340282,3.8514528692847807,311862.69486623857,10.714721874054785,1535.881537079811,0.052768554149653375,1635.323240622411,0.05618509038076036,1695.042933883115,0.0582368904653032
