loss,layer_idx,accuracy_score,f1_macro,f1_micro,balanced_accuracy_score,aic_rep,aic_rep_avg,bic_rep,bic_rep_avg,ebic_rep,ebic_rep_avg,aic_cls,aic_cls_avg,bic_cls,bic_cls_avg,ebic_cls,ebic_cls_avg,aic_pr,aic_pr_avg,bic_pr,bic_pr_avg,ebic_pr,ebic_pr_avg
2884.735069513321,44,0.895348038205181,0.8610588725518973,0.895348038205181,0.9037765683066674,9865.470139026642,0.3389497058691212,26820.2469556119,0.9214679775857865,58050.686322920796,1.9944577174094962,34455.47013902664,1.1837926935692518,153196.85875244575,5.26341162483494,427751.0609426276,14.696319004419282,5791.676100254059,0.19898564214437087,5883.594341613581,0.20214369345198863,5937.048835433123,0.2039802389690484
