loss,layer_idx,accuracy_score,f1_macro,f1_micro,balanced_accuracy_score,aic,aic_avg,bic,bic_avg,ebic,ebic_avg
2958.630470752716,12,0.9043839758125473,0.8887364789575655,0.9043839758125473,0.9166367200543847,27435.260941505432,0.9425981220884159,116505.79012590034,4.002810077849939,316268.0977787361,10.866079082619944
