loss,layer_idx,accuracy_score,f1_macro,f1_micro,balanced_accuracy_score,aic_rep,aic_rep_avg,bic_rep,bic_rep_avg,ebic_rep,ebic_rep_avg,aic_cls,aic_cls_avg,bic_cls,bic_cls_avg,ebic_cls,ebic_cls_avg,aic_pr,aic_pr_avg,bic_pr,bic_pr_avg,ebic_pr,ebic_pr_avg
670.7893480956554,22,0.9844705558991274,0.9808187666595473,0.9844705558991274,0.9875666741666401,4413.578696191311,0.1516381054143926,17129.661308630253,0.5885268092018915,39668.731507540055,1.3629056382718359,22859.57869619131,0.7853905963097406,111930.10788058622,3.8456025520712642,311692.41553342197,10.708871556841268,1368.829962670803,0.04702913360375191,1481.6324873605201,0.05090470993473924,1552.8115086458577,0.05335022018298143
