loss,layer_idx,accuracy_score,f1_macro,f1_micro,balanced_accuracy_score,aic,aic_avg,bic,bic_avg,ebic,ebic_avg
12752.89549446106,0,0.5017522160379303,0.45802003468452906,0.5017522160379303,0.48646350770864444,28577.79098892212,0.9818522294001965,41293.87360136106,1.4187409331876955,63832.94380027086,2.19311976225764
