loss,layer_idx,accuracy_score,f1_macro,f1_micro,balanced_accuracy_score,aic,aic_avg,bic,bic_avg,ebic,ebic_avg
1765.5812108516693,47,0.951384594241737,0.9403451748775031,0.951384594241737,0.9581500207088983,6603.162421703339,0.22686602149740048,19319.24503414228,0.6637547252848993,41858.31523305208,1.4381335543548437
