loss,layer_idx,accuracy_score,f1_macro,f1_micro,balanced_accuracy_score,aic_rep,aic_rep_avg,bic_rep,bic_rep_avg,ebic_rep,ebic_rep_avg,aic_cls,aic_cls_avg,bic_cls,bic_cls_avg,ebic_cls,ebic_cls_avg,aic_pr,aic_pr_avg,bic_pr,bic_pr_avg,ebic_pr,ebic_pr_avg
5767.00509929657,5,0.7671614100185529,0.7287987959501481,0.7671614100185529,0.7707878886887212,15630.01019859314,0.5370030302546945,32584.787015178397,1.1195213019713597,63815.22638248729,2.1925110417950697,40220.01019859314,1.381846017954825,158961.39881201225,5.461464949220513,433515.6010021941,14.894372328804854,11566.431104660034,0.39738992320002864,11700.632575987103,0.4020007069328353,11790.94607442809,0.4051036238036175
