loss,layer_idx,accuracy_score,f1_macro,f1_micro,balanced_accuracy_score,aic,aic_avg,bic,bic_avg,ebic,ebic_avg
2604.370432138443,42,0.905002405002405,0.8743988027608457,0.905002405002405,0.9172928428880744,33894.740864276886,1.1645276185074172,152636.129477696,5.244146549773105,427190.33166787785,14.677053929357447
