loss,layer_idx,accuracy_score,f1_macro,f1_micro,balanced_accuracy_score,aic,aic_avg,bic,bic_avg,ebic,ebic_avg
1424.756203532219,46,0.9583934583934584,0.9496505001269248,0.9583934583934584,0.9671963851095295,24367.512407064438,0.8371989420416559,113438.04159145935,3.8974108978031796,313200.3492442951,10.760679902573184
