loss,layer_idx,accuracy_score,f1_macro,f1_micro,balanced_accuracy_score,aic_rep,aic_rep_avg,bic_rep,bic_rep_avg,ebic_rep,ebic_rep_avg,aic_cls,aic_cls_avg,bic_cls,bic_cls_avg,ebic_cls,ebic_cls_avg,aic_pr,aic_pr_avg,bic_pr,bic_pr_avg,ebic_pr,ebic_pr_avg
2609.8461241722107,13,0.918848347419776,0.9061831293250568,0.918848347419776,0.9315130566239608,8291.692248344421,0.2848791399829733,21007.774860783364,0.7217678437704722,43546.845059693165,1.4961466728404167,26737.69224834442,0.9186316308783213,115808.22143273933,3.978843586639845,315570.5290855751,10.84211259140985,5250.03427028656,0.1803763578054889,5375.630513009434,0.18469149017417144,5458.142192982217,0.18752635858524763
