loss,layer_idx,accuracy_score,f1_macro,f1_micro,balanced_accuracy_score,aic_rep,aic_rep_avg,bic_rep,bic_rep_avg,ebic_rep,ebic_rep_avg,aic_cls,aic_cls_avg,bic_cls,bic_cls_avg,ebic_cls,ebic_cls_avg,aic_pr,aic_pr_avg,bic_pr,bic_pr_avg,ebic_pr,ebic_pr_avg
1765.5812108516693,47,0.951384594241737,0.9403451748775031,0.951384594241737,0.9581500207088983,6603.162421703339,0.22686602149740048,19319.24503414228,0.6637547252848993,41858.31523305208,1.4381335543548437,25049.16242170334,0.8606185123927486,114119.69160609825,3.9208304681542723,313881.999258934,10.784099472924277,3553.8388895988464,0.12209987252109003,3647.704722644939,0.1253248375814244,3702.767284210076,0.12721663176699224
