loss,layer_idx,accuracy_score,f1_macro,f1_micro,balanced_accuracy_score,aic_rep,aic_rep_avg,bic_rep,bic_rep_avg,ebic_rep,ebic_rep_avg,aic_cls,aic_cls_avg,bic_cls,bic_cls_avg,ebic_cls,ebic_cls_avg,aic_pr,aic_pr_avg,bic_pr,bic_pr_avg,ebic_pr,ebic_pr_avg
537.5054506659508,33,0.9891774891774892,0.9861718723315182,0.9891774891774892,0.9914314138954736,4147.010901331902,0.14247958844677736,16863.093513770844,0.5793682922342762,39402.163712680645,1.3537471213042207,22593.0109013319,0.7762320793421253,111663.54008572681,3.836444035103649,311425.84773856256,10.699713039873654,1099.9496983289719,0.037791166712326386,1203.1801029089165,0.04133787201638551,1266.1076087757338,0.04349988348710691
