loss,layer_idx,accuracy_score,f1_macro,f1_micro,balanced_accuracy_score,aic,aic_avg,bic,bic_avg,ebic,ebic_avg
803.8288340568542,16,0.9715866144437573,0.963583476468063,0.9715866144437573,0.9775708969426649,3655.6576681137085,0.12559807833827075,12133.046076406337,0.4168572141966034,26328.700334274017,0.9045798232073805
