loss,layer_idx,accuracy_score,f1_macro,f1_micro,balanced_accuracy_score,aic_rep,aic_rep_avg,bic_rep,bic_rep_avg,ebic_rep,ebic_rep_avg,aic_cls,aic_cls_avg,bic_cls,bic_cls_avg,ebic_cls,ebic_cls_avg,aic_pr,aic_pr_avg,bic_pr,bic_pr_avg,ebic_pr,ebic_pr_avg
5540.236823558807,6,0.7833436404864976,0.746018881345125,0.7833436404864976,0.7854328587010306,14152.473647117615,0.4862390451150146,26868.556259556557,0.9231277489025135,49407.62645846636,1.6975065779724579,32598.473647117615,1.1199915360103627,121669.00283151252,4.180203491771886,321431.3104843483,11.043472496541892,11111.696787834167,0.3817665356914096,11240.940289387387,0.3862069775780728,11326.741864255553,0.3891548774910861
