loss,layer_idx,accuracy_score,f1_macro,f1_micro,balanced_accuracy_score,aic,aic_avg,bic,bic_avg,ebic,ebic_avg
952.1095740795135,48,0.9648869648869649,0.958643616939356,0.9648869648869649,0.9721977193426532,4976.219148159027,0.17096884313059257,17692.30176059797,0.6078575469180915,40231.37195950777,1.3822363759880358
