loss,layer_idx,accuracy_score,f1_macro,f1_micro,balanced_accuracy_score,aic,aic_avg,bic,bic_avg,ebic,ebic_avg
5767.00509929657,5,0.7671614100185529,0.7287987959501481,0.7671614100185529,0.7707878886887212,40220.01019859314,1.381846017954825,158961.39881201225,5.461464949220513,433515.6010021941,14.894372328804854
