loss,layer_idx,accuracy_score,f1_macro,f1_micro,balanced_accuracy_score,aic,aic_avg,bic,bic_avg,ebic,ebic_avg
1866.1915582418442,22,0.9292929292929293,0.909592807010436,0.9292929292929293,0.9404373803531013,5780.383116483688,0.19859764709969382,14257.771524776317,0.4898567829580264,28453.425782643997,0.9775793919688036
