loss,layer_idx,accuracy_score,f1_macro,f1_micro,balanced_accuracy_score,aic_rep,aic_rep_avg,bic_rep,bic_rep_avg,ebic_rep,ebic_rep_avg,aic_cls,aic_cls_avg,bic_cls,bic_cls_avg,ebic_cls,ebic_cls_avg,aic_pr,aic_pr_avg,bic_pr,bic_pr_avg,ebic_pr,ebic_pr_avg
816.8606806993484,19,0.9794200508486223,0.9751228859227185,0.9794200508486223,0.9842792617408349,4705.721361398697,0.16167530273478653,17421.80397383764,0.5985640065222854,39960.87417274744,1.3729428355922297,23151.721361398697,0.7954277936301346,112222.2505457936,3.855639749391658,311984.55819862935,10.718908754161662,1665.114084482193,0.05720861968261503,1795.0595467735848,0.061673178958757124,1881.4971788916637,0.06464293200342416
