loss,layer_idx,accuracy_score,f1_macro,f1_micro,balanced_accuracy_score,aic,aic_avg,bic,bic_avg,ebic,ebic_avg
1178.0207654237747,12,0.9631003916718203,0.952206851988333,0.9631003916718203,0.9693795041524853,16706.04153084755,0.5739724294251203,76105.71128621827,2.61477740968248,203510.14916922752,6.992034259919863
