loss,layer_idx,accuracy_score,f1_macro,f1_micro,balanced_accuracy_score,aic,aic_avg,bic,bic_avg,ebic,ebic_avg
1047.6134188771248,43,0.9729952587095444,0.9670207578120686,0.9729952587095444,0.9789658757440594,23613.22683775425,0.8112838190666615,112683.75602214916,3.871495774828185,312446.0636749849,10.734764779598189
