loss,layer_idx,accuracy_score,f1_macro,f1_micro,balanced_accuracy_score,aic_rep,aic_rep_avg,bic_rep,bic_rep_avg,ebic_rep,ebic_rep_avg,aic_cls,aic_cls_avg,bic_cls,bic_cls_avg,ebic_cls,ebic_cls_avg,aic_pr,aic_pr_avg,bic_pr,bic_pr_avg,ebic_pr,ebic_pr_avg
1420.1738764047623,7,0.9518312375455232,0.9395389801358988,0.9518312375455232,0.9577873141646595,4888.3477528095245,0.1679498300285001,13365.736161102153,0.45920896588683274,27561.390418969833,0.9469315748976099,17190.347752809525,0.5906118241190657,76590.01750818024,2.6314168043764257,203994.4553911895,7.0086736546138075,2856.7005894184113,0.09814816839890096,2924.390700507708,0.10047380954125294,2958.752167519223,0.10165437255271156
