loss,layer_idx,accuracy_score,f1_macro,f1_micro,balanced_accuracy_score,aic,aic_avg,bic,bic_avg,ebic,ebic_avg
1959.1546998023987,1,0.9290180718752147,0.9115298250572845,0.9290180718752147,0.9450625076104885,5454.309399604797,0.18739467462395373,11812.350705824269,0.40583902651770315,22017.211735939094,0.7564492453768671
