loss,layer_idx,accuracy_score,f1_macro,f1_micro,balanced_accuracy_score,aic_rep,aic_rep_avg,bic_rep,bic_rep_avg,ebic_rep,ebic_rep_avg,aic_cls,aic_cls_avg,bic_cls,bic_cls_avg,ebic_cls,ebic_cls_avg,aic_pr,aic_pr_avg,bic_pr,bic_pr_avg,ebic_pr,ebic_pr_avg
792.8218912184238,10,0.9729265443551158,0.9680181990198048,0.9729265443551158,0.9788550212329076,3633.6437824368477,0.12484174336689506,12111.032190729476,0.41610087922522765,26306.686448597156,0.9038234882360048,15935.643782436848,0.5475037374574606,75335.31353780757,2.5883087177148205,202739.7514208168,6.965565567952202,1621.2781170010567,0.055702539579504454,1768.7810929638724,0.06077032546429851,1871.4137662861492,0.0642964944096114
