loss,layer_idx,accuracy_score,f1_macro,f1_micro,balanced_accuracy_score,aic,aic_avg,bic,bic_avg,ebic,ebic_avg
721.0481937527657,7,0.9764309764309764,0.9710780465264417,0.9764309764309764,0.9823741109607146,3490.0963875055313,0.11990986008058584,11967.48479579816,0.4111689959389184,26163.13905366584,0.8988916049496956
