loss,layer_idx,accuracy_score,f1_macro,f1_micro,balanced_accuracy_score,aic,aic_avg,bic,bic_avg,ebic,ebic_avg
4978.445508480072,22,0.8048168762454476,0.7911360429589135,0.8048168762454476,0.8367012415298698,24306.891016960144,0.8351161621988643,83706.56077233086,2.875921142456224,211110.9986553401,7.253177992693606
