loss,layer_idx,accuracy_score,f1_macro,f1_micro,balanced_accuracy_score,aic,aic_avg,bic,bic_avg,ebic,ebic_avg
1776.518933415413,1,0.935064935064935,0.921336894524251,0.935064935064935,0.9454699985926815,17903.037866830826,0.6150978446653894,77302.70762220155,2.6559028249227494,204707.1455052108,7.033159675160132
