loss,layer_idx,accuracy_score,f1_macro,f1_micro,balanced_accuracy_score,aic_rep,aic_rep_avg,bic_rep,bic_rep_avg,ebic_rep,ebic_rep_avg,aic_cls,aic_cls_avg,bic_cls,bic_cls_avg,ebic_cls,ebic_cls_avg,aic_pr,aic_pr_avg,bic_pr,bic_pr_avg,ebic_pr,ebic_pr_avg
1524.1578073501587,14,0.9416958702672988,0.9350936658521817,0.9416958702672988,0.9557329833147595,5096.315614700317,0.17509501871436534,13573.704022992946,0.46635415457269797,27769.358280860626,0.954076763583475,17398.315614700317,0.5977570128049309,76797.98537007104,2.638561993062291,204202.42325308028,7.015818843299673,3107.10431098938,0.10675133343603999,3350.451289729387,0.11511204870917979,3549.2042548224244,0.12194063955275285
