loss,layer_idx,accuracy_score,f1_macro,f1_micro,balanced_accuracy_score,aic_rep,aic_rep_avg,bic_rep,bic_rep_avg,ebic_rep,ebic_rep_avg,aic_cls,aic_cls_avg,bic_cls,bic_cls_avg,ebic_cls,ebic_cls_avg,aic_pr,aic_pr_avg,bic_pr,bic_pr_avg,ebic_pr,ebic_pr_avg
2114.853138446808,7,0.9154469868755583,0.9017229924839981,0.9154469868755583,0.930223328057017,5765.706276893616,0.19809339232095155,12123.747583113087,0.41653774421470097,22328.608613227912,0.7671479630738649,14995.706276893616,0.5152101380091259,59559.94631775223,2.0463116305144036,152050.6643601795,5.224031620977788,4269.182137489319,0.1466770472579303,4432.586533495856,0.15229116104912582,4550.324956619121,0.15633632091730643
