loss,layer_idx,accuracy_score,f1_macro,f1_micro,balanced_accuracy_score,aic_rep,aic_rep_avg,bic_rep,bic_rep_avg,ebic_rep,ebic_rep_avg,aic_cls,aic_cls_avg,bic_cls,bic_cls_avg,ebic_cls,ebic_cls_avg,aic_pr,aic_pr_avg,bic_pr,bic_pr_avg,ebic_pr,ebic_pr_avg
2846.138952255249,16,0.8839758125472411,0.8773166082139486,0.8839758125472411,0.9089467488864396,7740.277904510498,0.2659340996533532,16217.666312803127,0.5571932355116858,30413.320570670807,1.0449158445224629,20042.277904510498,0.6885960937439187,79441.94765988122,2.7294010740012786,206846.38554289046,7.106657924238661,5769.416217803955,0.19822085541826273,6088.718680181493,0.20919118670313658,6370.462739797222,0.2188711172884361
