loss,layer_idx,accuracy_score,f1_macro,f1_micro,balanced_accuracy_score,aic_rep,aic_rep_avg,bic_rep,bic_rep_avg,ebic_rep,ebic_rep_avg,aic_cls,aic_cls_avg,bic_cls,bic_cls_avg,ebic_cls,ebic_cls_avg,aic_pr,aic_pr_avg,bic_pr,bic_pr_avg,ebic_pr,ebic_pr_avg
1238.1005882620811,11,0.9572596715453858,0.9478814333228156,0.9572596715453858,0.9663989772573752,4524.201176524162,0.155438781575076,13001.589584816791,0.4466979174334086,27197.24384268447,0.9344205264441857,16826.201176524162,0.5781007756656416,76225.87093189488,2.6189057559230013,203630.30881490413,6.996162606160384,2518.1503266096115,0.08651653702362438,2691.79253299248,0.09248239308020614,2819.4568478834663,0.09686857857086052
