loss,layer_idx,accuracy_score,f1_macro,f1_micro,balanced_accuracy_score,aic_rep,aic_rep_avg,bic_rep,bic_rep_avg,ebic_rep,ebic_rep_avg,aic_cls,aic_cls_avg,bic_cls,bic_cls_avg,ebic_cls,ebic_cls_avg,aic_pr,aic_pr_avg,bic_pr,bic_pr_avg,ebic_pr,ebic_pr_avg
1319.823999762535,4,0.9526558097986669,0.9420066352804699,0.9526558097986669,0.9642638711720453,4175.64799952507,0.14346347830430392,10533.689305744541,0.3619078301980534,20738.550335859367,0.7125180490572173,13405.64799952507,0.46058022399247817,57969.88804038368,1.9916817164977558,150460.60608281096,5.169401706961141,2665.8762328624725,0.09159198216389997,2774.444065511149,0.09532206642998518,2841.9473869725302,0.09764129000798909
