loss,layer_idx,accuracy_score,f1_macro,f1_micro,balanced_accuracy_score,aic,aic_avg,bic,bic_avg,ebic,ebic_avg
1270.1356272697449,12,0.9553356696213839,0.9471863459293183,0.9553356696213839,0.9651512598746754,16890.27125453949,0.5803020426901494,76289.94100991021,2.6211070229475095,203694.37889291946,6.998363873184892
