loss,layer_idx,accuracy_score,f1_macro,f1_micro,balanced_accuracy_score,aic,aic_avg,bic,bic_avg,ebic,ebic_avg
2469.071058988571,0,0.9098811241668384,0.887212364476308,0.9098811241668384,0.9292466575754803,6986.142117977142,0.24002412279176605,15463.530526269771,0.5312832586500986,29659.18478413745,1.0190058676608758
