loss,layer_idx,accuracy_score,f1_macro,f1_micro,balanced_accuracy_score,aic,aic_avg,bic,bic_avg,ebic,ebic_avg
1367.2491065263748,4,0.9556448842163128,0.9456231549316614,0.9556448842163128,0.9633972682056765,17084.49821305275,0.5869751327235879,76484.16796842347,2.6277801129809477,203888.60585143272,7.0050369632183305
