loss,layer_idx,accuracy_score,f1_macro,f1_micro,balanced_accuracy_score,aic,aic_avg,bic,bic_avg,ebic,ebic_avg
923.7319464683533,5,0.96993746993747,0.9639357664478189,0.96993746993747,0.9781121229768159,16197.463892936707,0.556499137392177,75597.13364830743,2.597304117649537,203001.57153131667,6.974560967886919
