loss,layer_idx,accuracy_score,f1_macro,f1_micro,balanced_accuracy_score,aic,aic_avg,bic,bic_avg,ebic,ebic_avg
10871.77523612976,24,0.5570672713529856,0.5316017011727178,0.5570672713529856,0.5943293001994927,36093.55047225952,1.2400725098694263,95493.22022763024,3.280877490126786,222897.6581106395,7.658134340364168
