loss,layer_idx,accuracy_score,f1_macro,f1_micro,balanced_accuracy_score,aic,aic_avg,bic,bic_avg,ebic,ebic_avg
10871.77523612976,24,0.5570672713529856,0.5316017011727178,0.5570672713529856,0.5943293001994927,23791.55047225952,0.8174105157788608,32268.938880552152,1.1086696516371934,46464.593138419834,1.5963922606479706
