loss,layer_idx,accuracy_score,f1_macro,f1_micro,balanced_accuracy_score,aic_rep,aic_rep_avg,bic_rep,bic_rep_avg,ebic_rep,ebic_rep_avg,aic_cls,aic_cls_avg,bic_cls,bic_cls_avg,ebic_cls,ebic_cls_avg,aic_pr,aic_pr_avg,bic_pr,bic_pr_avg,ebic_pr,ebic_pr_avg
4440.589618206024,9,0.8190751047893905,0.8002151008388686,0.8190751047893905,0.8525210106307777,10417.179236412048,0.3579048730987442,16775.22054263152,0.5763492249924936,26980.081572746345,0.9269594438516575,19647.17923641205,0.6750216187869185,64211.41927727066,2.206123111292196,156702.13731969794,5.383843101755581,8911.30571269989,0.30616730958221294,9036.009736559878,0.3104517878293093,9117.72048718054,0.3132591385686986
