loss,layer_idx,accuracy_score,f1_macro,f1_micro,balanced_accuracy_score,aic,aic_avg,bic,bic_avg,ebic,ebic_avg
792.8218912184238,10,0.9729265443551158,0.9680181990198048,0.9729265443551158,0.9788550212329076,3633.6437824368477,0.12484174336689506,12111.032190729476,0.41610087922522765,26306.686448597156,0.9038234882360048
