loss,layer_idx,accuracy_score,f1_macro,f1_micro,balanced_accuracy_score,aic,aic_avg,bic,bic_avg,ebic,ebic_avg
901.5347213745117,8,0.9677729677729677,0.9608133811524352,0.9677729677729677,0.9754718375738533,16153.069442749023,0.5549738693997466,75552.73919811974,2.5957788496571066,202957.177081129,6.9730356998944885
