loss,layer_idx,accuracy_score,f1_macro,f1_micro,balanced_accuracy_score,aic_rep,aic_rep_avg,bic_rep,bic_rep_avg,ebic_rep,ebic_rep_avg,aic_cls,aic_cls_avg,bic_cls,bic_cls_avg,ebic_cls,ebic_cls_avg,aic_pr,aic_pr_avg,bic_pr,bic_pr_avg,ebic_pr,ebic_pr_avg
10871.77523612976,24,0.5570672713529856,0.5316017011727178,0.5570672713529856,0.5943293001994927,23791.55047225952,0.8174105157788608,32268.938880552152,1.1086696516371934,46464.593138419834,1.5963922606479706,36093.55047225952,1.2400725098694263,95493.22022763024,3.280877490126786,222897.6581106395,7.658134340364168,21751.009764671326,0.747303297075219,21781.88638528944,0.7483641306015749,21791.705151740913,0.7487014757005742
