loss,layer_idx,accuracy_score,f1_macro,f1_micro,balanced_accuracy_score,aic,aic_avg,bic,bic_avg,ebic,ebic_avg
1524.1578073501587,14,0.9416958702672988,0.9350936658521817,0.9416958702672988,0.9557329833147595,17398.315614700317,0.5977570128049309,76797.98537007104,2.638561993062291,204202.42325308028,7.015818843299673
