loss,layer_idx,accuracy_score,f1_macro,f1_micro,balanced_accuracy_score,aic_rep,aic_rep_avg,bic_rep,bic_rep_avg,ebic_rep,ebic_rep_avg,aic_cls,aic_cls_avg,bic_cls,bic_cls_avg,ebic_cls,ebic_cls_avg,aic_pr,aic_pr_avg,bic_pr,bic_pr_avg,ebic_pr,ebic_pr_avg
1929.681552529335,2,0.9336219336219336,0.9195955859084071,0.9336219336219336,0.948073371442684,5907.36310505867,0.2029603210698368,14384.751513351299,0.49421945692816943,28580.40577121898,0.9819420659389466,18209.36310505867,0.6256223151604023,77609.03286042939,2.6664272954177624,205013.47074343864,7.043684145655145,3876.7946407794952,0.13319572049678743,3948.949864831479,0.13567477031648043,3986.691470519215,0.13697146535144694
