loss,layer_idx,accuracy_score,f1_macro,f1_micro,balanced_accuracy_score,aic,aic_avg,bic,bic_avg,ebic,ebic_avg
721.0481937527657,7,0.9764309764309764,0.9710780465264417,0.9764309764309764,0.9823741109607146,15792.096387505531,0.5425718541711514,75191.76614287625,2.5833768344285115,202596.2040258855,6.960633684665893
