loss,layer_idx,accuracy_score,f1_macro,f1_micro,balanced_accuracy_score,aic_rep,aic_rep_avg,bic_rep,bic_rep_avg,ebic_rep,ebic_rep_avg,aic_cls,aic_cls_avg,bic_cls,bic_cls_avg,ebic_cls,ebic_cls_avg,aic_pr,aic_pr_avg,bic_pr,bic_pr_avg,ebic_pr,ebic_pr_avg
959.4231725335121,6,0.9656084656084656,0.9568011304421872,0.9656084656084656,0.9749206087321881,3966.8463450670242,0.13628964285944561,12444.234753359653,0.42754877871777824,26639.889011227333,0.9152713877285554,16268.846345067024,0.5589516369500112,75668.51610043774,2.599756617207371,203072.953983447,6.9770134674447535,1941.6190749406815,0.06670855064044119,2035.8833699876157,0.06994720573035167,2091.276137923932,0.0718503448747314
