loss,layer_idx,accuracy_score,f1_macro,f1_micro,balanced_accuracy_score,aic,aic_avg,bic,bic_avg,ebic,ebic_avg
2469.071058988571,0,0.9098811241668384,0.887212364476308,0.9098811241668384,0.9292466575754803,19288.142117977142,0.6626861168823316,78687.81187334786,2.7034910971396915,206092.2497563571,7.080747947377073
