loss,layer_idx,accuracy_score,f1_macro,f1_micro,balanced_accuracy_score,aic,aic_avg,bic,bic_avg,ebic,ebic_avg
1720.8752690553665,6,0.9403902975331547,0.9303712812259024,0.9403902975331547,0.9520377221121111,14207.750538110733,0.48813820305472183,58771.990578969344,2.0192396955599996,151262.70862139662,5.196959686023384
