loss,layer_idx,accuracy_score,f1_macro,f1_micro,balanced_accuracy_score,aic_rep,aic_rep_avg,bic_rep,bic_rep_avg,ebic_rep,ebic_rep_avg,aic_cls,aic_cls_avg,bic_cls,bic_cls_avg,ebic_cls,ebic_cls_avg,aic_pr,aic_pr_avg,bic_pr,bic_pr_avg,ebic_pr,ebic_pr_avg
721.0481937527657,7,0.9764309764309764,0.9710780465264417,0.9764309764309764,0.9823741109607146,3490.0963875055313,0.11990986008058584,11967.48479579816,0.4111689959389184,26163.13905366584,0.8988916049496956,15792.096387505531,0.5425718541711514,75191.76614287625,2.5833768344285115,202596.2040258855,6.960633684665893,1467.1253448724747,0.050406285469404066,1570.728954762209,0.05396581305442895,1633.9742823525107,0.05613874398242667
