loss,layer_idx,accuracy_score,f1_macro,f1_micro,balanced_accuracy_score,aic_rep,aic_rep_avg,bic_rep,bic_rep_avg,ebic_rep,ebic_rep_avg,aic_cls,aic_cls_avg,bic_cls,bic_cls_avg,ebic_cls,ebic_cls_avg,aic_pr,aic_pr_avg,bic_pr,bic_pr_avg,ebic_pr,ebic_pr_avg
3303.60831618309,20,0.8650106507249364,0.8612523968866158,0.8650106507249364,0.8938390893756921,8655.21663236618,0.29736881166653545,17132.60504065881,0.5886279475248681,31328.259298526493,1.0763505565356453,20957.21663236618,0.720030805757101,80356.8863877369,2.760835786014461,207761.32427074615,7.1380926362518435,6652.165412425995,0.22854962593369046,6838.224136569533,0.23494207849136028,6978.121661151006,0.23974856253525068
