loss,layer_idx,accuracy_score,f1_macro,f1_micro,balanced_accuracy_score,aic,aic_avg,bic,bic_avg,ebic,ebic_avg
2859.143355369568,19,0.8786160929018072,0.8743316480464735,0.8786160929018072,0.9058290107960701,20068.286710739136,0.689489682908649,79467.95646610986,2.730294663166009,206872.3943491191,7.107551513403391
