loss,layer_idx,accuracy_score,f1_macro,f1_micro,balanced_accuracy_score,aic_rep,aic_rep_avg,bic_rep,bic_rep_avg,ebic_rep,ebic_rep_avg,aic_cls,aic_cls_avg,bic_cls,bic_cls_avg,ebic_cls,ebic_cls_avg,aic_pr,aic_pr_avg,bic_pr,bic_pr_avg,ebic_pr,ebic_pr_avg
1604.704781651497,13,0.9448910877482306,0.936538363890395,0.9448910877482306,0.956235345307637,5257.409563302994,0.18062975205466206,13734.797971595623,0.47188888791299466,27930.452229463303,0.9596114969237718,17559.409563302994,0.6032917461452276,76959.07931867371,2.6440967264025876,204363.51720168296,7.02135357663997,3258.780748605728,0.11196250768246163,3463.1453550457027,0.1189838986822546,3621.4402206503964,0.12442246343195205
