loss,layer_idx,accuracy_score,f1_macro,f1_micro,balanced_accuracy_score,aic_rep,aic_rep_avg,bic_rep,bic_rep_avg,ebic_rep,ebic_rep_avg,aic_cls,aic_cls_avg,bic_cls,bic_cls_avg,ebic_cls,ebic_cls_avg,aic_pr,aic_pr_avg,bic_pr,bic_pr_avg,ebic_pr,ebic_pr_avg
2010.1873272657394,15,0.9196385624957053,0.9117772190291994,0.9196385624957053,0.9371442482614613,6068.374654531479,0.20849222340862636,14545.763062824108,0.49975135926695896,28741.417320691788,0.9874739682777361,18370.37465453148,0.6311542174991919,77770.0444099022,2.6719591977565518,205174.48229291145,7.049216047993934,4092.538099050522,0.14060805672543536,4391.247839318199,0.15087088020745548,4650.010533111061,0.15976123593455166
