loss,layer_idx,accuracy_score,f1_macro,f1_micro,balanced_accuracy_score,aic,aic_avg,bic,bic_avg,ebic,ebic_avg
2114.853138446808,7,0.9154469868755583,0.9017229924839981,0.9154469868755583,0.930223328057017,5765.706276893616,0.19809339232095155,12123.747583113087,0.41653774421470097,22328.608613227912,0.7671479630738649
