loss,layer_idx,accuracy_score,f1_macro,f1_micro,balanced_accuracy_score,aic_rep,aic_rep_avg,bic_rep,bic_rep_avg,ebic_rep,ebic_rep_avg,aic_cls,aic_cls_avg,bic_cls,bic_cls_avg,ebic_cls,ebic_cls_avg,aic_pr,aic_pr_avg,bic_pr,bic_pr_avg,ebic_pr,ebic_pr_avg
4978.445508480072,22,0.8048168762454476,0.7911360429589135,0.8048168762454476,0.8367012415298698,12004.891016960144,0.41245416810829877,20482.279425252775,0.7037133039666315,34677.93368312046,1.1914359129774086,24306.891016960144,0.8351161621988643,83706.56077233086,2.875921142456224,211110.9986553401,7.253177992693606,9986.586123466492,0.343110909210008,10109.504556903956,0.3473340396105255,10189.617060711964,0.35008647910094015
