loss,layer_idx,accuracy_score,f1_macro,f1_micro,balanced_accuracy_score,aic_rep,aic_rep_avg,bic_rep,bic_rep_avg,ebic_rep,ebic_rep_avg,aic_cls,aic_cls_avg,bic_cls,bic_cls_avg,ebic_cls,ebic_cls_avg,aic_pr,aic_pr_avg,bic_pr,bic_pr_avg,ebic_pr,ebic_pr_avg
1720.8752690553665,6,0.9403902975331547,0.9303712812259024,0.9403902975331547,0.9520377221121111,4977.750538110733,0.17102145736654756,11335.791844330204,0.389465809260297,21540.65287444503,0.7400760281194609,14207.750538110733,0.48813820305472183,58771.990578969344,2.0192396955599996,151262.70862139662,5.196959686023384,3477.892486810684,0.11949056850170701,3627.4966552491965,0.12463054542874996,3732.1025552997703,0.12822450887445097
