loss,layer_idx,accuracy_score,f1_macro,f1_micro,balanced_accuracy_score,aic,aic_avg,bic,bic_avg,ebic,ebic_avg
854.3982938528061,9,0.970590256304542,0.9650519528812417,0.970590256304542,0.9771500018272946,16058.796587705612,0.5517349202125201,75458.46634307633,2.5925399004698804,202862.90422608558,6.969796750707262
