loss,layer_idx,accuracy_score,f1_macro,f1_micro,balanced_accuracy_score,aic_rep,aic_rep_avg,bic_rep,bic_rep_avg,ebic_rep,ebic_rep_avg,aic_cls,aic_cls_avg,bic_cls,bic_cls_avg,ebic_cls,ebic_cls_avg,aic_pr,aic_pr_avg,bic_pr,bic_pr_avg,ebic_pr,ebic_pr_avg
9042.596130371094,23,0.6387686387686388,0.6147440078560363,0.6387686387686388,0.6700983240591867,20133.192260742188,0.6917196543922967,28610.580669034818,0.9829787902506294,42806.2349269025,1.4707013992614066,32435.192260742188,1.1143816484828621,91834.86201611291,3.155186628740222,219239.29989912215,7.532443478977604,18092.33917427063,0.6216017032320013,18121.922749417645,0.6226181113659605,18131.02458210472,0.6229308246445654
