loss,layer_idx,accuracy_score,f1_macro,f1_micro,balanced_accuracy_score,aic,aic_avg,bic,bic_avg,ebic,ebic_avg
3914.835816383362,10,0.8383838383838383,0.8220838636302963,0.8383838383838383,0.8664554760416898,18595.671632766724,0.638894785706271,63159.911673625335,2.1699962782115487,155650.62971605262,5.347716268674933
