loss,layer_idx,accuracy_score,f1_macro,f1_micro,balanced_accuracy_score,aic_rep,aic_rep_avg,bic_rep,bic_rep_avg,ebic_rep,ebic_rep_avg,aic_cls,aic_cls_avg,bic_cls,bic_cls_avg,ebic_cls,ebic_cls_avg,aic_pr,aic_pr_avg,bic_pr,bic_pr_avg,ebic_pr,ebic_pr_avg
1560.0525081157684,3,0.9469525183810898,0.9380749397462307,0.9469525183810898,0.9582885442975656,4656.105016231537,0.15997062517115154,11014.146322451008,0.37841497706490096,21219.007352565834,0.7290251959240649,13886.105016231537,0.4770873708593258,58450.34505709015,2.0081888633646034,150941.06309951743,5.185908853827988,3142.2011408805847,0.10795716144027295,3233.664730220442,0.11109959218788022,3286.745257427192,0.11292328926775208
