loss,layer_idx,accuracy_score,f1_macro,f1_micro,balanced_accuracy_score,aic,aic_avg,bic,bic_avg,ebic,ebic_avg
3103.5568583011627,8,0.8740122311550883,0.8574113615066012,0.8740122311550883,0.8972776112159112,16973.113716602325,0.5831482758401129,61537.353757460936,2.1142497683453905,154028.07179988822,5.291969758808776
