loss,layer_idx,accuracy_score,f1_macro,f1_micro,balanced_accuracy_score,aic,aic_avg,bic,bic_avg,ebic,ebic_avg
2907.4773530960083,18,0.879234522091665,0.8724209943689537,0.879234522091665,0.9070314904056651,7862.954706192017,0.27014892826881115,16340.343114484645,0.5614080641271437,30535.997372352325,1.0491306731379209
