loss,layer_idx,accuracy_score,f1_macro,f1_micro,balanced_accuracy_score,aic,aic_avg,bic,bic_avg,ebic,ebic_avg
1720.8752690553665,6,0.9403902975331547,0.9303712812259024,0.9403902975331547,0.9520377221121111,4977.750538110733,0.17102145736654756,11335.791844330204,0.389465809260297,21540.65287444503,0.7400760281194609
