loss,layer_idx,accuracy_score,f1_macro,f1_micro,balanced_accuracy_score,aic_rep,aic_rep_avg,bic_rep,bic_rep_avg,ebic_rep,ebic_rep_avg,aic_cls,aic_cls_avg,bic_cls,bic_cls_avg,ebic_cls,ebic_cls_avg,aic_pr,aic_pr_avg,bic_pr,bic_pr_avg,ebic_pr,ebic_pr_avg
854.3982938528061,9,0.970590256304542,0.9650519528812417,0.970590256304542,0.9771500018272946,3756.796587705612,0.12907292612195465,12234.184995998241,0.4203320619802873,26429.83925386592,0.9080546709910644,16058.796587705612,0.5517349202125201,75458.46634307633,2.5925399004698804,202862.90422608558,6.969796750707262,1741.4295337200165,0.05983060309626938,1876.5087125632538,0.06447154238175132,1967.6256181614565,0.06760206205460924
