loss,layer_idx,accuracy_score,f1_macro,f1_micro,balanced_accuracy_score,aic,aic_avg,bic,bic_avg,ebic,ebic_avg
3031.9878137111664,17,0.873977873977874,0.8653711222218614,0.873977873977874,0.9026857540400517,20413.975627422333,0.7013665782801598,79813.64538279305,2.7421715585375197,207218.0832658023,7.119428408774902
