loss,layer_idx,accuracy_score,f1_macro,f1_micro,balanced_accuracy_score,aic,aic_avg,bic,bic_avg,ebic,ebic_avg
1776.518933415413,1,0.935064935064935,0.921336894524251,0.935064935064935,0.9454699985926815,5601.037866830826,0.19243585057482396,14078.426275123455,0.48369498643315656,28274.080532991135,0.9714175954439337
