loss,layer_idx,accuracy_score,f1_macro,f1_micro,balanced_accuracy_score,aic_rep,aic_rep_avg,bic_rep,bic_rep_avg,ebic_rep,ebic_rep_avg,aic_cls,aic_cls_avg,bic_cls,bic_cls_avg,ebic_cls,ebic_cls_avg,aic_pr,aic_pr_avg,bic_pr,bic_pr_avg,ebic_pr,ebic_pr_avg
3914.835816383362,10,0.8383838383838383,0.8220838636302963,0.8383838383838383,0.8664554760416898,9365.671632766724,0.32177804001809673,15723.712938986195,0.5402223919118462,25928.57396910102,0.8908326107710101,18595.671632766724,0.638894785706271,63159.911673625335,2.1699962782115487,155650.62971605262,5.347716268674933,7857.355419158936,0.26995655257194173,7971.948295066643,0.2738936403170014,8044.692976471974,0.27639294222744365
