loss,layer_idx,accuracy_score,f1_macro,f1_micro,balanced_accuracy_score,aic,aic_avg,bic,bic_avg,ebic,ebic_avg
4811.7714858055115,11,0.80571016285302,0.7870330837325172,0.80571016285302,0.8370140135124984,20389.542971611023,0.7005271411946342,64953.783012469634,2.231628633699912,157444.50105489691,5.409348624163297
