loss,layer_idx,accuracy_score,f1_macro,f1_micro,balanced_accuracy_score,aic,aic_avg,bic,bic_avg,ebic,ebic_avg
1560.0525081157684,3,0.9469525183810898,0.9380749397462307,0.9469525183810898,0.9582885442975656,13886.105016231537,0.4770873708593258,58450.34505709015,2.0081888633646034,150941.06309951743,5.185908853827988
