loss,layer_idx,accuracy_score,f1_macro,f1_micro,balanced_accuracy_score,aic,aic_avg,bic,bic_avg,ebic,ebic_avg
2567.7495517730713,2,0.5015105740181269,0.5014114680383384,0.5015105740181269,0.5014968845330046,14735.499103546143,4.9464582422108565,43532.3452765699,14.613073271758944,124905.50876677132,41.92867028089
