loss,layer_idx,accuracy_score,f1_macro,f1_micro,balanced_accuracy_score,aic,aic_avg,bic,bic_avg,ebic,ebic_avg
162.0158494412899,21,0.9798590130916415,0.9798590108220913,0.9798590130916415,0.9798603448648883,9924.03169888258,3.3313298754221483,38720.877871906334,12.997944904970236,120094.04136210776,40.31354191410129
