loss,layer_idx,accuracy_score,f1_macro,f1_micro,balanced_accuracy_score,aic,aic_avg,bic,bic_avg,ebic,ebic_avg
63.464004293084145,50,0.9919436052366566,0.9919435970662686,0.9919436052366566,0.9919456253650938,9726.928008586168,3.2651654946579955,38523.77418160992,12.931780524206083,119896.93767181135,40.24737753333714
