loss,layer_idx,accuracy_score,f1_macro,f1_micro,balanced_accuracy_score,aic,aic_avg,bic,bic_avg,ebic,ebic_avg
451.2054913043976,68,0.941255454850621,0.9412533100476363,0.941255454850621,0.9412503245278121,10502.410982608795,3.5254820351154064,39299.25715563255,13.192097064663495,120672.42064583398,40.50769407379455
