loss,layer_idx,accuracy_score,f1_macro,f1_micro,balanced_accuracy_score,aic,aic_avg,bic,bic_avg,ebic,ebic_avg
72.51366466283798,25,0.9936220208123532,0.9936218799458433,0.9936220208123532,0.993618295796283,9745.027329325676,3.271241131025739,38541.87350234943,12.937856160573826,119915.03699255086,40.25345316970488
