loss,layer_idx,accuracy_score,f1_macro,f1_micro,balanced_accuracy_score,aic,aic_avg,bic,bic_avg,ebic,ebic_avg
21.917502583935857,39,0.9979859013091642,0.9979858956352734,0.9979859013091642,0.9979852231669588,9643.835005167872,3.2372725764242603,38440.681178191626,12.903887605972349,119813.84466839305,40.21948461510341
