loss,layer_idx,accuracy_score,f1_macro,f1_micro,balanced_accuracy_score,aic,aic_avg,bic,bic_avg,ebic,ebic_avg
2598.1132488250732,6,0.5327291037260826,0.5326717569639974,0.5327291037260826,0.5327184883494516,14796.226497650146,4.9668434030379816,43593.0726706739,14.63345843258607,124966.23616087533,41.94905544171713
