loss,layer_idx,accuracy_score,f1_macro,f1_micro,balanced_accuracy_score,aic,aic_avg,bic,bic_avg,ebic,ebic_avg
75.83545142412186,60,0.9932863376972139,0.9932863187842444,0.9932863376972139,0.9932856547889487,9751.670902848244,3.2734712664814514,38548.517075872,12.94008629602954,119921.68056607342,40.2556833051606
