loss,layer_idx,accuracy_score,f1_macro,f1_micro,balanced_accuracy_score,aic,aic_avg,bic,bic_avg,ebic,ebic_avg
2147.8391761779785,7,0.5381000335683115,0.5380724983524741,0.5381000335683115,0.538108354427641,13895.678352355957,4.664544596292702,42692.52452537971,14.331159625840789,124065.68801558114,41.64675663497185
