loss,layer_idx,accuracy_score,f1_macro,f1_micro,balanced_accuracy_score,aic,aic_avg,bic,bic_avg,ebic,ebic_avg
24.115804248023778,35,0.9983215844243034,0.9983215813982315,0.9983215844243034,0.9983212446723351,9648.231608496048,3.238748441925494,38445.0777815198,12.905363471473581,119818.24127172123,40.22096048060464
