loss,layer_idx,accuracy_score,f1_macro,f1_micro,balanced_accuracy_score,aic,aic_avg,bic,bic_avg,ebic,ebic_avg
299.7051842212677,15,0.9620678079892582,0.9620677908919744,0.9620678079892582,0.9620694597693689,2647.4103684425354,0.8886909595308947,8790.737552020935,2.9509021658344863,22986.391809888613,7.716143608556097
