loss,layer_idx,accuracy_score,f1_macro,f1_micro,balanced_accuracy_score,aic,aic_avg,bic,bic_avg,ebic,ebic_avg
135.10181960463524,8,0.9822087948976167,0.9822087628212532,0.9822087948976167,0.9822111432033058,2318.2036392092705,0.7781818191370495,8461.53082278767,2.8403930254406413,22657.18508065535,7.605634468162252
