loss,layer_idx,accuracy_score,f1_macro,f1_micro,balanced_accuracy_score,aic,aic_avg,bic,bic_avg,ebic,ebic_avg
90.97279476374388,7,0.9885867740852635,0.9885867625105471,0.9885867740852635,0.9885887908093723,2229.9455895274878,0.7485550820837489,8373.272773105888,2.8107662883873408,22568.927030973566,7.576007731108951
