loss,layer_idx,accuracy_score,f1_macro,f1_micro,balanced_accuracy_score,aic,aic_avg,bic,bic_avg,ebic,ebic_avg
2195.070732116699,11,0.5159449479691172,0.515824428396372,0.5159449479691172,0.5159613595551805,7462.141464233398,2.504914892324068,16677.132239601,5.598231701779456,39216.2024385108,13.164216998493051
