loss,layer_idx,accuracy_score,f1_macro,f1_micro,balanced_accuracy_score,aic,aic_avg,bic,bic_avg,ebic,ebic_avg
1788.2480907440186,44,0.6784155756965424,0.6783604495476123,0.6784155756965424,0.6784294476536639,6648.496181488037,2.2317879091937014,15863.486956855639,5.32510471864909,38402.55715576544,12.891090015362686
