loss,layer_idx,accuracy_score,f1_macro,f1_micro,balanced_accuracy_score,aic,aic_avg,bic,bic_avg,ebic,ebic_avg
847.191349029541,12,0.8862034239677744,0.8862001411960647,0.8862034239677744,0.8861989139135891,3742.382698059082,1.2562546821279228,9885.709881637482,3.3184658884315144,24081.36413950516,8.083707331153125
