loss,layer_idx,accuracy_score,f1_macro,f1_micro,balanced_accuracy_score,aic,aic_avg,bic,bic_avg,ebic,ebic_avg
1686.6753978729248,34,0.7163477677072844,0.7163395849872412,0.7163477677072844,0.7163430853940849,6445.35079574585,2.1635954332815874,15660.341571113451,5.256912242736976,38199.41177002325,12.822897539450572
