loss,layer_idx,accuracy_score,f1_macro,f1_micro,balanced_accuracy_score,aic,aic_avg,bic,bic_avg,ebic,ebic_avg
2191.7111282348633,1,0.525679758308157,0.5253023298300457,0.525679758308157,0.5256518952424223,7455.422256469727,2.5026593677306903,16670.413031837328,5.5959761771860785,39209.48323074713,13.161961473899675
