loss,layer_idx,accuracy_score,f1_macro,f1_micro,balanced_accuracy_score,aic,aic_avg,bic,bic_avg,ebic,ebic_avg
842.0201878547668,9,0.8831822759315207,0.8831661485531288,0.8831822759315207,0.8831713398671599,3732.0403757095337,1.2527829391438514,9875.367559287934,3.3149941454474434,24071.02181715561,8.080235588169053
