loss,layer_idx,accuracy_score,f1_macro,f1_micro,balanced_accuracy_score,aic,aic_avg,bic,bic_avg,ebic,ebic_avg
1557.926181793213,24,0.7381671701913394,0.7379332590463903,0.7381671701913394,0.7381378323705674,5163.852363586426,1.7334180475281724,11307.179547164826,3.7956292538317644,25502.833805032504,8.560870696553375
