loss,layer_idx,accuracy_score,f1_macro,f1_micro,balanced_accuracy_score,aic,aic_avg,bic,bic_avg,ebic,ebic_avg
2288.93363571167,6,0.4968110104061766,0.4966576443823797,0.4968110104061766,0.4968290928365894,7649.86727142334,2.5679312760736286,16864.85804679094,5.661248085529017,39403.92824570074,13.227233382242613
