loss,layer_idx,accuracy_score,f1_macro,f1_micro,balanced_accuracy_score,aic,aic_avg,bic,bic_avg,ebic,ebic_avg
2109.415626525879,12,0.5468277945619335,0.5467958767682359,0.5468277945619335,0.5468368003721252,7290.831253051758,2.4474089469794422,16505.82202841936,5.5407257564348305,39044.89222732916,13.106711053148427
