loss,layer_idx,accuracy_score,f1_macro,f1_micro,balanced_accuracy_score,aic,aic_avg,bic,bic_avg,ebic,ebic_avg
1410.2850894927979,26,0.7744209466263847,0.7744207178555202,0.7744209466263847,0.7744227461543454,5892.570178985596,1.9780363138588775,15107.560954353197,5.071353123314266,37646.631153263,12.637338420027861
