loss,layer_idx,accuracy_score,f1_macro,f1_micro,balanced_accuracy_score,aic,aic_avg,bic,bic_avg,ebic,ebic_avg
1614.2033081054688,22,0.7321248741188319,0.7320994861161197,0.7321248741188319,0.7321354200471647,6300.4066162109375,2.114940119573997,15515.39739157854,5.208256929029385,38054.46759048834,12.77424222574298
