loss,layer_idx,accuracy_score,f1_macro,f1_micro,balanced_accuracy_score,aic,aic_avg,bic,bic_avg,ebic,ebic_avg
1860.5097541809082,19,0.6458543135280296,0.6458503228577761,0.6458543135280296,0.6458583490188443,6793.019508361816,2.2803019497689885,16008.010283729418,5.373618759224376,38547.08048263922,12.939604055937972
