loss,layer_idx,accuracy_score,f1_macro,f1_micro,balanced_accuracy_score,aic,aic_avg,bic,bic_avg,ebic,ebic_avg
1792.8705368041992,36,0.6824437730782141,0.6824334313858946,0.6824437730782141,0.6824502120248372,6657.741073608398,2.2348912633797915,15872.731848976,5.32820807283518,38411.8020478858,12.894193369548775
