loss,layer_idx,accuracy_score,f1_macro,f1_micro,balanced_accuracy_score,aic,aic_avg,bic,bic_avg,ebic,ebic_avg
2052.932849884033,16,0.5656260490097348,0.5656150357394952,0.5656260490097348,0.5656316933861232,7177.865699768066,2.409488318149737,16392.856475135668,5.502805127605125,38931.92667404547,13.06879042431872
