loss,layer_idx,accuracy_score,f1_macro,f1_micro,balanced_accuracy_score,aic,aic_avg,bic,bic_avg,ebic,ebic_avg
1079.8804721832275,16,0.8395434709634105,0.8395369435479509,0.8395434709634105,0.8395378994396486,4207.760944366455,1.4124743015664503,10351.088127944855,3.474685507870042,24546.742385812533,8.239926950591652
