loss,layer_idx,accuracy_score,f1_macro,f1_micro,balanced_accuracy_score,aic,aic_avg,bic,bic_avg,ebic,ebic_avg
1112.3013763427734,29,0.8522994293387043,0.8522992795482573,0.8522994293387043,0.8522992795482573,6320.602752685547,2.121719621579573,18607.257119842347,6.246142034186756,49837.69648715125,16.7296732081743
