loss,layer_idx,accuracy_score,f1_macro,f1_micro,balanced_accuracy_score,aic,aic_avg,bic,bic_avg,ebic,ebic_avg
1511.177508354187,31,0.7640147700570661,0.7639875371573319,0.7640147700570661,0.7640263624759309,6094.355016708374,2.0457720767735394,15309.345792075976,5.139088886228928,37848.41599098578,12.705074182942523
