loss,layer_idx,accuracy_score,f1_macro,f1_micro,balanced_accuracy_score,aic,aic_avg,bic,bic_avg,ebic,ebic_avg
2121.239643096924,9,0.4719704598858677,0.4719095248200327,0.4719704598858677,0.47198175612816684,8338.479286193848,2.799086702314148,20625.133653350647,6.923509114921332,51855.57302065955,17.407040288908878
