loss,layer_idx,accuracy_score,f1_macro,f1_micro,balanced_accuracy_score,aic,aic_avg,bic,bic_avg,ebic,ebic_avg
2143.771324157715,9,0.5240013427324606,0.5238828290333255,0.5240013427324606,0.524017762488912,7359.54264831543,2.4704742021871198,16574.53342368303,5.5637910116425076,39113.60362259283,13.129776308356103
