loss,layer_idx,accuracy_score,f1_macro,f1_micro,balanced_accuracy_score,aic,aic_avg,bic,bic_avg,ebic,ebic_avg
1854.1053886413574,41,0.6535750251762337,0.6535325094733084,0.6535750251762337,0.6535645323554229,6780.210777282715,2.276002275019374,15995.201552650316,5.369319084474762,38534.27175156012,12.935304381188358
