loss,layer_idx,accuracy_score,f1_macro,f1_micro,balanced_accuracy_score,aic,aic_avg,bic,bic_avg,ebic,ebic_avg
941.448296546936,15,0.8674051695199732,0.8674046316344588,0.8674051695199732,0.8674080774972415,3930.896593093872,1.3195356136602459,10074.223776672272,3.3817468199638374,24269.87803453995,8.146988262685449
