loss,layer_idx,accuracy_score,f1_macro,f1_micro,balanced_accuracy_score,aic,aic_avg,bic,bic_avg,ebic,ebic_avg
2129.6140098571777,14,0.5427995971802618,0.5427434863397733,0.5427995971802618,0.5428113033036932,8355.228019714355,2.8047089693569505,20641.882386871155,6.929131381964134,51872.321754180055,17.41266255595168
