loss,layer_idx,accuracy_score,f1_macro,f1_micro,balanced_accuracy_score,aic,aic_avg,bic,bic_avg,ebic,ebic_avg
1413.6932048797607,29,0.7989258140315542,0.7989235482386805,0.7989258140315542,0.7989232437636572,5899.3864097595215,1.9803244074385773,15114.377185127123,5.073641216893965,37653.447384036925,12.639626513607562
