loss,layer_idx,accuracy_score,f1_macro,f1_micro,balanced_accuracy_score,aic,aic_avg,bic,bic_avg,ebic,ebic_avg
2117.299633026123,2,0.5273581738838536,0.5273248848071674,0.5273581738838536,0.5273502574587309,7306.599266052246,2.452702002703003,16521.590041419848,5.546018812158391,39060.66024032965,13.112004108871988
