loss,layer_idx,accuracy_score,f1_macro,f1_micro,balanced_accuracy_score,aic,aic_avg,bic,bic_avg,ebic,ebic_avg
2124.0717430114746,5,0.48707620006713664,0.48707614226925866,0.48707620006713664,0.487077032084983,8344.14348602295,2.8009880785575527,20630.79785317975,6.925410491164736,51861.23722048865,17.408941665152284
