loss,layer_idx,accuracy_score,f1_macro,f1_micro,balanced_accuracy_score,aic,aic_avg,bic,bic_avg,ebic,ebic_avg
1779.6933670043945,2,0.6841221886539107,0.6841209072608248,0.6841221886539107,0.6841208541572013,5607.386734008789,1.8823050466629034,11750.713917587189,3.944516252966495,25946.368175454867,8.709757695688106
