loss,layer_idx,accuracy_score,f1_macro,f1_micro,balanced_accuracy_score,aic_rep,aic_rep_avg,bic_rep,bic_rep_avg,ebic_rep,ebic_rep_avg,aic_cls,aic_cls_avg,bic_cls,bic_cls_avg,ebic_cls,ebic_cls_avg,aic_pr,aic_pr_avg,bic_pr,bic_pr_avg,ebic_pr,ebic_pr_avg
1423.2833862304688,0,0.7804632426988922,0.7803164724815166,0.7804632426988922,0.7804900640401549,4382.5667724609375,1.4711536664857126,8990.062160144738,3.0178120712134064,19194.923190259564,6.443411611366084,5922.5667724609375,1.9881056638002477,15149.556233733965,5.085450229517948,37721.97678333572,12.662630675842806,2854.481828212738,0.9582013522030004,2878.2243951851865,0.9661713310457155,2889.112500463767,0.9698262841435942
