loss,layer_idx,accuracy_score,f1_macro,f1_micro,balanced_accuracy_score,aic,aic_avg,bic,bic_avg,ebic,ebic_avg
979.6203227043152,0,0.8536421617992614,0.8536170730717735,0.8536421617992614,0.8536298435775946,3879.2406454086304,1.3021955842257906,9638.60988001338,3.235518590135408,22823.121786180192,7.661336618388786
