loss,layer_idx,accuracy_score,f1_macro,f1_micro,balanced_accuracy_score,aic,aic_avg,bic,bic_avg,ebic,ebic_avg
1703.645278930664,0,0.7086270560590803,0.7085127201565558,0.7086270560590803,0.708607829774345,3551.290557861328,1.1921082772277034,3983.2432504566846,1.3371075026709247,4599.083171594996,1.5438345658257793
