loss,layer_idx,accuracy_score,f1_macro,f1_micro,balanced_accuracy_score,aic,aic_avg,bic,bic_avg,ebic,ebic_avg
1423.2833862304688,0,0.7804632426988922,0.7803164724815166,0.7804632426988922,0.7804900640401549,4382.5667724609375,1.4711536664857126,8990.062160144738,3.0178120712134064,19194.923190259564,6.443411611366084
