loss,layer_idx,accuracy_score,f1_macro,f1_micro,balanced_accuracy_score,aic,aic_avg,bic,bic_avg,ebic,ebic_avg
1945.1195831298828,0,0.625713326619671,0.6183422009193333,0.625713326619671,0.6258539138054131,4374.239166259766,1.4683582296944497,5826.08016081638,1.955716737434166,8482.726020276215,2.847507895359589
