loss,layer_idx,accuracy_score,f1_macro,f1_micro,balanced_accuracy_score,aic_rep,aic_rep_avg,bic_rep,bic_rep_avg,ebic_rep,ebic_rep_avg,aic_cls,aic_cls_avg,bic_cls,bic_cls_avg,ebic_cls,ebic_cls_avg,aic_pr,aic_pr_avg,bic_pr,bic_pr_avg,ebic_pr,ebic_pr_avg
26.641624374431558,38,0.9976502181940249,0.9976502181940249,0.9976502181940249,0.9976512299604077,9653.283248748863,3.2404441922621228,38450.12942177262,12.907059221810211,119823.29291197404,40.22265623094127,19257.283248748863,6.464344830060042,76862.97428070179,25.801602645418527,252958.40561800316,84.91386559852405,86.94367584236898,0.02918552394842866,187.91389887674077,0.06307952295291734,282.9431976457298,0.09497925399319564
