loss,layer_idx,accuracy_score,f1_macro,f1_micro,balanced_accuracy_score,aic,aic_avg,bic,bic_avg,ebic,ebic_avg
23.725315020419657,32,0.9976502181940249,0.9976502139575241,0.9976502181940249,0.9976498777611909,19251.45063004084,6.4623869184427125,76857.14166199377,25.7996447338012,252952.57299929514,84.91190768690673
