loss,layer_idx,accuracy_score,f1_macro,f1_micro,balanced_accuracy_score,aic,aic_avg,bic,bic_avg,ebic,ebic_avg
60.207230649888515,46,0.9939577039274925,0.9939576705649242,0.9939577039274925,0.9939610782977435,9720.414461299777,3.2629790068142923,38517.26063432353,12.92959403636238,119890.42412452496,40.24519104549344
