loss,layer_idx,accuracy_score,f1_macro,f1_micro,balanced_accuracy_score,aic,aic_avg,bic,bic_avg,ebic,ebic_avg
2893.64249420166,5,0.5018462571332662,0.49888506007708,0.5018462571332662,0.5019241794855153,24991.28498840332,8.389152396241464,82596.97602035625,27.726410211599948,258692.40735765762,86.83867316470548
