loss,layer_idx,accuracy_score,f1_macro,f1_micro,balanced_accuracy_score,aic,aic_avg,bic,bic_avg,ebic,ebic_avg
23.725315020419657,32,0.9976502181940249,0.9976502139575241,0.9976502181940249,0.9976498777611909,9647.45063004084,3.238486280644793,38444.29680306459,12.905101310192881,119817.46029326602,40.220698319323944
