loss,layer_idx,accuracy_score,f1_macro,f1_micro,balanced_accuracy_score,aic_rep,aic_rep_avg,bic_rep,bic_rep_avg,ebic_rep,ebic_rep_avg,aic_cls,aic_cls_avg,bic_cls,bic_cls_avg,ebic_cls,ebic_cls_avg,aic_pr,aic_pr_avg,bic_pr,bic_pr_avg,ebic_pr,ebic_pr_avg
2040.8061485290527,10,0.6354481369587109,0.6353790703231013,0.6354481369587109,0.6354626414400382,13681.612297058105,4.592686236004735,42478.45847008186,14.259301265552823,123851.62196028329,41.57489827468388,23285.612297058105,7.816586873802653,80891.30332901103,27.15384468916114,256986.7346663124,86.26610764226666,4104.229745864868,1.3777206263393313,4172.074661918471,1.4004950191065697,4226.934969928605,1.4189106981969133
