loss,layer_idx,accuracy_score,f1_macro,f1_micro,balanced_accuracy_score,aic,aic_avg,bic,bic_avg,ebic,ebic_avg
162.0158494412899,21,0.9798590130916415,0.9798590108220913,0.9798590130916415,0.9798603448648883,19528.03169888258,6.555230513220067,77133.7227308355,25.89248832857855,253229.15406813688,85.00475128168408
