loss,layer_idx,accuracy_score,f1_macro,f1_micro,balanced_accuracy_score,aic,aic_avg,bic,bic_avg,ebic,ebic_avg
26.26520307548344,54,0.9976502181940249,0.9976502139575241,0.9976502181940249,0.9976498777611909,9652.530406150967,3.2401914757136514,38449.37657917472,12.90680650526174,119822.54006937615,40.2224035143928
