loss,layer_idx,accuracy_score,f1_macro,f1_micro,balanced_accuracy_score,aic,aic_avg,bic,bic_avg,ebic,ebic_avg
2321.2019176483154,8,0.5669687814702921,0.5665643299917891,0.5669687814702921,0.5670001189935311,23846.40383529663,8.004835124302327,81452.09486724956,27.342092939660812,257547.52620455093,86.45435589276634
