loss,layer_idx,accuracy_score,f1_macro,f1_micro,balanced_accuracy_score,aic_rep,aic_rep_avg,bic_rep,bic_rep_avg,ebic_rep,ebic_rep_avg,aic_cls,aic_cls_avg,bic_cls,bic_cls_avg,ebic_cls,ebic_cls_avg,aic_pr,aic_pr_avg,bic_pr,bic_pr_avg,ebic_pr,ebic_pr_avg
24.78712969366461,36,0.9973145350788856,0.9973145347762788,0.9973145350788856,0.9973152084550312,9649.57425938733,3.2391991471592245,38446.42043241108,12.905814176707313,119819.58392261251,40.22141118583837,19253.57425938733,6.463099784957143,76859.26529134026,25.80035760031563,252954.69662864163,84.91262055342116,81.22070370800793,0.027264418834510886,176.1496400648565,0.059130459907638974,263.54062080011533,0.08846613655592996
