loss,layer_idx,accuracy_score,f1_macro,f1_micro,balanced_accuracy_score,aic,aic_avg,bic,bic_avg,ebic,ebic_avg
173.48485323786736,64,0.9818731117824774,0.9818722109533469,0.9818731117824774,0.9818670085026286,9946.969706475735,3.3390297772661075,38743.81587949949,13.005644806814196,120116.97936970092,40.32124181594526
