loss,layer_idx,accuracy_score,f1_macro,f1_micro,balanced_accuracy_score,aic,aic_avg,bic,bic_avg,ebic,ebic_avg
17.867721812799573,55,0.9983215844243034,0.998321577615626,0.9983215844243034,0.9983205685727267,19239.7354436256,6.458454328172406,76845.42647557853,25.795712143530892,252940.8578128799,84.90797509663642
