loss,layer_idx,accuracy_score,f1_macro,f1_micro,balanced_accuracy_score,aic,aic_avg,bic,bic_avg,ebic,ebic_avg
2155.4305629730225,12,0.6780798925814031,0.6776077716444666,0.6780798925814031,0.678119117933407,13910.861125946045,4.669641197027877,42707.7072989698,14.336256226575964,124080.87078917123,41.65185323570702
