loss,layer_idx,accuracy_score,f1_macro,f1_micro,balanced_accuracy_score,aic_rep,aic_rep_avg,bic_rep,bic_rep_avg,ebic_rep,ebic_rep_avg,aic_cls,aic_cls_avg,bic_cls,bic_cls_avg,ebic_cls,ebic_cls_avg,aic_pr,aic_pr_avg,bic_pr,bic_pr_avg,ebic_pr,ebic_pr_avg
22.22745480388403,58,0.9993286337697214,0.9993286318784245,0.9993286337697214,0.9993279569892473,9644.454909607768,3.2374806678777337,38441.30108263152,12.904095697425822,119814.46457283295,40.219692706556884,19248.454909607768,6.461381305675652,76854.1459415607,25.79863912103414,252949.57727886207,84.91090207413967,89.18116311728954,0.02993661064695856,223.34523001409724,0.07497322256263754,362.32819533143646,0.12162745731166044
