loss,layer_idx,accuracy_score,f1_macro,f1_micro,balanced_accuracy_score,aic,aic_avg,bic,bic_avg,ebic,ebic_avg
50.411750704050064,59,0.9963074857334676,0.9963074790761091,0.9963074857334676,0.9963071439389022,9700.8235014081,3.256402652369285,38497.669674431854,12.923017681917374,119870.83316463328,40.23861469104843
