loss,layer_idx,accuracy_score,f1_macro,f1_micro,balanced_accuracy_score,aic_rep,aic_rep_avg,bic_rep,bic_rep_avg,ebic_rep,ebic_rep_avg,aic_cls,aic_cls_avg,bic_cls,bic_cls_avg,ebic_cls,ebic_cls_avg,aic_pr,aic_pr_avg,bic_pr,bic_pr_avg,ebic_pr,ebic_pr_avg
44.63208169862628,26,0.995636119503189,0.9956361175362448,0.995636119503189,0.9956364531273664,9689.264163397253,3.2525223777768555,38486.11033642101,12.919137407324943,119859.27382662243,40.234734416456,19293.264163397253,6.476423015574774,76898.95519535018,25.813680830933258,252994.38653265155,84.9259437840388,123.00497379153967,0.041290692779973034,224.2163203204404,0.07526563287023846,319.5530318068299,0.10726855716912718
