loss,layer_idx,accuracy_score,f1_macro,f1_micro,balanced_accuracy_score,aic,aic_avg,bic,bic_avg,ebic,ebic_avg
21.97119966521859,57,0.9976502181940249,0.9976502139575241,0.9976502181940249,0.9976498777611909,19247.942399330437,6.4612092646292165,76853.63343128336,25.798467079987702,252949.06476858474,84.91073003309323
