loss,layer_idx,accuracy_score,f1_macro,f1_micro,balanced_accuracy_score,aic,aic_avg,bic,bic_avg,ebic,ebic_avg
3034.1271629333496,3,0.5052030882846593,0.4981565360340633,0.5052030882846593,0.5053229322169577,15668.2543258667,5.259568420901879,44465.10049889045,14.926183450449967,125838.26398909188,42.24178045958103
