loss,layer_idx,accuracy_score,f1_macro,f1_micro,balanced_accuracy_score,aic,aic_avg,bic,bic_avg,ebic,ebic_avg
2229.6714401245117,9,0.563611950318899,0.5634040929781191,0.563611950318899,0.5635905486683542,14059.342880249023,4.71948401485365,42856.18905327278,14.386099044401737,124229.3525434742,41.7016960535328
