loss,layer_idx,accuracy_score,f1_macro,f1_micro,balanced_accuracy_score,aic,aic_avg,bic,bic_avg,ebic,ebic_avg
52.47298447415233,23,0.9949647532729103,0.9949647328468783,0.9949647532729103,0.9949637340170052,9704.945968948305,3.2577864951152415,38501.79214197206,12.92440152466333,119874.95563217349,40.23999853379439
