loss,layer_idx,accuracy_score,f1_macro,f1_micro,balanced_accuracy_score,aic,aic_avg,bic,bic_avg,ebic,ebic_avg
29.16329530160874,34,0.9969788519637462,0.996978839708127,0.9969788519637462,0.9969778347504381,9658.326590603217,3.2421371569665047,38455.17276362697,12.908752186514592,119828.3362538284,40.22434919564565
