loss,layer_idx,accuracy_score,f1_macro,f1_micro,balanced_accuracy_score,aic,aic_avg,bic,bic_avg,ebic,ebic_avg
37.666795743629336,43,0.9966431688486069,0.9966431654442786,0.9966431688486069,0.9966431654442786,9675.333591487259,3.2478461200024364,38472.17976451101,12.914461149550524,119845.34325471244,40.23005815868159
