loss,layer_idx,accuracy_score,f1_macro,f1_micro,balanced_accuracy_score,aic,aic_avg,bic,bic_avg,ebic,ebic_avg
234.10032665729523,20,0.9707955689828801,0.9707949239625455,0.9707955689828801,0.9707918208173774,10068.20065331459,3.3797249591522625,38865.046826338345,13.046339988700351,120238.21031653977,40.36193699783141
