loss,layer_idx,accuracy_score,f1_macro,f1_micro,balanced_accuracy_score,aic,aic_avg,bic,bic_avg,ebic,ebic_avg
116.86408615112305,62,0.9882510909701242,0.9882508314791849,0.9882510909701242,0.9882473605071287,19437.728172302246,6.524917144109516,77043.41920425517,25.862174959468,253138.85054155655,84.97443791257353
