loss,layer_idx,accuracy_score,f1_macro,f1_micro,balanced_accuracy_score,aic,aic_avg,bic,bic_avg,ebic,ebic_avg
2040.8061485290527,10,0.6354481369587109,0.6353790703231013,0.6354481369587109,0.6354626414400382,13681.612297058105,4.592686236004735,42478.45847008186,14.259301265552823,123851.62196028329,41.57489827468388
