loss,layer_idx,accuracy_score,f1_macro,f1_micro,balanced_accuracy_score,aic_rep,aic_rep_avg,bic_rep,bic_rep_avg,ebic_rep,ebic_rep_avg,aic_cls,aic_cls_avg,bic_cls,bic_cls_avg,ebic_cls,ebic_cls_avg,aic_pr,aic_pr_avg,bic_pr,bic_pr_avg,ebic_pr,ebic_pr_avg
72.51366466283798,25,0.9936220208123532,0.9936218799458433,0.9936220208123532,0.993618295796283,9745.027329325676,3.271241131025739,38541.87350234943,12.937856160573826,119915.03699255086,40.25345316970488,19349.027329325676,6.4951417688236575,76954.7183612786,25.83239958418214,253050.14969857997,84.94466253728767,179.8195847272873,0.06036239836431262,284.18492085361606,0.09539607950775968,383.5602190522915,0.12875468917498875
