loss,layer_idx,accuracy_score,f1_macro,f1_micro,balanced_accuracy_score,aic,aic_avg,bic,bic_avg,ebic,ebic_avg
27.307019722647965,45,0.9976502181940249,0.9976502086618766,0.9976502181940249,0.9976492016615823,19258.614039445296,6.464791554026618,76864.30507139822,25.802049369385102,252959.7364086996,84.91431232249063
