loss,layer_idx,accuracy_score,f1_macro,f1_micro,balanced_accuracy_score,aic,aic_avg,bic,bic_avg,ebic,ebic_avg
234.10032665729523,20,0.9707955689828801,0.9707949239625455,0.9707955689828801,0.9707918208173774,19672.20065331459,6.603625596950182,77277.89168526752,25.940883412308665,253373.3230225689,85.0531463654142
