loss,layer_idx,accuracy_score,f1_macro,f1_micro,balanced_accuracy_score,aic_rep,aic_rep_avg,bic_rep,bic_rep_avg,ebic_rep,ebic_rep_avg,aic_cls,aic_cls_avg,bic_cls,bic_cls_avg,ebic_cls,ebic_cls_avg,aic_pr,aic_pr_avg,bic_pr,bic_pr_avg,ebic_pr,ebic_pr_avg
2147.8391761779785,7,0.5381000335683115,0.5380724983524741,0.5381000335683115,0.538108354427641,13895.678352355957,4.664544596292702,42692.52452537971,14.331159625840789,124065.68801558114,41.64675663497185,23499.678352355957,7.88844523409062,81105.36938430888,27.225703049449105,257200.80072161026,86.33796600255464,4317.182619094849,1.4492053102030376,4381.688354651466,1.4708587964590354,4432.763228662641,1.4880037692724544
