loss,layer_idx,accuracy_score,f1_macro,f1_micro,balanced_accuracy_score,aic_rep,aic_rep_avg,bic_rep,bic_rep_avg,ebic_rep,ebic_rep_avg,aic_cls,aic_cls_avg,bic_cls,bic_cls_avg,ebic_cls,ebic_cls_avg,aic_pr,aic_pr_avg,bic_pr,bic_pr_avg,ebic_pr,ebic_pr_avg
451.2054913043976,68,0.941255454850621,0.9412533100476363,0.941255454850621,0.9412503245278121,10502.410982608795,3.5254820351154064,39299.25715563255,13.192097064663495,120672.42064583398,40.50769407379455,20106.410982608795,6.749382672913325,77712.10201456172,26.08664048827181,253807.5333518631,85.19890344137734,938.8782334327698,0.315165570135203,1048.2680055505896,0.35188586960409185,1154.1421854364996,0.3874260441210136
