loss,layer_idx,accuracy_score,f1_macro,f1_micro,balanced_accuracy_score,aic,aic_avg,bic,bic_avg,ebic,ebic_avg
52.47298447415233,23,0.9949647532729103,0.9949647328468783,0.9949647532729103,0.9949637340170052,19308.945968948305,6.4816871329131605,76914.63700090123,25.818944948271646,253010.0683382026,84.93120790137718
