loss,layer_idx,accuracy_score,f1_macro,f1_micro,balanced_accuracy_score,aic_rep,aic_rep_avg,bic_rep,bic_rep_avg,ebic_rep,ebic_rep_avg,aic_cls,aic_cls_avg,bic_cls,bic_cls_avg,ebic_cls,ebic_cls_avg,aic_pr,aic_pr_avg,bic_pr,bic_pr_avg,ebic_pr,ebic_pr_avg
334.3615665435791,67,0.9593823430681436,0.9593821782981506,0.9593823430681436,0.9593853443240086,10268.723133087158,3.447036969817777,39065.56930611091,13.113651999365866,120438.73279631234,40.429249008496924,19872.72313308716,6.670937607615696,77478.41416504009,26.008195422974183,253573.84550234146,85.12045837607971,705.045841217041,0.2366719842957506,814.002032738278,0.27324673807931454,919.3123167739549,0.30859762228061594
