loss,layer_idx,accuracy_score,f1_macro,f1_micro,balanced_accuracy_score,aic,aic_avg,bic,bic_avg,ebic,ebic_avg
670.2193975448608,18,0.905337361530715,0.9053360708200742,0.905337361530715,0.9053419982259145,20544.43879508972,6.8964212135245795,78150.12982704265,26.233679028883063,254245.56116434402,85.34594198198859
