loss,layer_idx,accuracy_score,f1_macro,f1_micro,balanced_accuracy_score,aic,aic_avg,bic,bic_avg,ebic,ebic_avg
26.641624374431558,38,0.9976502181940249,0.9976502181940249,0.9976502181940249,0.9976512299604077,19257.283248748863,6.464344830060042,76862.97428070179,25.801602645418527,252958.40561800316,84.91386559852405
