loss,layer_idx,accuracy_score,f1_macro,f1_micro,balanced_accuracy_score,aic,aic_avg,bic,bic_avg,ebic,ebic_avg
2567.7495517730713,2,0.5015105740181269,0.5014114680383384,0.5015105740181269,0.5014968845330046,24339.499103546143,8.170358880008775,81945.19013549907,27.50761669536726,258040.62147280044,86.61987964847279
