loss,layer_idx,accuracy_score,f1_macro,f1_micro,balanced_accuracy_score,aic_rep,aic_rep_avg,bic_rep,bic_rep_avg,ebic_rep,ebic_rep_avg,aic_cls,aic_cls_avg,bic_cls,bic_cls_avg,ebic_cls,ebic_cls_avg,aic_pr,aic_pr_avg,bic_pr,bic_pr_avg,ebic_pr,ebic_pr_avg
2530.788227081299,0,0.5142665323934206,0.5094231420336697,0.5142665323934206,0.5141669911944787,14661.576454162598,4.921643656986437,43458.42262718635,14.588258686534525,124831.58611738778,41.903855695665584,24265.576454162598,8.145544294784356,81871.26748611552,27.482802110142842,257966.6988234169,86.59506506324837,5076.306984901428,1.704030542095142,5120.493737790293,1.718863288952767,5149.907295520306,1.7287369236389079
