loss,layer_idx,accuracy_score,f1_macro,f1_micro,balanced_accuracy_score,aic,aic_avg,bic,bic_avg,ebic,ebic_avg
760.0450382232666,16,0.8956025511916751,0.8956017983008835,0.8956025511916751,0.8956007550680427,20724.090076446533,6.956727115289202,78329.78110839946,26.29398493064769,254425.21244570083,85.40624788375321
