loss,layer_idx,accuracy_score,f1_macro,f1_micro,balanced_accuracy_score,aic_rep,aic_rep_avg,bic_rep,bic_rep_avg,ebic_rep,ebic_rep_avg,aic_cls,aic_cls_avg,bic_cls,bic_cls_avg,ebic_cls,ebic_cls_avg,aic_pr,aic_pr_avg,bic_pr,bic_pr_avg,ebic_pr,ebic_pr_avg
116.86408615112305,62,0.9882510909701242,0.9882508314791849,0.9882510909701242,0.9882473605071287,9833.728172302246,3.3010165063115964,38630.574345326,12.967631535859685,120003.73783552743,40.28322854499074,19437.728172302246,6.524917144109516,77043.41920425517,25.862174959468,253138.85054155655,84.97443791257353,271.15073013305664,0.09102072176336241,383.4061094304459,0.12870295717705468,493.0215153109982,0.16549899809029817
