loss,layer_idx,accuracy_score,f1_macro,f1_micro,balanced_accuracy_score,aic,aic_avg,bic,bic_avg,ebic,ebic_avg
88.00095097720623,22,0.9892581403155422,0.9892579938519233,0.9892581403155422,0.9892554250232578,9776.001901954412,3.281638772055862,38572.84807497817,12.94825380160395,119946.0115651796,40.26385081073501
