loss,layer_idx,accuracy_score,f1_macro,f1_micro,balanced_accuracy_score,aic,aic_avg,bic,bic_avg,ebic,ebic_avg
16.65929366182536,52,0.998992950654582,0.9989929488389389,0.998992950654582,0.9989926115834793,19237.31858732365,6.457643030320124,76843.00961927658,25.794900845678608,252938.44095657795,84.90716379878414
