loss,layer_idx,accuracy_score,f1_macro,f1_micro,balanced_accuracy_score,aic,aic_avg,bic,bic_avg,ebic,ebic_avg
23.77446987386793,37,0.9976502181940249,0.9976502171349011,0.9976502181940249,0.9976505538607991,19251.548939747736,6.462419919351372,76857.23997170066,25.799677734709856,252952.67130900203,84.91194068781539
