loss,layer_idx,accuracy_score,f1_macro,f1_micro,balanced_accuracy_score,aic_rep,aic_rep_avg,bic_rep,bic_rep_avg,ebic_rep,ebic_rep_avg,aic_cls,aic_cls_avg,bic_cls,bic_cls_avg,ebic_cls,ebic_cls_avg,aic_pr,aic_pr_avg,bic_pr,bic_pr_avg,ebic_pr,ebic_pr_avg
63.464004293084145,50,0.9919436052366566,0.9919435970662686,0.9919436052366566,0.9919456253650938,9726.928008586168,3.2651654946579955,38523.77418160992,12.931780524206083,119896.93767181135,40.24737753333714,19330.92800858617,6.489066132455914,76936.6190405391,25.826323947814398,253032.05037784047,84.93858690091993,159.1944651901722,0.05343889398797321,255.9832347083021,0.0859292496503196,345.7124084937924,0.11604981822550936
