loss,layer_idx,accuracy_score,f1_macro,f1_micro,balanced_accuracy_score,aic,aic_avg,bic,bic_avg,ebic,ebic_avg
2321.2019176483154,8,0.5669687814702921,0.5665643299917891,0.5669687814702921,0.5670001189935311,14242.40383529663,4.780934486504408,43039.250008320385,14.447549516052495,124412.41349852181,41.76314652518356
