loss,layer_idx,accuracy_score,f1_macro,f1_micro,balanced_accuracy_score,aic,aic_avg,bic,bic_avg,ebic,ebic_avg
34.0864540534094,29,0.9973145350788856,0.9973145202510775,0.9973145350788856,0.9973131801562061,9668.172908106819,3.2454423994987645,38465.01908113057,12.912057429046852,119838.182571332,40.227654438177915
