loss,layer_idx,accuracy_score,f1_macro,f1_micro,balanced_accuracy_score,aic_rep,aic_rep_avg,bic_rep,bic_rep_avg,ebic_rep,ebic_rep_avg,aic_cls,aic_cls_avg,bic_cls,bic_cls_avg,ebic_cls,ebic_cls_avg,aic_pr,aic_pr_avg,bic_pr,bic_pr_avg,ebic_pr,ebic_pr_avg
17.867721812799573,55,0.9983215844243034,0.998321577615626,0.9983215844243034,0.9983205685727267,9635.7354436256,3.234553690374488,38432.58161664935,12.901168719922575,119805.74510685078,40.216765729053634,19239.7354436256,6.458454328172406,76845.42647557853,25.795712143530892,252940.8578128799,84.90797509663642,78.14688542857766,0.026232589939099583,205.36727767613198,0.06893832751800334,334.9033137112334,0.11242138761706391
