loss,layer_idx,accuracy_score,f1_macro,f1_micro,balanced_accuracy_score,aic_rep,aic_rep_avg,bic_rep,bic_rep_avg,ebic_rep,ebic_rep_avg,aic_cls,aic_cls_avg,bic_cls,bic_cls_avg,ebic_cls,ebic_cls_avg,aic_pr,aic_pr_avg,bic_pr,bic_pr_avg,ebic_pr,ebic_pr_avg
39.79256612807512,27,0.9966431688486069,0.9966431684703485,0.9966431688486069,0.996643841543887,9679.58513225615,3.24927329045188,38476.431305279904,12.915888319999969,119849.59479548133,40.231485329131026,19283.58513225615,6.473173928249799,76889.27616420908,25.810431743608284,252984.70750151045,84.92269469671382,112.84138835966587,0.03787894876121714,212.59923120379315,0.07136597220671137,306.0857502189981,0.10274781813326556
