loss,layer_idx,accuracy_score,f1_macro,f1_micro,balanced_accuracy_score,aic,aic_avg,bic,bic_avg,ebic,ebic_avg
26.727979020331986,42,0.9963074857334676,0.9963074790761091,0.9963074857334676,0.9963071439389022,19257.455958040664,6.464402805653126,76863.14698999359,25.80166062101161,252958.57832729496,84.91392357411713
