loss,layer_idx,accuracy_score,f1_macro,f1_micro,balanced_accuracy_score,aic,aic_avg,bic,bic_avg,ebic,ebic_avg
451.2054913043976,68,0.941255454850621,0.9412533100476363,0.941255454850621,0.9412503245278121,20106.410982608795,6.749382672913325,77712.10201456172,26.08664048827181,253807.5333518631,85.19890344137734
