loss,layer_idx,accuracy_score,f1_macro,f1_micro,balanced_accuracy_score,aic,aic_avg,bic,bic_avg,ebic,ebic_avg
201.6678163409233,65,0.9785162806310842,0.9785160845401809,0.9785162806310842,0.9785142305445577,19607.335632681847,6.581851504760606,77213.02666463477,25.91910932011909,253308.45800193615,85.03137227322462
