loss,layer_idx,accuracy_score,f1_macro,f1_micro,balanced_accuracy_score,aic,aic_avg,bic,bic_avg,ebic,ebic_avg
18.808935130015016,56,0.9986572675394427,0.9986572661777114,0.9986572675394427,0.9986572661777114,9637.61787026003,3.235185589211155,38434.464043283784,12.901800618759243,119807.62753348521,40.2173976278903
