loss,layer_idx,accuracy_score,f1_macro,f1_micro,balanced_accuracy_score,aic,aic_avg,bic,bic_avg,ebic,ebic_avg
63.05747437477112,41,0.9963074857334676,0.9963074441245834,0.9963074857334676,0.9963051156400771,19330.114948749542,6.488793201997161,76935.80598070247,25.826051017355645,253031.23731800384,84.93831397046118
