loss,layer_idx,accuracy_score,f1_macro,f1_micro,balanced_accuracy_score,aic,aic_avg,bic,bic_avg,ebic,ebic_avg
36.320726552046835,51,0.9959718026183283,0.9959718021644182,0.9959718026183283,0.9959724746327427,9672.641453104094,3.24694241460359,38469.48762612785,12.913557444151678,119842.65111632927,40.22915445328274
