loss,layer_idx,accuracy_score,f1_macro,f1_micro,balanced_accuracy_score,aic_rep,aic_rep_avg,bic_rep,bic_rep_avg,ebic_rep,ebic_rep_avg,aic_cls,aic_cls_avg,bic_cls,bic_cls_avg,ebic_cls,ebic_cls_avg,aic_pr,aic_pr_avg,bic_pr,bic_pr_avg,ebic_pr,ebic_pr_avg
98.68748460710049,61,0.9916079221215173,0.9916079183389324,0.9916079221215173,0.9916082516605007,9797.374969214201,3.2888133498537098,38594.221142237955,12.955428379401798,119967.38463243938,40.271025388532856,19401.3749692142,6.512713987651629,77007.06600116713,25.849971803010114,253102.4973384685,84.96223475611565,238.6781766116619,0.08012023384077271,362.5742297238681,0.12171004690294329,487.631789093131,0.16368975800373647
