loss,layer_idx,accuracy_score,f1_macro,f1_micro,balanced_accuracy_score,aic,aic_avg,bic,bic_avg,ebic,ebic_avg
60.207230649888515,46,0.9939577039274925,0.9939576705649242,0.9939577039274925,0.9939610782977435,19324.414461299777,6.486879644612211,76930.1054932527,25.824137459970697,253025.53683055408,84.93640041307623
