loss,layer_idx,accuracy_score,f1_macro,f1_micro,balanced_accuracy_score,aic_rep,aic_rep_avg,bic_rep,bic_rep_avg,ebic_rep,ebic_rep_avg,aic_cls,aic_cls_avg,bic_cls,bic_cls_avg,ebic_cls,ebic_cls_avg,aic_pr,aic_pr_avg,bic_pr,bic_pr_avg,ebic_pr,ebic_pr_avg
24.543071676045656,30,0.9969788519637462,0.9969788465168166,0.9969788519637462,0.9969785108500464,9649.086143352091,3.2390352948479664,38445.932316375845,12.905650324396055,119819.09580657727,40.22124733352712,19253.08614335209,6.462935932645885,76858.77717530502,25.80019374800437,252954.2085126064,84.9124567011099,82.52365861088037,0.027701798795193144,182.82521937290988,0.06137133916512584,277.00303169779403,0.09298524058334812
