loss,layer_idx,accuracy_score,f1_macro,f1_micro,balanced_accuracy_score,aic,aic_avg,bic,bic_avg,ebic,ebic_avg
26.641624374431558,38,0.9976502181940249,0.9976502181940249,0.9976502181940249,0.9976512299604077,9653.283248748863,3.2404441922621228,38450.12942177262,12.907059221810211,119823.29291197404,40.22265623094127
