loss,layer_idx,accuracy_score,f1_macro,f1_micro,balanced_accuracy_score,aic_rep,aic_rep_avg,bic_rep,bic_rep_avg,ebic_rep,ebic_rep_avg,aic_cls,aic_cls_avg,bic_cls,bic_cls_avg,ebic_cls,ebic_cls_avg,aic_pr,aic_pr_avg,bic_pr,bic_pr_avg,ebic_pr,ebic_pr_avg
245.85266399383545,19,0.9697885196374623,0.9697860376807361,0.9697885196374623,0.9697803758032063,10091.70532798767,3.3876150815668584,38888.551501011425,13.054230111114947,120261.71499121285,40.36982712024601,19695.70532798767,6.611515719364777,77301.3963599406,25.948773534723262,253396.82769724197,85.06103648782879,522.080883026123,0.17525373716888992,613.1975690534692,0.20584007017571979,695.8339911041577,0.23357972175366154
