loss,layer_idx,accuracy_score,f1_macro,f1_micro,balanced_accuracy_score,aic,aic_avg,bic,bic_avg,ebic,ebic_avg
40.59080043435097,28,0.995636119503189,0.9956360880318698,0.995636119503189,0.9956344248285411,19285.181600868702,6.473709835806882,76890.87263282163,25.810967651165367,252986.303970123,84.9232306042709
