loss,layer_idx,accuracy_score,f1_macro,f1_micro,balanced_accuracy_score,aic,aic_avg,bic,bic_avg,ebic,ebic_avg
1616.3557167053223,13,0.729103726082578,0.7289540687618445,0.729103726082578,0.7290808020163995,22436.711433410645,7.531625187449024,80042.40246536357,26.86888300280751,256137.83380266494,85.98114595591304
