loss,layer_idx,accuracy_score,f1_macro,f1_micro,balanced_accuracy_score,aic,aic_avg,bic,bic_avg,ebic,ebic_avg
37.666795743629336,43,0.9966431688486069,0.9966431654442786,0.9966431688486069,0.9966431654442786,19279.33359148726,6.471746757800355,76885.02462344019,25.80900457315884,252980.45596074156,84.92126752626437
