loss,layer_idx,accuracy_score,f1_macro,f1_micro,balanced_accuracy_score,aic_rep,aic_rep_avg,bic_rep,bic_rep_avg,ebic_rep,ebic_rep_avg,aic_cls,aic_cls_avg,bic_cls,bic_cls_avg,ebic_cls,ebic_cls_avg,aic_pr,aic_pr_avg,bic_pr,bic_pr_avg,ebic_pr,ebic_pr_avg
60.207230649888515,46,0.9939577039274925,0.9939576705649242,0.9939577039274925,0.9939610782977435,9720.414461299777,3.2629790068142923,38517.26063432353,12.92959403636238,119890.42412452496,40.24519104549344,19324.414461299777,6.486879644612211,76930.1054932527,25.824137459970697,253025.53683055408,84.93640041307623,151.05925576388836,0.050708041545447585,242.983571616695,0.08156548224796743,326.62289204064894,0.10964178987601508
