loss,layer_idx,accuracy_score,f1_macro,f1_micro,balanced_accuracy_score,aic,aic_avg,bic,bic_avg,ebic,ebic_avg
12.070836885250174,53,0.9993286337697214,0.9993286330888557,0.9993286337697214,0.9993286330888557,9624.1416737705,3.23066185759332,38420.987846794254,12.897276887141407,119794.15133699568,40.21287389627247
