loss,layer_idx,accuracy_score,f1_macro,f1_micro,balanced_accuracy_score,aic,aic_avg,bic,bic_avg,ebic,ebic_avg
44.76893762219697,47,0.9942933870426317,0.9942933767539869,0.9942933870426317,0.9942957476039029,19293.537875244394,6.476514896020273,76899.22890719732,25.813772711378757,252994.6602444987,84.92603566448429
