loss,layer_idx,accuracy_score,f1_macro,f1_micro,balanced_accuracy_score,aic,aic_avg,bic,bic_avg,ebic,ebic_avg
33.21227006455592,33,0.9976502181940249,0.9976502139575241,0.9976502181940249,0.9976498777611909,19270.424540129112,6.468756139687517,76876.11557208204,25.806013955046,252971.54690938338,84.91827690815153
