loss,layer_idx,accuracy_score,f1_macro,f1_micro,balanced_accuracy_score,aic,aic_avg,bic,bic_avg,ebic,ebic_avg
39.79256612807512,27,0.9966431688486069,0.9966431684703485,0.9966431688486069,0.996643841543887,19283.58513225615,6.473173928249799,76889.27616420908,25.810431743608284,252984.70750151045,84.92269469671382
