loss,layer_idx,accuracy_score,f1_macro,f1_micro,balanced_accuracy_score,aic_rep,aic_rep_avg,bic_rep,bic_rep_avg,ebic_rep,ebic_rep_avg,aic_cls,aic_cls_avg,bic_cls,bic_cls_avg,ebic_cls,ebic_cls_avg,aic_pr,aic_pr_avg,bic_pr,bic_pr_avg,ebic_pr,ebic_pr_avg
12.070836885250174,53,0.9993286337697214,0.9993286330888557,0.9993286337697214,0.9993286330888557,9624.1416737705,3.23066185759332,38420.987846794254,12.897276887141407,119794.15133699568,40.21287389627247,19228.1416737705,6.454562495391238,76833.83270572343,25.791820310749724,252929.2640430248,84.90408326385526,59.67343493993394,0.020031364531699878,166.2570454246004,0.055809682921987375,268.4918626196111,0.0901281848337063
