loss,layer_idx,accuracy_score,f1_macro,f1_micro,balanced_accuracy_score,aic_rep,aic_rep_avg,bic_rep,bic_rep_avg,ebic_rep,ebic_rep_avg,aic_cls,aic_cls_avg,bic_cls,bic_cls_avg,ebic_cls,ebic_cls_avg,aic_pr,aic_pr_avg,bic_pr,bic_pr_avg,ebic_pr,ebic_pr_avg
40.59080043435097,28,0.995636119503189,0.9956360880318698,0.995636119503189,0.9956344248285411,9681.181600868702,3.2498091980089634,38478.027773892456,12.916424227557052,119851.19126409388,40.23202123668811,19285.181600868702,6.473709835806882,76890.87263282163,25.810967651165367,252986.303970123,84.9232306042709,113.64970237016678,0.03815028612627284,211.0433403355631,0.07084368591324709,301.53554460573775,0.10122039093848195
