loss,layer_idx,accuracy_score,f1_macro,f1_micro,balanced_accuracy_score,aic_rep,aic_rep_avg,bic_rep,bic_rep_avg,ebic_rep,ebic_rep_avg,aic_cls,aic_cls_avg,bic_cls,bic_cls_avg,ebic_cls,ebic_cls_avg,aic_pr,aic_pr_avg,bic_pr,bic_pr_avg,ebic_pr,ebic_pr_avg
36.320726552046835,51,0.9959718026183283,0.9959718021644182,0.9959718026183283,0.9959724746327427,9672.641453104094,3.24694241460359,38469.48762612785,12.913557444151678,119842.65111632927,40.22915445328274,19276.641453104094,6.470843052401508,76882.33248505702,25.808100867759993,252977.7638223584,84.92036382086552,108.4155314732343,0.03639326333441903,215.72601395009252,0.07241558037935297,318.9011875639829,0.10704974406310268
