loss,layer_idx,accuracy_score,f1_macro,f1_micro,balanced_accuracy_score,aic_rep,aic_rep_avg,bic_rep,bic_rep_avg,ebic_rep,ebic_rep_avg,aic_cls,aic_cls_avg,bic_cls,bic_cls_avg,ebic_cls,ebic_cls_avg,aic_pr,aic_pr_avg,bic_pr,bic_pr_avg,ebic_pr,ebic_pr_avg
55.3119975104928,48,0.9939577039274925,0.9939576705649242,0.9939577039274925,0.9939563456004846,9710.623995020986,3.2596925125951612,38507.47016804474,12.926307542143249,119880.63365824617,40.24190455127431,19314.623995020986,6.48359315039308,76920.31502697391,25.820850965751564,253015.74636427528,84.93311391885709,140.15996380150318,0.047049333266701306,228.758166878982,0.07679025407149447,308.2826324509318,0.10348527440447527
