loss,layer_idx,accuracy_score,f1_macro,f1_micro,balanced_accuracy_score,aic_rep,aic_rep_avg,bic_rep,bic_rep_avg,ebic_rep,ebic_rep_avg,aic_cls,aic_cls_avg,bic_cls,bic_cls_avg,ebic_cls,ebic_cls_avg,aic_pr,aic_pr_avg,bic_pr,bic_pr_avg,ebic_pr,ebic_pr_avg
50.411750704050064,59,0.9963074857334676,0.9963074790761091,0.9963074857334676,0.9963071439389022,9700.8235014081,3.256402652369285,38497.669674431854,12.923017681917374,119870.83316463328,40.23861469104843,19304.8235014081,6.480303290167204,76910.51453336103,25.817561105525687,253005.9458706624,84.92982405863121,145.8536565899849,0.04896060979858506,280.9293286649978,0.0943032321802611,421.16157748648277,0.1413768303076478
