loss,layer_idx,accuracy_score,f1_macro,f1_micro,balanced_accuracy_score,aic,aic_avg,bic,bic_avg,ebic,ebic_avg
710.5126852989197,17,0.9060087277609936,0.9060086324398,0.9060087277609936,0.9060106607386254,20625.02537059784,6.923472766229553,78230.71640255077,26.26073058158804,254326.14773985214,85.37299353469356
