loss,layer_idx,accuracy_score,f1_macro,f1_micro,balanced_accuracy_score,aic,aic_avg,bic,bic_avg,ebic,ebic_avg
116.02293646335602,63,0.9879154078549849,0.9879153955994029,0.9879154078549849,0.987917423898228,19436.045872926712,6.5243524246145395,77041.73690487964,25.861610239973025,253137.168242181,84.97387319307856
