loss,layer_idx,accuracy_score,f1_macro,f1_micro,balanced_accuracy_score,aic,aic_avg,bic,bic_avg,ebic,ebic_avg
48.8132876008749,31,0.9959718026183283,0.9959718021644182,0.9959718026183283,0.9959724746327427,19301.62657520175,6.479230136019385,76907.31760715468,25.81648795137787,253002.74894445605,84.9287509044834
