loss,layer_idx,accuracy_score,f1_macro,f1_micro,balanced_accuracy_score,aic,aic_avg,bic,bic_avg,ebic,ebic_avg
2155.4305629730225,12,0.6780798925814031,0.6776077716444666,0.6780798925814031,0.678119117933407,23514.861125946045,7.893541834825796,81120.55215789897,27.23079965018428,257215.98349520034,86.34306260328981
