loss,layer_idx,accuracy_score,f1_macro,f1_micro,balanced_accuracy_score,aic_rep,aic_rep_avg,bic_rep,bic_rep_avg,ebic_rep,ebic_rep_avg,aic_cls,aic_cls_avg,bic_cls,bic_cls_avg,ebic_cls,ebic_cls_avg,aic_pr,aic_pr_avg,bic_pr,bic_pr_avg,ebic_pr,ebic_pr_avg
869.3200616836548,71,0.879154078549849,0.8791098197401206,0.879154078549849,0.8791357013046017,11338.64012336731,3.8061900380554916,40135.486296391064,13.472805067603579,121508.64978659249,40.78840207673464,20942.64012336731,7.03009067585341,78548.33115532024,26.367348491211896,254643.7624926216,85.47961144431743,1779.4672718048096,0.5973371170878851,1901.935304433757,0.6384475677857526,2025.0781522297277,0.6797845425410298
