loss,layer_idx,accuracy_score,f1_macro,f1_micro,balanced_accuracy_score,aic,aic_avg,bic,bic_avg,ebic,ebic_avg
63.04325473308563,40,0.9959718026183283,0.9959717803766163,0.9959718026183283,0.9959704463339174,19330.08650946617,6.488783655409927,76935.7775414191,25.826041470768413,253031.20887872047,84.93830442387394
