loss,layer_idx,accuracy_score,f1_macro,f1_micro,balanced_accuracy_score,aic,aic_avg,bic,bic_avg,ebic,ebic_avg
88.00095097720623,22,0.9892581403155422,0.9892579938519233,0.9892581403155422,0.9892554250232578,19380.001901954412,6.505539409853781,76985.69293390734,25.842797225212266,253081.1242712087,84.9550601783178
