loss,layer_idx,accuracy_score,f1_macro,f1_micro,balanced_accuracy_score,aic_rep,aic_rep_avg,bic_rep,bic_rep_avg,ebic_rep,ebic_rep_avg,aic_cls,aic_cls_avg,bic_cls,bic_cls_avg,ebic_cls,ebic_cls_avg,aic_pr,aic_pr_avg,bic_pr,bic_pr_avg,ebic_pr,ebic_pr_avg
201.6678163409233,65,0.9785162806310842,0.9785160845401809,0.9785162806310842,0.9785142305445577,10003.335632681847,3.3579508669626876,38800.1818057056,13.024565896510776,120173.34529590703,40.34016290564183,19607.335632681847,6.581851504760606,77213.02666463477,25.91910932011909,253308.45800193615,85.03137227322462,439.1404803991318,0.14741204444415298,546.5432608119652,0.18346534434775602,649.8379583419053,0.21813963019197893
