loss,layer_idx,accuracy_score,f1_macro,f1_micro,balanced_accuracy_score,aic_rep,aic_rep_avg,bic_rep,bic_rep_avg,ebic_rep,ebic_rep_avg,aic_cls,aic_cls_avg,bic_cls,bic_cls_avg,ebic_cls,ebic_cls_avg,aic_pr,aic_pr_avg,bic_pr,bic_pr_avg,ebic_pr,ebic_pr_avg
2567.7495517730713,2,0.5015105740181269,0.5014114680383384,0.5015105740181269,0.5014968845330046,14735.499103546143,4.9464582422108565,43532.3452765699,14.613073271758944,124905.50876677132,41.92867028089,24339.499103546143,8.170358880008775,81945.19013549907,27.50761669536726,258040.62147280044,86.61987964847279,5151.994060516357,1.7294374154133458,5201.473512443641,1.7460468319716822,5236.276347963878,1.7577295562147963
