loss,layer_idx,accuracy_score,f1_macro,f1_micro,balanced_accuracy_score,aic,aic_avg,bic,bic_avg,ebic,ebic_avg
245.85266399383545,19,0.9697885196374623,0.9697860376807361,0.9697885196374623,0.9697803758032063,19695.70532798767,6.611515719364777,77301.3963599406,25.948773534723262,253396.82769724197,85.06103648782879
