loss,layer_idx,accuracy_score,f1_macro,f1_micro,balanced_accuracy_score,aic,aic_avg,bic,bic_avg,ebic,ebic_avg
245.85266399383545,19,0.9697885196374623,0.9697860376807361,0.9697885196374623,0.9697803758032063,10091.70532798767,3.3876150815668584,38888.551501011425,13.054230111114947,120261.71499121285,40.36982712024601
