loss,layer_idx,accuracy_score,f1_macro,f1_micro,balanced_accuracy_score,aic_rep,aic_rep_avg,bic_rep,bic_rep_avg,ebic_rep,ebic_rep_avg,aic_cls,aic_cls_avg,bic_cls,bic_cls_avg,ebic_cls,ebic_cls_avg,aic_pr,aic_pr_avg,bic_pr,bic_pr_avg,ebic_pr,ebic_pr_avg
24.115804248023778,35,0.9983215844243034,0.9983215813982315,0.9983215844243034,0.9983212446723351,9648.231608496048,3.238748441925494,38445.0777815198,12.905363471473581,119818.24127172123,40.22096048060464,19252.231608496048,6.4626490797234135,76857.92264044897,25.799906895081897,252953.35397775035,84.91216984818743,80.69212637934834,0.02708698435023442,178.06301598165035,0.05977274789582086,268.5264994591473,0.0901398118359004
