loss,layer_idx,accuracy_score,f1_macro,f1_micro,balanced_accuracy_score,aic,aic_avg,bic,bic_avg,ebic,ebic_avg
2893.64249420166,5,0.5018462571332662,0.49888506007708,0.5018462571332662,0.5019241794855153,15387.28498840332,5.165251758443545,44184.131161427074,14.831866787991633,125557.2946516285,42.14746379712269
