loss,layer_idx,accuracy_score,f1_macro,f1_micro,balanced_accuracy_score,aic_rep,aic_rep_avg,bic_rep,bic_rep_avg,ebic_rep,ebic_rep_avg,aic_cls,aic_cls_avg,bic_cls,bic_cls_avg,ebic_cls,ebic_cls_avg,aic_pr,aic_pr_avg,bic_pr,bic_pr_avg,ebic_pr,ebic_pr_avg
2321.2019176483154,8,0.5669687814702921,0.5665643299917891,0.5669687814702921,0.5670001189935311,14242.40383529663,4.780934486504408,43039.250008320385,14.447549516052495,124412.41349852181,41.76314652518356,23846.40383529663,8.004835124302327,81452.09486724956,27.342092939660812,257547.52620455093,86.45435589276634,4664.623447418213,1.565835329781206,4731.274984115031,1.5882091252484158,4784.775990387498,1.6061685096970453
