loss,layer_idx,accuracy_score,f1_macro,f1_micro,balanced_accuracy_score,aic_rep,aic_rep_avg,bic_rep,bic_rep_avg,ebic_rep,ebic_rep_avg,aic_cls,aic_cls_avg,bic_cls,bic_cls_avg,ebic_cls,ebic_cls_avg,aic_pr,aic_pr_avg,bic_pr,bic_pr_avg,ebic_pr,ebic_pr_avg
2893.64249420166,5,0.5018462571332662,0.49888506007708,0.5018462571332662,0.5019241794855153,15387.28498840332,5.165251758443545,44184.131161427074,14.831866787991633,125557.2946516285,42.14746379712269,24991.28498840332,8.389152396241464,82596.97602035625,27.726410211599948,258692.40735765762,86.83867316470548,5807.368007659912,1.949435383571639,5867.610467683032,1.969657760215855,5913.936518664973,1.9852086333215753
