loss,layer_idx,accuracy_score,f1_macro,f1_micro,balanced_accuracy_score,aic_rep,aic_rep_avg,bic_rep,bic_rep_avg,ebic_rep,ebic_rep_avg,aic_cls,aic_cls_avg,bic_cls,bic_cls_avg,ebic_cls,ebic_cls_avg,aic_pr,aic_pr_avg,bic_pr,bic_pr_avg,ebic_pr,ebic_pr_avg
75.83545142412186,60,0.9932863376972139,0.9932863187842444,0.9932863376972139,0.9932856547889487,9751.670902848244,3.2734712664814514,38548.517075872,12.94008629602954,119921.68056607342,40.2556833051606,19355.670902848244,6.49737190427937,76961.36193480117,25.834629719637856,253056.79327210254,84.94689267274339,197.40251219272614,0.06626469022917963,334.5823163112549,0.1123136342098875,477.7059038950723,0.160357805939937
