loss,layer_idx,accuracy_score,f1_macro,f1_micro,balanced_accuracy_score,aic,aic_avg,bic,bic_avg,ebic,ebic_avg
34.0864540534094,29,0.9973145350788856,0.9973145202510775,0.9973145350788856,0.9973131801562061,19272.17290810682,6.469343037296683,76877.86394005975,25.80660085265517,252973.29527736112,84.9188638057607
