loss,layer_idx,accuracy_score,f1_macro,f1_micro,balanced_accuracy_score,aic_rep,aic_rep_avg,bic_rep,bic_rep_avg,ebic_rep,ebic_rep_avg,aic_cls,aic_cls_avg,bic_cls,bic_cls_avg,ebic_cls,ebic_cls_avg,aic_pr,aic_pr_avg,bic_pr,bic_pr_avg,ebic_pr,ebic_pr_avg
26.26520307548344,54,0.9976502181940249,0.9976502139575241,0.9976502181940249,0.9976498777611909,9652.530406150967,3.2401914757136514,38449.37657917472,12.90680650526174,119822.54006937615,40.2224035143928,19256.530406150967,6.46409211351157,76862.2214381039,25.801349928870057,252957.65277540527,84.91361288197558,92.10270992293954,0.030917324579704444,210.80662080144623,0.07076422316262042,328.9292452363244,0.11041599370135093
