loss,layer_idx,accuracy_score,f1_macro,f1_micro,balanced_accuracy_score,aic_rep,aic_rep_avg,bic_rep,bic_rep_avg,ebic_rep,ebic_rep_avg,aic_cls,aic_cls_avg,bic_cls,bic_cls_avg,ebic_cls,ebic_cls_avg,aic_pr,aic_pr_avg,bic_pr,bic_pr_avg,ebic_pr,ebic_pr_avg
53.94953790307045,49,0.9932863376972139,0.9932863369406971,0.9932863376972139,0.9932876830877739,9707.89907580614,3.2587778032246195,38504.745248829895,12.925392832772708,119877.90873903132,40.24098984190377,19311.89907580614,6.482678441022538,76917.59010775907,25.819936256381023,253013.02144506044,84.93219920948655,137.13621646165848,0.04603431234026804,224.83803333624166,0.07547433143210529,303.260602279967,0.1017994636723622
