loss,layer_idx,accuracy_score,f1_macro,f1_micro,balanced_accuracy_score,aic,aic_avg,bic,bic_avg,ebic,ebic_avg
1259.410104751587,4,0.8147029204431017,0.8146937119675456,0.8147029204431017,0.8146966476277018,5594.820209503174,1.8780866765703839,14821.809670776202,4.975431242288084,37394.230220377955,12.552611688612942
