loss,layer_idx,accuracy_score,f1_macro,f1_micro,balanced_accuracy_score,aic_rep,aic_rep_avg,bic_rep,bic_rep_avg,ebic_rep,ebic_rep_avg,aic_cls,aic_cls_avg,bic_cls,bic_cls_avg,ebic_cls,ebic_cls_avg,aic_pr,aic_pr_avg,bic_pr,bic_pr_avg,ebic_pr,ebic_pr_avg
764.4566221237183,23,0.8885532057737496,0.8885521885521885,0.8885532057737496,0.8885510644512236,3576.9132442474365,1.2007093804120297,9720.240427825836,3.2629205867156217,23915.894685693514,8.028162029437231,5628.9132442474365,1.8895311326778907,17927.566297309666,6.017981301547387,49192.506093052725,16.513093686825354,1563.0947589874268,0.5247045179548261,1665.6280737716395,0.5591232204671499,1762.6535999152545,0.591693051331069
