loss,layer_idx,accuracy_score,f1_macro,f1_micro,balanced_accuracy_score,aic,aic_avg,bic,bic_avg,ebic,ebic_avg
2208.2032356262207,0,0.5065458207452165,0.5057031516668563,0.5065458207452165,0.5065047543324463,6464.406471252441,2.169992101796724,12607.733654830841,4.232203308100316,26803.38791269852,8.997444750821927
