loss,layer_idx,accuracy_score,f1_macro,f1_micro,balanced_accuracy_score,aic,aic_avg,bic,bic_avg,ebic,ebic_avg
1277.6744937896729,7,0.8053037932192011,0.805287798386966,0.8053037932192011,0.8052954825728564,5631.348987579346,1.8903487705872257,14858.338448852373,4.987693336304925,37430.75899845413,12.564873782629784
