loss,layer_idx,accuracy_score,f1_macro,f1_micro,balanced_accuracy_score,aic_rep,aic_rep_avg,bic_rep,bic_rep_avg,ebic_rep,ebic_rep_avg,aic_cls,aic_cls_avg,bic_cls,bic_cls_avg,ebic_cls,ebic_cls_avg,aic_pr,aic_pr_avg,bic_pr,bic_pr_avg,ebic_pr,ebic_pr_avg
530.0030188560486,19,0.9288351795904666,0.9288338243407459,0.9288351795904666,0.9288405162155731,3108.006037712097,1.043305148610976,9251.333221290497,3.1055163549145677,23446.987479158175,7.870757797636179,5160.006037712097,1.732126900876837,17458.659090774327,5.860577069746333,48723.598886517386,16.355689455024297,1103.4333028793335,0.3704039284589908,1233.7008314976686,0.4141325382670925,1367.367357843755,0.4590021342207972
