loss,layer_idx,accuracy_score,f1_macro,f1_micro,balanced_accuracy_score,aic,aic_avg,bic,bic_avg,ebic,ebic_avg
89.24799475073814,6,0.9895938234306815,0.9895938046690349,0.9895938234306815,0.9895961792258929,2226.4959895014763,0.7473971096010327,8369.823173079876,2.8096083159046246,22565.477430947554,7.574849758626235
