loss,layer_idx,accuracy_score,f1_macro,f1_micro,balanced_accuracy_score,aic,aic_avg,bic,bic_avg,ebic,ebic_avg
631.2176229953766,21,0.9123867069486404,0.9123724486777128,0.9123867069486404,0.912400478137643,3310.435245990753,1.1112572158411391,9453.762429569153,3.173468422144731,23649.41668743683,7.9387098648663414
