loss,layer_idx,accuracy_score,f1_macro,f1_micro,balanced_accuracy_score,aic,aic_avg,bic,bic_avg,ebic,ebic_avg
107.4440201818943,2,0.9872440416247062,0.9872440401873245,0.9872440416247062,0.9872453808874754,2262.8880403637886,0.7596133066008018,8406.215223942188,2.8218245129043935,22601.869481809867,7.587065955626004
