loss,layer_idx,accuracy_score,f1_macro,f1_micro,balanced_accuracy_score,aic,aic_avg,bic,bic_avg,ebic,ebic_avg
454.68170642852783,17,0.941255454850621,0.9412389013858411,0.941255454850621,0.9412395069340775,2957.3634128570557,0.9927369630268733,9100.690596435456,3.054948169330465,23296.344854303134,7.820189612052076
