loss,layer_idx,accuracy_score,f1_macro,f1_micro,balanced_accuracy_score,aic_rep,aic_rep_avg,bic_rep,bic_rep_avg,ebic_rep,ebic_rep_avg,aic_cls,aic_cls_avg,bic_cls,bic_cls_avg,ebic_cls,ebic_cls_avg,aic_pr,aic_pr_avg,bic_pr,bic_pr_avg,ebic_pr,ebic_pr_avg
789.2963047027588,24,0.8885532057737496,0.8885510834015455,0.8885532057737496,0.8885497122520067,3626.5926094055176,1.2173859044664377,9769.919792983917,3.2795971107700295,23965.574050851596,8.04483855349164,5678.592609405518,1.9062076567322985,17977.245662467747,6.034657825601795,49242.185458210806,16.52977021087976,1631.9728393554688,0.547825726537586,1792.0959925376958,0.6015763654037247,1967.4123174285671,0.6604270954778675
