loss,layer_idx,accuracy_score,f1_macro,f1_micro,balanced_accuracy_score,aic,aic_avg,bic,bic_avg,ebic,ebic_avg
597.8810863494873,20,0.9197717354817053,0.9197612834480127,0.9197717354817053,0.9197841619610134,3243.7621726989746,1.0888761909026434,9387.089356277374,3.151087397206235,23582.743614145053,7.9163288399278455
