loss,layer_idx,accuracy_score,f1_macro,f1_micro,balanced_accuracy_score,aic_rep,aic_rep_avg,bic_rep,bic_rep_avg,ebic_rep,ebic_rep_avg,aic_cls,aic_cls_avg,bic_cls,bic_cls_avg,ebic_cls,ebic_cls_avg,aic_pr,aic_pr_avg,bic_pr,bic_pr_avg,ebic_pr,ebic_pr_avg
1800.6497230529785,1,0.6629741524001342,0.6629738106055689,0.6629741524001342,0.6629738106055689,5649.299446105957,1.8963744364236177,11792.626629684357,3.9585856427272095,25988.280887552035,8.72382708544882,7701.299446105957,2.5851961886894785,19999.952499168186,6.713646357558975,51264.892294911246,17.20875874283694,3643.2973403930664,1.222993400601902,3769.27722595315,1.2652827210316044,3897.1386483062684,1.308203641593242
