loss,layer_idx,accuracy_score,f1_macro,f1_micro,balanced_accuracy_score,aic,aic_avg,bic,bic_avg,ebic,ebic_avg
166.69793391227722,11,0.9768378650553877,0.9768378546154534,0.9768378650553877,0.9768395318145432,2381.3958678245544,0.7993943832912234,8524.723051402954,2.861605589594815,22720.377309270632,7.626847032316426
