loss,layer_idx,accuracy_score,f1_macro,f1_micro,balanced_accuracy_score,aic_rep,aic_rep_avg,bic_rep,bic_rep_avg,ebic_rep,ebic_rep_avg,aic_cls,aic_cls_avg,bic_cls,bic_cls_avg,ebic_cls,ebic_cls_avg,aic_pr,aic_pr_avg,bic_pr,bic_pr_avg,ebic_pr,ebic_pr_avg
1289.0813074111938,2,0.8053037932192011,0.8053011385661099,0.8053037932192011,0.8053008913697237,4114.162614822388,1.381054922733262,8721.658002506188,2.9277133274609564,18926.519032621014,6.353312867613633,5654.162614822388,1.8980069200477971,14881.152076095415,4.995351485765497,37453.57262569717,12.572531932090355,2621.1352214813232,0.879870836348212,2750.0389239408255,0.9231416327428081,2881.8537728893266,0.9673896518594584
