loss,layer_idx,accuracy_score,f1_macro,f1_micro,balanced_accuracy_score,aic,aic_avg,bic,bic_avg,ebic,ebic_avg
530.0030188560486,19,0.9288351795904666,0.9288338243407459,0.9288351795904666,0.9288405162155731,3108.006037712097,1.043305148610976,9251.333221290497,3.1055163549145677,23446.987479158175,7.870757797636179
