loss,layer_idx,accuracy_score,f1_macro,f1_micro,balanced_accuracy_score,aic_rep,aic_rep_avg,bic_rep,bic_rep_avg,ebic_rep,ebic_rep_avg,aic_cls,aic_cls_avg,bic_cls,bic_cls_avg,ebic_cls,ebic_cls_avg,aic_pr,aic_pr_avg,bic_pr,bic_pr_avg,ebic_pr,ebic_pr_avg
2058.849546432495,0,0.5565626049009735,0.5561016217862491,0.5565626049009735,0.5565307165574089,5653.69909286499,1.8978513235532024,10261.194480548791,3.4445097282808965,20466.055510663617,6.870109268433574,7193.69909286499,2.4148033208677377,16420.688554138018,5.512147886585438,38993.10910373977,13.089328332910295,4166.4831199646,1.398618032885062,4312.8191745571075,1.447740575547871,4468.647837475173,1.5000496265442005
