loss,layer_idx,accuracy_score,f1_macro,f1_micro,balanced_accuracy_score,aic,aic_avg,bic,bic_avg,ebic,ebic_avg
1295.765064239502,6,0.797583081570997,0.7975816217859575,0.797583081570997,0.7975865948378442,4127.530128479004,1.3855421713591822,8735.025516162805,2.9322005760868763,18939.88654627763,6.357800116239553
