loss,layer_idx,accuracy_score,f1_macro,f1_micro,balanced_accuracy_score,aic,aic_avg,bic,bic_avg,ebic,ebic_avg
364.7694345712662,16,0.9506545820745217,0.9506447715835931,0.9506545820745217,0.9506413480885312,2777.5388691425323,0.9323729000142774,8920.866052720932,2.9945841063178693,23116.52031058861,7.75982554903948
