loss,layer_idx,accuracy_score,f1_macro,f1_micro,balanced_accuracy_score,aic,aic_avg,bic,bic_avg,ebic,ebic_avg
299.7051842212677,15,0.9620678079892582,0.9620677908919744,0.9620678079892582,0.9620694597693689,4699.410368442535,1.5775127117967558,16998.063421504765,5.705962880666252,48263.003217247824,16.20107526594422
