loss,layer_idx,accuracy_score,f1_macro,f1_micro,balanced_accuracy_score,aic,aic_avg,bic,bic_avg,ebic,ebic_avg
2208.2032356262207,0,0.5065458207452165,0.5057031516668563,0.5065458207452165,0.5065047543324463,8516.406471252441,2.858813854062585,20815.05952431467,6.987264022932082,52079.99932005773,17.482376408210047
