loss,layer_idx,accuracy_score,f1_macro,f1_micro,balanced_accuracy_score,aic,aic_avg,bic,bic_avg,ebic,ebic_avg
78.8226579874754,5,0.9916079221215173,0.9916078880781303,0.9916079221215173,0.9916109560589342,4257.645315974951,1.429219642824757,16556.29836903718,5.557669811694253,47821.23816478024,16.05278219697222
