loss,layer_idx,accuracy_score,f1_macro,f1_micro,balanced_accuracy_score,aic,aic_avg,bic,bic_avg,ebic,ebic_avg
89.24799475073814,6,0.9895938234306815,0.9895938046690349,0.9895938234306815,0.9895961792258929,4278.495989501476,1.4362188618668936,16577.149042563706,5.56466903073639,47842.088838306765,16.059781416014356
