loss,layer_idx,accuracy_score,f1_macro,f1_micro,balanced_accuracy_score,aic_rep,aic_rep_avg,bic_rep,bic_rep_avg,ebic_rep,ebic_rep_avg,aic_cls,aic_cls_avg,bic_cls,bic_cls_avg,ebic_cls,ebic_cls_avg,aic_pr,aic_pr_avg,bic_pr,bic_pr_avg,ebic_pr,ebic_pr_avg
79.83749443851411,3,0.9879154078549849,0.9879154064932547,0.9879154078549849,0.9879160716990112,2207.674988877028,0.7410792174813791,8351.002172455428,2.8032904237849707,22546.656430323106,7.568531866506581,4259.674988877028,1.42990096974724,16558.328041939258,5.558351138616737,47823.26783768232,16.053463523894703,211.25142396613955,0.0709135360745685,365.9637851551066,0.1228478634290388,533.5829568054911,0.17911478912571036
