loss,layer_idx,accuracy_score,f1_macro,f1_micro,balanced_accuracy_score,aic_rep,aic_rep_avg,bic_rep,bic_rep_avg,ebic_rep,ebic_rep_avg,aic_cls,aic_cls_avg,bic_cls,bic_cls_avg,ebic_cls,ebic_cls_avg,aic_pr,aic_pr_avg,bic_pr,bic_pr_avg,ebic_pr,ebic_pr_avg
597.8810863494873,20,0.9197717354817053,0.9197612834480127,0.9197717354817053,0.9197841619610134,3243.7621726989746,1.0888761909026434,9387.089356277374,3.151087397206235,23582.743614145053,7.9163288399278455,5295.762172698975,1.7776979431685045,17594.415225761204,5.906148112038001,48859.35502150426,16.401260497315967,1246.8663864135742,0.41855199275380134,1400.1622386148924,0.4700108219586749,1565.7766756193091,0.5256047920843602
