loss,layer_idx,accuracy_score,f1_macro,f1_micro,balanced_accuracy_score,aic,aic_avg,bic,bic_avg,ebic,ebic_avg
436.3073881864548,18,0.9439409197717354,0.9439409197717354,0.9439409197717354,0.9439418770688648,4972.61477637291,1.6692228185206142,17271.26782943514,5.7976729873901105,48536.2076251782,16.292785372668074
