loss,layer_idx,accuracy_score,f1_macro,f1_micro,balanced_accuracy_score,aic,aic_avg,bic,bic_avg,ebic,ebic_avg
1048.5496578216553,9,0.8536421617992614,0.8536219562332303,0.8536421617992614,0.8536311957768115,5173.099315643311,1.7365220932001715,14400.088776916338,4.833866658917871,36972.50932651809,12.41104710524273
