loss,layer_idx,accuracy_score,f1_macro,f1_micro,balanced_accuracy_score,aic_rep,aic_rep_avg,bic_rep,bic_rep_avg,ebic_rep,ebic_rep_avg,aic_cls,aic_cls_avg,bic_cls,bic_cls_avg,ebic_cls,ebic_cls_avg,aic_pr,aic_pr_avg,bic_pr,bic_pr_avg,ebic_pr,ebic_pr_avg
89.24799475073814,6,0.9895938234306815,0.9895938046690349,0.9895938234306815,0.9895961792258929,2226.4959895014763,0.7473971096010327,8369.823173079876,2.8096083159046246,22565.477430947554,7.574849758626235,4278.495989501476,1.4362188618668936,16577.149042563706,5.56466903073639,47842.088838306765,16.059781416014356,225.85285824537277,0.07581499101892339,367.90790662600443,0.12350047218059901,517.7717774709824,0.1738072431926762
