loss,layer_idx,accuracy_score,f1_macro,f1_micro,balanced_accuracy_score,aic,aic_avg,bic,bic_avg,ebic,ebic_avg
2058.849546432495,0,0.5565626049009735,0.5561016217862491,0.5565626049009735,0.5565307165574089,7193.69909286499,2.4148033208677377,16420.688554138018,5.512147886585438,38993.10910373977,13.089328332910295
