loss,layer_idx,accuracy_score,f1_macro,f1_micro,balanced_accuracy_score,aic_rep,aic_rep_avg,bic_rep,bic_rep_avg,ebic_rep,ebic_rep_avg,aic_cls,aic_cls_avg,bic_cls,bic_cls_avg,ebic_cls,ebic_cls_avg,aic_pr,aic_pr_avg,bic_pr,bic_pr_avg,ebic_pr,ebic_pr_avg
1173.6026363372803,3,0.8277945619335347,0.8277933200268593,0.8277945619335347,0.8277926970424698,3883.2052726745605,1.3035264426567843,8490.700660358361,2.8501848473844786,18695.561690473187,6.275784387537156,5423.205272674561,1.8204784399713194,14650.194733947588,4.917823005689019,37222.61528354934,12.495003452013878,2399.604537963867,0.805506726406132,2556.7851194342447,0.8582695936335162,2727.9077790886167,0.9157125810972194
