loss,layer_idx,accuracy_score,f1_macro,f1_micro,balanced_accuracy_score,aic,aic_avg,bic,bic_avg,ebic,ebic_avg
133.37310335040092,9,0.9818731117824774,0.9818731097398822,0.9818731117824774,0.9818737694987127,4366.746206700802,1.465842969688084,16665.39925976303,5.59429313855758,47930.33905550609,16.089405523835545
