loss,layer_idx,accuracy_score,f1_macro,f1_micro,balanced_accuracy_score,aic,aic_avg,bic,bic_avg,ebic,ebic_avg
597.8810863494873,20,0.9197717354817053,0.9197612834480127,0.9197717354817053,0.9197841619610134,5295.762172698975,1.7776979431685045,17594.415225761204,5.906148112038001,48859.35502150426,16.401260497315967
