loss,layer_idx,accuracy_score,f1_macro,f1_micro,balanced_accuracy_score,aic_rep,aic_rep_avg,bic_rep,bic_rep_avg,ebic_rep,ebic_rep_avg,aic_cls,aic_cls_avg,bic_cls,bic_cls_avg,ebic_cls,ebic_cls_avg,aic_pr,aic_pr_avg,bic_pr,bic_pr_avg,ebic_pr,ebic_pr_avg
90.97279476374388,7,0.9885867740852635,0.9885867625105471,0.9885867740852635,0.9885887908093723,2229.9455895274878,0.7485550820837489,8373.272773105888,2.8107662883873408,22568.927030973566,7.576007731108951,4281.945589527488,1.4373768343496098,16580.598642589717,5.565827003219106,47845.53843833278,16.060939388497072,227.1105446666479,0.07623717511468543,362.59057232851393,0.1217155328393803,503.3776136773211,0.16897536545059452
