loss,layer_idx,accuracy_score,f1_macro,f1_micro,balanced_accuracy_score,aic,aic_avg,bic,bic_avg,ebic,ebic_avg
1002.6110668182373,11,0.8580060422960725,0.8580044422453452,0.8580060422960725,0.8580035319443543,3541.2221336364746,1.1887284772193605,8148.717521320275,2.7353868819470546,18353.5785514351,6.1609864220997315
