loss,layer_idx,accuracy_score,f1_macro,f1_micro,balanced_accuracy_score,aic,aic_avg,bic,bic_avg,ebic,ebic_avg
789.2963047027588,24,0.8885532057737496,0.8885510834015455,0.8885532057737496,0.8885497122520067,3626.5926094055176,1.2173859044664377,9769.919792983917,3.2795971107700295,23965.574050851596,8.04483855349164
