loss,layer_idx,accuracy_score,f1_macro,f1_micro,balanced_accuracy_score,aic,aic_avg,bic,bic_avg,ebic,ebic_avg
364.7694345712662,16,0.9506545820745217,0.9506447715835931,0.9506545820745217,0.9506413480885312,4829.538869142532,1.6211946522801384,17128.19192220476,5.7496448211496345,48393.13171794782,16.2447572064276
