loss,layer_idx,accuracy_score,f1_macro,f1_micro,balanced_accuracy_score,aic,aic_avg,bic,bic_avg,ebic,ebic_avg
1215.353988647461,8,0.8059751594494797,0.8059702400752923,0.8059751594494797,0.8059709060816512,5506.707977294922,1.8485088879808398,14733.69743856795,4.94585345369854,37306.1179881697,12.523033900023398
