loss,layer_idx,accuracy_score,f1_macro,f1_micro,balanced_accuracy_score,aic,aic_avg,bic,bic_avg,ebic,ebic_avg
852.130081653595,10,0.8784827123195703,0.8784677988656373,0.8784827123195703,0.8784724475887584,4780.26016330719,1.604652622795297,14007.249624580218,4.701997188512997,36579.67017418197,12.279177634837856
