loss,layer_idx,accuracy_score,f1_macro,f1_micro,balanced_accuracy_score,aic_rep,aic_rep_avg,bic_rep,bic_rep_avg,ebic_rep,ebic_rep_avg,aic_cls,aic_cls_avg,bic_cls,bic_cls_avg,ebic_cls,ebic_cls_avg,aic_pr,aic_pr_avg,bic_pr,bic_pr_avg,ebic_pr,ebic_pr_avg
278.63015949726105,13,0.9667673716012085,0.9667658736307394,0.9667673716012085,0.9667751130438546,2605.260318994522,0.8745418996289097,8748.587502572922,2.9367531059325014,22944.2417604406,7.701994548654112,4657.260318994522,1.5633636518947707,16955.91337205675,5.691813820764267,48220.85316779981,16.186926206042234,612.6841089725494,0.20566771029625694,778.9372708812191,0.261476089587519,963.0474385126729,0.3232787641868657
