loss,layer_idx,accuracy_score,f1_macro,f1_micro,balanced_accuracy_score,aic,aic_avg,bic,bic_avg,ebic,ebic_avg
312.89612913131714,14,0.9620678079892582,0.962067654113149,0.9620678079892582,0.9620667553709353,2673.7922582626343,0.8975469144889675,8817.119441841034,2.9597581207925594,23012.773699708712,7.72499956351417
