loss,layer_idx,accuracy_score,f1_macro,f1_micro,balanced_accuracy_score,aic_rep,aic_rep_avg,bic_rep,bic_rep_avg,ebic_rep,ebic_rep_avg,aic_cls,aic_cls_avg,bic_cls,bic_cls_avg,ebic_cls,ebic_cls_avg,aic_pr,aic_pr_avg,bic_pr,bic_pr_avg,ebic_pr,ebic_pr_avg
1133.8485479354858,12,0.8355152735817388,0.8355017607062298,0.8355152735817388,0.8355069935743493,3803.6970958709717,1.2768368901883087,8411.192483554772,2.823495294916003,18616.053513669598,6.24909483506868,5343.697095870972,1.7937888875028438,14570.686557144,4.891133453220544,37143.10710674575,12.468313899545402,2330.37371635437,0.7822671085446022,2518.3829870528507,0.8453786462077377,2734.2940031589615,0.9178563286871304
