loss,layer_idx,accuracy_score,f1_macro,f1_micro,balanced_accuracy_score,aic_rep,aic_rep_avg,bic_rep,bic_rep_avg,ebic_rep,ebic_rep_avg,aic_cls,aic_cls_avg,bic_cls,bic_cls_avg,ebic_cls,ebic_cls_avg,aic_pr,aic_pr_avg,bic_pr,bic_pr_avg,ebic_pr,ebic_pr_avg
1456.3816394805908,1,0.7677072843235985,0.7677060017182022,0.7677072843235985,0.7677104292421194,4448.763278961182,1.493374715999054,9056.258666644982,3.040033120726748,19261.119696759808,6.465632660879425,5988.763278961182,2.010326713313589,15215.75274023421,5.107671279031289,37788.17328983596,12.684851725356147,2956.05366897583,0.9922973041207889,3085.9106171031253,1.035888088990643,3219.0191967826013,1.0805703916692182
