loss,layer_idx,accuracy_score,f1_macro,f1_micro,balanced_accuracy_score,aic,aic_avg,bic,bic_avg,ebic,ebic_avg
1456.3816394805908,1,0.7677072843235985,0.7677060017182022,0.7677072843235985,0.7677104292421194,4448.763278961182,1.493374715999054,9056.258666644982,3.040033120726748,19261.119696759808,6.465632660879425
