loss,layer_idx,accuracy_score,f1_macro,f1_micro,balanced_accuracy_score,aic_rep,aic_rep_avg,bic_rep,bic_rep_avg,ebic_rep,ebic_rep_avg,aic_cls,aic_cls_avg,bic_cls,bic_cls_avg,ebic_cls,ebic_cls_avg,aic_pr,aic_pr_avg,bic_pr,bic_pr_avg,ebic_pr,ebic_pr_avg
631.2176229953766,21,0.9123867069486404,0.9123724486777128,0.9123867069486404,0.912400478137643,3310.435245990753,1.1112572158411391,9453.762429569153,3.173468422144731,23649.41668743683,7.9387098648663414,5362.435245990753,1.800078968107,17661.088299052983,5.928529136976496,48926.02809479604,16.423641522254464,1297.915180683136,0.4356882110383135,1404.3433287628732,0.4714143433242273,1506.3772402235927,0.5056654045732101
