loss,layer_idx,accuracy_score,f1_macro,f1_micro,balanced_accuracy_score,aic,aic_avg,bic,bic_avg,ebic,ebic_avg
1173.6026363372803,3,0.8277945619335347,0.8277933200268593,0.8277945619335347,0.8277926970424698,5423.205272674561,1.8204784399713194,14650.194733947588,4.917823005689019,37222.61528354934,12.495003452013878
