loss,layer_idx,accuracy_score,f1_macro,f1_micro,balanced_accuracy_score,aic,aic_avg,bic,bic_avg,ebic,ebic_avg
1289.0813074111938,2,0.8053037932192011,0.8053011385661099,0.8053037932192011,0.8053008913697237,4114.162614822388,1.381054922733262,8721.658002506188,2.9277133274609564,18926.519032621014,6.353312867613633
