loss,layer_idx,accuracy_score,f1_macro,f1_micro,balanced_accuracy_score,aic_rep,aic_rep_avg,bic_rep,bic_rep_avg,ebic_rep,ebic_rep_avg,aic_cls,aic_cls_avg,bic_cls,bic_cls_avg,ebic_cls,ebic_cls_avg,aic_pr,aic_pr_avg,bic_pr,bic_pr_avg,ebic_pr,ebic_pr_avg
1229.5990924835205,5,0.815038603558241,0.8150345184294552,0.815038603558241,0.8150441628264209,3995.198184967041,1.3411205723286475,8602.693572650842,2.8877789770563416,18807.554602765667,6.313378517209019,5535.198184967041,1.8580725696431826,14762.187646240069,4.955417135360882,37334.60819584182,12.53259758168574,2500.670799255371,0.8394329638319473,2625.0750173860156,0.8811933593105121,2750.815260209359,0.9234022357198252
