loss,layer_idx,accuracy_score,f1_macro,f1_micro,balanced_accuracy_score,aic,aic_avg,bic,bic_avg,ebic,ebic_avg
454.68170642852783,17,0.941255454850621,0.9412389013858411,0.941255454850621,0.9412395069340775,5009.363412857056,1.6815587152927343,17308.016465919285,5.81000888416223,48572.956261662344,16.305121269440196
