loss,layer_idx,accuracy_score,f1_macro,f1_micro,balanced_accuracy_score,aic_rep,aic_rep_avg,bic_rep,bic_rep_avg,ebic_rep,ebic_rep_avg,aic_cls,aic_cls_avg,bic_cls,bic_cls_avg,ebic_cls,ebic_cls_avg,aic_pr,aic_pr_avg,bic_pr,bic_pr_avg,ebic_pr,ebic_pr_avg
1048.5496578216553,9,0.8536421617992614,0.8536219562332303,0.8536421617992614,0.8536311957768115,3633.0993156433105,1.2195700958856364,8240.594703327111,2.7662285006133303,18445.455733441937,6.191828040766008,5173.099315643311,1.7365220932001715,14400.088776916338,4.833866658917871,36972.50932651809,12.41104710524273,2151.530418395996,0.7222324331641478,2314.8058447498643,0.777041236908313,2494.6347048819916,0.8374067488694165
