loss,layer_idx,accuracy_score,f1_macro,f1_micro,balanced_accuracy_score,aic,aic_avg,bic,bic_avg,ebic,ebic_avg
278.63015949726105,13,0.9667673716012085,0.9667658736307394,0.9667673716012085,0.9667751130438546,2605.260318994522,0.8745418996289097,8748.587502572922,2.9367531059325014,22944.2417604406,7.701994548654112
