loss,layer_idx,accuracy_score,f1_macro,f1_micro,balanced_accuracy_score,aic,aic_avg,bic,bic_avg,ebic,ebic_avg
631.2176229953766,21,0.9123867069486404,0.9123724486777128,0.9123867069486404,0.912400478137643,5362.435245990753,1.800078968107,17661.088299052983,5.928529136976496,48926.02809479604,16.423641522254464
