loss,layer_idx,accuracy_score,f1_macro,f1_micro,balanced_accuracy_score,aic,aic_avg,bic,bic_avg,ebic,ebic_avg
1002.6110668182373,11,0.8580060422960725,0.8580044422453452,0.8580060422960725,0.8580035319443543,5081.222133636475,1.7056804745338954,14308.211594909502,4.803025040251596,36880.632144511255,12.380205486576454
