loss,layer_idx,accuracy_score,f1_macro,f1_micro,balanced_accuracy_score,aic_rep,aic_rep_avg,bic_rep,bic_rep_avg,ebic_rep,ebic_rep_avg,aic_cls,aic_cls_avg,bic_cls,bic_cls_avg,ebic_cls,ebic_cls_avg,aic_pr,aic_pr_avg,bic_pr,bic_pr_avg,ebic_pr,ebic_pr_avg
107.4440201818943,2,0.9872440416247062,0.9872440401873245,0.9872440416247062,0.9872453808874754,2262.8880403637886,0.7596133066008018,8406.215223942188,2.8218245129043935,22601.869481809867,7.587065955626004,4314.888040363789,1.4484350588666628,16613.541093426018,5.576885227736159,47878.48088916908,16.071997613014126,272.49327260255814,0.0914713906017315,445.2900446380951,0.1494763493246375,638.8704829296345,0.2144580338803741
