loss,layer_idx,accuracy_score,f1_macro,f1_micro,balanced_accuracy_score,aic,aic_avg,bic,bic_avg,ebic,ebic_avg
78.8226579874754,5,0.9916079221215173,0.9916078880781303,0.9916079221215173,0.9916109560589342,2205.645315974951,0.7403978905588958,8348.97249955335,2.8026090968624877,22544.62675742103,7.567850539584098
