loss,layer_idx,accuracy_score,f1_macro,f1_micro,balanced_accuracy_score,aic,aic_avg,bic,bic_avg,ebic,ebic_avg
744.7597389221191,22,0.8979523329976502,0.8979412812109793,0.8979523329976502,0.8979637231994115,3537.5194778442383,1.1874855581887338,9680.846661422638,3.2496967644923256,23876.500919290316,8.014938207213936
