loss,layer_idx,accuracy_score,f1_macro,f1_micro,balanced_accuracy_score,aic_rep,aic_rep_avg,bic_rep,bic_rep_avg,ebic_rep,ebic_rep_avg,aic_cls,aic_cls_avg,bic_cls,bic_cls_avg,ebic_cls,ebic_cls_avg,aic_pr,aic_pr_avg,bic_pr,bic_pr_avg,ebic_pr,ebic_pr_avg
1277.6744937896729,7,0.8053037932192011,0.805287798386966,0.8053037932192011,0.8052954825728564,4091.3489875793457,1.3733967732726908,8698.844375263147,2.9200551780003847,18903.705405377972,6.345654718153062,5631.348987579346,1.8903487705872257,14858.338448852373,4.987693336304925,37430.75899845413,12.564873782629784,2590.187328338623,0.8694821511710719,2694.69090539782,0.9045622374615039,2794.2439503016126,0.9379805136964124
