loss,layer_idx,accuracy_score,f1_macro,f1_micro,balanced_accuracy_score,aic_rep,aic_rep_avg,bic_rep,bic_rep_avg,ebic_rep,ebic_rep_avg,aic_cls,aic_cls_avg,bic_cls,bic_cls_avg,ebic_cls,ebic_cls_avg,aic_pr,aic_pr_avg,bic_pr,bic_pr_avg,ebic_pr,ebic_pr_avg
166.69793391227722,11,0.9768378650553877,0.9768378546154534,0.9768378650553877,0.9768395318145432,2381.3958678245544,0.7993943832912234,8524.723051402954,2.861605589594815,22720.377309270632,7.626847032316426,4433.395867824554,1.4882161355570844,16732.048920886784,5.61666630442658,47996.98871662984,16.111778689704547,383.4541792869568,0.12871909341623256,533.6126683353018,0.17912476278459274,694.8024974022651,0.23323346673456363
