loss,layer_idx,accuracy_score,f1_macro,f1_micro,balanced_accuracy_score,aic,aic_avg,bic,bic_avg,ebic,ebic_avg
133.37310335040092,9,0.9818731117824774,0.9818731097398822,0.9818731117824774,0.9818737694987127,2314.746206700802,0.7770212174222229,8458.073390279202,2.8392324237258144,22653.72764814688,7.604473866447425
