loss,layer_idx,accuracy_score,f1_macro,f1_micro,balanced_accuracy_score,aic_rep,aic_rep_avg,bic_rep,bic_rep_avg,ebic_rep,ebic_rep_avg,aic_cls,aic_cls_avg,bic_cls,bic_cls_avg,ebic_cls,ebic_cls_avg,aic_pr,aic_pr_avg,bic_pr,bic_pr_avg,ebic_pr,ebic_pr_avg
1002.6110668182373,11,0.8580060422960725,0.8580044422453452,0.8580060422960725,0.8580035319443543,3541.2221336364746,1.1887284772193605,8148.717521320275,2.7353868819470546,18353.5785514351,6.1609864220997315,5081.222133636475,1.7056804745338954,14308.211594909502,4.803025040251596,36880.632144511255,12.380205486576454,2070.0625801086426,0.6948850554241834,2264.5626179054343,0.7601754340065238,2490.1284228988497,0.8358940660956192
