loss,layer_idx,accuracy_score,f1_macro,f1_micro,balanced_accuracy_score,aic_rep,aic_rep_avg,bic_rep,bic_rep_avg,ebic_rep,ebic_rep_avg,aic_cls,aic_cls_avg,bic_cls,bic_cls_avg,ebic_cls,ebic_cls_avg,aic_pr,aic_pr_avg,bic_pr,bic_pr_avg,ebic_pr,ebic_pr_avg
257.95310950279236,12,0.9697885196374623,0.9697881077085343,0.9697885196374623,0.969793221695766,2563.9062190055847,0.8606600265208408,8707.233402583985,2.9228712328244324,22902.887660451663,7.688112675546043,4615.906219005585,1.549481778786702,16914.559272067814,5.677931947656198,48179.49906781087,16.173044332934165,570.8526797294617,0.19162560581720767,735.6740106896259,0.24695334363532256,917.7232923054034,0.30806421359698
