loss,layer_idx,accuracy_score,f1_macro,f1_micro,balanced_accuracy_score,aic,aic_avg,bic,bic_avg,ebic,ebic_avg
1133.8485479354858,12,0.8355152735817388,0.8355017607062298,0.8355152735817388,0.8355069935743493,3803.6970958709717,1.2768368901883087,8411.192483554772,2.823495294916003,18616.053513669598,6.24909483506868
