loss,layer_idx,accuracy_score,f1_macro,f1_micro,balanced_accuracy_score,aic,aic_avg,bic,bic_avg,ebic,ebic_avg
166.69793391227722,11,0.9768378650553877,0.9768378546154534,0.9768378650553877,0.9768395318145432,4433.395867824554,1.4882161355570844,16732.048920886784,5.61666630442658,47996.98871662984,16.111778689704547
