loss,layer_idx,accuracy_score,f1_macro,f1_micro,balanced_accuracy_score,aic_rep,aic_rep_avg,bic_rep,bic_rep_avg,ebic_rep,ebic_rep_avg,aic_cls,aic_cls_avg,bic_cls,bic_cls_avg,ebic_cls,ebic_cls_avg,aic_pr,aic_pr_avg,bic_pr,bic_pr_avg,ebic_pr,ebic_pr_avg
299.7051842212677,15,0.9620678079892582,0.9620677908919744,0.9620678079892582,0.9620694597693689,2647.4103684425354,0.8886909595308947,8790.737552020935,2.9509021658344863,22986.391809888613,7.716143608556097,4699.410368442535,1.5775127117967558,16998.063421504765,5.705962880666252,48263.003217247824,16.20107526594422,652.2368988990784,0.21894491403124483,810.6991355044556,0.27213801124688003,983.6461393883637,0.3301934002646404
