loss,layer_idx,accuracy_score,f1_macro,f1_micro,balanced_accuracy_score,aic,aic_avg,bic,bic_avg,ebic,ebic_avg
1215.353988647461,8,0.8059751594494797,0.8059702400752923,0.8059751594494797,0.8059709060816512,3966.707977294922,1.3315568906663047,8574.203364978723,2.878215295393999,18779.06439509355,6.303814835546676
