loss,layer_idx,accuracy_score,f1_macro,f1_micro,balanced_accuracy_score,aic,aic_avg,bic,bic_avg,ebic,ebic_avg
744.7597389221191,22,0.8979523329976502,0.8979412812109793,0.8979523329976502,0.8979637231994115,5589.519477844238,1.8763073104545949,17888.172530906468,6.004757479324091,49153.11232664953,16.499869864602058
