loss,layer_idx,accuracy_score,f1_macro,f1_micro,balanced_accuracy_score,aic,aic_avg,bic,bic_avg,ebic,ebic_avg
1610.559383392334,23,0.7364887546156428,0.7364811529171411,0.7364887546156428,0.7364840927284135,9369.118766784668,3.1450549737444335,27811.099003425297,9.335716348917522,77184.05731678312,25.909384799188693
