loss,layer_idx,accuracy_score,f1_macro,f1_micro,balanced_accuracy_score,aic,aic_avg,bic,bic_avg,ebic,ebic_avg
1282.2297220230103,18,0.8069822087948976,0.8069507968953444,0.8069822087948976,0.806970181302871,6664.4594440460205,2.237146506896952,18963.11249710825,6.365596675766448,50228.05229285131,16.860709061044414
