loss,layer_idx,accuracy_score,f1_macro,f1_micro,balanced_accuracy_score,aic,aic_avg,bic,bic_avg,ebic,ebic_avg
2144.800344467163,10,0.5129237999328634,0.512874398168668,0.5129237999328634,0.5129344616083599,7361.600688934326,2.4711650516731543,16576.591464301928,5.5644818611285425,39115.66166321173,13.130467157842139
