loss,layer_idx,accuracy_score,f1_macro,f1_micro,balanced_accuracy_score,aic,aic_avg,bic,bic_avg,ebic,ebic_avg
2308.057674407959,4,0.48170527022490767,0.48158697698575,0.48170527022490767,0.4817209709872136,7688.115348815918,2.5807705098408587,16903.10612418352,5.674087319296247,39442.17632309332,13.240072616009842
