loss,layer_idx,accuracy_score,f1_macro,f1_micro,balanced_accuracy_score,aic,aic_avg,bic,bic_avg,ebic,ebic_avg
874.2756395339966,5,0.8788183954347096,0.8788164290647473,0.8788183954347096,0.8788152300902188,5848.551279067993,1.9632599124095311,18147.204332130223,6.091710081279027,49412.14412787328,16.586822466556992
