loss,layer_idx,accuracy_score,f1_macro,f1_micro,balanced_accuracy_score,aic_rep,aic_rep_avg,bic_rep,bic_rep_avg,ebic_rep,ebic_rep_avg,aic_cls,aic_cls_avg,bic_cls,bic_cls_avg,ebic_cls,ebic_cls_avg,aic_pr,aic_pr_avg,bic_pr,bic_pr_avg,ebic_pr,ebic_pr_avg
2030.638750076294,19,0.585431352802954,0.5854044432724637,0.585431352802954,0.5854238333225157,8157.277500152588,2.7382603223070117,20443.931867309388,6.862682734914196,51674.37123461829,17.346213908901742,12257.277500152588,4.1145610943781765,36842.58492037162,12.367433675854858,105018.99739920696,35.25310419577273,4146.101886749268,1.3917763970289585,4400.5471797227765,1.47718938560684,4718.421143685937,1.583894308051674
