loss,layer_idx,accuracy_score,f1_macro,f1_micro,balanced_accuracy_score,aic_rep,aic_rep_avg,bic_rep,bic_rep_avg,ebic_rep,ebic_rep_avg,aic_cls,aic_cls_avg,bic_cls,bic_cls_avg,ebic_cls,ebic_cls_avg,aic_pr,aic_pr_avg,bic_pr,bic_pr_avg,ebic_pr,ebic_pr_avg
2117.299633026123,2,0.5273581738838536,0.5273248848071674,0.5273581738838536,0.5273502574587309,7306.599266052246,2.452702002703003,16521.590041419848,5.546018812158391,39060.66024032965,13.112004108871988,10382.599266052246,3.485263264871516,28824.579502692875,9.675924640044604,78197.5378160507,26.249593090315777,4289.720901489258,1.4399868752901168,4455.0676990397915,1.4954910033701885,4637.872817638285,1.5568555950447414
