loss,layer_idx,accuracy_score,f1_macro,f1_micro,balanced_accuracy_score,aic,aic_avg,bic,bic_avg,ebic,ebic_avg
2082.006118774414,14,0.553877139979859,0.5538256570157809,0.553877139979859,0.5538885192877696,10312.012237548828,3.4615683912550614,28753.992474189457,9.65222976642815,78126.95078754728,26.22589821669932
