loss,layer_idx,accuracy_score,f1_macro,f1_micro,balanced_accuracy_score,aic_rep,aic_rep_avg,bic_rep,bic_rep_avg,ebic_rep,ebic_rep_avg,aic_cls,aic_cls_avg,bic_cls,bic_cls_avg,ebic_cls,ebic_cls_avg,aic_pr,aic_pr_avg,bic_pr,bic_pr_avg,ebic_pr,ebic_pr_avg
2052.228094100952,17,0.5673044645854314,0.5673013440830832,0.5673044645854314,0.5673077443153545,8200.456188201904,2.7527546788190347,20487.110555358704,6.877177091426218,51717.549922667604,17.360708265413763,12300.456188201904,4.129055450890199,36885.76360842094,12.381928032366881,105062.17608725627,35.26759855228475,4195.525005340576,1.4083669034375885,4468.701538496989,1.5000676530704897,4816.444932800176,1.6167992389393002
