loss,layer_idx,accuracy_score,f1_macro,f1_micro,balanced_accuracy_score,aic_rep,aic_rep_avg,bic_rep,bic_rep_avg,ebic_rep,ebic_rep_avg,aic_cls,aic_cls_avg,bic_cls,bic_cls_avg,ebic_cls,ebic_cls_avg,aic_pr,aic_pr_avg,bic_pr,bic_pr_avg,ebic_pr,ebic_pr_avg
2144.800344467163,10,0.5129237999328634,0.512874398168668,0.5129237999328634,0.5129344616083599,7361.600688934326,2.4711650516731543,16576.591464301928,5.5644818611285425,39115.66166321173,13.130467157842139,10437.600688934326,3.503726313841667,28879.580925574955,9.694387689014755,78252.53923893278,26.268056139285928,4383.136302947998,1.4713448482537759,4663.712416328314,1.5655295120269601,5023.375096800816,1.6862622010073234
