loss,layer_idx,accuracy_score,f1_macro,f1_micro,balanced_accuracy_score,aic,aic_avg,bic,bic_avg,ebic,ebic_avg
1595.6202907562256,44,0.7354817052702249,0.7354780986036114,0.7354817052702249,0.7354787326107181,11387.240581512451,3.8225043912428505,35972.548001731484,12.075376972719532,104148.96048056682,34.961047492637405
