loss,layer_idx,accuracy_score,f1_macro,f1_micro,balanced_accuracy_score,aic_rep,aic_rep_avg,bic_rep,bic_rep_avg,ebic_rep,ebic_rep_avg,aic_cls,aic_cls_avg,bic_cls,bic_cls_avg,ebic_cls,ebic_cls_avg,aic_pr,aic_pr_avg,bic_pr,bic_pr_avg,ebic_pr,ebic_pr_avg
1596.7992401123047,46,0.7371601208459214,0.7371127240981779,0.7371601208459214,0.737147346444257,7289.598480224609,2.446995125956566,19576.25284738141,6.571417538563749,50806.69221469031,17.054948712551294,11389.59848022461,3.8232958980277307,35974.90590044364,12.076168479504412,104151.31837927898,34.961838999422284,3240.7187461853027,1.0878545640098365,3382.0640639459334,1.1353018005860804,3530.943190072241,1.1852780094233772
