loss,layer_idx,accuracy_score,f1_macro,f1_micro,balanced_accuracy_score,aic,aic_avg,bic,bic_avg,ebic,ebic_avg
1553.6320095062256,23,0.7385028533064787,0.7384602970112578,0.7385028533064787,0.7384907563661539,7207.264019012451,2.419356837533552,19505.91707207468,6.5478070064030485,50770.85686781774,17.042919391681014
