loss,layer_idx,accuracy_score,f1_macro,f1_micro,balanced_accuracy_score,aic,aic_avg,bic,bic_avg,ebic,ebic_avg
1593.4543266296387,21,0.7311178247734139,0.7311134617198409,0.7311178247734139,0.7311226228337768,7282.908653259277,2.4447494640011,19569.563020416077,6.569171876608284,50800.00238772498,17.05270305059583
