loss,layer_idx,accuracy_score,f1_macro,f1_micro,balanced_accuracy_score,aic_rep,aic_rep_avg,bic_rep,bic_rep_avg,ebic_rep,ebic_rep_avg,aic_cls,aic_cls_avg,bic_cls,bic_cls_avg,ebic_cls,ebic_cls_avg,aic_pr,aic_pr_avg,bic_pr,bic_pr_avg,ebic_pr,ebic_pr_avg
2143.771324157715,9,0.5240013427324606,0.5238828290333255,0.5240013427324606,0.524017762488912,7359.54264831543,2.4704742021871198,16574.53342368303,5.5637910116425076,39113.60362259283,13.129776308356103,10435.54264831543,3.5030354643556327,28877.52288495606,9.693696839528721,78250.48119831388,26.26736528979989,4381.329627990723,1.4707383779760734,4662.659755776339,1.5651761516536888,5023.540699054179,1.6863177908876061
