loss,layer_idx,accuracy_score,f1_macro,f1_micro,balanced_accuracy_score,aic,aic_avg,bic,bic_avg,ebic,ebic_avg
1790.7205505371094,37,0.6804296743873783,0.6803950648449086,0.6804296743873783,0.6804198849008026,6653.441101074219,2.2334478352045046,15868.43187644182,5.326764644659892,38407.50207535162,12.892749941373488
