loss,layer_idx,accuracy_score,f1_macro,f1_micro,balanced_accuracy_score,aic_rep,aic_rep_avg,bic_rep,bic_rep_avg,ebic_rep,ebic_rep_avg,aic_cls,aic_cls_avg,bic_cls,bic_cls_avg,ebic_cls,ebic_cls_avg,aic_pr,aic_pr_avg,bic_pr,bic_pr_avg,ebic_pr,ebic_pr_avg
1553.6320095062256,23,0.7385028533064787,0.7384602970112578,0.7385028533064787,0.7384907563661539,5155.264019012451,1.7305350852676908,11298.591202590851,3.792746291571283,25494.24546045853,8.557987734292894,7207.264019012451,2.419356837533552,19505.91707207468,6.5478070064030485,50770.85686781774,17.042919391681014,3140.4504585266113,1.0541961928588826,3239.9988745390724,1.0876129152531293,3333.2193858341393,1.1189054668795366
