loss,layer_idx,accuracy_score,f1_macro,f1_micro,balanced_accuracy_score,aic_rep,aic_rep_avg,bic_rep,bic_rep_avg,ebic_rep,ebic_rep_avg,aic_cls,aic_cls_avg,bic_cls,bic_cls_avg,ebic_cls,ebic_cls_avg,aic_pr,aic_pr_avg,bic_pr,bic_pr_avg,ebic_pr,ebic_pr_avg
2073.367919921875,16,0.5723397113125209,0.5723288682628415,0.5723397113125209,0.57233522100344,8242.73583984375,2.7669472439891742,20529.39020700055,6.891369656596358,51759.82957430945,17.374900830583904,12342.73583984375,4.143248016060339,36928.04326006278,12.39612059753702,105104.45573889812,35.281791117454894,4240.805404663086,1.4235667689369205,4522.98319504493,1.5182890886354246,4885.234487391033,1.639890730913405
