loss,layer_idx,accuracy_score,f1_macro,f1_micro,balanced_accuracy_score,aic,aic_avg,bic,bic_avg,ebic,ebic_avg
1576.3128938674927,45,0.7361530715005036,0.7360423956567224,0.7361530715005036,0.7361331970316523,7248.625787734985,2.433241284906004,19535.280154891785,6.5576636975131875,50765.719522200685,17.041194871500732
