loss,layer_idx,accuracy_score,f1_macro,f1_micro,balanced_accuracy_score,aic,aic_avg,bic,bic_avg,ebic,ebic_avg
1908.0336418151855,17,0.6377979187646862,0.6377977555083213,0.6377979187646862,0.6377978894874624,9964.067283630371,3.3447691452267105,28406.047520271,9.5354305203998,77779.00583362882,26.10909897067097
