loss,layer_idx,accuracy_score,f1_macro,f1_micro,balanced_accuracy_score,aic_rep,aic_rep_avg,bic_rep,bic_rep_avg,ebic_rep,ebic_rep_avg,aic_cls,aic_cls_avg,bic_cls,bic_cls_avg,ebic_cls,ebic_cls_avg,aic_pr,aic_pr_avg,bic_pr,bic_pr_avg,ebic_pr,ebic_pr_avg
1860.5097541809082,19,0.6458543135280296,0.6458503228577761,0.6458543135280296,0.6458583490188443,6793.019508361816,2.2803019497689885,16008.010283729418,5.373618759224376,38547.08048263922,12.939604055937972,9869.019508361816,3.3128632119375014,28310.999745002446,9.50352458711059,77683.95805836027,26.07719303738176,3806.912223815918,1.2779161543524398,4064.5621523904038,1.3644048849917434,4387.514625038016,1.4728145770520362
