loss,layer_idx,accuracy_score,f1_macro,f1_micro,balanced_accuracy_score,aic_rep,aic_rep_avg,bic_rep,bic_rep_avg,ebic_rep,ebic_rep_avg,aic_cls,aic_cls_avg,bic_cls,bic_cls_avg,ebic_cls,ebic_cls_avg,aic_pr,aic_pr_avg,bic_pr,bic_pr_avg,ebic_pr,ebic_pr_avg
1511.177508354187,31,0.7640147700570661,0.7639875371573319,0.7640147700570661,0.7640263624759309,6094.355016708374,2.0457720767735394,15309.345792075976,5.139088886228928,37848.41599098578,12.705074182942523,9170.355016708374,3.0783333389420524,27612.335253349003,9.26899471411514,76985.29356670682,25.842663164386313,3071.043695449829,1.0308975144175325,3217.093736292064,1.079924047093677,3372.522574569658,1.1320988837091837
