loss,layer_idx,accuracy_score,f1_macro,f1_micro,balanced_accuracy_score,aic,aic_avg,bic,bic_avg,ebic,ebic_avg
1502.509684562683,21,0.7485733467606579,0.7485728934550689,0.7485733467606579,0.7485754581250947,7105.019369125366,2.3850350349531273,19403.672422187596,6.513485203822624,50668.612217930655,17.00859758910059
