loss,layer_idx,accuracy_score,f1_macro,f1_micro,balanced_accuracy_score,aic,aic_avg,bic,bic_avg,ebic,ebic_avg
1417.9013662338257,40,0.783484390735146,0.783437146555567,0.783484390735146,0.7834703111139958,11031.802732467651,3.7031899068370766,35617.110152686684,11.956062488313759,103793.52263152202,34.84173300823163
