loss,layer_idx,accuracy_score,f1_macro,f1_micro,balanced_accuracy_score,aic_rep,aic_rep_avg,bic_rep,bic_rep_avg,ebic_rep,ebic_rep_avg,aic_cls,aic_cls_avg,bic_cls,bic_cls_avg,ebic_cls,ebic_cls_avg,aic_pr,aic_pr_avg,bic_pr,bic_pr_avg,ebic_pr,ebic_pr_avg
1593.4543266296387,21,0.7311178247734139,0.7311134617198409,0.7311178247734139,0.7311226228337768,7282.908653259277,2.4447494640011,19569.563020416077,6.569171876608284,50800.00238772498,17.05270305059583,11382.908653259277,3.821050236072265,35968.21607347831,12.073922817548945,104144.62855231365,34.95959333746681,3268.8434448242188,1.097295550461302,3514.6209020028,1.179798892918026,3818.826483842393,1.2819155702727065
