loss,layer_idx,accuracy_score,f1_macro,f1_micro,balanced_accuracy_score,aic,aic_avg,bic,bic_avg,ebic,ebic_avg
2173.938695907593,1,0.5172876804296744,0.5163808169071327,0.5172876804296744,0.5173318134614137,6395.877391815186,2.146988046933597,12539.204575393585,4.2091992532371885,26734.858833261263,8.9744406959588
