loss,layer_idx,accuracy_score,f1_macro,f1_micro,balanced_accuracy_score,aic,aic_avg,bic,bic_avg,ebic,ebic_avg
1765.7077255249023,46,0.6864719704598858,0.6864691087582654,0.6864719704598858,0.6864757090932693,6603.415451049805,2.2166550691674405,15818.406226417406,5.309971878622829,38357.47642532721,12.875957175336424
