loss,layer_idx,accuracy_score,f1_macro,f1_micro,balanced_accuracy_score,aic_rep,aic_rep_avg,bic_rep,bic_rep_avg,ebic_rep,ebic_rep_avg,aic_cls,aic_cls_avg,bic_cls,bic_cls_avg,ebic_cls,ebic_cls_avg,aic_pr,aic_pr_avg,bic_pr,bic_pr_avg,ebic_pr,ebic_pr_avg
1162.639814376831,28,0.8472641826116146,0.8472641137685692,0.8472641826116146,0.8472643657644794,6421.279628753662,2.1555151489606117,18707.93399591046,6.279937561567795,49938.37336321936,16.763468735555342,10521.279628753662,3.5318159210317766,35106.587048972695,11.784688502508457,103282.99952780803,34.670359022426325,2398.409465789795,0.8051055608559231,2617.774952017692,0.8787428506269527,2880.9757721538635,0.9670949218374836
