loss,layer_idx,accuracy_score,f1_macro,f1_micro,balanced_accuracy_score,aic,aic_avg,bic,bic_avg,ebic,ebic_avg
1799.9528503417969,47,0.6720375965088956,0.671929797864516,0.6720375965088956,0.6720565327448562,9747.905700683594,3.2722073516896923,28189.885937324223,9.46286872686278,77562.84425068204,26.03653717713395
