loss,layer_idx,accuracy_score,f1_macro,f1_micro,balanced_accuracy_score,aic,aic_avg,bic,bic_avg,ebic,ebic_avg
1232.6370372772217,36,0.8147029204431017,0.8146876977751814,0.8147029204431017,0.8146946193288764,10661.274074554443,3.578809692700384,35246.581494773476,11.831682274177064,103422.99397360881,34.717352794094936
