loss,layer_idx,accuracy_score,f1_macro,f1_micro,balanced_accuracy_score,aic,aic_avg,bic,bic_avg,ebic,ebic_avg
779.7255201339722,10,0.8898959382343068,0.8898958265723372,0.8898959382343068,0.8898958265723372,5659.451040267944,1.8997821551755436,17958.104093330174,6.02823232404504,49223.04388907323,16.523344709323005
