loss,layer_idx,accuracy_score,f1_macro,f1_micro,balanced_accuracy_score,aic,aic_avg,bic,bic_avg,ebic,ebic_avg
1256.2251319885254,35,0.81067472306143,0.8106591694659462,0.81067472306143,0.8106664178620108,10708.45026397705,3.594645942926167,35293.75768419608,11.847518524402847,103470.17016303142,34.73318904432072
