loss,layer_idx,accuracy_score,f1_macro,f1_micro,balanced_accuracy_score,aic,aic_avg,bic,bic_avg,ebic,ebic_avg
1924.7935028076172,39,0.6371265525344075,0.6370792778548193,0.6371265525344075,0.6371157049825837,9997.587005615234,3.356021149921193,28439.567242255864,9.546682525094282,77812.52555561368,26.120350975365454
