loss,layer_idx,accuracy_score,f1_macro,f1_micro,balanced_accuracy_score,aic,aic_avg,bic,bic_avg,ebic,ebic_avg
1510.735610961914,41,0.7552870090634441,0.7552842515292122,0.7552870090634441,0.7552843945392786,11217.471221923828,3.765515683760936,35802.77864214286,12.018388265237617,103979.1911209782,34.904058785155485
