loss,layer_idx,accuracy_score,f1_macro,f1_micro,balanced_accuracy_score,aic,aic_avg,bic,bic_avg,ebic,ebic_avg
2052.228094100952,17,0.5673044645854314,0.5673013440830832,0.5673044645854314,0.5673077443153545,8200.456188201904,2.7527546788190347,20487.110555358704,6.877177091426218,51717.549922667604,17.360708265413763
