loss,layer_idx,accuracy_score,f1_macro,f1_micro,balanced_accuracy_score,aic_rep,aic_rep_avg,bic_rep,bic_rep_avg,ebic_rep,ebic_rep_avg,aic_cls,aic_cls_avg,bic_cls,bic_cls_avg,ebic_cls,ebic_cls_avg,aic_pr,aic_pr_avg,bic_pr,bic_pr_avg,ebic_pr,ebic_pr_avg
1676.819423675537,35,0.7173548170527022,0.7173540208166937,0.7173548170527022,0.7173538543086476,6425.638847351074,2.1569784650389643,15640.629622718676,5.250295274494352,38179.69982162848,12.816280571207948,9501.638847351074,3.1895397272074772,27943.619083991704,9.380201102380566,77316.57739734952,25.953869552651735,3397.1926460266113,1.140380210146563,3527.8397336005996,1.1842362314872774,3662.022438898371,1.2292790999994532
