loss,layer_idx,accuracy_score,f1_macro,f1_micro,balanced_accuracy_score,aic_rep,aic_rep_avg,bic_rep,bic_rep_avg,ebic_rep,ebic_rep_avg,aic_cls,aic_cls_avg,bic_cls,bic_cls_avg,ebic_cls,ebic_cls_avg,aic_pr,aic_pr_avg,bic_pr,bic_pr_avg,ebic_pr,ebic_pr_avg
1246.7738752365112,48,0.8096676737160121,0.8096428774687165,0.8096676737160121,0.809657001146665,5565.5477504730225,1.868260406335355,14780.538525840624,4.961577215790744,37319.608724750426,12.527562512504339,8641.547750473022,2.900821668503868,27083.52798711365,9.091483043676956,76456.48630047147,25.665151493948127,2539.9667987823486,0.8526239673656759,2679.208693955455,0.8993651204952854,2825.1763028249784,0.9483639821500431
