loss,layer_idx,accuracy_score,f1_macro,f1_micro,balanced_accuracy_score,aic,aic_avg,bic,bic_avg,ebic,ebic_avg
2030.638750076294,19,0.585431352802954,0.5854044432724637,0.585431352802954,0.5854238333225157,12257.277500152588,4.1145610943781765,36842.58492037162,12.367433675854858,105018.99739920696,35.25310419577273
