loss,layer_idx,accuracy_score,f1_macro,f1_micro,balanced_accuracy_score,aic,aic_avg,bic,bic_avg,ebic,ebic_avg
1086.6177244186401,34,0.8445787176905002,0.8445313471307817,0.8445787176905002,0.8445619956296921,6269.23544883728,2.104476485007479,18555.88981599408,6.228898897614663,49786.32918330298,16.71243007160221
