loss,layer_idx,accuracy_score,f1_macro,f1_micro,balanced_accuracy_score,aic,aic_avg,bic,bic_avg,ebic,ebic_avg
1445.851692199707,23,0.771399798590131,0.7713452787178108,0.771399798590131,0.7713850306137903,11087.703384399414,3.721954811815849,35673.01080461845,11.97482739329253,103849.42328345378,34.8604979132104
