loss,layer_idx,accuracy_score,f1_macro,f1_micro,balanced_accuracy_score,aic,aic_avg,bic,bic_avg,ebic,ebic_avg
1086.6177244186401,34,0.8445787176905002,0.8445313471307817,0.8445787176905002,0.8445619956296921,10369.23544883728,3.480777257078644,34954.54286905631,11.733649838555325,103130.95534789165,34.619320358473196
