loss,layer_idx,accuracy_score,f1_macro,f1_micro,balanced_accuracy_score,aic,aic_avg,bic,bic_avg,ebic,ebic_avg
2162.700204849243,0,0.5303793219201074,0.5301048329076494,0.5303793219201074,0.5303555202180827,10473.400409698486,3.515743675628898,28915.380646339116,9.706405050801985,78288.33895969694,26.280073501073158
