loss,layer_idx,accuracy_score,f1_macro,f1_micro,balanced_accuracy_score,aic_rep,aic_rep_avg,bic_rep,bic_rep_avg,ebic_rep,ebic_rep_avg,aic_cls,aic_cls_avg,bic_cls,bic_cls_avg,ebic_cls,ebic_cls_avg,aic_pr,aic_pr_avg,bic_pr,bic_pr_avg,ebic_pr,ebic_pr_avg
1643.4355964660645,20,0.7230614300100705,0.7230489469228281,0.7230614300100705,0.723068924298479,6358.871192932129,2.134565690813068,15573.86196829973,5.227882500268456,38112.93216720953,12.793867796982052,9434.871192932129,3.167126952981581,27876.85142957276,9.357788328154669,77249.80974293058,25.93145677842584,3370.825485229492,1.131529199472807,3622.660781151601,1.21606605610997,3936.4084990604465,1.3213858674254604
