loss,layer_idx,accuracy_score,f1_macro,f1_micro,balanced_accuracy_score,aic_rep,aic_rep_avg,bic_rep,bic_rep_avg,ebic_rep,ebic_rep_avg,aic_cls,aic_cls_avg,bic_cls,bic_cls_avg,ebic_cls,ebic_cls_avg,aic_pr,aic_pr_avg,bic_pr,bic_pr_avg,ebic_pr,ebic_pr_avg
1576.3128938674927,45,0.7361530715005036,0.7360423956567224,0.7361530715005036,0.7361331970316523,7248.625787734985,2.433241284906004,19535.280154891785,6.5576636975131875,50765.719522200685,17.041194871500732,11348.625787734985,3.8095420569771687,35933.93320795402,12.06241463845385,104110.34568678935,34.94808515837172,3205.9435634613037,1.0761811223435058,3365.8793744903214,1.1298688736120581,3540.9281657344836,1.188629797158269
