loss,layer_idx,accuracy_score,f1_macro,f1_micro,balanced_accuracy_score,aic_rep,aic_rep_avg,bic_rep,bic_rep_avg,ebic_rep,ebic_rep_avg,aic_cls,aic_cls_avg,bic_cls,bic_cls_avg,ebic_cls,ebic_cls_avg,aic_pr,aic_pr_avg,bic_pr,bic_pr_avg,ebic_pr,ebic_pr_avg
2267.31955909729,8,0.50486740516952,0.5047278831092317,0.50486740516952,0.5048848196707125,7606.63911819458,2.5534203149360795,16821.62989356218,5.646737124391468,39360.70009247198,13.212722421105063,10682.63911819458,3.585981577104592,29124.61935483521,9.77664295227768,78497.57766819303,26.35031140254885,4639.3708152771,1.5573584475586102,4953.531499685958,1.662816884755273,5368.086218886743,1.8019759042922938
