loss,layer_idx,accuracy_score,f1_macro,f1_micro,balanced_accuracy_score,aic,aic_avg,bic,bic_avg,ebic,ebic_avg
941.448296546936,15,0.8674051695199732,0.8674046316344588,0.8674051695199732,0.8674080774972415,5982.896593093872,2.008357365926107,18281.5496461561,6.1368075347956035,49546.48944189916,16.631919920073567
