loss,layer_idx,accuracy_score,f1_macro,f1_micro,balanced_accuracy_score,aic,aic_avg,bic,bic_avg,ebic,ebic_avg
1410.076467514038,25,0.7901980530379322,0.7901972019532577,0.7901980530379322,0.7902008827156487,8968.152935028076,3.010457514275957,27410.133171668705,9.201118889449045,76783.09148502653,25.774787339720216
