loss,layer_idx,accuracy_score,f1_macro,f1_micro,balanced_accuracy_score,aic,aic_avg,bic,bic_avg,ebic,ebic_avg
1614.2033081054688,22,0.7321248741188319,0.7320994861161197,0.7321248741188319,0.7321354200471647,9376.406616210938,3.14750138174251,27818.386852851567,9.338162756915597,77191.34516620939,25.91183120718677
