loss,layer_idx,accuracy_score,f1_macro,f1_micro,balanced_accuracy_score,aic,aic_avg,bic,bic_avg,ebic,ebic_avg
1439.0384168624878,30,0.7801275595837529,0.780075121233724,0.7801275595837529,0.7801128004586659,5950.076833724976,1.9973403268630332,15165.067609092577,5.090657136318422,37704.13780800238,12.656642433032017
