loss,layer_idx,accuracy_score,f1_macro,f1_micro,balanced_accuracy_score,aic_rep,aic_rep_avg,bic_rep,bic_rep_avg,ebic_rep,ebic_rep_avg,aic_cls,aic_cls_avg,bic_cls,bic_cls_avg,ebic_cls,ebic_cls_avg,aic_pr,aic_pr_avg,bic_pr,bic_pr_avg,ebic_pr,ebic_pr_avg
1370.4810972213745,27,0.7948976166498826,0.7948916999138513,0.7948976166498826,0.7949038315917007,5812.962194442749,1.9513132576175727,15027.95296981035,5.044630067072961,37567.02316872015,12.610615363786557,8888.962194442749,2.9838745197860854,27330.94243108338,9.174535894959174,76703.9007444412,25.748204345230345,2788.747495651245,0.9361354466771551,2932.0877006754813,0.9842523332243979,3083.737740669601,1.0351586910606247
