loss,layer_idx,accuracy_score,f1_macro,f1_micro,balanced_accuracy_score,aic_rep,aic_rep_avg,bic_rep,bic_rep_avg,ebic_rep,ebic_rep_avg,aic_cls,aic_cls_avg,bic_cls,bic_cls_avg,ebic_cls,ebic_cls_avg,aic_pr,aic_pr_avg,bic_pr,bic_pr_avg,ebic_pr,ebic_pr_avg
2109.415626525879,12,0.5468277945619335,0.5467958767682359,0.5468277945619335,0.5468368003721252,7290.831253051758,2.4474089469794422,16505.82202841936,5.5407257564348305,39044.89222732916,13.106711053148427,10366.831253051758,3.4799702091479547,28808.811489692387,9.670631584321043,78181.7698030502,26.244300034592214,4304.9219970703125,1.4450896264082955,4563.165946281092,1.5317777597452475,4887.061253879815,1.6405039455789914
