loss,layer_idx,accuracy_score,f1_macro,f1_micro,balanced_accuracy_score,aic,aic_avg,bic,bic_avg,ebic,ebic_avg
2084.949171066284,2,0.48841893252769386,0.4882915595534472,0.48841893252769386,0.4884035395166699,8265.898342132568,2.774722504911906,20552.552709289368,6.89914491751909,51782.99207659827,17.382676091506635
