loss,layer_idx,accuracy_score,f1_macro,f1_micro,balanced_accuracy_score,aic,aic_avg,bic,bic_avg,ebic,ebic_avg
1643.4355964660645,20,0.7230614300100705,0.7230489469228281,0.7230614300100705,0.723068924298479,9434.871192932129,3.167126952981581,27876.85142957276,9.357788328154669,77249.80974293058,25.93145677842584
