loss,layer_idx,accuracy_score,f1_macro,f1_micro,balanced_accuracy_score,aic_rep,aic_rep_avg,bic_rep,bic_rep_avg,ebic_rep,ebic_rep_avg,aic_cls,aic_cls_avg,bic_cls,bic_cls_avg,ebic_cls,ebic_cls_avg,aic_pr,aic_pr_avg,bic_pr,bic_pr_avg,ebic_pr,ebic_pr_avg
1854.1053886413574,41,0.6535750251762337,0.6535325094733084,0.6535750251762337,0.6535645323554229,6780.210777282715,2.276002275019374,15995.201552650316,5.369319084474762,38534.27175156012,12.935304381188358,9856.210777282715,3.308563537187887,28298.191013923344,9.499224912360974,77671.14932728116,26.072893362632147,3746.1343383789062,1.2575140444373636,3859.8925628810202,1.29570075961095,3971.479815700245,1.333158716247145
