loss,layer_idx,accuracy_score,f1_macro,f1_micro,balanced_accuracy_score,aic_rep,aic_rep_avg,bic_rep,bic_rep_avg,ebic_rep,ebic_rep_avg,aic_cls,aic_cls_avg,bic_cls,bic_cls_avg,ebic_cls,ebic_cls_avg,aic_pr,aic_pr_avg,bic_pr,bic_pr_avg,ebic_pr,ebic_pr_avg
1567.9225883483887,32,0.7502517623363545,0.7502211114807572,0.7502517623363545,0.7502636788472772,6207.845176696777,2.0838688072161053,15422.835952064379,5.177185616671493,37961.90615097418,12.74317091338509,9283.845176696777,3.1164300693846183,27725.825413337407,9.307091444557706,77098.78372669523,25.880759894828877,3181.345443725586,1.0679239488840504,3317.8312968985138,1.113739945249585,3460.000115615425,1.1614636171921533
