loss,layer_idx,accuracy_score,f1_macro,f1_micro,balanced_accuracy_score,aic,aic_avg,bic,bic_avg,ebic,ebic_avg
874.2756395339966,5,0.8788183954347096,0.8788164290647473,0.8788183954347096,0.8788152300902188,3796.551279067993,1.27443816014367,9939.878462646393,3.336649366447262,24135.53272051407,8.101890809168873
