loss,layer_idx,accuracy_score,f1_macro,f1_micro,balanced_accuracy_score,aic,aic_avg,bic,bic_avg,ebic,ebic_avg
2176.8692951202393,3,0.5028533064786841,0.5028497211691592,0.5028533064786841,0.5028565208455031,7425.7385902404785,2.4926950621821007,16640.72936560808,5.586011871637489,39179.79956451788,13.151997168351086
