loss,layer_idx,accuracy_score,f1_macro,f1_micro,balanced_accuracy_score,aic,aic_avg,bic,bic_avg,ebic,ebic_avg
1462.7214469909668,24,0.7620006713662303,0.7619852228989286,0.7620006713662303,0.7619933309534628,11121.442893981934,3.7332805954957817,35706.75031420097,11.986153176972463,103883.1627930363,34.87182369689033
