loss,layer_idx,accuracy_score,f1_macro,f1_micro,balanced_accuracy_score,aic,aic_avg,bic,bic_avg,ebic,ebic_avg
1549.6572704315186,24,0.7522658610271903,0.7522189262416654,0.7522658610271903,0.7522804839791437,9247.314540863037,3.1041673517499286,27689.294777503666,9.294828726923017,77062.25309086149,25.86849717719419
