loss,layer_idx,accuracy_score,f1_macro,f1_micro,balanced_accuracy_score,aic_rep,aic_rep_avg,bic_rep,bic_rep_avg,ebic_rep,ebic_rep_avg,aic_cls,aic_cls_avg,bic_cls,bic_cls_avg,ebic_cls,ebic_cls_avg,aic_pr,aic_pr_avg,bic_pr,bic_pr_avg,ebic_pr,ebic_pr_avg
2118.787830352783,12,0.5555555555555556,0.555454117570682,0.5555555555555556,0.555571331213085,8333.575660705566,2.7974406380347654,20620.230027862366,6.921863050641949,51850.669395171266,17.405394224629497,12433.575660705566,4.17374141010593,37018.8830809246,12.426613991582611,105195.29555975994,35.31228451150048,4317.402145385742,1.4492790014722197,4556.855374538686,1.5296594073644465,4851.152331136104,1.6284499265310857
