loss,layer_idx,accuracy_score,f1_macro,f1_micro,balanced_accuracy_score,aic,aic_avg,bic,bic_avg,ebic,ebic_avg
1448.1700420379639,22,0.7791205102383351,0.779116303850051,0.7791205102383351,0.7791169057354882,11092.340084075928,3.7235112736072264,35677.64750429496,11.976383855083908,103854.0599831303,34.862054375001776
