loss,layer_idx,accuracy_score,f1_macro,f1_micro,balanced_accuracy_score,aic_rep,aic_rep_avg,bic_rep,bic_rep_avg,ebic_rep,ebic_rep_avg,aic_cls,aic_cls_avg,bic_cls,bic_cls_avg,ebic_cls,ebic_cls_avg,aic_pr,aic_pr_avg,bic_pr,bic_pr_avg,ebic_pr,ebic_pr_avg
972.4828300476074,31,0.8744545149378986,0.8744426163000361,0.8744545149378986,0.8744455983211095,6040.965660095215,2.0278501712303507,18327.620027252015,6.152272583837534,49558.059394560914,16.63580375782508,10140.965660095215,3.4041509433015156,34726.27308031425,11.657023524778197,102902.68555914958,34.54269404469607,2002.5396347045898,0.6722187427675697,2175.2426441208136,0.7301922269623409,2368.686786496188,0.7951281592803584
