loss,layer_idx,accuracy_score,f1_macro,f1_micro,balanced_accuracy_score,aic_rep,aic_rep_avg,bic_rep,bic_rep_avg,ebic_rep,ebic_rep_avg,aic_cls,aic_cls_avg,bic_cls,bic_cls_avg,ebic_cls,ebic_cls_avg,aic_pr,aic_pr_avg,bic_pr,bic_pr_avg,ebic_pr,ebic_pr_avg
2099.493116378784,3,0.4796911715340718,0.4796273155849109,0.4796911715340718,0.4797028136561303,8294.986232757568,2.7844868186497376,20581.640599914368,6.908909231256922,51812.07996722327,17.392440405244468,12394.986232757568,4.160787590720902,36980.2936529766,12.413660172197584,105156.70613181194,35.299330692115454,4249.108215332031,1.426353882286684,4399.457696799092,1.4768236645851267,4560.916266938193,1.5310225803753585
