loss,layer_idx,accuracy_score,f1_macro,f1_micro,balanced_accuracy_score,aic,aic_avg,bic,bic_avg,ebic,ebic_avg
1185.9227752685547,17,0.8187311178247734,0.818727665773598,0.8187311178247734,0.818727553493001,4419.845550537109,1.483667522838909,10563.17273411551,3.5458787291425007,24758.826991983187,8.311120171864111
