loss,layer_idx,accuracy_score,f1_macro,f1_micro,balanced_accuracy_score,aic_rep,aic_rep_avg,bic_rep,bic_rep_avg,ebic_rep,ebic_rep_avg,aic_cls,aic_cls_avg,bic_cls,bic_cls_avg,ebic_cls,ebic_cls_avg,aic_pr,aic_pr_avg,bic_pr,bic_pr_avg,ebic_pr,ebic_pr_avg
1853.6841354370117,42,0.6616314199395771,0.6616228408233471,0.6616314199395771,0.661637161679756,6779.368270874023,2.2757194598435797,15994.359046241625,5.3690362692989675,38533.42924515143,12.935021566012564,9855.368270874023,3.3082807220120927,28297.348507514653,9.49894209718518,77670.30682087247,26.072610547456353,3748.012565612793,1.2581445336061743,3869.9320972173123,1.2990708617715045,3992.340981361586,1.340161457321781
