loss,layer_idx,accuracy_score,f1_macro,f1_micro,balanced_accuracy_score,aic,aic_avg,bic,bic_avg,ebic,ebic_avg
1156.0373859405518,30,0.8348439073514602,0.8348385287968925,0.8348439073514602,0.8348505008545899,10508.074771881104,3.5273832735418273,35093.382192100136,11.780255855018508,103269.79467093547,34.665926374936376
