loss,layer_idx,accuracy_score,f1_macro,f1_micro,balanced_accuracy_score,aic,aic_avg,bic,bic_avg,ebic,ebic_avg
1162.639814376831,28,0.8472641826116146,0.8472641137685692,0.8472641826116146,0.8472643657644794,6421.279628753662,2.1555151489606117,18707.93399591046,6.279937561567795,49938.37336321936,16.763468735555342
