loss,layer_idx,accuracy_score,f1_macro,f1_micro,balanced_accuracy_score,aic_rep,aic_rep_avg,bic_rep,bic_rep_avg,ebic_rep,ebic_rep_avg,aic_cls,aic_cls_avg,bic_cls,bic_cls_avg,ebic_cls,ebic_cls_avg,aic_pr,aic_pr_avg,bic_pr,bic_pr_avg,ebic_pr,ebic_pr_avg
2082.006118774414,14,0.553877139979859,0.5538256570157809,0.553877139979859,0.5538885192877696,7236.012237548828,2.4290071290865485,16451.00301291643,5.522323938541937,38990.07321182623,13.088309235255533,10312.012237548828,3.4615683912550614,28753.992474189457,9.65222976642815,78126.95078754728,26.22589821669932,4252.090385437012,1.4273549464373991,4516.295893347518,1.516044274369761,4849.678494491367,1.6279551844549738
