loss,layer_idx,accuracy_score,f1_macro,f1_micro,balanced_accuracy_score,aic,aic_avg,bic,bic_avg,ebic,ebic_avg
1593.4543266296387,21,0.7311178247734139,0.7311134617198409,0.7311178247734139,0.7311226228337768,11382.908653259277,3.821050236072265,35968.21607347831,12.073922817548945,104144.62855231365,34.95959333746681
