loss,layer_idx,accuracy_score,f1_macro,f1_micro,balanced_accuracy_score,aic,aic_avg,bic,bic_avg,ebic,ebic_avg
1625.090145111084,21,0.7351460221550856,0.7351226219359166,0.7351460221550856,0.7351562330975098,6322.180290222168,2.1222491742941147,15537.17106558977,5.215565983749503,38076.24126449957,12.781551280463098
