loss,layer_idx,accuracy_score,f1_macro,f1_micro,balanced_accuracy_score,aic,aic_avg,bic,bic_avg,ebic,ebic_avg
2048.0798110961914,15,0.5770392749244713,0.5769991886043995,0.5770392749244713,0.5770496635728348,7168.159622192383,2.4062301517933475,16383.150397559984,5.499546961248736,38922.220596469786,13.065532257962332
