loss,layer_idx,accuracy_score,f1_macro,f1_micro,balanced_accuracy_score,aic,aic_avg,bic,bic_avg,ebic,ebic_avg
1346.0762729644775,26,0.8100033568311514,0.8099971693069941,0.8100033568311514,0.8100099251422513,10888.152545928955,3.654968964729424,35473.45996614799,11.907841546206106,103649.87244498332,34.793512066123974
