loss,layer_idx,accuracy_score,f1_macro,f1_micro,balanced_accuracy_score,aic_rep,aic_rep_avg,bic_rep,bic_rep_avg,ebic_rep,ebic_rep_avg,aic_cls,aic_cls_avg,bic_cls,bic_cls_avg,ebic_cls,ebic_cls_avg,aic_pr,aic_pr_avg,bic_pr,bic_pr_avg,ebic_pr,ebic_pr_avg
2124.0717430114746,5,0.48707620006713664,0.48707614226925866,0.48707620006713664,0.487077032084983,8344.14348602295,2.8009880785575527,20630.79785317975,6.925410491164736,51861.23722048865,17.408941665152284,12444.14348602295,4.177288850628718,37029.45090624198,12.430161432105399,105205.86338507732,35.31583195202327,4340.32926940918,1.4569752498855923,4616.856334358447,1.5498007164680925,4969.988605128531,1.668341257176412
