loss,layer_idx,accuracy_score,f1_macro,f1_micro,balanced_accuracy_score,aic,aic_avg,bic,bic_avg,ebic,ebic_avg
1623.3025188446045,43,0.729103726082578,0.7290641593256957,0.729103726082578,0.7290922957097423,11442.605037689209,3.841089304360258,36027.91245790824,12.09396188583694,104204.32493674358,34.979632405754806
