loss,layer_idx,accuracy_score,f1_macro,f1_micro,balanced_accuracy_score,aic,aic_avg,bic,bic_avg,ebic,ebic_avg
2143.771324157715,9,0.5240013427324606,0.5238828290333255,0.5240013427324606,0.524017762488912,10435.54264831543,3.5030354643556327,28877.52288495606,9.693696839528721,78250.48119831388,26.26736528979989
