loss,layer_idx,accuracy_score,f1_macro,f1_micro,balanced_accuracy_score,aic,aic_avg,bic,bic_avg,ebic,ebic_avg
842.0201878547668,9,0.8831822759315207,0.8831661485531288,0.8831822759315207,0.8831713398671599,5784.040375709534,1.9416046914097125,18082.693428771763,6.070054860279209,49347.63322451482,16.565167245557173
