loss,layer_idx,accuracy_score,f1_macro,f1_micro,balanced_accuracy_score,aic_rep,aic_rep_avg,bic_rep,bic_rep_avg,ebic_rep,ebic_rep_avg,aic_cls,aic_cls_avg,bic_cls,bic_cls_avg,ebic_cls,ebic_cls_avg,aic_pr,aic_pr_avg,bic_pr,bic_pr_avg,ebic_pr,ebic_pr_avg
779.7255201339722,10,0.8898959382343068,0.8898958265723372,0.8898959382343068,0.8898958265723372,3607.4510402679443,1.2109604029096825,9750.778223846344,3.273171609213274,23946.432481714022,8.038413051934885,5659.451040267944,1.8997821551755436,17958.104093330174,6.02823232404504,49223.04388907323,16.523344709323005,1605.2575130462646,0.5388578425801492,1742.661882871899,0.5849821694769718,1886.094696003153,0.6331301430020655
