loss,layer_idx,accuracy_score,f1_macro,f1_micro,balanced_accuracy_score,aic,aic_avg,bic,bic_avg,ebic,ebic_avg
1610.559383392334,23,0.7364887546156428,0.7364811529171411,0.7364887546156428,0.7364840927284135,6293.118766784668,2.1124937115759206,15508.10954215227,5.205810521031309,38047.17974106207,12.771795817744906
