loss,layer_idx,accuracy_score,f1_macro,f1_micro,balanced_accuracy_score,aic,aic_avg,bic,bic_avg,ebic,ebic_avg
2268.681121826172,7,0.4944612286002014,0.4944484109920245,0.4944612286002014,0.49446680080482897,10685.362243652344,3.5868956843411692,29127.342480292973,9.777557059514258,78500.3007936508,26.35122550978543
