loss,layer_idx,accuracy_score,f1_macro,f1_micro,balanced_accuracy_score,aic,aic_avg,bic,bic_avg,ebic,ebic_avg
2082.006118774414,14,0.553877139979859,0.5538256570157809,0.553877139979859,0.5538885192877696,7236.012237548828,2.4290071290865485,16451.00301291643,5.522323938541937,38990.07321182623,13.088309235255533
