loss,layer_idx,accuracy_score,f1_macro,f1_micro,balanced_accuracy_score,aic,aic_avg,bic,bic_avg,ebic,ebic_avg
1559.7695293426514,42,0.7448808324941255,0.7448656240900293,0.7448808324941255,0.7448738127690877,11315.539058685303,3.7984354007000007,35900.846478904336,12.051307982176683,104077.25895773967,34.936978502094554
