loss,layer_idx,accuracy_score,f1_macro,f1_micro,balanced_accuracy_score,aic_rep,aic_rep_avg,bic_rep,bic_rep_avg,ebic_rep,ebic_rep_avg,aic_cls,aic_cls_avg,bic_cls,bic_cls_avg,ebic_cls,ebic_cls_avg,aic_pr,aic_pr_avg,bic_pr,bic_pr_avg,ebic_pr,ebic_pr_avg
1232.6370372772217,36,0.8147029204431017,0.8146876977751814,0.8147029204431017,0.8146946193288764,6561.274074554443,2.202508920629219,18847.928441711243,6.326931333236402,50078.36780902014,16.81046250722395,10661.274074554443,3.578809692700384,35246.581494773476,11.831682274177064,103422.99397360881,34.717352794094936,2524.6236572265625,0.8474735338122062,2702.652907501789,0.9072349471305099,2903.8656723902122,0.9747786748540491
