loss,layer_idx,accuracy_score,f1_macro,f1_micro,balanced_accuracy_score,aic_rep,aic_rep_avg,bic_rep,bic_rep_avg,ebic_rep,ebic_rep_avg,aic_cls,aic_cls_avg,bic_cls,bic_cls_avg,ebic_cls,ebic_cls_avg,aic_pr,aic_pr_avg,bic_pr,bic_pr_avg,ebic_pr,ebic_pr_avg
1445.851692199707,23,0.771399798590131,0.7713452787178108,0.771399798590131,0.7713850306137903,6987.703384399414,2.345654039744684,19274.357751556214,6.470076452351868,50504.79711886511,16.953607626339412,11087.703384399414,3.721954811815849,35673.01080461845,11.97482739329253,103849.42328345378,34.8604979132104,2967.530601501465,0.9961499165832376,3194.987341773989,1.0725033037173513,3470.6427954979827,1.1650361851285609
