loss,layer_idx,accuracy_score,f1_macro,f1_micro,balanced_accuracy_score,aic,aic_avg,bic,bic_avg,ebic,ebic_avg
1860.5097541809082,19,0.6458543135280296,0.6458503228577761,0.6458543135280296,0.6458583490188443,9869.019508361816,3.3128632119375014,28310.999745002446,9.50352458711059,77683.95805836027,26.07719303738176
