loss,layer_idx,accuracy_score,f1_macro,f1_micro,balanced_accuracy_score,aic,aic_avg,bic,bic_avg,ebic,ebic_avg
1567.9225883483887,32,0.7502517623363545,0.7502211114807572,0.7502517623363545,0.7502636788472772,9283.845176696777,3.1164300693846183,27725.825413337407,9.307091444557706,77098.78372669523,25.880759894828877
