loss,layer_idx,accuracy_score,f1_macro,f1_micro,balanced_accuracy_score,aic,aic_avg,bic,bic_avg,ebic,ebic_avg
2048.0798110961914,15,0.5770392749244713,0.5769991886043995,0.5770392749244713,0.5770496635728348,10244.159622192383,3.4387914139618605,28686.139858833012,9.629452789134948,78059.09817219083,26.20312123940612
