loss,layer_idx,accuracy_score,f1_macro,f1_micro,balanced_accuracy_score,aic,aic_avg,bic,bic_avg,ebic,ebic_avg
2117.3867111206055,8,0.48036253776435045,0.4803577948156261,0.48036253776435045,0.4803660673719738,8330.773422241211,2.7964999738976877,20617.42778939801,6.920922386504871,51847.86715670691,17.404453560492417
