loss,layer_idx,accuracy_score,f1_macro,f1_micro,balanced_accuracy_score,aic,aic_avg,bic,bic_avg,ebic,ebic_avg
1792.8705368041992,36,0.6824437730782141,0.6824334313858946,0.6824437730782141,0.6824502120248372,9733.741073608398,3.2674525255483045,28175.721310249028,9.458113900721392,77548.67962360685,26.031782350992565
