loss,layer_idx,accuracy_score,f1_macro,f1_micro,balanced_accuracy_score,aic_rep,aic_rep_avg,bic_rep,bic_rep_avg,ebic_rep,ebic_rep_avg,aic_cls,aic_cls_avg,bic_cls,bic_cls_avg,ebic_cls,ebic_cls_avg,aic_pr,aic_pr_avg,bic_pr,bic_pr_avg,ebic_pr,ebic_pr_avg
2120.4531898498535,10,0.48170527022490767,0.4816070760394736,0.48170527022490767,0.48169189870405227,8336.906379699707,2.7985587041623723,20623.560746856507,6.922981116769556,51854.00011416541,17.406512290757103,12436.906379699707,4.174859476233537,37022.21379991874,12.427732057710218,105198.62627875408,35.31340257762809,4327.848762512207,1.452785754451899,4588.647348321343,1.540331436160236,4916.6025837020225,1.6504204711990675
