loss,layer_idx,accuracy_score,f1_macro,f1_micro,balanced_accuracy_score,aic,aic_avg,bic,bic_avg,ebic,ebic_avg
1475.4033737182617,48,0.7683786505538771,0.7683773716554329,0.7683786505538771,0.7683770634560049,7046.806747436523,2.3654940407641907,19333.461114593323,6.489916453371374,50563.90048190222,16.97344762735892
