loss,layer_idx,accuracy_score,f1_macro,f1_micro,balanced_accuracy_score,aic_rep,aic_rep_avg,bic_rep,bic_rep_avg,ebic_rep,ebic_rep_avg,aic_cls,aic_cls_avg,bic_cls,bic_cls_avg,ebic_cls,ebic_cls_avg,aic_pr,aic_pr_avg,bic_pr,bic_pr_avg,ebic_pr,ebic_pr_avg
964.8193416595459,7,0.8600201409869084,0.860020077893392,0.8600201409869084,0.8600203370762207,3977.638683319092,1.33522614411517,10120.965866897492,3.397437350418762,24316.62012476517,8.162678793140373,6029.638683319092,2.024047896381031,18328.29173638132,6.152498065250527,49593.23153212438,16.647610450528493,1971.4479904174805,0.6617818027584694,2096.862176366752,0.7038812273805815,2223.9612921133153,0.7465462544858393
