loss,layer_idx,accuracy_score,f1_macro,f1_micro,balanced_accuracy_score,aic,aic_avg,bic,bic_avg,ebic,ebic_avg
1079.8804721832275,16,0.8395434709634105,0.8395369435479509,0.8395434709634105,0.8395378994396486,6259.760944366455,2.101296053832311,18558.413997428685,6.229746222701808,49823.353793171744,16.724858607979773
