loss,layer_idx,accuracy_score,f1_macro,f1_micro,balanced_accuracy_score,aic,aic_avg,bic,bic_avg,ebic,ebic_avg
1511.177508354187,31,0.7640147700570661,0.7639875371573319,0.7640147700570661,0.7640263624759309,9170.355016708374,3.0783333389420524,27612.335253349003,9.26899471411514,76985.29356670682,25.842663164386313
