loss,layer_idx,accuracy_score,f1_macro,f1_micro,balanced_accuracy_score,aic_rep,aic_rep_avg,bic_rep,bic_rep_avg,ebic_rep,ebic_rep_avg,aic_cls,aic_cls_avg,bic_cls,bic_cls_avg,ebic_cls,ebic_cls_avg,aic_pr,aic_pr_avg,bic_pr,bic_pr_avg,ebic_pr,ebic_pr_avg
2195.070732116699,11,0.5159449479691172,0.515824428396372,0.5159449479691172,0.5159613595551805,7462.141464233398,2.504914892324068,16677.132239601,5.598231701779456,39216.2024385108,13.164216998493051,10538.141464233398,3.537476154492581,28980.121700874028,9.72813752966567,78353.08001423185,26.30180597993684,4477.766273498535,1.5031105315537212,4740.611914472357,1.591343375116602,5071.826420786491,1.7025264923754586
