loss,layer_idx,accuracy_score,f1_macro,f1_micro,balanced_accuracy_score,aic_rep,aic_rep_avg,bic_rep,bic_rep_avg,ebic_rep,ebic_rep_avg,aic_cls,aic_cls_avg,bic_cls,bic_cls_avg,ebic_cls,ebic_cls_avg,aic_pr,aic_pr_avg,bic_pr,bic_pr_avg,ebic_pr,ebic_pr_avg
1896.9446182250977,18,0.643168848606915,0.6430335347106106,0.643168848606915,0.6431891077648688,6865.889236450195,2.30476308709305,16080.880011817797,5.398079896548438,38619.9502107276,12.964065193262034,9941.889236450195,3.3373243492615625,28383.869473090825,9.52798572443465,77756.82778644864,26.10165417470582,3880.457534790039,1.3026040734441218,4140.133990076801,1.3897730748831154,4466.304856135329,1.4992631272693282
