loss,layer_idx,accuracy_score,f1_macro,f1_micro,balanced_accuracy_score,aic,aic_avg,bic,bic_avg,ebic,ebic_avg
1785.5126132965088,38,0.6733803289694529,0.6733426367767907,0.6733803289694529,0.6733701942839835,9719.025226593018,3.2625126641802678,28161.005463233647,9.453174039353355,77533.96377659147,26.026842489624528
