loss,layer_idx,accuracy_score,f1_macro,f1_micro,balanced_accuracy_score,aic,aic_avg,bic,bic_avg,ebic,ebic_avg
1853.6841354370117,42,0.6616314199395771,0.6616228408233471,0.6616314199395771,0.661637161679756,9855.368270874023,3.3082807220120927,28297.348507514653,9.49894209718518,77670.30682087247,26.072610547456353
