loss,layer_idx,accuracy_score,f1_macro,f1_micro,balanced_accuracy_score,aic,aic_avg,bic,bic_avg,ebic,ebic_avg
1676.819423675537,35,0.7173548170527022,0.7173540208166937,0.7173548170527022,0.7173538543086476,6425.638847351074,2.1569784650389643,15640.629622718676,5.250295274494352,38179.69982162848,12.816280571207948
