loss,layer_idx,accuracy_score,f1_macro,f1_micro,balanced_accuracy_score,aic,aic_avg,bic,bic_avg,ebic,ebic_avg
2073.367919921875,16,0.5723397113125209,0.5723288682628415,0.5723397113125209,0.57233522100344,12342.73583984375,4.143248016060339,36928.04326006278,12.39612059753702,105104.45573889812,35.281791117454894
