loss,layer_idx,accuracy_score,f1_macro,f1_micro,balanced_accuracy_score,aic,aic_avg,bic,bic_avg,ebic,ebic_avg
1842.857162475586,3,0.6552534407519301,0.6552379011996903,0.6552534407519301,0.6552473442807382,7785.714324951172,2.613532838184348,20084.3673780134,6.741983007053844,51349.30717375646,17.23709539233181
