loss,layer_idx,accuracy_score,f1_macro,f1_micro,balanced_accuracy_score,aic,aic_avg,bic,bic_avg,ebic,ebic_avg
2118.787830352783,12,0.5555555555555556,0.555454117570682,0.5555555555555556,0.555571331213085,12433.575660705566,4.17374141010593,37018.8830809246,12.426613991582611,105195.29555975994,35.31228451150048
