loss,layer_idx,accuracy_score,f1_macro,f1_micro,balanced_accuracy_score,aic,aic_avg,bic,bic_avg,ebic,ebic_avg
1762.1624584197998,45,0.6770728432359853,0.6770684401734443,0.6770728432359853,0.6770698113411653,6596.3249168396,2.214274896555757,15811.315692207201,5.307591706011145,38350.385891117,12.87357700272474
