loss,layer_idx,accuracy_score,f1_macro,f1_micro,balanced_accuracy_score,aic,aic_avg,bic,bic_avg,ebic,ebic_avg
2118.787830352783,12,0.5555555555555556,0.555454117570682,0.5555555555555556,0.555571331213085,8333.575660705566,2.7974406380347654,20620.230027862366,6.921863050641949,51850.669395171266,17.405394224629497
