loss,layer_idx,accuracy_score,f1_macro,f1_micro,balanced_accuracy_score,aic_rep,aic_rep_avg,bic_rep,bic_rep_avg,ebic_rep,ebic_rep_avg,aic_cls,aic_cls_avg,bic_cls,bic_cls_avg,ebic_cls,ebic_cls_avg,aic_pr,aic_pr_avg,bic_pr,bic_pr_avg,ebic_pr,ebic_pr_avg
1614.2033081054688,22,0.7321248741188319,0.7320994861161197,0.7321248741188319,0.7321354200471647,6300.4066162109375,2.114940119573997,15515.39739157854,5.208256929029385,38054.46759048834,12.77424222574298,9376.406616210938,3.14750138174251,27818.386852851567,9.338162756915597,77191.34516620939,25.91183120718677,3296.6166915893555,1.106618560452956,3501.2245091021323,1.1753019500175,3741.968230284332,1.2561155522941698
