loss,layer_idx,accuracy_score,f1_macro,f1_micro,balanced_accuracy_score,aic,aic_avg,bic,bic_avg,ebic,ebic_avg
995.0967807769775,33,0.8633769721383014,0.8633177676767415,0.8633769721383014,0.8633568886436901,10186.193561553955,3.419333186154399,34771.50098177299,11.67220576763108,102947.91346060832,34.55787628754895
