loss,layer_idx,accuracy_score,f1_macro,f1_micro,balanced_accuracy_score,aic,aic_avg,bic,bic_avg,ebic,ebic_avg
1527.4248733520508,43,0.7683786505538771,0.7683429143818511,0.7683786505538771,0.7683669219618787,9202.849746704102,3.089241271132629,27644.82998334473,9.279902646305716,77017.78829670255,25.85357109657689
