loss,layer_idx,accuracy_score,f1_macro,f1_micro,balanced_accuracy_score,aic,aic_avg,bic,bic_avg,ebic,ebic_avg
2267.31955909729,8,0.50486740516952,0.5047278831092317,0.50486740516952,0.5048848196707125,10682.63911819458,3.585981577104592,29124.61935483521,9.77664295227768,78497.57766819303,26.35031140254885
