loss,layer_idx,accuracy_score,f1_macro,f1_micro,balanced_accuracy_score,aic_rep,aic_rep_avg,bic_rep,bic_rep_avg,ebic_rep,ebic_rep_avg,aic_cls,aic_cls_avg,bic_cls,bic_cls_avg,ebic_cls,ebic_cls_avg,aic_pr,aic_pr_avg,bic_pr,bic_pr_avg,ebic_pr,ebic_pr_avg
2148.975387573242,2,0.5229942933870426,0.5228704200577605,0.5229942933870426,0.5229785973907964,6345.950775146484,2.1302285247218813,12489.277958724884,4.192439731025473,26684.932216592562,8.957681173747083,8397.950775146484,2.8190502769877424,20696.603828208714,6.947500445857239,51961.54362395177,17.442612831135204,4328.7053146362305,1.4530732845371703,4420.958829512106,1.4840412317932548,4505.007614240775,1.5122549896746476
