loss,layer_idx,accuracy_score,f1_macro,f1_micro,balanced_accuracy_score,aic_rep,aic_rep_avg,bic_rep,bic_rep_avg,ebic_rep,ebic_rep_avg,aic_cls,aic_cls_avg,bic_cls,bic_cls_avg,ebic_cls,ebic_cls_avg,aic_pr,aic_pr_avg,bic_pr,bic_pr_avg,ebic_pr,ebic_pr_avg
2176.8692951202393,3,0.5028533064786841,0.5028497211691592,0.5028533064786841,0.5028565208455031,7425.7385902404785,2.4926950621821007,16640.72936560808,5.586011871637489,39179.79956451788,13.151997168351086,10501.738590240479,3.5252563243506136,28943.718826881108,9.715917699523702,78316.67714023893,26.289586149794875,4425.276950836182,1.48549075221087,4639.868530580428,1.557525522182084,4895.76744788342,1.6434264679031285
