loss,layer_idx,accuracy_score,f1_macro,f1_micro,balanced_accuracy_score,aic,aic_avg,bic,bic_avg,ebic,ebic_avg
1309.5208129882812,4,0.7955689828801611,0.7955675085698973,0.7955689828801611,0.7955670853075443,6719.0416259765625,2.255468823758497,19017.694679038792,6.383918992627994,50282.63447478185,16.87903137790596
