loss,layer_idx,accuracy_score,f1_macro,f1_micro,balanced_accuracy_score,aic_rep,aic_rep_avg,bic_rep,bic_rep_avg,ebic_rep,ebic_rep_avg,aic_cls,aic_cls_avg,bic_cls,bic_cls_avg,ebic_cls,ebic_cls_avg,aic_pr,aic_pr_avg,bic_pr,bic_pr_avg,ebic_pr,ebic_pr_avg
995.0967807769775,33,0.8633769721383014,0.8633177676767415,0.8633769721383014,0.8633568886436901,6086.193561553955,2.0430324140832345,18372.847928710755,6.167454826690418,49603.287296019655,16.650986000677964,10186.193561553955,3.419333186154399,34771.50098177299,11.67220576763108,102947.91346060832,34.55787628754895,2051.432304382324,0.6886311864324687,2235.128414492523,0.7502948689132336,2444.6649035470327,0.8206327302944051
