loss,layer_idx,accuracy_score,f1_macro,f1_micro,balanced_accuracy_score,aic_rep,aic_rep_avg,bic_rep,bic_rep_avg,ebic_rep,ebic_rep_avg,aic_cls,aic_cls_avg,bic_cls,bic_cls_avg,ebic_cls,ebic_cls_avg,aic_pr,aic_pr_avg,bic_pr,bic_pr_avg,ebic_pr,ebic_pr_avg
846.4272389411926,11,0.8848606915072171,0.8848532178481416,0.8848606915072171,0.8848697020834686,3740.8544778823853,1.2557416844183904,9884.181661460785,3.3179528907219824,24079.835919328463,8.083194333443593,5792.854477882385,1.9445634366842515,18091.507530944615,6.073013605553748,49356.447326687674,16.568125990831714,1736.7587175369263,0.5830005765481457,1868.4570129197791,0.6272094706007987,2004.0712211670307,0.672732870482387
