loss,layer_idx,accuracy_score,f1_macro,f1_micro,balanced_accuracy_score,aic_rep,aic_rep_avg,bic_rep,bic_rep_avg,ebic_rep,ebic_rep_avg,aic_cls,aic_cls_avg,bic_cls,bic_cls_avg,ebic_cls,ebic_cls_avg,aic_pr,aic_pr_avg,bic_pr,bic_pr_avg,ebic_pr,ebic_pr_avg
1502.509684562683,21,0.7485733467606579,0.7485728934550689,0.7485733467606579,0.7485754581250947,5053.019369125366,1.6962132826872662,11196.346552703766,3.7584244889908582,25392.000810571444,8.523665931712468,7105.019369125366,2.3850350349531273,19403.672422187596,6.513485203822624,50668.612217930655,17.00859758910059,3039.8469944000244,1.0204253086270643,3144.3184285256543,1.0554946050774268,3243.830141584172,1.088899006909759
