loss,layer_idx,accuracy_score,f1_macro,f1_micro,balanced_accuracy_score,aic_rep,aic_rep_avg,bic_rep,bic_rep_avg,ebic_rep,ebic_rep_avg,aic_cls,aic_cls_avg,bic_cls,bic_cls_avg,ebic_cls,ebic_cls_avg,aic_pr,aic_pr_avg,bic_pr,bic_pr_avg,ebic_pr,ebic_pr_avg
1842.857162475586,3,0.6552534407519301,0.6552379011996903,0.6552534407519301,0.6552473442807382,5733.714324951172,1.9247110859184866,11877.041508529572,3.9869222922220784,26072.69576639725,8.75216373494369,7785.714324951172,2.613532838184348,20084.3673780134,6.741983007053844,51349.30717375646,17.23709539233181,3726.621047973633,1.2509637623275034,3849.3277782153305,1.2921543397835953,3972.7902910000153,1.333598620678085
