loss,layer_idx,accuracy_score,f1_macro,f1_micro,balanced_accuracy_score,aic,aic_avg,bic,bic_avg,ebic,ebic_avg
2052.228094100952,17,0.5673044645854314,0.5673013440830832,0.5673044645854314,0.5673077443153545,12300.456188201904,4.129055450890199,36885.76360842094,12.381928032366881,105062.17608725627,35.26759855228475
