loss,layer_idx,accuracy_score,f1_macro,f1_micro,balanced_accuracy_score,aic,aic_avg,bic,bic_avg,ebic,ebic_avg
1323.0195932388306,39,0.7945619335347432,0.7945267172475352,0.7945619335347432,0.7945495553968975,10842.039186477661,3.6394894885792755,35427.346606696694,11.892362070055956,103603.75908553203,34.778032589973826
