loss,layer_idx,accuracy_score,f1_macro,f1_micro,balanced_accuracy_score,aic_rep,aic_rep_avg,bic_rep,bic_rep_avg,ebic_rep,ebic_rep_avg,aic_cls,aic_cls_avg,bic_cls,bic_cls_avg,ebic_cls,ebic_cls_avg,aic_pr,aic_pr_avg,bic_pr,bic_pr_avg,ebic_pr,ebic_pr_avg
1309.5208129882812,4,0.7955689828801611,0.7955675085698973,0.7955689828801611,0.7955670853075443,4667.0416259765625,1.566647071492636,10810.368809554962,3.6288582777962275,25006.02306742264,8.394099720517838,6719.0416259765625,2.255468823758497,19017.694679038792,6.383918992627994,50282.63447478185,16.87903137790596,2663.3697395324707,0.8940482509340284,2796.339517366827,0.9386839601768469,2933.6889307114425,0.984789839110924
