loss,layer_idx,accuracy_score,f1_macro,f1_micro,balanced_accuracy_score,aic,aic_avg,bic,bic_avg,ebic,ebic_avg
944.6334161758423,32,0.87378314870762,0.873759236133965,0.87378314870762,0.8737701748123148,5985.266832351685,2.0091530152237946,18271.921199508484,6.133575427830978,49502.360566817384,16.617106601818524
