loss,layer_idx,accuracy_score,f1_macro,f1_micro,balanced_accuracy_score,aic,aic_avg,bic,bic_avg,ebic,ebic_avg
2109.415626525879,12,0.5468277945619335,0.5467958767682359,0.5468277945619335,0.5468368003721252,10366.831253051758,3.4799702091479547,28808.811489692387,9.670631584321043,78181.7698030502,26.244300034592214
