loss,layer_idx,accuracy_score,f1_macro,f1_micro,balanced_accuracy_score,aic,aic_avg,bic,bic_avg,ebic,ebic_avg
1338.6709671020508,19,0.7891910036925143,0.7891881293439948,0.7891910036925143,0.7891880855022608,6777.341934204102,2.275039252837899,19075.99498726633,6.403489421707396,50340.93478300939,16.89860180698536
