loss,layer_idx,accuracy_score,f1_macro,f1_micro,balanced_accuracy_score,aic,aic_avg,bic,bic_avg,ebic,ebic_avg
2319.151891708374,6,0.48841893252769386,0.4883829008850308,0.48841893252769386,0.48842787910257246,12834.303783416748,4.308259074661547,37419.61120363578,12.561131656138228,105596.02368247112,35.446802176056096
