loss,layer_idx,accuracy_score,f1_macro,f1_micro,balanced_accuracy_score,aic,aic_avg,bic,bic_avg,ebic,ebic_avg
1785.5126132965088,38,0.6733803289694529,0.6733426367767907,0.6733803289694529,0.6733701942839835,6643.025226593018,2.229951402011755,15858.01600196062,5.323268211467143,38397.08620087042,12.889253508180738
