loss,layer_idx,accuracy_score,f1_macro,f1_micro,balanced_accuracy_score,aic_rep,aic_rep_avg,bic_rep,bic_rep_avg,ebic_rep,ebic_rep_avg,aic_cls,aic_cls_avg,bic_cls,bic_cls_avg,ebic_cls,ebic_cls_avg,aic_pr,aic_pr_avg,bic_pr,bic_pr_avg,ebic_pr,ebic_pr_avg
1517.9527339935303,22,0.74756629741524,0.7475649036012832,0.74756629741524,0.7475694219077909,5083.905467987061,1.7065812245676604,11227.23265156546,3.7687924308712524,25422.88690943314,8.534033873592863,7135.905467987061,2.3954029768335214,19434.55852104929,6.5238531457030176,50699.49831679235,17.01896553098098,3071.40824508667,1.03101988757525,3177.904912883816,1.0667690207733522,3280.0273607437266,1.1010498021966186
