loss,layer_idx,accuracy_score,f1_macro,f1_micro,balanced_accuracy_score,aic_rep,aic_rep_avg,bic_rep,bic_rep_avg,ebic_rep,ebic_rep_avg,aic_cls,aic_cls_avg,bic_cls,bic_cls_avg,ebic_cls,ebic_cls_avg,aic_pr,aic_pr_avg,bic_pr,bic_pr_avg,ebic_pr,ebic_pr_avg
1417.9013662338257,40,0.783484390735146,0.783437146555567,0.783484390735146,0.7834703111139958,6931.802732467651,2.3268891347659117,19218.45709962445,6.451311547373096,50448.89646693335,16.934842721360642,11031.802732467651,3.7031899068370766,35617.110152686684,11.956062488313759,103793.52263152202,34.84173300823163,2916.511480331421,0.9790236590572075,3158.6112091908303,1.0602924502151159,3457.0479288330785,1.1604726179365823
