loss,layer_idx,accuracy_score,f1_macro,f1_micro,balanced_accuracy_score,aic_rep,aic_rep_avg,bic_rep,bic_rep_avg,ebic_rep,ebic_rep_avg,aic_cls,aic_cls_avg,bic_cls,bic_cls_avg,ebic_cls,ebic_cls_avg,aic_pr,aic_pr_avg,bic_pr,bic_pr_avg,ebic_pr,ebic_pr_avg
842.0201878547668,9,0.8831822759315207,0.8831661485531288,0.8831822759315207,0.8831713398671599,3732.0403757095337,1.2527829391438514,9875.367559287934,3.3149941454474434,24071.02181715561,8.080235588169053,5784.040375709534,1.9416046914097125,18082.693428771763,6.070054860279209,49347.63322451482,16.565167245557173,1728.004807472229,0.5800620367479788,1859.883659405014,0.6243315405857718,1995.7440325587872,0.6699375738700192
