loss,layer_idx,accuracy_score,f1_macro,f1_micro,balanced_accuracy_score,aic,aic_avg,bic,bic_avg,ebic,ebic_avg
2114.8746948242188,4,0.47499160792212153,0.4749191274054413,0.47499160792212153,0.4749802578914346,12425.749389648438,4.171114263057548,37011.05680986747,12.42398684453423,105187.4692887028,35.3096573644521
