loss,layer_idx,accuracy_score,f1_macro,f1_micro,balanced_accuracy_score,aic_rep,aic_rep_avg,bic_rep,bic_rep_avg,ebic_rep,ebic_rep_avg,aic_cls,aic_cls_avg,bic_cls,bic_cls_avg,ebic_cls,ebic_cls_avg,aic_pr,aic_pr_avg,bic_pr,bic_pr_avg,ebic_pr,ebic_pr_avg
2288.93363571167,6,0.4968110104061766,0.4966576443823797,0.4968110104061766,0.4968290928365894,7649.86727142334,2.5679312760736286,16864.85804679094,5.661248085529017,39403.92824570074,13.227233382242613,10725.86727142334,3.6004925382421415,29167.84750806397,9.79115391341523,78540.80582142179,26.3648223636864,4688.70760345459,1.5739199743049983,5021.19218587863,1.6855294346688923,5466.209867556223,1.8349143563464998
