loss,layer_idx,accuracy_score,f1_macro,f1_micro,balanced_accuracy_score,aic_rep,aic_rep_avg,bic_rep,bic_rep_avg,ebic_rep,ebic_rep_avg,aic_cls,aic_cls_avg,bic_cls,bic_cls_avg,ebic_cls,ebic_cls_avg,aic_pr,aic_pr_avg,bic_pr,bic_pr_avg,ebic_pr,ebic_pr_avg
1549.6572704315186,24,0.7522658610271903,0.7522189262416654,0.7522658610271903,0.7522804839791437,6171.314540863037,2.0716060895814157,15386.305316230639,5.164922899036804,37925.37551514044,12.7309081957504,9247.314540863037,3.1041673517499286,27689.294777503666,9.294828726923017,77062.25309086149,25.86849717719419,3165.8181800842285,1.0627117086553302,3365.307249729949,1.1296768209902481,3598.343275903926,1.2079030801960142
