loss,layer_idx,accuracy_score,f1_macro,f1_micro,balanced_accuracy_score,aic_rep,aic_rep_avg,bic_rep,bic_rep_avg,ebic_rep,ebic_rep_avg,aic_cls,aic_cls_avg,bic_cls,bic_cls_avg,ebic_cls,ebic_cls_avg,aic_pr,aic_pr_avg,bic_pr,bic_pr_avg,ebic_pr,ebic_pr_avg
1610.559383392334,23,0.7364887546156428,0.7364811529171411,0.7364887546156428,0.7364840927284135,6293.118766784668,2.1124937115759206,15508.10954215227,5.205810521031309,38047.17974106207,12.771795817744906,9369.118766784668,3.1450549737444335,27811.099003425297,9.335716348917522,77184.05731678312,25.909384799188693,3295.961624145508,1.1063986653727786,3520.465608579848,1.1817608622288849,3791.564655020734,1.2727642346494574
