loss,layer_idx,accuracy_score,f1_macro,f1_micro,balanced_accuracy_score,aic_rep,aic_rep_avg,bic_rep,bic_rep_avg,ebic_rep,ebic_rep_avg,aic_cls,aic_cls_avg,bic_cls,bic_cls_avg,ebic_cls,ebic_cls_avg,aic_pr,aic_pr_avg,bic_pr,bic_pr_avg,ebic_pr,ebic_pr_avg
1475.4033737182617,48,0.7683786505538771,0.7683773716554329,0.7683786505538771,0.7683770634560049,7046.806747436523,2.3654940407641907,19333.461114593323,6.489916453371374,50563.90048190222,16.97344762735892,11146.806747436523,3.741794812835355,35732.114167655556,11.994667394312037,103908.5266464909,34.880337914229905,2991.5604972839355,1.0042163468559704,3113.8083582557915,1.04525288964612,3236.6564911628325,1.0864909335894033
