loss,layer_idx,accuracy_score,f1_macro,f1_micro,balanced_accuracy_score,aic,aic_avg,bic,bic_avg,ebic,ebic_avg
2134.8354816436768,0,0.5374286673380329,0.5360396262513742,0.5374286673380329,0.5373741102529154,12465.670963287354,4.184515261257923,37050.978383506386,12.437387842734605,105227.39086234172,35.323058362652475
