loss,layer_idx,accuracy_score,f1_macro,f1_micro,balanced_accuracy_score,aic_rep,aic_rep_avg,bic_rep,bic_rep_avg,ebic_rep,ebic_rep_avg,aic_cls,aic_cls_avg,bic_cls,bic_cls_avg,ebic_cls,ebic_cls_avg,aic_pr,aic_pr_avg,bic_pr,bic_pr_avg,ebic_pr,ebic_pr_avg
1557.926181793213,24,0.7381671701913394,0.7379332590463903,0.7381671701913394,0.7381378323705674,5163.852363586426,1.7334180475281724,11307.179547164826,3.7956292538317644,25502.833805032504,8.560870696553375,7215.852363586426,2.4222397997940335,19514.505416648655,6.55068996866353,50779.445212391714,17.045802353941497,3144.6236000061035,1.0555970459906356,3230.9278572337244,1.0845679279065876,3307.6385624187433,1.1103184163876278
