loss,layer_idx,accuracy_score,f1_macro,f1_micro,balanced_accuracy_score,aic_rep,aic_rep_avg,bic_rep,bic_rep_avg,ebic_rep,ebic_rep_avg,aic_cls,aic_cls_avg,bic_cls,bic_cls_avg,ebic_cls,ebic_cls_avg,aic_pr,aic_pr_avg,bic_pr,bic_pr_avg,ebic_pr,ebic_pr_avg
1409.500039100647,20,0.7744209466263847,0.7744207178555202,0.7744209466263847,0.7744227461543454,4867.000078201294,1.6337697476338684,11010.327261779694,3.69598095393746,25205.981519647372,8.461222396659071,6919.000078201294,2.3225914998997292,19217.653131263523,6.451041668769226,50482.59292700658,16.94615405404719,2857.5145473480225,0.9592193848096752,2973.045301874482,0.9980011083835119,3086.9667377617707,1.0362426108633
