loss,layer_idx,accuracy_score,f1_macro,f1_micro,balanced_accuracy_score,aic_rep,aic_rep_avg,bic_rep,bic_rep_avg,ebic_rep,ebic_rep_avg,aic_cls,aic_cls_avg,bic_cls,bic_cls_avg,ebic_cls,ebic_cls_avg,aic_pr,aic_pr_avg,bic_pr,bic_pr_avg,ebic_pr,ebic_pr_avg
1799.9528503417969,47,0.6720375965088956,0.671929797864516,0.6720375965088956,0.6720565327448562,6671.905700683594,2.2396460895211794,15886.896476051195,5.332962898976568,38425.966674961,12.898948195690163,9747.905700683594,3.2722073516896923,28189.885937324223,9.46286872686278,77562.84425068204,26.03653717713395,3644.2392807006836,1.2233095940586383,3777.225456122723,1.267950807694771,3914.5972718073053,1.3140642067161146
