loss,layer_idx,accuracy_score,f1_macro,f1_micro,balanced_accuracy_score,aic_rep,aic_rep_avg,bic_rep,bic_rep_avg,ebic_rep,ebic_rep_avg,aic_cls,aic_cls_avg,bic_cls,bic_cls_avg,ebic_cls,ebic_cls_avg,aic_pr,aic_pr_avg,bic_pr,bic_pr_avg,ebic_pr,ebic_pr_avg
2121.806447982788,11,0.48338368580060426,0.4833380420270921,0.48338368580060426,0.48337471062936765,8339.612895965576,2.7994672359736743,20626.267263122376,6.923889648580858,51856.706630431276,17.407420822568405,12439.612895965576,4.175768008044839,37024.92031618461,12.428640589521521,105201.33279501995,35.314311109439394,4343.866344451904,1.4581625862544156,4644.593754282732,1.5591116999942036,5037.041327912166,1.6908497240389948
