loss,layer_idx,accuracy_score,f1_macro,f1_micro,balanced_accuracy_score,aic,aic_avg,bic,bic_avg,ebic,ebic_avg
1842.857162475586,3,0.6552534407519301,0.6552379011996903,0.6552534407519301,0.6552473442807382,5733.714324951172,1.9247110859184866,11877.041508529572,3.9869222922220784,26072.69576639725,8.75216373494369
