loss,layer_idx,accuracy_score,f1_macro,f1_micro,balanced_accuracy_score,aic_rep,aic_rep_avg,bic_rep,bic_rep_avg,ebic_rep,ebic_rep_avg,aic_cls,aic_cls_avg,bic_cls,bic_cls_avg,ebic_cls,ebic_cls_avg,aic_pr,aic_pr_avg,bic_pr,bic_pr_avg,ebic_pr,ebic_pr_avg
1376.3440113067627,28,0.7928835179590467,0.792867739905215,0.7928835179590467,0.7928755327664914,5824.688022613525,1.955249420145527,15039.678797981127,5.048566229600915,37578.74899689093,12.61455152631451,8900.688022613525,2.98781068231404,27342.668259254155,9.178472057487127,76715.62657261197,25.7521405077583,2798.4456825256348,0.9393909642583534,2935.703629788817,0.9854661395732853,3078.9348090746626,1.0335464280210347
