loss,layer_idx,accuracy_score,f1_macro,f1_micro,balanced_accuracy_score,aic,aic_avg,bic,bic_avg,ebic,ebic_avg
2120.4531898498535,10,0.48170527022490767,0.4816070760394736,0.48170527022490767,0.48169189870405227,8336.906379699707,2.7985587041623723,20623.560746856507,6.922981116769556,51854.00011416541,17.406512290757103
