loss,layer_idx,accuracy_score,f1_macro,f1_micro,balanced_accuracy_score,aic_rep,aic_rep_avg,bic_rep,bic_rep_avg,ebic_rep,ebic_rep_avg,aic_cls,aic_cls_avg,bic_cls,bic_cls_avg,ebic_cls,ebic_cls_avg,aic_pr,aic_pr_avg,bic_pr,bic_pr_avg,ebic_pr,ebic_pr_avg
805.9420642852783,13,0.8845250083920779,0.8845234339081756,0.8845250083920779,0.8845221868847494,3659.8841285705566,1.228561305327478,9803.211312148956,3.2907725116310695,23998.865570016635,8.05601395435268,5711.884128570557,1.9173830575933388,18010.537181632786,6.045833226462835,49275.476977375845,16.5409456117408,1654.7979927062988,0.5554877451179251,1783.525486894529,0.5986993913711074,1915.101439972403,0.6428672171777117
