loss,layer_idx,accuracy_score,f1_macro,f1_micro,balanced_accuracy_score,aic,aic_avg,bic,bic_avg,ebic,ebic_avg
1370.4810972213745,27,0.7948976166498826,0.7948916999138513,0.7948976166498826,0.7949038315917007,5812.962194442749,1.9513132576175727,15027.95296981035,5.044630067072961,37567.02316872015,12.610615363786557
