loss,layer_idx,accuracy_score,f1_macro,f1_micro,balanced_accuracy_score,aic,aic_avg,bic,bic_avg,ebic,ebic_avg
1257.8823556900024,37,0.8093319906008728,0.8093056677533828,0.8093319906008728,0.8093209796412886,10711.764711380005,3.5957585469553557,35297.07213159904,11.848631128432038,103473.48461043437,34.734301648349906
