loss,layer_idx,accuracy_score,f1_macro,f1_micro,balanced_accuracy_score,aic,aic_avg,bic,bic_avg,ebic,ebic_avg
1686.6753978729248,34,0.7163477677072844,0.7163395849872412,0.7163477677072844,0.7163430853940849,9521.35079574585,3.1961566954501004,27963.33103238648,9.386818070623189,77336.2893457443,25.96048652089436
