loss,layer_idx,accuracy_score,f1_macro,f1_micro,balanced_accuracy_score,aic,aic_avg,bic,bic_avg,ebic,ebic_avg
1409.500039100647,20,0.7744209466263847,0.7744207178555202,0.7744209466263847,0.7744227461543454,4867.000078201294,1.6337697476338684,11010.327261779694,3.69598095393746,25205.981519647372,8.461222396659071
