loss,layer_idx,accuracy_score,f1_macro,f1_micro,balanced_accuracy_score,aic,aic_avg,bic,bic_avg,ebic,ebic_avg
846.4272389411926,11,0.8848606915072171,0.8848532178481416,0.8848606915072171,0.8848697020834686,3740.8544778823853,1.2557416844183904,9884.181661460785,3.3179528907219824,24079.835919328463,8.083194333443593
