loss,layer_idx,accuracy_score,f1_macro,f1_micro,balanced_accuracy_score,aic_rep,aic_rep_avg,bic_rep,bic_rep_avg,ebic_rep,ebic_rep_avg,aic_cls,aic_cls_avg,bic_cls,bic_cls_avg,ebic_cls,ebic_cls_avg,aic_pr,aic_pr_avg,bic_pr,bic_pr_avg,ebic_pr,ebic_pr_avg
2048.0798110961914,15,0.5770392749244713,0.5769991886043995,0.5770392749244713,0.5770496635728348,7168.159622192383,2.4062301517933475,16383.150397559984,5.499546961248736,38922.220596469786,13.065532257962332,10244.159622192383,3.4387914139618605,28686.139858833012,9.629452789134948,78059.09817219083,26.20312123940612,4185.261215209961,1.4049215223934075,4452.536722282728,1.4946413972080324,4790.822516222312,1.6081982263250458
