loss,layer_idx,accuracy_score,f1_macro,f1_micro,balanced_accuracy_score,aic_rep,aic_rep_avg,bic_rep,bic_rep_avg,ebic_rep,ebic_rep_avg,aic_cls,aic_cls_avg,bic_cls,bic_cls_avg,ebic_cls,ebic_cls_avg,aic_pr,aic_pr_avg,bic_pr,bic_pr_avg,ebic_pr,ebic_pr_avg
2075.25443649292,15,0.562604900973481,0.5625952404965155,0.562604900973481,0.5626007388416521,8246.50887298584,2.7682137875078348,20533.16324014264,6.892636200115018,51763.60260745154,17.376167374102565,12346.50887298584,4.144514559578999,36931.81629320487,12.397387141055681,105108.22877204021,35.283057660973554,4242.591125488281,1.4241662052662911,4518.807631798525,1.5168874225574103,4871.439841323943,1.63526010114936
