loss,layer_idx,accuracy_score,f1_macro,f1_micro,balanced_accuracy_score,aic,aic_avg,bic,bic_avg,ebic,ebic_avg
1576.3128938674927,45,0.7361530715005036,0.7360423956567224,0.7361530715005036,0.7361331970316523,11348.625787734985,3.8095420569771687,35933.93320795402,12.06241463845385,104110.34568678935,34.94808515837172
