loss,layer_idx,accuracy_score,f1_macro,f1_micro,balanced_accuracy_score,aic,aic_avg,bic,bic_avg,ebic,ebic_avg
1162.639814376831,28,0.8472641826116146,0.8472641137685692,0.8472641826116146,0.8472643657644794,10521.279628753662,3.5318159210317766,35106.587048972695,11.784688502508457,103282.99952780803,34.670359022426325
