loss,layer_idx,accuracy_score,f1_macro,f1_micro,balanced_accuracy_score,aic_rep,aic_rep_avg,bic_rep,bic_rep_avg,ebic_rep,ebic_rep_avg,aic_cls,aic_cls_avg,bic_cls,bic_cls_avg,ebic_cls,ebic_cls_avg,aic_pr,aic_pr_avg,bic_pr,bic_pr_avg,ebic_pr,ebic_pr_avg
1323.0195932388306,39,0.7945619335347432,0.7945267172475352,0.7945619335347432,0.7945495553968975,6742.039186477661,2.2631887165081106,19028.69355363446,6.387611129115294,50259.13292094336,16.87114230310284,10842.039186477661,3.6394894885792755,35427.346606696694,11.892362070055956,103603.75908553203,34.778032589973826,2727.5831089019775,0.9156035947975756,2972.188087068438,0.9977133558470755,3274.5525191924607,1.0992119903297954
