loss,layer_idx,accuracy_score,f1_macro,f1_micro,balanced_accuracy_score,aic,aic_avg,bic,bic_avg,ebic,ebic_avg
1854.1053886413574,41,0.6535750251762337,0.6535325094733084,0.6535750251762337,0.6535645323554229,9856.210777282715,3.308563537187887,28298.191013923344,9.499224912360974,77671.14932728116,26.072893362632147
