loss,layer_idx,accuracy_score,f1_macro,f1_micro,balanced_accuracy_score,aic_rep,aic_rep_avg,bic_rep,bic_rep_avg,ebic_rep,ebic_rep_avg,aic_cls,aic_cls_avg,bic_cls,bic_cls_avg,ebic_cls,ebic_cls_avg,aic_pr,aic_pr_avg,bic_pr,bic_pr_avg,ebic_pr,ebic_pr_avg
2057.774272918701,18,0.5659617321248741,0.5659458850948212,0.5659617321248741,0.5659562211981566,8211.548545837402,2.756478195984358,20498.202912994202,6.880900608591541,51728.6422803031,17.36443178257909,12311.548545837402,4.132778968055523,36896.855966056435,12.385651549532204,105073.26844489177,35.27132206945007,4203.22696685791,1.4109523218724103,4466.233425485116,1.4992391492061483,4797.70419896696,1.6105082910261697
