loss,layer_idx,accuracy_score,f1_macro,f1_micro,balanced_accuracy_score,aic_rep,aic_rep_avg,bic_rep,bic_rep_avg,ebic_rep,ebic_rep_avg,aic_cls,aic_cls_avg,bic_cls,bic_cls_avg,ebic_cls,ebic_cls_avg,aic_pr,aic_pr_avg,bic_pr,bic_pr_avg,ebic_pr,ebic_pr_avg
2134.8354816436768,0,0.5374286673380329,0.5360396262513742,0.5374286673380329,0.5373741102529154,8365.670963287354,2.8082144891867586,20652.325330444153,6.932636901793942,51882.76469775305,17.41616807578149,12465.670963287354,4.184515261257923,37050.978383506386,12.437387842734605,105227.39086234172,35.323058362652475,4301.09564781189,1.4438051855696172,4395.359377633647,1.4754479280408348,4481.916990140127,1.5045038570460314
