loss,layer_idx,accuracy_score,f1_macro,f1_micro,balanced_accuracy_score,aic_rep,aic_rep_avg,bic_rep,bic_rep_avg,ebic_rep,ebic_rep_avg,aic_cls,aic_cls_avg,bic_cls,bic_cls_avg,ebic_cls,ebic_cls_avg,aic_pr,aic_pr_avg,bic_pr,bic_pr_avg,ebic_pr,ebic_pr_avg
1836.7686195373535,20,0.6559248069822088,0.6559122445647269,0.6559248069822088,0.6559315570844422,7769.537239074707,2.6081024636034598,20056.191606231507,6.732524876210643,51286.63097354041,17.21605605019819,11869.537239074707,3.9844032356746246,36454.84465929374,12.237275817151305,104631.25713812908,35.12294633706917,3757.0305709838867,1.261171725741486,4007.483137177831,1.345244423356103,4319.048490705645,1.4498316517977996
