loss,layer_idx,accuracy_score,f1_macro,f1_micro,balanced_accuracy_score,aic,aic_avg,bic,bic_avg,ebic,ebic_avg
1788.2480907440186,44,0.6784155756965424,0.6783604495476123,0.6784155756965424,0.6784294476536639,9724.496181488037,3.2643491713622144,28166.476418128666,9.455010546535302,77539.43473148649,26.028678996806473
