loss,layer_idx,accuracy_score,f1_macro,f1_micro,balanced_accuracy_score,aic,aic_avg,bic,bic_avg,ebic,ebic_avg
1762.1624584197998,45,0.6770728432359853,0.6770684401734443,0.6770728432359853,0.6770698113411653,9672.3249168396,3.24683615872427,28114.30515348023,9.437497533897357,77487.26346683805,26.011165984168528
