loss,layer_idx,accuracy_score,f1_macro,f1_micro,balanced_accuracy_score,aic_rep,aic_rep_avg,bic_rep,bic_rep_avg,ebic_rep,ebic_rep_avg,aic_cls,aic_cls_avg,bic_cls,bic_cls_avg,ebic_cls,ebic_cls_avg,aic_pr,aic_pr_avg,bic_pr,bic_pr_avg,ebic_pr,ebic_pr_avg
1908.0336418151855,17,0.6377979187646862,0.6377977555083213,0.6377979187646862,0.6377978894874624,6888.067283630371,2.3122078830581976,16103.058058997973,5.405524692513586,38642.128257907774,12.971509989227181,9964.067283630371,3.3447691452267105,28406.047520271,9.5354305203998,77779.00583362882,26.10909897067097,3898.5400161743164,1.3086740571246447,4145.931119563579,1.391719073368103,4452.673647346252,1.4946873606398967
