loss,layer_idx,accuracy_score,f1_macro,f1_micro,balanced_accuracy_score,aic,aic_avg,bic,bic_avg,ebic,ebic_avg
1475.4033737182617,48,0.7683786505538771,0.7683773716554329,0.7683786505538771,0.7683770634560049,11146.806747436523,3.741794812835355,35732.114167655556,11.994667394312037,103908.5266464909,34.880337914229905
