loss,layer_idx,accuracy_score,f1_macro,f1_micro,balanced_accuracy_score,aic_rep,aic_rep_avg,bic_rep,bic_rep_avg,ebic_rep,ebic_rep_avg,aic_cls,aic_cls_avg,bic_cls,bic_cls_avg,ebic_cls,ebic_cls_avg,aic_pr,aic_pr_avg,bic_pr,bic_pr_avg,ebic_pr,ebic_pr_avg
2106.2989921569824,0,0.5243370258475999,0.5240742446536975,0.5243370258475999,0.5243138941173926,6260.597984313965,2.101577034009387,12403.925167892365,4.163788240312979,26599.579425760043,8.92902968303459,8312.597984313965,2.790398786275248,20611.251037376194,6.918848955144744,51876.19083311925,17.41396134042271,4244.5570278167725,1.4248261254839787,4340.423659023785,1.45700693488546,4428.992010205753,1.4867378349129752
