loss,layer_idx,accuracy_score,f1_macro,f1_micro,balanced_accuracy_score,aic,aic_avg,bic,bic_avg,ebic,ebic_avg
2120.1916160583496,7,0.5357502517623364,0.5347806473504522,0.5357502517623364,0.5357967698665109,5776.383232116699,1.9390343175954008,10383.8786198005,3.485692722323095,20588.739649915326,6.911292262475772
