loss,layer_idx,accuracy_score,f1_macro,f1_micro,balanced_accuracy_score,aic_rep,aic_rep_avg,bic_rep,bic_rep_avg,ebic_rep,ebic_rep_avg,aic_cls,aic_cls_avg,bic_cls,bic_cls_avg,ebic_cls,ebic_cls_avg,aic_pr,aic_pr_avg,bic_pr,bic_pr_avg,ebic_pr,ebic_pr_avg
1854.2111320495605,1,0.6535750251762337,0.6534734621003084,0.6535750251762337,0.6535584474589472,5244.422264099121,1.7604640027187382,9851.917651782922,3.3071224074464323,20056.778681897747,6.73272194759911,6784.422264099121,2.2774160000332735,16011.411725372149,5.374760565750973,38583.8322749739,12.951941012075832,3728.320812225342,1.2515343444865197,3788.009919460476,1.2715709699430937,3833.7268269488436,1.2869173638633244
