loss,layer_idx,accuracy_score,f1_macro,f1_micro,balanced_accuracy_score,aic,aic_avg,bic,bic_avg,ebic,ebic_avg
2152.7637786865234,17,0.531050688150386,0.530847472836383,0.531050688150386,0.53107218580299,8405.527557373047,2.821593674848287,20704.180610435276,6.950043843717784,51969.120406178336,17.44515622899575
