loss,layer_idx,accuracy_score,f1_macro,f1_micro,balanced_accuracy_score,aic,aic_avg,bic,bic_avg,ebic,ebic_avg
1867.1999492645264,3,0.6549177576367908,0.6549158522634564,0.6549177576367908,0.6549160554726207,6810.399898529053,2.286136253282663,16037.38935980208,5.383480819000363,38609.80990940383,12.960661265325221
