loss,layer_idx,accuracy_score,f1_macro,f1_micro,balanced_accuracy_score,aic_rep,aic_rep_avg,bic_rep,bic_rep_avg,ebic_rep,ebic_rep_avg,aic_cls,aic_cls_avg,bic_cls,bic_cls_avg,ebic_cls,ebic_cls_avg,aic_pr,aic_pr_avg,bic_pr,bic_pr_avg,ebic_pr,ebic_pr_avg
2166.3966178894043,13,0.5518630412890232,0.5518531435631989,0.5518630412890232,0.5518683336578611,6380.793235778809,2.1419245504460585,12524.120419357208,4.2041357567496505,26719.774677224887,8.96937719947126,8432.793235778809,2.8307463027119195,20731.446288841038,6.959196471581416,51996.3860845841,17.45430885685938,4394.983840942383,1.475321866714462,4581.5352253489145,1.5379440165655973,4795.287866470064,1.6096971690063995
