loss,layer_idx,accuracy_score,f1_macro,f1_micro,balanced_accuracy_score,aic,aic_avg,bic,bic_avg,ebic,ebic_avg
2253.083671569824,20,0.5193017791205102,0.5191001406875654,0.5193017791205102,0.5193229268081607,8606.167343139648,2.8889450631553033,20904.820396201878,7.0173952320248,52169.76019194494,17.512507617302767
