loss,layer_idx,accuracy_score,f1_macro,f1_micro,balanced_accuracy_score,aic,aic_avg,bic,bic_avg,ebic,ebic_avg
1727.219467163086,3,0.7042631755622693,0.7042546442293011,0.7042631755622693,0.7042584809934878,7554.438934326172,2.5358975946042874,19853.0919873884,6.664347763473784,51118.03178313146,17.159460148751748
