loss,layer_idx,accuracy_score,f1_macro,f1_micro,balanced_accuracy_score,aic,aic_avg,bic,bic_avg,ebic,ebic_avg
1809.6544189453125,5,0.6693521315877812,0.6692799834995866,0.6693521315877812,0.6693379362194674,7719.308837890625,2.5912416374255205,20017.961890952854,6.719691806295017,51282.901686695914,17.21480419157298
