loss,layer_idx,accuracy_score,f1_macro,f1_micro,balanced_accuracy_score,aic,aic_avg,bic,bic_avg,ebic,ebic_avg
2144.4016971588135,12,0.5260154414232964,0.5260089787161157,0.5260154414232964,0.5260196934293936,7364.803394317627,2.472240145793094,16591.792855590655,5.569584711510794,39164.21340519241,13.146765157835652
