loss,layer_idx,accuracy_score,f1_macro,f1_micro,balanced_accuracy_score,aic,aic_avg,bic,bic_avg,ebic,ebic_avg
2082.0070762634277,6,0.5518630412890232,0.5518628392989888,0.5518630412890232,0.5518629248609939,7240.0141525268555,2.4303505043728952,16467.003613799883,5.527695070090595,39039.424163401636,13.104875516415454
