loss,layer_idx,accuracy_score,f1_macro,f1_micro,balanced_accuracy_score,aic,aic_avg,bic,bic_avg,ebic,ebic_avg
2089.397937774658,10,0.5401141322591474,0.5401024721507792,0.5401141322591474,0.5401197507626403,7254.795875549316,2.4353124792042014,16481.785336822344,5.532657044921901,39054.2058864241,13.10983749124676
