loss,layer_idx,accuracy_score,f1_macro,f1_micro,balanced_accuracy_score,aic,aic_avg,bic,bic_avg,ebic,ebic_avg
1809.6544189453125,5,0.6693521315877812,0.6692799834995866,0.6693521315877812,0.6693379362194674,5667.308837890625,1.9024198851596592,11810.636021469025,3.964631091463251,26006.290279336703,8.729872534184862
