loss,layer_idx,accuracy_score,f1_macro,f1_micro,balanced_accuracy_score,aic_rep,aic_rep_avg,bic_rep,bic_rep_avg,ebic_rep,ebic_rep_avg,aic_cls,aic_cls_avg,bic_cls,bic_cls_avg,ebic_cls,ebic_cls_avg,aic_pr,aic_pr_avg,bic_pr,bic_pr_avg,ebic_pr,ebic_pr_avg
2086.558271408081,11,0.5474991607922122,0.5473664989449765,0.5474991607922122,0.5474824754981502,6221.116542816162,2.0883237807372144,12364.443726394562,4.150534987040806,26560.09798426224,8.915776429762417,8273.116542816162,2.7771455330030754,20571.76959587839,6.9055957018725715,51836.70939162145,17.400708087150537,4212.955318450928,1.4142179652403248,4332.458557375506,1.4543331847517642,4451.643963358688,1.4943417131113421
