loss,layer_idx,accuracy_score,f1_macro,f1_micro,balanced_accuracy_score,aic,aic_avg,bic,bic_avg,ebic,ebic_avg
2086.558271408081,11,0.5474991607922122,0.5473664989449765,0.5474991607922122,0.5474824754981502,8273.116542816162,2.7771455330030754,20571.76959587839,6.9055957018725715,51836.70939162145,17.400708087150537
