loss,layer_idx,accuracy_score,f1_macro,f1_micro,balanced_accuracy_score,aic,aic_avg,bic,bic_avg,ebic,ebic_avg
2246.05108833313,19,0.5115810674723061,0.5115015817090889,0.5115810674723061,0.511594432184505,6540.10217666626,2.195401871992702,12683.42936024466,4.257613078296294,26879.083618112338,9.022854521017905
