loss,layer_idx,accuracy_score,f1_macro,f1_micro,balanced_accuracy_score,aic_rep,aic_rep_avg,bic_rep,bic_rep_avg,ebic_rep,ebic_rep_avg,aic_cls,aic_cls_avg,bic_cls,bic_cls_avg,ebic_cls,ebic_cls_avg,aic_pr,aic_pr_avg,bic_pr,bic_pr_avg,ebic_pr,ebic_pr_avg
1795.1982154846191,2,0.6797583081570997,0.6797565399409897,0.6797583081570997,0.6797566311849592,5126.396430969238,1.720844723386787,9733.891818653039,3.267503128114481,19938.752848767865,6.693102668267159,6666.396430969238,2.237796720701322,15893.385892242266,5.335141286419022,38465.80644184402,12.91232173274388,3616.2873573303223,1.2139266053475402,3693.951630632116,1.239997190544517,3760.2517032241144,1.2622530054461614
