loss,layer_idx,accuracy_score,f1_macro,f1_micro,balanced_accuracy_score,aic,aic_avg,bic,bic_avg,ebic,ebic_avg
2174.4353828430176,14,0.5273581738838536,0.5271850727613606,0.5273581738838536,0.5273779775426755,8448.870765686035,2.836143258034923,20747.523818748265,6.964593426904419,52012.463614491324,17.459705812182385
