loss,layer_idx,accuracy_score,f1_macro,f1_micro,balanced_accuracy_score,aic,aic_avg,bic,bic_avg,ebic,ebic_avg
2194.494010925293,23,0.5176233635448136,0.5163972511791481,0.5176233635448136,0.5175731810216135,8488.988021850586,2.849609943555081,20787.641074912815,6.978060112424577,52052.580870655875,17.473172497702542
