loss,layer_idx,accuracy_score,f1_macro,f1_micro,balanced_accuracy_score,aic,aic_avg,bic,bic_avg,ebic,ebic_avg
2174.389503479004,16,0.5236656596173213,0.5235520565353501,0.5236656596173213,0.5236817409835357,8448.779006958008,2.8361124561792574,20747.432060020237,6.964562625048754,52012.3718557633,17.45967501032672
