loss,layer_idx,accuracy_score,f1_macro,f1_micro,balanced_accuracy_score,aic,aic_avg,bic,bic_avg,ebic,ebic_avg
2111.152898788452,12,0.5323934206109433,0.5323934206109433,0.5323934206109433,0.532393960537418,6270.305797576904,2.1048357830066817,12413.632981155304,4.167046989310274,26609.287239022982,8.932288432031884
