loss,layer_idx,accuracy_score,f1_macro,f1_micro,balanced_accuracy_score,aic,aic_avg,bic,bic_avg,ebic,ebic_avg
2243.5304584503174,24,0.5055387713997986,0.5043807084152905,0.5055387713997986,0.5055879632634517,6535.060916900635,2.1937096062103505,12678.388100479035,4.255920812513942,26874.042358346713,9.021162255235554
