loss,layer_idx,accuracy_score,f1_macro,f1_micro,balanced_accuracy_score,aic_rep,aic_rep_avg,bic_rep,bic_rep_avg,ebic_rep,ebic_rep_avg,aic_cls,aic_cls_avg,bic_cls,bic_cls_avg,ebic_cls,ebic_cls_avg,aic_pr,aic_pr_avg,bic_pr,bic_pr_avg,ebic_pr,ebic_pr_avg
2126.702850341797,0,0.5384357166834508,0.5384188646599994,0.5384357166834508,0.538430177841241,6301.405700683594,2.1152754953620656,12444.732884261994,4.177486701665657,26640.38714212967,8.942728144387267,8353.405700683594,2.8040972476279267,20652.058753745823,6.932547416497423,51916.99854948888,17.427659801775388,4275.618722915649,1.435253012056277,4342.250492108823,1.457620171906285,4395.729042839646,1.4755720184087433
