loss,layer_idx,accuracy_score,f1_macro,f1_micro,balanced_accuracy_score,aic,aic_avg,bic,bic_avg,ebic,ebic_avg
1909.991641998291,6,0.6424974823766365,0.6424844297184723,0.6424974823766365,0.6424920490686052,7919.983283996582,2.658604660623223,20218.63633705881,6.787054829492719,51483.57613280187,17.282167214770684
