loss,layer_idx,accuracy_score,f1_macro,f1_micro,balanced_accuracy_score,aic,aic_avg,bic,bic_avg,ebic,ebic_avg
2126.702850341797,0,0.5384357166834508,0.5384188646599994,0.5384357166834508,0.538430177841241,8353.405700683594,2.8040972476279267,20652.058753745823,6.932547416497423,51916.99854948888,17.427659801775388
