loss,layer_idx,accuracy_score,f1_macro,f1_micro,balanced_accuracy_score,aic,aic_avg,bic,bic_avg,ebic,ebic_avg
2126.702850341797,0,0.5384357166834508,0.5384188646599994,0.5384357166834508,0.538430177841241,6301.405700683594,2.1152754953620656,12444.732884261994,4.177486701665657,26640.38714212967,8.942728144387267
