loss,layer_idx,accuracy_score,f1_macro,f1_micro,balanced_accuracy_score,aic,aic_avg,bic,bic_avg,ebic,ebic_avg
2075.6286392211914,10,0.5770392749244713,0.5770392272639175,0.5770392749244713,0.5770401981783173,8251.257278442383,2.7698077470434317,20549.910331504612,6.898257915912928,51814.85012724767,17.393370301190892
