loss,layer_idx,accuracy_score,f1_macro,f1_micro,balanced_accuracy_score,aic,aic_avg,bic,bic_avg,ebic,ebic_avg
1943.3031787872314,7,0.6294058408862034,0.6293937719344902,0.6294058408862034,0.6294122260444387,7986.606357574463,2.6809689015020015,20285.259410636692,6.809419070371498,51550.19920637975,17.304531455649464
