loss,layer_idx,accuracy_score,f1_macro,f1_micro,balanced_accuracy_score,aic_rep,aic_rep_avg,bic_rep,bic_rep_avg,ebic_rep,ebic_rep_avg,aic_cls,aic_cls_avg,bic_cls,bic_cls_avg,ebic_cls,ebic_cls_avg,aic_pr,aic_pr_avg,bic_pr,bic_pr_avg,ebic_pr,ebic_pr_avg
2188.426399230957,18,0.5196374622356495,0.5181771892654968,0.5196374622356495,0.5195825490577876,6424.852798461914,2.156714601699199,12568.179982040314,4.2189258080027905,26763.834239907992,8.984167250724402,8476.852798461914,2.84553635396506,20775.505851524144,6.973986522834556,52040.4456472672,17.46909890811252,4486.546485900879,1.5060579006045247,4815.591511247922,1.616512759734113,5254.86478973941,1.7639693822555926
