loss,layer_idx,accuracy_score,f1_macro,f1_micro,balanced_accuracy_score,aic_rep,aic_rep_avg,bic_rep,bic_rep_avg,ebic_rep,ebic_rep_avg,aic_cls,aic_cls_avg,bic_cls,bic_cls_avg,ebic_cls,ebic_cls_avg,aic_pr,aic_pr_avg,bic_pr,bic_pr_avg,ebic_pr,ebic_pr_avg
1943.3031787872314,7,0.6294058408862034,0.6293937719344902,0.6294058408862034,0.6294122260444387,5934.606357574463,1.9921471492361407,12077.933541152863,4.0543583555397325,26273.58779902054,8.819599798261343,7986.606357574463,2.6809689015020015,20285.259410636692,6.809419070371498,51550.19920637975,17.304531455649464,3915.8411388397217,1.3144817518763752,4003.535878318644,1.3439193952059898,4081.9497558181138,1.370241609875164
