loss,layer_idx,accuracy_score,f1_macro,f1_micro,balanced_accuracy_score,aic_rep,aic_rep_avg,bic_rep,bic_rep_avg,ebic_rep,ebic_rep_avg,aic_cls,aic_cls_avg,bic_cls,bic_cls_avg,ebic_cls,ebic_cls_avg,aic_pr,aic_pr_avg,bic_pr,bic_pr_avg,ebic_pr,ebic_pr_avg
2253.083671569824,20,0.5193017791205102,0.5191001406875654,0.5193017791205102,0.5193229268081607,6554.167343139648,2.2001233108894422,12697.494526718048,4.262334517193034,26893.148784585726,9.027575959914644,8606.167343139648,2.8889450631553033,20904.820396201878,7.0173952320248,52169.76019194494,17.512507617302767,4579.921699523926,1.5374023831903074,4801.160538626885,1.611668525890193,5067.236225245219,1.7009856412370659
