loss,layer_idx,accuracy_score,f1_macro,f1_micro,balanced_accuracy_score,aic,aic_avg,bic,bic_avg,ebic,ebic_avg
1985.8668537139893,8,0.6038939241356159,0.6038703110871507,0.6038939241356159,0.6038867614287877,8071.7337074279785,2.7095447154843835,20370.386760490208,6.83799488435388,51635.32655623327,17.333107269631846
