loss,layer_idx,accuracy_score,f1_macro,f1_micro,balanced_accuracy_score,aic_rep,aic_rep_avg,bic_rep,bic_rep_avg,ebic_rep,ebic_rep_avg,aic_cls,aic_cls_avg,bic_cls,bic_cls_avg,ebic_cls,ebic_cls_avg,aic_pr,aic_pr_avg,bic_pr,bic_pr_avg,ebic_pr,ebic_pr_avg
2194.494010925293,23,0.5176233635448136,0.5163972511791481,0.5176233635448136,0.5175731810216135,6436.988021850586,2.1607881912892197,12580.315205428986,4.222999397592812,26775.969463296664,8.988240840314422,8488.988021850586,2.849609943555081,20787.641074912815,6.978060112424577,52052.580870655875,17.473172497702542,4404.008687019348,1.4783513551592307,4449.065747881988,1.493476249708623,4479.35161010348,1.5036427022838135
