loss,layer_idx,accuracy_score,f1_macro,f1_micro,balanced_accuracy_score,aic,aic_avg,bic,bic_avg,ebic,ebic_avg
1854.2111320495605,1,0.6535750251762337,0.6534734621003084,0.6535750251762337,0.6535584474589472,6784.422264099121,2.2774160000332735,16011.411725372149,5.374760565750973,38583.8322749739,12.951941012075832
