loss,layer_idx,accuracy_score,f1_macro,f1_micro,balanced_accuracy_score,aic,aic_avg,bic,bic_avg,ebic,ebic_avg
1727.219467163086,3,0.7042631755622693,0.7042546442293011,0.7042631755622693,0.7042584809934878,5502.438934326172,1.8470758423384264,11645.766117904572,3.909287048642018,25841.42037577225,8.67452849136363
