loss,layer_idx,accuracy_score,f1_macro,f1_micro,balanced_accuracy_score,aic,aic_avg,bic,bic_avg,ebic,ebic_avg
2188.426399230957,18,0.5196374622356495,0.5181771892654968,0.5196374622356495,0.5195825490577876,8476.852798461914,2.84553635396506,20775.505851524144,6.973986522834556,52040.4456472672,17.46909890811252
