loss,layer_idx,accuracy_score,f1_macro,f1_micro,balanced_accuracy_score,aic_rep,aic_rep_avg,bic_rep,bic_rep_avg,ebic_rep,ebic_rep_avg,aic_cls,aic_cls_avg,bic_cls,bic_cls_avg,ebic_cls,ebic_cls_avg,aic_pr,aic_pr_avg,bic_pr,bic_pr_avg,ebic_pr,ebic_pr_avg
2243.5304584503174,24,0.5055387713997986,0.5043807084152905,0.5055387713997986,0.5055879632634517,6535.060916900635,2.1937096062103505,12678.388100479035,4.255920812513942,26874.042358346713,9.021162255235554,8587.060916900635,2.8825313584762116,20885.713969962864,7.010981527345708,52150.65376570592,17.506093912623673,4501.384207725525,1.5110386732881924,4544.349374660509,1.5254613543674083,4572.54820662965,1.5349272261260993
