loss,layer_idx,accuracy_score,f1_macro,f1_micro,balanced_accuracy_score,aic,aic_avg,bic,bic_avg,ebic,ebic_avg
2246.05108833313,19,0.5115810674723061,0.5115015817090889,0.5115810674723061,0.511594432184505,8592.10217666626,2.884223624258563,20890.75522972849,7.01267379312806,52155.69502547155,17.507786178406025
