loss,layer_idx,accuracy_score,f1_macro,f1_micro,balanced_accuracy_score,aic,aic_avg,bic,bic_avg,ebic,ebic_avg
2111.152898788452,12,0.5323934206109433,0.5323934206109433,0.5323934206109433,0.532393960537418,8322.305797576904,2.7936575352725423,20620.958850639134,6.9221077041420385,51885.89864638219,17.417220089420006
