loss,layer_idx,accuracy_score,f1_macro,f1_micro,balanced_accuracy_score,aic,aic_avg,bic,bic_avg,ebic,ebic_avg
2137.3628215789795,11,0.5142665323934206,0.5142446378149481,0.5142665323934206,0.5142738149326064,5810.725643157959,1.9505624851151255,10418.22103084176,3.49722088984282,20623.082060956585,6.922820429995497
