loss,layer_idx,accuracy_score,f1_macro,f1_micro,balanced_accuracy_score,aic,aic_avg,bic,bic_avg,ebic,ebic_avg
2179.689685821533,15,0.5156092648539778,0.5155828453980564,0.5156092648539778,0.5156023506631185,6407.379371643066,2.1508490673524894,12550.706555221466,4.213060273656081,26746.360813089144,8.978301716377691
