loss,layer_idx,accuracy_score,f1_macro,f1_micro,balanced_accuracy_score,aic,aic_avg,bic,bic_avg,ebic,ebic_avg
2120.1916160583496,7,0.5357502517623364,0.5347806473504522,0.5357502517623364,0.5357967698665109,7316.383232116699,2.455986314909936,16543.372693389727,5.553330880627636,39115.79324299148,13.130511326952494
