loss,layer_idx,accuracy_score,f1_macro,f1_micro,balanced_accuracy_score,aic,aic_avg,bic,bic_avg,ebic,ebic_avg
10871.086296081543,0,0.1830879577198943,0.17228680349580805,0.1830879577198943,0.1832090703414233,21886.172592163086,4.131025404334293,22359.57868839099,4.22038102838637,22975.4186095293,4.3366211041014155
