loss,layer_idx,accuracy_score,f1_macro,f1_micro,balanced_accuracy_score,aic,aic_avg,bic,bic_avg,ebic,ebic_avg
7776.635215759277,0,0.4377123442808607,0.43073184397358943,0.4377123442808607,0.4379053544494721,30929.270431518555,5.837914388735099,81478.52137318708,15.379109356962452,219053.98903038347,41.34654379584437
