loss,layer_idx,accuracy_score,f1_macro,f1_micro,balanced_accuracy_score,aic_rep,aic_rep_avg,bic_rep,bic_rep_avg,ebic_rep,ebic_rep_avg,aic_cls,aic_cls_avg,bic_cls,bic_cls_avg,ebic_cls,ebic_cls_avg,aic_pr,aic_pr_avg,bic_pr,bic_pr_avg,ebic_pr,ebic_pr_avg
8099.784004211426,0,0.38542846357115895,0.35747399342377,0.38542846357115895,0.3855794940353764,17735.56800842285,3.3475968305818897,22785.233034853838,4.30072348713738,32990.09406496867,6.226895822002391,28503.56800842285,5.380061911744592,68953.4888972294,13.015003566860967,176300.13691485554,33.27673403451407,16216.960220336914,3.0609588939858274,16274.137853302225,3.071751199188793,16311.755040844397,3.0788514610880324
