loss,layer_idx,accuracy_score,f1_macro,f1_micro,balanced_accuracy_score,aic,aic_avg,bic,bic_avg,ebic,ebic_avg
10871.086296081543,0,0.1830879577198943,0.17228680349580805,0.1830879577198943,0.1832090703414233,22910.172592163086,4.324305887535501,26750.02203934498,5.049079282624572,34190.06638728835,6.453391164078587
