loss,layer_idx,accuracy_score,f1_macro,f1_micro,balanced_accuracy_score,aic_rep,aic_rep_avg,bic_rep,bic_rep_avg,ebic_rep,ebic_rep_avg,aic_cls,aic_cls_avg,bic_cls,bic_cls_avg,ebic_cls,ebic_cls_avg,aic_pr,aic_pr_avg,bic_pr,bic_pr_avg,ebic_pr,ebic_pr_avg
8599.666622161865,12,0.4984899962249906,0.49057708838611724,0.4984899962249906,0.4987205196764021,26799.33324432373,5.058386795833094,58359.7396595174,11.015428399304907,139732.90314971883,26.374651406137943,94015.33324432373,17.74543851346239,346551.1852432317,65.41169974390934,1157422.4982362227,218.46404270219378,17230.81515312195,3.252324490962995,17334.313261080053,3.2718598076783794,17421.085772096212,3.2882381600785604
