loss,layer_idx,accuracy_score,f1_macro,f1_micro,balanced_accuracy_score,aic,aic_avg,bic,bic_avg,ebic,ebic_avg
1300.4331315755844,50,0.9343148357870895,0.9339698139077204,0.9343148357870895,0.9343762854792267,12200.866263151169,2.302919264467944,43761.27267834484,8.259960867939759,125134.43616854626,23.619183874772794
