loss,layer_idx,accuracy_score,f1_macro,f1_micro,balanced_accuracy_score,aic_rep,aic_rep_avg,bic_rep,bic_rep_avg,ebic_rep,ebic_rep_avg,aic_cls,aic_cls_avg,bic_cls,bic_cls_avg,ebic_cls,ebic_cls_avg,aic_pr,aic_pr_avg,bic_pr,bic_pr_avg,ebic_pr,ebic_pr_avg
1300.4331315755844,50,0.9343148357870895,0.9339698139077204,0.9343148357870895,0.9343762854792267,12200.866263151169,2.302919264467944,43761.27267834484,8.259960867939759,125134.43616854626,23.619183874772794,79416.86626315117,14.989970982097239,331952.71826205915,62.6562322125442,1142824.03125505,215.70857517082862,2646.9387805461884,0.4996109438554527,2798.4041319584694,0.5282001004074122,2942.936819395548,0.5554807133626931
