loss,layer_idx,accuracy_score,f1_macro,f1_micro,balanced_accuracy_score,aic_rep,aic_rep_avg,bic_rep,bic_rep_avg,ebic_rep,ebic_rep_avg,aic_cls,aic_cls_avg,bic_cls,bic_cls_avg,ebic_cls,ebic_cls_avg,aic_pr,aic_pr_avg,bic_pr,bic_pr_avg,ebic_pr,ebic_pr_avg
5060.74209022522,15,0.7106455266138165,0.7087794849552609,0.7106455266138165,0.7108271630330454,19721.48418045044,3.7224394451586336,51281.89059564411,9.679481048630446,132655.05408584554,25.038704055463484,86937.48418045044,16.409491162787926,339473.3361793584,64.07575239323488,1150344.6491723494,217.12809535151933,10162.068416595459,1.918095208870415,10295.49081105244,1.9432787487830199,10417.658795596924,1.9663380135139532
