loss,layer_idx,accuracy_score,f1_macro,f1_micro,balanced_accuracy_score,aic,aic_avg,bic,bic_avg,ebic,ebic_avg
1310.6433963775635,24,0.9363910909777274,0.9361907933648227,0.9363910909777274,0.9364476210064445,12221.286792755127,2.306773649066653,43781.693207948796,8.263815252538466,125154.85669815022,23.6230382593715
