loss,layer_idx,accuracy_score,f1_macro,f1_micro,balanced_accuracy_score,aic,aic_avg,bic,bic_avg,ebic,ebic_avg
2879.986711502075,70,0.8522083805209513,0.8527632204819189,0.8522083805209513,0.8523344302756067,82575.97342300415,15.586253949226906,335111.82542191213,63.252515179673864,1145983.138414903,216.3048581379583
