loss,layer_idx,accuracy_score,f1_macro,f1_micro,balanced_accuracy_score,aic,aic_avg,bic,bic_avg,ebic,ebic_avg
1222.8510265350342,23,0.9258210645526613,0.9259125473943206,0.9258210645526613,0.925882695735637,79261.70205307007,14.960683664226137,331797.55405197805,62.626944894673095,1142668.867044969,215.67928785295754
