loss,layer_idx,accuracy_score,f1_macro,f1_micro,balanced_accuracy_score,aic,aic_avg,bic,bic_avg,ebic,ebic_avg
890.5613823533058,52,0.9479048697621744,0.9477995048324177,0.9479048697621744,0.9479535170711642,78597.12276470661,14.835244009948397,331132.9747636146,62.50150524039535,1142004.2877566055,215.5538481986798
