loss,layer_idx,accuracy_score,f1_macro,f1_micro,balanced_accuracy_score,aic,aic_avg,bic,bic_avg,ebic,ebic_avg
918.936602294445,35,0.9586636466591166,0.95870086469379,0.9586636466591166,0.9586949814890992,78653.87320458889,14.845955682255358,331189.72520349687,62.512216912702314,1142061.0381964878,215.56455987098676
