loss,layer_idx,accuracy_score,f1_macro,f1_micro,balanced_accuracy_score,aic,aic_avg,bic,bic_avg,ebic,ebic_avg
1992.7696628570557,69,0.8748584371460929,0.8744207865077791,0.8748584371460929,0.8749614356232003,80801.53932571411,15.251328676050228,333337.3913246221,62.917589906497184,1144208.704317613,215.9699328647816
