loss,layer_idx,accuracy_score,f1_macro,f1_micro,balanced_accuracy_score,aic,aic_avg,bic,bic_avg,ebic,ebic_avg
9918.468063354492,9,0.37240468101170254,0.3674610840120963,0.37240468101170254,0.37256101741395864,96652.93612670898,18.243287302134576,349188.78812561696,65.90954853258154,1160060.101118608,218.96189149086598
