loss,layer_idx,accuracy_score,f1_macro,f1_micro,balanced_accuracy_score,aic,aic_avg,bic,bic_avg,ebic,ebic_avg
1304.4895586967468,65,0.9197810494526236,0.9196706844755693,0.9197810494526236,0.9198409433703552,79424.9791173935,14.99150228716374,331960.8311163015,62.6577635176107,1142832.1441092924,215.71010647589515
