loss,layer_idx,accuracy_score,f1_macro,f1_micro,balanced_accuracy_score,aic,aic_avg,bic,bic_avg,ebic,ebic_avg
988.1644642353058,62,0.9435636089090222,0.9434498300663898,0.9435636089090222,0.943617167146579,78792.32892847061,14.872089265471992,331328.1809273786,62.53835049591895,1142199.4939203695,215.59069345420338
