loss,layer_idx,accuracy_score,f1_macro,f1_micro,balanced_accuracy_score,aic,aic_avg,bic,bic_avg,ebic,ebic_avg
12761.333679199219,2,0.17723669309173273,0.17577491360254696,0.17723669309173273,0.17726758535582066,35122.66735839844,6.629420037447798,66683.0737735921,12.58646164091961,148056.23726379353,27.94568464775265
