loss,layer_idx,accuracy_score,f1_macro,f1_micro,balanced_accuracy_score,aic_rep,aic_rep_avg,bic_rep,bic_rep_avg,ebic_rep,ebic_rep_avg,aic_cls,aic_cls_avg,bic_cls,bic_cls_avg,ebic_cls,ebic_cls_avg,aic_pr,aic_pr_avg,bic_pr,bic_pr_avg,ebic_pr,ebic_pr_avg
1994.349711894989,21,0.888637221593054,0.8887975074179552,0.888637221593054,0.8887374880021939,13588.699423789978,2.5648734284239296,45149.10583898365,8.521915031895743,126522.26932918507,23.88113803872878,80804.69942378998,15.251925146053223,333340.55142269796,62.91818637650018,1144211.864415689,215.97052933478463,4049.4332609176636,0.7643324388293061,4249.098321636823,0.8020193132572335,4456.404402672212,0.8411484338754648
