loss,layer_idx,accuracy_score,f1_macro,f1_micro,balanced_accuracy_score,aic,aic_avg,bic,bic_avg,ebic,ebic_avg
1323.782991528511,49,0.9250660626651567,0.9251164811127937,0.9250660626651567,0.9251345468257233,79463.56598305702,14.998785576265954,331999.417981965,62.66504680671291,1142870.730974956,215.71738976499734
