loss,layer_idx,accuracy_score,f1_macro,f1_micro,balanced_accuracy_score,aic_rep,aic_rep_avg,bic_rep,bic_rep_avg,ebic_rep,ebic_rep_avg,aic_cls,aic_cls_avg,bic_cls,bic_cls_avg,ebic_cls,ebic_cls_avg,aic_pr,aic_pr_avg,bic_pr,bic_pr_avg,ebic_pr,ebic_pr_avg
6764.676162719727,13,0.5711589278973197,0.5679840237730869,0.5711589278973197,0.5714006581653641,23129.352325439453,4.365676165617111,54689.75874063312,10.322717769088925,136062.92223083455,25.681940775921962,90345.35232543945,17.052727883246405,342881.20432434743,64.71898911369337,1153752.5173173384,217.7713320719778,13562.642456054688,2.559955163468231,13672.085169787155,2.5806125273286438,13765.700804225766,2.5982825225039194
