loss,layer_idx,accuracy_score,f1_macro,f1_micro,balanced_accuracy_score,aic,aic_avg,bic,bic_avg,ebic,ebic_avg
967.1480915248394,36,0.954888637221593,0.954873929639259,0.954888637221593,0.954920814479638,78750.29618304968,14.864155564939539,331286.14818195766,62.53041679538649,1142157.4611749486,215.58275975367093
