loss,layer_idx,accuracy_score,f1_macro,f1_micro,balanced_accuracy_score,aic_rep,aic_rep_avg,bic_rep,bic_rep_avg,ebic_rep,ebic_rep_avg,aic_cls,aic_cls_avg,bic_cls,bic_cls_avg,ebic_cls,ebic_cls_avg,aic_pr,aic_pr_avg,bic_pr,bic_pr_avg,ebic_pr,ebic_pr_avg
982.5487787723541,39,0.9450736126840317,0.9449240884336592,0.9450736126840317,0.9451177498971617,11565.097557544708,2.182917621280617,43125.50397273838,8.139959224752431,124498.6674629398,23.49918223158547,78781.09755754471,14.869969338909911,331316.9495564527,62.53623056935687,1142188.2625494436,215.5885735276413,2012.5630803108215,0.3798722310892453,2168.6079958533383,0.40932578253177393,2318.924496448263,0.4376980929498421
