loss,layer_idx,accuracy_score,f1_macro,f1_micro,balanced_accuracy_score,aic_rep,aic_rep_avg,bic_rep,bic_rep_avg,ebic_rep,ebic_rep_avg,aic_cls,aic_cls_avg,bic_cls,bic_cls_avg,ebic_cls,ebic_cls_avg,aic_pr,aic_pr_avg,bic_pr,bic_pr_avg,ebic_pr,ebic_pr_avg
2855.51544380188,71,0.8295583238958097,0.829050569459286,0.8295583238958097,0.8296937131495955,15311.03088760376,2.889964304945972,46871.43730279743,8.847005908417787,128244.60079299886,24.206228915250822,82527.03088760376,15.577016022575267,335062.88288651174,63.24327725302222,1145934.1958795027,216.29562021130667,5761.638034820557,1.0875118978521248,5928.011173745103,1.1189149063316541,6091.520112723879,1.1497772957198715
