loss,layer_idx,accuracy_score,f1_macro,f1_micro,balanced_accuracy_score,aic_rep,aic_rep_avg,bic_rep,bic_rep_avg,ebic_rep,ebic_rep_avg,aic_cls,aic_cls_avg,bic_cls,bic_cls_avg,ebic_cls,ebic_cls_avg,aic_pr,aic_pr_avg,bic_pr,bic_pr_avg,ebic_pr,ebic_pr_avg
12761.333679199219,2,0.17723669309173273,0.17577491360254696,0.17723669309173273,0.17726758535582066,35122.66735839844,6.629420037447798,66683.0737735921,12.58646164091961,148056.23726379353,27.94568464775265,102338.66735839844,19.316471755077092,354874.5193573064,66.98273298552405,1165745.8323502974,220.0350759438085,25540.75154876709,4.820828906902055,25600.204090196716,4.832050602151136,25640.023505224966,4.839566535527551
