loss,layer_idx,accuracy_score,f1_macro,f1_micro,balanced_accuracy_score,aic_rep,aic_rep_avg,bic_rep,bic_rep_avg,ebic_rep,ebic_rep_avg,aic_cls,aic_cls_avg,bic_cls,bic_cls_avg,ebic_cls,ebic_cls_avg,aic_pr,aic_pr_avg,bic_pr,bic_pr_avg,ebic_pr,ebic_pr_avg
10605.687026977539,7,0.3027557568893922,0.29693782521760553,0.3027557568893922,0.30289575620457976,30811.374053955078,5.815661391837501,62371.78046914875,11.772702995309315,143744.94395935017,27.13192600214235,98027.37405395508,18.502713109466793,350563.22605286306,66.16897433991375,1161434.539045854,219.2213172981982,21235.998538970947,4.008304744992628,21316.95257593612,4.023584857670087,21378.77466346046,4.035253805862676
