loss,layer_idx,accuracy_score,f1_macro,f1_micro,balanced_accuracy_score,aic,aic_avg,bic,bic_avg,ebic,ebic_avg
1138.1851729154587,27,0.9424311060777651,0.9424529351062644,0.9424311060777651,0.9424748046071576,11876.370345830917,2.241670506951853,43436.77676102459,8.198712110423667,124809.94025122601,23.557935117256704
