loss,layer_idx,accuracy_score,f1_macro,f1_micro,balanced_accuracy_score,aic_rep,aic_rep_avg,bic_rep,bic_rep_avg,ebic_rep,ebic_rep_avg,aic_cls,aic_cls_avg,bic_cls,bic_cls_avg,ebic_cls,ebic_cls_avg,aic_pr,aic_pr_avg,bic_pr,bic_pr_avg,ebic_pr,ebic_pr_avg
693.912902764976,53,0.9667799169497924,0.9667831678012658,0.9667799169497924,0.9668054984231456,10987.825805529952,2.073957305687043,42548.23222072362,8.030998909158857,123921.39571092505,23.390221915991894,78203.82580552995,14.761009023316337,330739.67780443793,62.4272702537633,1141610.9907974289,215.47961321204772,1438.612312182784,0.2715387527713824,1605.5751028464629,0.3030530582949156,1769.8432196449894,0.3340587428548489
