loss,layer_idx,accuracy_score,f1_macro,f1_micro,balanced_accuracy_score,aic,aic_avg,bic,bic_avg,ebic,ebic_avg
1014.9078965187073,38,0.9452623631559078,0.9452566745695316,0.9452623631559078,0.9453097147950089,11629.815793037415,2.195133218768859,43190.222208231084,8.152174822240672,124563.38569843251,23.511397829073708
