loss,layer_idx,accuracy_score,f1_macro,f1_micro,balanced_accuracy_score,aic,aic_avg,bic,bic_avg,ebic,ebic_avg
1021.0996998623013,37,0.9554548886372216,0.955481890282754,0.9554548886372216,0.9554821404086109,78858.1993997246,14.88452234800389,331394.0513986326,62.55078357845085,1142265.3643916235,215.6031265367353
