loss,layer_idx,accuracy_score,f1_macro,f1_micro,balanced_accuracy_score,aic_rep,aic_rep_avg,bic_rep,bic_rep_avg,ebic_rep,ebic_rep_avg,aic_cls,aic_cls_avg,bic_cls,bic_cls_avg,ebic_cls,ebic_cls_avg,aic_pr,aic_pr_avg,bic_pr,bic_pr_avg,ebic_pr,ebic_pr_avg
918.936602294445,35,0.9586636466591166,0.95870086469379,0.9586636466591166,0.9586949814890992,11437.87320458889,2.1589039646260644,42998.27961978256,8.115945568097878,124371.44310998399,23.475168574930915,78653.87320458889,14.845955682255358,331189.72520349687,62.512216912702314,1142061.0381964878,215.56455987098676,1887.260308623314,0.356221273805835,2049.6225039353835,0.38686721478584063,2207.9843397994805,0.416758086032367
