loss,layer_idx,accuracy_score,f1_macro,f1_micro,balanced_accuracy_score,aic_rep,aic_rep_avg,bic_rep,bic_rep_avg,ebic_rep,ebic_rep_avg,aic_cls,aic_cls_avg,bic_cls,bic_cls_avg,ebic_cls,ebic_cls_avg,aic_pr,aic_pr_avg,bic_pr,bic_pr_avg,ebic_pr,ebic_pr_avg
1138.1851729154587,27,0.9424311060777651,0.9424529351062644,0.9424311060777651,0.9424748046071576,11876.370345830917,2.241670506951853,43436.77676102459,8.198712110423667,124809.94025122601,23.557935117256704,79092.37034583092,14.928722224581147,331628.2223447389,62.59498345502811,1142499.5353377298,215.64732641331256,2333.7054822444916,0.4404880109936753,2522.1971704823013,0.47606590609329963,2714.6005025274703,0.5123821258073745
