loss,layer_idx,accuracy_score,f1_macro,f1_micro,balanced_accuracy_score,aic,aic_avg,bic,bic_avg,ebic,ebic_avg
883.4431519508362,34,0.959041147602869,0.9589790103237354,0.959041147602869,0.9590729123817359,11366.886303901672,2.145505153624325,42927.29271909534,8.102546757096139,124300.45620929677,23.461769763929176
