loss,layer_idx,accuracy_score,f1_macro,f1_micro,balanced_accuracy_score,aic,aic_avg,bic,bic_avg,ebic,ebic_avg
2879.986711502075,70,0.8522083805209513,0.8527632204819189,0.8522083805209513,0.8523344302756067,15359.97342300415,2.8992022315976125,46920.37983819782,8.856243835069426,128293.54332839925,24.21546684190246
