loss,layer_idx,accuracy_score,f1_macro,f1_micro,balanced_accuracy_score,aic,aic_avg,bic,bic_avg,ebic,ebic_avg
1056.0954611897469,26,0.942242355605889,0.9422799933051331,0.942242355605889,0.942287981626217,11712.190922379494,2.2106815633030377,43272.59733757316,8.167723166774852,124645.76082777459,23.52694617360789
