loss,layer_idx,accuracy_score,f1_macro,f1_micro,balanced_accuracy_score,aic_rep,aic_rep_avg,bic_rep,bic_rep_avg,ebic_rep,ebic_rep_avg,aic_cls,aic_cls_avg,bic_cls,bic_cls_avg,ebic_cls,ebic_cls_avg,aic_pr,aic_pr_avg,bic_pr,bic_pr_avg,ebic_pr,ebic_pr_avg
1172.9276605844498,43,0.9437523593808984,0.9436356803722092,0.9437523593808984,0.9438039901275196,11945.8553211689,2.254785828835202,43506.26173636257,8.211827432307016,124879.425226564,23.571050439140052,79161.8553211689,14.941837546464496,331697.7073200769,62.608098776911454,1142569.0203130678,215.6604417351959,2388.32524228096,0.4507975164743224,2527.9469058974023,0.4771511713660631,2657.720069537168,0.5016459172399336
