loss,layer_idx,accuracy_score,f1_macro,f1_micro,balanced_accuracy_score,aic,aic_avg,bic,bic_avg,ebic,ebic_avg
2943.991262435913,19,0.8184220460551151,0.8164475134294353,0.8184220460551151,0.8185828877005348,82703.98252487183,15.610415727608876,335239.8345237798,63.27667695805583,1146111.1475167708,216.32901991634026
