loss,layer_idx,accuracy_score,f1_macro,f1_micro,balanced_accuracy_score,aic,aic_avg,bic,bic_avg,ebic,ebic_avg
11860.251708984375,4,0.23386183465458663,0.22768147300656089,0.23386183465458663,0.23396578911284793,100536.50341796875,18.976312460922752,353072.35541687673,66.6425736913697,1163943.6684098677,219.69491664965415
