loss,layer_idx,accuracy_score,f1_macro,f1_micro,balanced_accuracy_score,aic,aic_avg,bic,bic_avg,ebic,ebic_avg
10971.52938079834,8,0.3246508116270291,0.3181138820909788,0.3246508116270291,0.32483117372823256,31543.05876159668,5.953767225669438,63103.46517679035,11.910808829141251,144476.62866699178,27.270031835974287
