loss,layer_idx,accuracy_score,f1_macro,f1_micro,balanced_accuracy_score,aic_rep,aic_rep_avg,bic_rep,bic_rep_avg,ebic_rep,ebic_rep_avg,aic_cls,aic_cls_avg,bic_cls,bic_cls_avg,ebic_cls,ebic_cls_avg,aic_pr,aic_pr_avg,bic_pr,bic_pr_avg,ebic_pr,ebic_pr_avg
1028.400881767273,64,0.9377123442808607,0.9375029813843168,0.9377123442808607,0.9377528109145756,11656.801763534546,2.200226833434229,43217.208178728215,8.157268436906042,124590.37166892964,23.516491443739078,78872.80176353455,14.887278551063524,331408.6537624425,62.55353978151048,1142279.9667554335,215.6058827397949,2107.9892024993896,0.3978839566816515,2276.2700751122425,0.42964705079506277,2442.2375143814675,0.4609734832732102
