loss,layer_idx,accuracy_score,f1_macro,f1_micro,balanced_accuracy_score,aic,aic_avg,bic,bic_avg,ebic,ebic_avg
1072.9273434877396,31,0.9545111362778407,0.9544695350050318,0.9545111362778407,0.9545454545454546,11745.85468697548,2.2170356147556585,43306.26110216915,8.174077218227472,124679.42459237057,23.533300225060508
