loss,layer_idx,accuracy_score,f1_macro,f1_micro,balanced_accuracy_score,aic,aic_avg,bic,bic_avg,ebic,ebic_avg
1021.0996998623013,37,0.9554548886372216,0.955481890282754,0.9554548886372216,0.9554821404086109,11642.199399724603,2.197470630374595,43202.60581491827,8.154512233846408,124575.7693051197,23.513735240679445
