loss,layer_idx,accuracy_score,f1_macro,f1_micro,balanced_accuracy_score,aic,aic_avg,bic,bic_avg,ebic,ebic_avg
5844.419151306152,14,0.6236315590788977,0.6202091002202089,0.6236315590788977,0.6238653503359386,88504.8383026123,16.705329992943057,341040.6903015203,64.37159122339001,1151912.0032945112,217.42393418167444
