loss,layer_idx,accuracy_score,f1_macro,f1_micro,balanced_accuracy_score,aic,aic_avg,bic,bic_avg,ebic,ebic_avg
883.4431519508362,34,0.959041147602869,0.9589790103237354,0.959041147602869,0.9590729123817359,78582.88630390167,14.832556871253619,331118.73830280965,62.49881810170058,1141990.0512958006,215.55116105998502
