loss,layer_idx,accuracy_score,f1_macro,f1_micro,balanced_accuracy_score,aic_rep,aic_rep_avg,bic_rep,bic_rep_avg,ebic_rep,ebic_rep_avg,aic_cls,aic_cls_avg,bic_cls,bic_cls_avg,ebic_cls,ebic_cls_avg,aic_pr,aic_pr_avg,bic_pr,bic_pr_avg,ebic_pr,ebic_pr_avg
1992.7696628570557,69,0.8748584371460929,0.8744207865077791,0.8748584371460929,0.8749614356232003,13585.539325714111,2.5642769584209346,45145.94574090778,8.521318561892748,126519.1092311092,23.880541568725786,80801.53932571411,15.251328676050228,333337.3913246221,62.917589906497184,1144208.704317613,215.9699328647816,4021.2460861206055,0.759012096285505,4138.633572599658,0.7811690397507848,4241.54734214395,0.8005940623148263
