loss,layer_idx,accuracy_score,f1_macro,f1_micro,balanced_accuracy_score,aic_rep,aic_rep_avg,bic_rep,bic_rep_avg,ebic_rep,ebic_rep_avg,aic_cls,aic_cls_avg,bic_cls,bic_cls_avg,ebic_cls,ebic_cls_avg,aic_pr,aic_pr_avg,bic_pr,bic_pr_avg,ebic_pr,ebic_pr_avg
5844.419151306152,14,0.6236315590788977,0.6202091002202089,0.6236315590788977,0.6238653503359386,21288.838302612305,4.018278275313761,52849.244717805974,9.975319878785575,134222.4082080074,25.33454288561861,88504.8383026123,16.705329992943057,341040.6903015203,64.37159122339001,1151912.0032945112,217.42393418167444,11725.011226654053,2.213101401784457,11843.931245819,2.235547611517365,11948.65778512206,2.255314795228777
