loss,layer_idx,accuracy_score,f1_macro,f1_micro,balanced_accuracy_score,aic,aic_avg,bic,bic_avg,ebic,ebic_avg
12580.796371459961,0,0.1515666289165723,0.1506348212564324,0.1515666289165723,0.15155457287810228,101977.59274291992,19.248318751023014,354513.4447418279,66.91457998146997,1165384.7577348188,219.9669229397544
