loss,layer_idx,accuracy_score,f1_macro,f1_micro,balanced_accuracy_score,aic,aic_avg,bic,bic_avg,ebic,ebic_avg
1172.9276605844498,43,0.9437523593808984,0.9436356803722092,0.9437523593808984,0.9438039901275196,79161.8553211689,14.941837546464496,331697.7073200769,62.608098776911454,1142569.0203130678,215.6604417351959
