loss,layer_idx,accuracy_score,f1_macro,f1_micro,balanced_accuracy_score,aic,aic_avg,bic,bic_avg,ebic,ebic_avg
5844.419151306152,14,0.6236315590788977,0.6202091002202089,0.6236315590788977,0.6238653503359386,21288.838302612305,4.018278275313761,52849.244717805974,9.975319878785575,134222.4082080074,25.33454288561861
