loss,layer_idx,accuracy_score,f1_macro,f1_micro,balanced_accuracy_score,aic,aic_avg,bic,bic_avg,ebic,ebic_avg
1304.4895586967468,65,0.9197810494526236,0.9196706844755693,0.9197810494526236,0.9198409433703552,12208.979117393494,2.304450569534446,43769.38553258716,8.261492173006259,125142.54902278859,23.620715179839294
