loss,layer_idx,accuracy_score,f1_macro,f1_micro,balanced_accuracy_score,aic,aic_avg,bic,bic_avg,ebic,ebic_avg
8599.666622161865,12,0.4984899962249906,0.49057708838611724,0.4984899962249906,0.4987205196764021,26799.33324432373,5.058386795833094,58359.7396595174,11.015428399304907,139732.90314971883,26.374651406137943
