loss,layer_idx,accuracy_score,f1_macro,f1_micro,balanced_accuracy_score,aic_rep,aic_rep_avg,bic_rep,bic_rep_avg,ebic_rep,ebic_rep_avg,aic_cls,aic_cls_avg,bic_cls,bic_cls_avg,ebic_cls,ebic_cls_avg,aic_pr,aic_pr_avg,bic_pr,bic_pr_avg,ebic_pr,ebic_pr_avg
891.0009607076645,33,0.950736126840317,0.9507308979759524,0.950736126840317,0.9507824283559578,11382.001921415329,2.1483582335627274,42942.408336609,8.105399837034541,124315.57182681042,23.464622843867577,78598.00192141533,14.835409951192021,331133.8539203233,62.501671181638976,1142005.1669133143,215.55401413992342,1833.9207904338837,0.346153414577932,2004.6062703133414,0.37837037944759183,2173.6818871975247,0.41028348191723757
