loss,layer_idx,accuracy_score,f1_macro,f1_micro,balanced_accuracy_score,aic,aic_avg,bic,bic_avg,ebic,ebic_avg
5060.74209022522,15,0.7106455266138165,0.7087794849552609,0.7106455266138165,0.7108271630330454,86937.48418045044,16.409491162787926,339473.3361793584,64.07575239323488,1150344.6491723494,217.12809535151933
