loss,layer_idx,accuracy_score,f1_macro,f1_micro,balanced_accuracy_score,aic,aic_avg,bic,bic_avg,ebic,ebic_avg
1146.6933298110962,28,0.9341260853152132,0.9337359986971443,0.9341260853152132,0.9341817496229261,79109.38665962219,14.931934061838843,331645.2386585302,62.5981952922858,1142516.5516515211,215.65053825057024
