loss,layer_idx,accuracy_score,f1_macro,f1_micro,balanced_accuracy_score,aic,aic_avg,bic,bic_avg,ebic,ebic_avg
12761.333679199219,2,0.17723669309173273,0.17577491360254696,0.17723669309173273,0.17726758535582066,102338.66735839844,19.316471755077092,354874.5193573064,66.98273298552405,1165745.8323502974,220.0350759438085
