loss,layer_idx,accuracy_score,f1_macro,f1_micro,balanced_accuracy_score,aic,aic_avg,bic,bic_avg,ebic,ebic_avg
1146.6933298110962,28,0.9341260853152132,0.9337359986971443,0.9341260853152132,0.9341817496229261,11893.386659622192,2.2448823442095494,43453.79307481586,8.201923947681363,124826.95656501729,23.5611469545144
