loss,layer_idx,accuracy_score,f1_macro,f1_micro,balanced_accuracy_score,aic_rep,aic_rep_avg,bic_rep,bic_rep_avg,ebic_rep,ebic_rep_avg,aic_cls,aic_cls_avg,bic_cls,bic_cls_avg,ebic_cls,ebic_cls_avg,aic_pr,aic_pr_avg,bic_pr,bic_pr_avg,ebic_pr,ebic_pr_avg
941.2705960273743,61,0.9428086070215176,0.9426379925836361,0.9428086070215176,0.9428535924859454,11482.541192054749,2.1673350683380046,43042.94760724842,8.124376671809818,124416.11109744984,23.483599678642854,78698.54119205475,14.854386785967298,331234.3931909627,62.520648016414256,1142105.7061839537,215.57299097469868,1946.7381448745728,0.36744774346443426,2157.7883450423506,0.4072835683356645,2380.475290349699,0.4493158343430916
