loss,layer_idx,accuracy_score,f1_macro,f1_micro,balanced_accuracy_score,aic,aic_avg,bic,bic_avg,ebic,ebic_avg
1994.349711894989,21,0.888637221593054,0.8887975074179552,0.888637221593054,0.8887374880021939,80804.69942378998,15.251925146053223,333340.55142269796,62.91818637650018,1144211.864415689,215.97052933478463
