loss,layer_idx,accuracy_score,f1_macro,f1_micro,balanced_accuracy_score,aic,aic_avg,bic,bic_avg,ebic,ebic_avg
1362.8124976158142,67,0.9126085315213288,0.9129894575431964,0.9126085315213288,0.9126645413410119,79541.62499523163,15.013519251648098,332077.4769941396,62.679780482095055,1142948.7899871306,215.7321234403795
