loss,layer_idx,accuracy_score,f1_macro,f1_micro,balanced_accuracy_score,aic,aic_avg,bic,bic_avg,ebic,ebic_avg
941.2705960273743,61,0.9428086070215176,0.9426379925836361,0.9428086070215176,0.9428535924859454,11482.541192054749,2.1673350683380046,43042.94760724842,8.124376671809818,124416.11109744984,23.483599678642854
