loss,layer_idx,accuracy_score,f1_macro,f1_micro,balanced_accuracy_score,aic,aic_avg,bic,bic_avg,ebic,ebic_avg
586.1109221577644,57,0.9718761796904493,0.971928122123483,0.9718761796904493,0.9718968531468531,10772.221844315529,2.0332619562694467,42332.6282595092,7.99030355974126,123705.79174971062,23.349526566574298
