loss,layer_idx,accuracy_score,f1_macro,f1_micro,balanced_accuracy_score,aic,aic_avg,bic,bic_avg,ebic,ebic_avg
704.1472368836403,58,0.9609286523216308,0.9610057720974945,0.9609286523216308,0.9609565679418621,78224.29447376728,14.764872494104809,330760.14647267526,62.43113372455176,1141631.4594656662,215.4834766828362
