loss,layer_idx,accuracy_score,f1_macro,f1_micro,balanced_accuracy_score,aic_rep,aic_rep_avg,bic_rep,bic_rep_avg,ebic_rep,ebic_rep_avg,aic_cls,aic_cls_avg,bic_cls,bic_cls_avg,ebic_cls,ebic_cls_avg,aic_pr,aic_pr_avg,bic_pr,bic_pr_avg,ebic_pr,ebic_pr_avg
1065.3962678909302,51,0.9439411098527747,0.9438968688556428,0.9439411098527747,0.9439839572192513,11730.79253578186,2.2141926266103926,43291.19895097553,8.171234230082206,124664.36244117696,23.530457236915243,78946.79253578186,14.901244344239688,331482.64453468984,62.56750557468664,1142353.9575276808,215.61984853297108,2183.315465927124,0.4121018244483058,2355.9868223335143,0.44469362444951194,2527.637149310307,0.4770927046640821
