loss,layer_idx,accuracy_score,f1_macro,f1_micro,balanced_accuracy_score,aic,aic_avg,bic,bic_avg,ebic,ebic_avg
10605.687026977539,7,0.3027557568893922,0.29693782521760553,0.3027557568893922,0.30289575620457976,98027.37405395508,18.502713109466793,350563.22605286306,66.16897433991375,1161434.539045854,219.2213172981982
