loss,layer_idx,accuracy_score,f1_macro,f1_micro,balanced_accuracy_score,aic_rep,aic_rep_avg,bic_rep,bic_rep_avg,ebic_rep,ebic_rep_avg,aic_cls,aic_cls_avg,bic_cls,bic_cls_avg,ebic_cls,ebic_cls_avg,aic_pr,aic_pr_avg,bic_pr,bic_pr_avg,ebic_pr,ebic_pr_avg
1343.8739471435547,45,0.9337485843714609,0.9338737020768321,0.9337485843714609,0.9338029617441381,12287.74789428711,2.319318213342225,43848.15430948078,8.27635981681404,125221.3177996822,23.635582823647077,79503.74789428711,15.00636993097152,332039.5998931951,62.67263116141848,1142910.912886186,215.72497411970292,2730.1655349731445,0.5153200330262636,2869.6153244757406,0.5416412465979126,2999.176492942657,0.5660959782828723
