loss,layer_idx,accuracy_score,f1_macro,f1_micro,balanced_accuracy_score,aic,aic_avg,bic,bic_avg,ebic,ebic_avg
1006.6823999881744,63,0.9513023782559457,0.951386749064749,0.9513023782559457,0.9513437542849308,78829.36479997635,14.879079803695046,331365.2167988843,62.545341034142005,1142236.5297918753,215.59768399242643
