loss,layer_idx,accuracy_score,f1_macro,f1_micro,balanced_accuracy_score,aic_rep,aic_rep_avg,bic_rep,bic_rep_avg,ebic_rep,ebic_rep_avg,aic_cls,aic_cls_avg,bic_cls,bic_cls_avg,ebic_cls,ebic_cls_avg,aic_pr,aic_pr_avg,bic_pr,bic_pr_avg,ebic_pr,ebic_pr_avg
1222.8510265350342,23,0.9258210645526613,0.9259125473943206,0.9258210645526613,0.925882695735637,12045.702053070068,2.2736319465968418,43606.10846826374,8.230673550068655,124979.27195846516,23.589896556901692,79261.70205307007,14.960683664226137,331797.55405197805,62.626944894673095,1142668.867044969,215.67928785295754,2510.1203651428223,0.4737864033867162,2721.898293225832,0.5137595872453439,2945.5748224130734,0.5559786376770618
