loss,layer_idx,accuracy_score,f1_macro,f1_micro,balanced_accuracy_score,aic_rep,aic_rep_avg,bic_rep,bic_rep_avg,ebic_rep,ebic_rep_avg,aic_cls,aic_cls_avg,bic_cls,bic_cls_avg,ebic_cls,ebic_cls_avg,aic_pr,aic_pr_avg,bic_pr,bic_pr_avg,ebic_pr,ebic_pr_avg
967.1480915248394,36,0.954888637221593,0.954873929639259,0.954888637221593,0.954920814479638,11534.296183049679,2.1771038473102453,43094.70259824335,8.134145450782059,124467.86608844477,23.493368457615095,78750.29618304968,14.864155564939539,331286.14818195766,62.53041679538649,1142157.4611749486,215.58275975367093,1981.9921249747276,0.37410194884385195,2138.794553257021,0.4036984811734657,2290.071726810693,0.43225211906581595
