loss,layer_idx,accuracy_score,f1_macro,f1_micro,balanced_accuracy_score,aic,aic_avg,bic,bic_avg,ebic,ebic_avg
12549.794410705566,1,0.16289165722914306,0.1608079625875482,0.16289165722914306,0.1629053544494721,34699.58882141113,6.549563763950761,66259.9952366048,12.506605367422573,147633.15872680623,27.86582837425561
