loss,layer_idx,accuracy_score,f1_macro,f1_micro,balanced_accuracy_score,aic,aic_avg,bic,bic_avg,ebic,ebic_avg
1248.4955239892006,29,0.9431861079652699,0.9430530018638851,0.9431861079652699,0.9432349513231866,79312.9910479784,14.97036448621714,331848.8430468864,62.6366257166641,1142720.1560398773,215.68896867494854
