loss,layer_idx,accuracy_score,f1_macro,f1_micro,balanced_accuracy_score,aic,aic_avg,bic,bic_avg,ebic,ebic_avg
891.0009607076645,33,0.950736126840317,0.9507308979759524,0.950736126840317,0.9507824283559578,78598.00192141533,14.835409951192021,331133.8539203233,62.501671181638976,1142005.1669133143,215.55401413992342
