loss,layer_idx,accuracy_score,f1_macro,f1_micro,balanced_accuracy_score,aic,aic_avg,bic,bic_avg,ebic,ebic_avg
1006.6823999881744,63,0.9513023782559457,0.951386749064749,0.9513023782559457,0.9513437542849308,11613.364799976349,2.192028086065751,43173.77121517002,8.149069689537566,124546.93470537144,23.5082926963706
