loss,layer_idx,accuracy_score,f1_macro,f1_micro,balanced_accuracy_score,aic,aic_avg,bic,bic_avg,ebic,ebic_avg
704.1472368836403,58,0.9609286523216308,0.9610057720974945,0.9609286523216308,0.9609565679418621,11008.29447376728,2.0778207764755154,42568.70088896095,8.034862379947329,123941.86437916238,23.394085386780365
