loss,layer_idx,accuracy_score,f1_macro,f1_micro,balanced_accuracy_score,aic,aic_avg,bic,bic_avg,ebic,ebic_avg
918.936602294445,35,0.9586636466591166,0.95870086469379,0.9586636466591166,0.9586949814890992,11437.87320458889,2.1589039646260644,42998.27961978256,8.115945568097878,124371.44310998399,23.475168574930915
