loss,layer_idx,accuracy_score,f1_macro,f1_micro,balanced_accuracy_score,aic,aic_avg,bic,bic_avg,ebic,ebic_avg
1138.1851729154587,27,0.9424311060777651,0.9424529351062644,0.9424311060777651,0.9424748046071576,79092.37034583092,14.928722224581147,331628.2223447389,62.59498345502811,1142499.5353377298,215.64732641331256
