loss,layer_idx,accuracy_score,f1_macro,f1_micro,balanced_accuracy_score,aic_rep,aic_rep_avg,bic_rep,bic_rep_avg,ebic_rep,ebic_rep_avg,aic_cls,aic_cls_avg,bic_cls,bic_cls_avg,ebic_cls,ebic_cls_avg,aic_pr,aic_pr_avg,bic_pr,bic_pr_avg,ebic_pr,ebic_pr_avg
11726.96517944336,3,0.2278218195545489,0.2243703290230153,0.2278218195545489,0.22794888934594817,33053.93035888672,6.23894495260225,64614.33677408039,12.195986556074063,145987.5002642818,27.5552095629071,100269.93035888672,18.925996670231545,352805.7823577947,66.5922579006785,1163677.0953507856,219.64460085896295,23475.28190612793,4.4309705372079895,23545.47602159937,4.4442197096261555,23596.035997420022,4.4537629289203515
