loss,layer_idx,accuracy_score,f1_macro,f1_micro,balanced_accuracy_score,aic_rep,aic_rep_avg,bic_rep,bic_rep_avg,ebic_rep,ebic_rep_avg,aic_cls,aic_cls_avg,bic_cls,bic_cls_avg,ebic_cls,ebic_cls_avg,aic_pr,aic_pr_avg,bic_pr,bic_pr_avg,ebic_pr,ebic_pr_avg
1151.2059216499329,30,0.9403548508871272,0.940519674844362,0.9403548508871272,0.9404034690799397,11902.411843299866,2.2465858518874793,43462.818258493535,8.203627455359292,124835.98174869496,23.56285046219233,79118.41184329987,14.933637569516774,331654.26384220785,62.59989879996373,1142525.5768351988,215.65224175824818,2357.2789697647095,0.4449375178868836,2537.6569708130737,0.47898395070084443,2719.3641151815427,0.513281259943666
