loss,layer_idx,accuracy_score,f1_macro,f1_micro,balanced_accuracy_score,aic,aic_avg,bic,bic_avg,ebic,ebic_avg
1014.9078965187073,38,0.9452623631559078,0.9452566745695316,0.9452623631559078,0.9453097147950089,78845.81579303741,14.882184936398152,331381.6677919454,62.54844616684511,1142252.9807849363,215.60078912512955
