loss,layer_idx,accuracy_score,f1_macro,f1_micro,balanced_accuracy_score,aic_rep,aic_rep_avg,bic_rep,bic_rep_avg,ebic_rep,ebic_rep_avg,aic_cls,aic_cls_avg,bic_cls,bic_cls_avg,ebic_cls,ebic_cls_avg,aic_pr,aic_pr_avg,bic_pr,bic_pr_avg,ebic_pr,ebic_pr_avg
1162.6513695716858,44,0.9426198565496414,0.9425793803435142,0.9426198565496414,0.9426633415604004,11925.302739143372,2.2509065192796096,43485.70915433704,8.207948122751423,124858.87264453847,23.56717112958446,79141.30273914337,14.937958236908903,331677.15473805135,62.60421946735586,1142548.4677310423,215.6565624256403,2368.7944192886353,0.44711106441839094,2511.7751589828154,0.47409874650487266,2645.7044162501356,0.49937795701210563
