loss,layer_idx,accuracy_score,f1_macro,f1_micro,balanced_accuracy_score,aic,aic_avg,bic,bic_avg,ebic,ebic_avg
1994.349711894989,21,0.888637221593054,0.8887975074179552,0.888637221593054,0.8887374880021939,13588.699423789978,2.5648734284239296,45149.10583898365,8.521915031895743,126522.26932918507,23.88113803872878
