loss,layer_idx,accuracy_score,f1_macro,f1_micro,balanced_accuracy_score,aic,aic_avg,bic,bic_avg,ebic,ebic_avg
9178.56844329834,11,0.40411476028690074,0.394988448478707,0.40411476028690074,0.40430121349238995,27957.13688659668,5.276922779652073,59517.54330179035,11.233964383123887,140890.70679199178,26.593187389956924
