loss,layer_idx,accuracy_score,f1_macro,f1_micro,balanced_accuracy_score,aic_rep,aic_rep_avg,bic_rep,bic_rep_avg,ebic_rep,ebic_rep_avg,aic_cls,aic_cls_avg,bic_cls,bic_cls_avg,ebic_cls,ebic_cls_avg,aic_pr,aic_pr_avg,bic_pr,bic_pr_avg,ebic_pr,ebic_pr_avg
1014.9078965187073,38,0.9452623631559078,0.9452566745695316,0.9452623631559078,0.9453097147950089,11629.815793037415,2.195133218768859,43190.222208231084,8.152174822240672,124563.38569843251,23.511397829073708,78845.81579303741,14.882184936398152,331381.6677919454,62.54844616684511,1142252.9807849363,215.60078912512955,2078.437710762024,0.3923060986715787,2238.28432368648,0.42247722228887885,2393.433326731393,0.45176166982472504
