loss,layer_idx,accuracy_score,f1_macro,f1_micro,balanced_accuracy_score,aic,aic_avg,bic,bic_avg,ebic,ebic_avg
3408.5072479248047,18,0.786711966779917,0.7866488462221735,0.786711966779917,0.7868341217605923,16417.01449584961,3.098719232889696,47977.42091104328,9.05576083636151,129350.5844012447,24.414983843194545
