loss,layer_idx,accuracy_score,f1_macro,f1_micro,balanced_accuracy_score,aic,aic_avg,bic,bic_avg,ebic,ebic_avg
693.912902764976,53,0.9667799169497924,0.9667831678012658,0.9667799169497924,0.9668054984231456,10987.825805529952,2.073957305687043,42548.23222072362,8.030998909158857,123921.39571092505,23.390221915991894
