loss,layer_idx,accuracy_score,f1_macro,f1_micro,balanced_accuracy_score,aic_rep,aic_rep_avg,bic_rep,bic_rep_avg,ebic_rep,ebic_rep_avg,aic_cls,aic_cls_avg,bic_cls,bic_cls_avg,ebic_cls,ebic_cls_avg,aic_pr,aic_pr_avg,bic_pr,bic_pr_avg,ebic_pr,ebic_pr_avg
890.5613823533058,52,0.9479048697621744,0.9477995048324177,0.9479048697621744,0.9479535170711642,11381.122764706612,2.148192292319104,42941.52917990028,8.105233895790917,124314.69267010171,23.464456902623954,78597.12276470661,14.835244009948397,331132.9747636146,62.50150524039535,1142004.2877566055,215.5538481986798,1832.447231411934,0.34587527961720155,2001.178588522668,0.37772340289216083,2167.7275294645724,0.40915959408542324
