loss,layer_idx,accuracy_score,f1_macro,f1_micro,balanced_accuracy_score,aic,aic_avg,bic,bic_avg,ebic,ebic_avg
9178.56844329834,11,0.40411476028690074,0.394988448478707,0.40411476028690074,0.40430121349238995,95173.13688659668,17.963974497281367,347708.98888550466,65.63023572772832,1158580.3018784956,218.68257868601276
