loss,layer_idx,accuracy_score,f1_macro,f1_micro,balanced_accuracy_score,aic_rep,aic_rep_avg,bic_rep,bic_rep_avg,ebic_rep,ebic_rep_avg,aic_cls,aic_cls_avg,bic_cls,bic_cls_avg,ebic_cls,ebic_cls_avg,aic_pr,aic_pr_avg,bic_pr,bic_pr_avg,ebic_pr,ebic_pr_avg
813.6322191953659,54,0.9545111362778407,0.9544326600258423,0.9545111362778407,0.95454973947621,11227.264438390732,2.1191514606249022,42787.6708535844,8.076193064096715,124160.83434378583,23.43541607092975,78443.26443839073,14.806203178254195,330979.1164372987,62.47246440870116,1141850.4294302897,215.52480736698558,1686.1396977901459,0.31825966360704905,1879.6946055448811,0.3547932437797058,2078.8268454621016,0.39237954802984176
