loss,layer_idx,accuracy_score,f1_macro,f1_micro,balanced_accuracy_score,aic_rep,aic_rep_avg,bic_rep,bic_rep_avg,ebic_rep,ebic_rep_avg,aic_cls,aic_cls_avg,bic_cls,bic_cls_avg,ebic_cls,ebic_cls_avg,aic_pr,aic_pr_avg,bic_pr,bic_pr_avg,ebic_pr,ebic_pr_avg
2538.070767402649,20,0.8486221215553039,0.8486242014196648,0.8486221215553039,0.8487479432332374,14676.141534805298,2.7701286400161,46236.54794999897,8.727170243487913,127609.7114402004,24.08639325032095,81892.1415348053,15.457180357645393,334427.9935337133,63.12344158809235,1145299.3065267042,216.17578454637678,5131.3606243133545,0.9685467392059937,5312.895718766607,1.002811573946132,5496.121574951438,1.0373955407609357
