loss,layer_idx,accuracy_score,f1_macro,f1_micro,balanced_accuracy_score,aic,aic_avg,bic,bic_avg,ebic,ebic_avg
1291.3039151132107,25,0.9433748584371461,0.9433263988295122,0.9433748584371461,0.9434252022487317,79398.60783022642,14.986524694266972,331934.4598291344,62.65278592471393,1142805.7728221253,215.70512888299837
