loss,layer_idx,accuracy_score,f1_macro,f1_micro,balanced_accuracy_score,aic,aic_avg,bic,bic_avg,ebic,ebic_avg
12549.794410705566,1,0.16289165722914306,0.1608079625875482,0.16289165722914306,0.1629053544494721,101915.58882141113,19.236615481580056,354451.4408203191,66.90287671202701,1165322.75381331,219.95521967031144
