loss,layer_idx,accuracy_score,f1_macro,f1_micro,balanced_accuracy_score,aic_rep,aic_rep_avg,bic_rep,bic_rep_avg,ebic_rep,ebic_rep_avg,aic_cls,aic_cls_avg,bic_cls,bic_cls_avg,ebic_cls,ebic_cls_avg,aic_pr,aic_pr_avg,bic_pr,bic_pr_avg,ebic_pr,ebic_pr_avg
1362.8124976158142,67,0.9126085315213288,0.9129894575431964,0.9126085315213288,0.9126645413410119,12325.624995231628,2.326467534018805,43886.0314104253,8.283509137490618,125259.19490062672,23.642732144323656,79541.62499523163,15.013519251648098,332077.4769941396,62.679780482095055,1142948.7899871306,215.7321234403795,2771.7398595809937,0.5231672064139286,2923.344428398441,0.5517826403168065,3068.05232352247,0.5790963238056758
