loss,layer_idx,accuracy_score,f1_macro,f1_micro,balanced_accuracy_score,aic,aic_avg,bic,bic_avg,ebic,ebic_avg
756.883314371109,55,0.9554548886372216,0.9555074240663993,0.9554548886372216,0.9554915672562732,78329.76662874222,14.784780413126127,330865.6186276502,62.451041643573085,1141736.9316206411,215.50338460185753
