loss,layer_idx,accuracy_score,f1_macro,f1_micro,balanced_accuracy_score,aic_rep,aic_rep_avg,bic_rep,bic_rep_avg,ebic_rep,ebic_rep_avg,aic_cls,aic_cls_avg,bic_cls,bic_cls_avg,ebic_cls,ebic_cls_avg,aic_pr,aic_pr_avg,bic_pr,bic_pr_avg,ebic_pr,ebic_pr_avg
9178.56844329834,11,0.40411476028690074,0.394988448478707,0.40411476028690074,0.40430121349238995,27957.13688659668,5.276922779652073,59517.54330179035,11.233964383123887,140890.70679199178,26.593187389956924,95173.13688659668,17.963974497281367,347708.98888550466,65.63023572772832,1158580.3018784956,218.68257868601276,18385.97953605652,3.470362313336451,18480.80096720688,3.4882599032100567,18557.773579042412,3.5027885200155553
