loss,layer_idx,accuracy_score,f1_macro,f1_micro,balanced_accuracy_score,aic,aic_avg,bic,bic_avg,ebic,ebic_avg
2943.991262435913,19,0.8184220460551151,0.8164475134294353,0.8184220460551151,0.8185828877005348,15487.982524871826,2.9233640099795823,47048.388940065495,8.880405613451396,128421.55243026692,24.23962862028443
