loss,layer_idx,accuracy_score,f1_macro,f1_micro,balanced_accuracy_score,aic_rep,aic_rep_avg,bic_rep,bic_rep_avg,ebic_rep,ebic_rep_avg,aic_cls,aic_cls_avg,bic_cls,bic_cls_avg,ebic_cls,ebic_cls_avg,aic_pr,aic_pr_avg,bic_pr,bic_pr_avg,ebic_pr,ebic_pr_avg
756.883314371109,55,0.9554548886372216,0.9555074240663993,0.9554548886372216,0.9554915672562732,11113.766628742218,2.0977286954968326,42674.17304393589,8.054770298968647,124047.33653413731,23.413993305801682,78329.76662874222,14.784780413126127,330865.6186276502,62.451041643573085,1141736.9316206411,215.50338460185753,1574.4710659980774,0.2971821566625288,1774.0394733939675,0.3348507877300807,1981.2158074652243,0.37395541854760744
