loss,layer_idx,accuracy_score,f1_macro,f1_micro,balanced_accuracy_score,aic,aic_avg,bic,bic_avg,ebic,ebic_avg
3791.864393234253,24,0.7180067950169875,0.7158672484411643,0.7180067950169875,0.7181783902372137,9631.728786468506,1.817993353429314,16364.615488376488,3.0888288955033008,30560.26974624417,5.768265335266925
