loss,layer_idx,accuracy_score,f1_macro,f1_micro,balanced_accuracy_score,aic,aic_avg,bic,bic_avg,ebic,ebic_avg
1601.6609630584717,5,0.8831634579086448,0.8832513758996294,0.8831634579086448,0.8832536336212807,19603.321926116943,3.700136263895233,73519.01621873946,13.876749003159581,221314.0029240779,41.77312248472592
