loss,layer_idx,accuracy_score,f1_macro,f1_micro,balanced_accuracy_score,aic_rep,aic_rep_avg,bic_rep,bic_rep_avg,ebic_rep,ebic_rep_avg,aic_cls,aic_cls_avg,bic_cls,bic_cls_avg,ebic_cls,ebic_cls_avg,aic_pr,aic_pr_avg,bic_pr,bic_pr_avg,ebic_pr,ebic_pr_avg
1979.8338537216187,8,0.8537183842959607,0.8531843597764222,0.8537183842959607,0.853839297956945,6007.667707443237,1.1339501146551976,12740.55440935122,2.4047856567291848,26936.2086672189,5.084222096492809,20359.667707443237,3.8428968870221287,74275.36200006575,14.019509626286476,222070.3487054042,41.915883107852814,4029.0911769866943,0.7604928608883907,4257.323772147562,0.8035718709225296,4503.574226304576,0.8500517603443896
