loss,layer_idx,accuracy_score,f1_macro,f1_micro,balanced_accuracy_score,aic,aic_avg,bic,bic_avg,ebic,ebic_avg
2540.0594806671143,16,0.8091732729331823,0.8087546839395864,0.8091732729331823,0.8093162964486494,21480.11896133423,4.05438258990831,75395.81325395675,14.230995329172659,223190.7999592952,42.12736881073899
