loss,layer_idx,accuracy_score,f1_macro,f1_micro,balanced_accuracy_score,aic_rep,aic_rep_avg,bic_rep,bic_rep_avg,ebic_rep,ebic_rep_avg,aic_cls,aic_cls_avg,bic_cls,bic_cls_avg,ebic_cls,ebic_cls_avg,aic_pr,aic_pr_avg,bic_pr,bic_pr_avg,ebic_pr,ebic_pr_avg
2849.8191776275635,18,0.7870894677236693,0.7856253826610252,0.7870894677236693,0.7872540449746332,7747.638355255127,1.462370395480394,14480.52505716311,2.7332059375543807,28676.17931503079,5.412642377318005,22099.638355255127,4.171317167847325,76015.33264787764,14.347929907111673,223810.3193532161,42.24430338867801,5762.014869689941,1.0875830256115404,5967.080301598893,1.1262892226498478,6181.658117374857,1.166790886631721
