loss,layer_idx,accuracy_score,f1_macro,f1_micro,balanced_accuracy_score,aic,aic_avg,bic,bic_avg,ebic,ebic_avg
2497.87166595459,15,0.8114382785956965,0.809712899031466,0.8114382785956965,0.8115770259152613,21395.74333190918,4.038456650039483,75311.4376245317,14.215069389303832,223106.42432987015,42.11144287087017
