loss,layer_idx,accuracy_score,f1_macro,f1_micro,balanced_accuracy_score,aic,aic_avg,bic,bic_avg,ebic,ebic_avg
3883.2958812713623,23,0.7091355228388071,0.7071566147375569,0.7091355228388071,0.7093068696009872,24166.591762542725,4.561455598818936,78082.28605516524,14.738068338083284,225877.2727605037,42.63444181964962
