loss,layer_idx,accuracy_score,f1_macro,f1_micro,balanced_accuracy_score,aic,aic_avg,bic,bic_avg,ebic,ebic_avg
3532.6093158721924,21,0.7387693469233673,0.7370881657427486,0.7387693469233673,0.73893630878925,9113.218631744385,1.7201243170525453,15846.105333652367,2.9909598591265323,30041.759591520047,5.670396298890156
