loss,layer_idx,accuracy_score,f1_macro,f1_micro,balanced_accuracy_score,aic_rep,aic_rep_avg,bic_rep,bic_rep_avg,ebic_rep,ebic_rep_avg,aic_cls,aic_cls_avg,bic_cls,bic_cls_avg,ebic_cls,ebic_cls_avg,aic_pr,aic_pr_avg,bic_pr,bic_pr_avg,ebic_pr,ebic_pr_avg
4811.576290130615,8,0.6215553038882597,0.6133755872487432,0.6215553038882597,0.62174688057041,11159.15258026123,2.1062953152625954,16208.817606692217,3.0594219718180855,26413.678636807042,4.985594306683096,21927.15258026123,4.138760396425298,62377.073469067785,11.773702051541674,169723.72148669392,32.03543251919478,9703.130088806152,1.8314703829381187,9966.05953398869,1.8810984397864645,10261.06442452699,1.9367807520813496
