loss,layer_idx,accuracy_score,f1_macro,f1_micro,balanced_accuracy_score,aic,aic_avg,bic,bic_avg,ebic,ebic_avg
4508.391014099121,5,0.6551528878822197,0.6488657655241523,0.6551528878822197,0.655342451665981,21320.782028198242,4.0243076685915895,61770.7029170048,11.659249323707964,169117.35093463093,31.920979791361066
