loss,layer_idx,accuracy_score,f1_macro,f1_micro,balanced_accuracy_score,aic,aic_avg,bic,bic_avg,ebic,ebic_avg
2853.762819290161,17,0.7833144582861458,0.7821852523840498,0.7833144582861458,0.7834678801590567,22107.525638580322,4.172805896296777,76023.21993120284,14.349418635561126,223818.2066365413,42.245792117127465
