loss,layer_idx,accuracy_score,f1_macro,f1_micro,balanced_accuracy_score,aic,aic_avg,bic,bic_avg,ebic,ebic_avg
4811.576290130615,8,0.6215553038882597,0.6133755872487432,0.6215553038882597,0.62174688057041,21927.15258026123,4.138760396425298,62377.073469067785,11.773702051541674,169723.72148669392,32.03543251919478
