loss,layer_idx,accuracy_score,f1_macro,f1_micro,balanced_accuracy_score,aic_rep,aic_rep_avg,bic_rep,bic_rep_avg,ebic_rep,ebic_rep_avg,aic_cls,aic_cls_avg,bic_cls,bic_cls_avg,ebic_cls,ebic_cls_avg,aic_pr,aic_pr_avg,bic_pr,bic_pr_avg,ebic_pr,ebic_pr_avg
4116.502868652344,4,0.6900717251793129,0.6863551189629569,0.6900717251793129,0.6902372137666255,9769.005737304688,1.8439044426773665,14818.670763735674,2.7970310992328566,25023.5317938505,4.723203434097867,20537.005737304688,3.8763695238400695,60986.92662611124,11.511311178956445,168333.57464373737,31.773041646609546,8306.794021606445,1.567911291356445,8549.376130069293,1.613698778797526,8815.60815072761,1.6639501983253322
