loss,layer_idx,accuracy_score,f1_macro,f1_micro,balanced_accuracy_score,aic,aic_avg,bic,bic_avg,ebic,ebic_avg
3198.1763038635254,19,0.7655719139297849,0.7636555452808876,0.7655719139297849,0.7657496914849855,22796.35260772705,4.3028223117642606,76712.04690034957,14.479435051028608,224507.03360568802,42.375808532594945
