loss,layer_idx,accuracy_score,f1_macro,f1_micro,balanced_accuracy_score,aic,aic_avg,bic,bic_avg,ebic,ebic_avg
4096.611377716064,3,0.697432993582484,0.6933068810275753,0.697432993582484,0.6976192924722336,20497.22275543213,3.8688604672389824,60947.143644238684,11.503802122355358,168293.79166186482,31.76553259000846
