loss,layer_idx,accuracy_score,f1_macro,f1_micro,balanced_accuracy_score,aic_rep,aic_rep_avg,bic_rep,bic_rep_avg,ebic_rep,ebic_rep_avg,aic_cls,aic_cls_avg,bic_cls,bic_cls_avg,ebic_cls,ebic_cls_avg,aic_pr,aic_pr_avg,bic_pr,bic_pr_avg,ebic_pr,ebic_pr_avg
2200.3742542266846,12,0.8323895809739524,0.8322669663123881,0.8323895809739524,0.8325140545728781,6448.748508453369,1.2172043239813835,13181.635210361352,2.48803986605537,27377.28946822903,5.167476305818994,20800.74850845337,3.926151096348314,74716.44280107589,14.102763835612663,222511.42950641434,41.999137317179,4446.031105041504,0.8391904690527565,4594.89955835992,0.8672894598640846,4736.171106093122,0.8939545311614047
