loss,layer_idx,accuracy_score,f1_macro,f1_micro,balanced_accuracy_score,aic_rep,aic_rep_avg,bic_rep,bic_rep_avg,ebic_rep,ebic_rep_avg,aic_cls,aic_cls_avg,bic_cls,bic_cls_avg,ebic_cls,ebic_cls_avg,aic_pr,aic_pr_avg,bic_pr,bic_pr_avg,ebic_pr,ebic_pr_avg
2497.87166595459,15,0.8114382785956965,0.809712899031466,0.8114382785956965,0.8115770259152613,7043.74333190918,1.3295098776725518,13776.630033817162,2.6003454197465388,27972.284291684842,5.279781859510162,21395.74333190918,4.038456650039483,75311.4376245317,14.215069389303832,223106.42432987015,42.11144287087017,5055.5883865356445,0.9542446935703368,5252.331537155509,0.9913800560882425,5455.721630753846,1.0297700322298688
