loss,layer_idx,accuracy_score,f1_macro,f1_micro,balanced_accuracy_score,aic_rep,aic_rep_avg,bic_rep,bic_rep_avg,ebic_rep,ebic_rep_avg,aic_cls,aic_cls_avg,bic_cls,bic_cls_avg,ebic_cls,ebic_cls_avg,aic_pr,aic_pr_avg,bic_pr,bic_pr_avg,ebic_pr,ebic_pr_avg
1438.049038887024,3,0.8926009815024537,0.892314792856659,0.8926009815024537,0.8926950500479913,4924.098077774048,0.9294258357444409,11656.98477968203,2.200261377818428,25852.63903754971,4.879697817582052,19276.098077774048,3.638372608111372,73191.79237039656,13.81498534737572,220986.77907573502,41.71135882894205,2957.0487384796143,0.5581443447488891,3223.1774625885855,0.6083762670042631,3522.750977970275,0.6649209093941629
