loss,layer_idx,accuracy_score,f1_macro,f1_micro,balanced_accuracy_score,aic,aic_avg,bic,bic_avg,ebic,ebic_avg
3532.6093158721924,21,0.7387693469233673,0.7370881657427486,0.7387693469233673,0.73893630878925,23465.218631744385,4.429071089419476,77380.9129243669,14.605683828683825,225175.89962970535,42.50205731025016
