loss,layer_idx,accuracy_score,f1_macro,f1_micro,balanced_accuracy_score,aic,aic_avg,bic,bic_avg,ebic,ebic_avg
3239.503532409668,20,0.759531898829747,0.7569608834732744,0.759531898829747,0.759700226244344,8527.007064819336,1.6094766071761677,15259.893766727319,2.8803121492501544,29455.548024595,5.559748589013778
