loss,layer_idx,accuracy_score,f1_macro,f1_micro,balanced_accuracy_score,aic,aic_avg,bic,bic_avg,ebic,ebic_avg
4791.696086883545,6,0.6338240845602114,0.6295038184633048,0.6338240845602114,0.6339820718497189,21887.39217376709,4.131255600937541,62337.313062573645,11.766197256053916,169683.96108019978,32.027927723707016
