loss,layer_idx,accuracy_score,f1_macro,f1_micro,balanced_accuracy_score,aic,aic_avg,bic,bic_avg,ebic,ebic_avg
4565.842052459717,10,0.6479803699509249,0.6424812806247364,0.6479803699509249,0.6481763334704511,21435.684104919434,4.045995489792268,61885.60499372599,11.680937144908643,169232.25301135212,31.942667612561745
