loss,layer_idx,accuracy_score,f1_macro,f1_micro,balanced_accuracy_score,aic_rep,aic_rep_avg,bic_rep,bic_rep_avg,ebic_rep,ebic_rep_avg,aic_cls,aic_cls_avg,bic_cls,bic_cls_avg,ebic_cls,ebic_cls_avg,aic_pr,aic_pr_avg,bic_pr,bic_pr_avg,ebic_pr,ebic_pr_avg
4488.582813262939,2,0.6562853907134768,0.6496793972755108,0.6562853907134768,0.6564685314685315,10513.165626525879,1.984364972919192,15562.830652956865,2.9374916294746822,25767.69168307169,4.863663964339692,21281.16562652588,4.016830054081895,61731.086515332434,11.65177170919827,169077.73453295857,31.91350217685137,9048.279159545898,1.707866961031691,9282.06790993466,1.751994697986912,9536.023617671102,1.7999289576578148
