loss,layer_idx,accuracy_score,f1_macro,f1_micro,balanced_accuracy_score,aic,aic_avg,bic,bic_avg,ebic,ebic_avg
2360.4651279449463,14,0.8187995469988675,0.8177855507729495,0.8187995469988675,0.8189342520224874,21120.930255889893,3.9865855522630977,75036.62454851241,14.163198291527445,222831.61125385086,42.05957177309378
