loss,layer_idx,accuracy_score,f1_macro,f1_micro,balanced_accuracy_score,aic,aic_avg,bic,bic_avg,ebic,ebic_avg
3695.5362300872803,22,0.7281993204983013,0.7251123323296722,0.7281993204983013,0.7283713835184424,23791.07246017456,4.490576153298331,77706.76675279708,14.66718889256268,225501.75345813553,42.56356237412901
