loss,layer_idx,accuracy_score,f1_macro,f1_micro,balanced_accuracy_score,aic,aic_avg,bic,bic_avg,ebic,ebic_avg
5294.712886810303,12,0.5985277463193658,0.5940650053079477,0.5985277463193658,0.5986948100918689,12125.425773620605,2.2886798364704806,17175.090800051592,3.2418064930259707,27379.951830166417,5.167978827890981
