loss,layer_idx,accuracy_score,f1_macro,f1_micro,balanced_accuracy_score,aic,aic_avg,bic,bic_avg,ebic,ebic_avg
3791.864393234253,24,0.7180067950169875,0.7158672484411643,0.7180067950169875,0.7181783902372137,23983.728786468506,4.526940125796245,77899.42307909102,14.703552865060594,225694.40978442947,42.59992634662693
