loss,layer_idx,accuracy_score,f1_macro,f1_micro,balanced_accuracy_score,aic_rep,aic_rep_avg,bic_rep,bic_rep_avg,ebic_rep,ebic_rep_avg,aic_cls,aic_cls_avg,bic_cls,bic_cls_avg,ebic_cls,ebic_cls_avg,aic_pr,aic_pr_avg,bic_pr,bic_pr_avg,ebic_pr,ebic_pr_avg
4701.537952423096,9,0.6394865987164968,0.6338421596952131,0.6394865987164968,0.639663033045386,10939.075904846191,2.064755738929066,15988.740931277178,3.017882395484556,26193.601961392003,4.944054730349566,21707.07590484619,4.097220820091769,62156.99679365275,11.732162475208144,169503.64481127888,31.993892942861244,9491.602798461914,1.791544507070954,9782.638709002207,1.8464776725183478,10118.169731541497,1.9098093113517358
