loss,layer_idx,accuracy_score,f1_macro,f1_micro,balanced_accuracy_score,aic,aic_avg,bic,bic_avg,ebic,ebic_avg
3239.503532409668,20,0.759531898829747,0.7569608834732744,0.759531898829747,0.759700226244344,22879.007064819336,4.318423379543098,76794.70135744185,14.495036118807446,224589.6880627803,42.391409600373784
