loss,layer_idx,accuracy_score,f1_macro,f1_micro,balanced_accuracy_score,aic,aic_avg,bic,bic_avg,ebic,ebic_avg
1679.126558303833,6,0.8754246885617214,0.875097332826597,0.8754246885617214,0.8755390442890443,19758.253116607666,3.729379599208695,73673.94740923018,13.905992338473043,221468.93411456863,41.80236582003938
