loss,layer_idx,accuracy_score,f1_macro,f1_micro,balanced_accuracy_score,aic,aic_avg,bic,bic_avg,ebic,ebic_avg
3695.5362300872803,22,0.7281993204983013,0.7251123323296722,0.7281993204983013,0.7283713835184424,9439.07246017456,1.7816293809314006,16171.959162082543,3.0524649230053877,30367.613419950223,5.731901362769012
