loss,layer_idx,accuracy_score,f1_macro,f1_micro,balanced_accuracy_score,aic_rep,aic_rep_avg,bic_rep,bic_rep_avg,ebic_rep,ebic_rep_avg,aic_cls,aic_cls_avg,bic_cls,bic_cls_avg,ebic_cls,ebic_cls_avg,aic_pr,aic_pr_avg,bic_pr,bic_pr_avg,ebic_pr,ebic_pr_avg
4565.842052459717,10,0.6479803699509249,0.6424812806247364,0.6479803699509249,0.6481763334704511,10667.684104919434,2.0135304086295647,15717.34913135042,2.966657065185055,25922.210161465246,4.892829400050065,21435.684104919434,4.045995489792268,61885.60499372599,11.680937144908643,169232.25301135212,31.942667612561745,9226.36767578125,1.7414812525068422,9537.643923410491,1.800234791130708,9902.875691937283,1.8691724597843116
