loss,layer_idx,accuracy_score,f1_macro,f1_micro,balanced_accuracy_score,aic,aic_avg,bic,bic_avg,ebic,ebic_avg
1679.126558303833,6,0.8754246885617214,0.875097332826597,0.8754246885617214,0.8755390442890443,5406.253116607666,1.0204328268417642,12139.139818515649,2.291268368915751,26334.79407638333,4.970704808679375
