loss,layer_idx,accuracy_score,f1_macro,f1_micro,balanced_accuracy_score,aic,aic_avg,bic,bic_avg,ebic,ebic_avg
1979.8338537216187,8,0.8537183842959607,0.8531843597764222,0.8537183842959607,0.853839297956945,20359.667707443237,3.8428968870221287,74275.36200006575,14.019509626286476,222070.3487054042,41.915883107852814
