loss,layer_idx,accuracy_score,f1_macro,f1_micro,balanced_accuracy_score,aic,aic_avg,bic,bic_avg,ebic,ebic_avg
1979.8338537216187,8,0.8537183842959607,0.8531843597764222,0.8537183842959607,0.853839297956945,6007.667707443237,1.1339501146551976,12740.55440935122,2.4047856567291848,26936.2086672189,5.084222096492809
