loss,layer_idx,accuracy_score,f1_macro,f1_micro,balanced_accuracy_score,aic,aic_avg,bic,bic_avg,ebic,ebic_avg
2200.3742542266846,12,0.8323895809739524,0.8322669663123881,0.8323895809739524,0.8325140545728781,20800.74850845337,3.926151096348314,74716.44280107589,14.102763835612663,222511.42950641434,41.999137317179
