loss,layer_idx,accuracy_score,f1_macro,f1_micro,balanced_accuracy_score,aic_rep,aic_rep_avg,bic_rep,bic_rep_avg,ebic_rep,ebic_rep_avg,aic_cls,aic_cls_avg,bic_cls,bic_cls_avg,ebic_cls,ebic_cls_avg,aic_pr,aic_pr_avg,bic_pr,bic_pr_avg,ebic_pr,ebic_pr_avg
5328.375949859619,1,0.5885239713099283,0.5801463429618344,0.5885239713099283,0.588738344988345,12192.751899719238,2.3013876745411928,17242.416926150225,3.254514331096683,27447.27795626505,5.1806866659616935,22960.75189971924,4.333852755703895,63410.67278852579,11.968794410820271,170757.32080615193,32.230524878473375,10725.331649780273,2.0244114099245514,10950.790481423885,2.066966870785935,11193.209619194042,2.1127235974318688
