loss,layer_idx,accuracy_score,f1_macro,f1_micro,balanced_accuracy_score,aic,aic_avg,bic,bic_avg,ebic,ebic_avg
4701.537952423096,9,0.6394865987164968,0.6338421596952131,0.6394865987164968,0.639663033045386,10939.075904846191,2.064755738929066,15988.740931277178,3.017882395484556,26193.601961392003,4.944054730349566
