loss,layer_idx,accuracy_score,f1_macro,f1_micro,balanced_accuracy_score,aic_rep,aic_rep_avg,bic_rep,bic_rep_avg,ebic_rep,ebic_rep_avg,aic_cls,aic_cls_avg,bic_cls,bic_cls_avg,ebic_cls,ebic_cls_avg,aic_pr,aic_pr_avg,bic_pr,bic_pr_avg,ebic_pr,ebic_pr_avg
4863.313690185547,11,0.6268403171007928,0.6207493419714045,0.6268403171007928,0.6270276292335115,11262.627380371094,2.1258262326106254,16312.29240680208,3.0789528891661155,26517.153436916906,5.005125224031126,22030.627380371094,4.158291313773328,62480.54826917765,11.793232968889704,169827.19628680378,32.054963436542806,9819.627304077148,1.85345928729278,10125.368490404762,1.9111680804841,10482.437191761532,1.978564966357405
