loss,layer_idx,accuracy_score,f1_macro,f1_micro,balanced_accuracy_score,aic_rep,aic_rep_avg,bic_rep,bic_rep_avg,ebic_rep,ebic_rep_avg,aic_cls,aic_cls_avg,bic_cls,bic_cls_avg,ebic_cls,ebic_cls_avg,aic_pr,aic_pr_avg,bic_pr,bic_pr_avg,ebic_pr,ebic_pr_avg
6920.8447341918945,1,0.46923367308418273,0.45828380203290875,0.46923367308418273,0.46941930618401206,15889.689468383789,2.999186385123403,22622.576170291773,4.27002192719739,36818.230428159455,6.949458366961014,30241.68946838379,5.708133157490334,84157.3837610063,15.884745896754682,231952.37046634476,43.781119378321016,13891.018417358398,2.6219362811171005,14053.189425449338,2.652546135418901,14211.30666210167,2.6823908384487862
