loss,layer_idx,accuracy_score,f1_macro,f1_micro,balanced_accuracy_score,aic,aic_avg,bic,bic_avg,ebic,ebic_avg
1944.2126474380493,10,0.8525858814647037,0.8525464854898142,0.8525858814647037,0.8527106471959414,20288.4252948761,3.8294498480324837,74204.11958749862,14.006062587296832,221999.10629283707,41.90243606886317
