loss,layer_idx,accuracy_score,f1_macro,f1_micro,balanced_accuracy_score,aic_rep,aic_rep_avg,bic_rep,bic_rep_avg,ebic_rep,ebic_rep_avg,aic_cls,aic_cls_avg,bic_cls,bic_cls_avg,ebic_cls,ebic_cls_avg,aic_pr,aic_pr_avg,bic_pr,bic_pr_avg,ebic_pr,ebic_pr_avg
1601.6609630584717,5,0.8831634579086448,0.8832513758996294,0.8831634579086448,0.8832536336212807,5251.321926116943,0.9911894915283018,11984.208628024926,2.262025033602289,26179.862885892606,4.941461473365913,19603.321926116943,3.700136263895233,73519.01621873946,13.876749003159581,221314.0029240779,41.77312248472592,3271.097599029541,0.6174212153698643,3493.912993007126,0.6594777261244104,3732.6905023266727,0.7045470936818937
