loss,layer_idx,accuracy_score,f1_macro,f1_micro,balanced_accuracy_score,aic,aic_avg,bic,bic_avg,ebic,ebic_avg
4858.190963745117,7,0.6111740279350698,0.6050982280321902,0.6111740279350698,0.6113756341697518,22020.381927490234,4.156357479707481,62470.30281629679,11.791299134823856,169816.95083392292,32.053029602476954
