loss,layer_idx,accuracy_score,f1_macro,f1_micro,balanced_accuracy_score,aic,aic_avg,bic,bic_avg,ebic,ebic_avg
7049.198745727539,0,0.45847489618724047,0.44799673184577904,0.45847489618724047,0.4587009803921569,26402.397491455078,4.983464985174609,66852.31838026163,12.618406640290983,174198.96639788777,32.88013710794409
