loss,layer_idx,accuracy_score,f1_macro,f1_micro,balanced_accuracy_score,aic,aic_avg,bic,bic_avg,ebic,ebic_avg
4863.313690185547,11,0.6268403171007928,0.6207493419714045,0.6268403171007928,0.6270276292335115,11262.627380371094,2.1258262326106254,16312.29240680208,3.0789528891661155,26517.153436916906,5.005125224031126
