loss,layer_idx,accuracy_score,f1_macro,f1_micro,balanced_accuracy_score,aic,aic_avg,bic,bic_avg,ebic,ebic_avg
2274.921633720398,13,0.8252170630426576,0.8240261177748375,0.8252170630426576,0.8253496503496502,6597.843267440796,1.2453460300945254,13330.729969348778,2.5161815721685126,27526.38422721646,5.195618011932137
