loss,layer_idx,accuracy_score,f1_macro,f1_micro,balanced_accuracy_score,aic_rep,aic_rep_avg,bic_rep,bic_rep_avg,ebic_rep,ebic_rep_avg,aic_cls,aic_cls_avg,bic_cls,bic_cls_avg,ebic_cls,ebic_cls_avg,aic_pr,aic_pr_avg,bic_pr,bic_pr_avg,ebic_pr,ebic_pr_avg
4508.391014099121,5,0.6551528878822197,0.6488657655241523,0.6551528878822197,0.655342451665981,10552.782028198242,1.9918425874288868,15602.447054629229,2.9449692439843767,25807.308084744054,4.871141578849388,21320.782028198242,4.0243076685915895,61770.7029170048,11.659249323707964,169117.35093463093,31.920979791361066,9077.032619476318,1.7132941901616305,9275.108989006714,1.7506811983780133,9480.284257550855,1.7894081271330418
