loss,layer_idx,accuracy_score,f1_macro,f1_micro,balanced_accuracy_score,aic,aic_avg,bic,bic_avg,ebic,ebic_avg
4811.576290130615,8,0.6215553038882597,0.6133755872487432,0.6215553038882597,0.62174688057041,11159.15258026123,2.1062953152625954,16208.817606692217,3.0594219718180855,26413.678636807042,4.985594306683096
