loss,layer_idx,accuracy_score,f1_macro,f1_micro,balanced_accuracy_score,aic_rep,aic_rep_avg,bic_rep,bic_rep_avg,ebic_rep,ebic_rep_avg,aic_cls,aic_cls_avg,bic_cls,bic_cls_avg,ebic_cls,ebic_cls_avg,aic_pr,aic_pr_avg,bic_pr,bic_pr_avg,ebic_pr,ebic_pr_avg
7049.198745727539,0,0.45847489618724047,0.44799673184577904,0.45847489618724047,0.4587009803921569,15634.397491455078,2.950999904011906,20684.062517886065,3.9041265605673963,30888.92354800089,5.830298895432406,26402.397491455078,4.983464985174609,66852.31838026163,12.618406640290983,174198.96639788777,32.88013710794409,14164.477478027344,2.673551807857181,14381.718231374349,2.714556102562165,14612.847443441113,2.758181850404136
