loss,layer_idx,accuracy_score,f1_macro,f1_micro,balanced_accuracy_score,aic,aic_avg,bic,bic_avg,ebic,ebic_avg
1438.3379497528076,4,0.8942997357493394,0.8941283706850643,0.8942997357493394,0.8943910256410256,19276.675899505615,3.6384816722358653,73192.37019212813,13.815094411500214,220987.35689746658,41.71146789306655
