loss,layer_idx,accuracy_score,f1_macro,f1_micro,balanced_accuracy_score,aic,aic_avg,bic,bic_avg,ebic,ebic_avg
10261.343368530273,0,0.25405813514533787,0.2428552941201393,0.25405813514533787,0.25425065130947483,22570.686737060547,4.260227772189609,29303.57343896853,5.531063314263596,43499.22769683621,8.21049975402722
