loss,layer_idx,accuracy_score,f1_macro,f1_micro,balanced_accuracy_score,aic_rep,aic_rep_avg,bic_rep,bic_rep_avg,ebic_rep,ebic_rep_avg,aic_cls,aic_cls_avg,bic_cls,bic_cls_avg,ebic_cls,ebic_cls_avg,aic_pr,aic_pr_avg,bic_pr,bic_pr_avg,ebic_pr,ebic_pr_avg
10815.879180908203,7,0.19535673839184597,0.18875013302843568,0.19535673839184597,0.19549482380364736,25727.758361816406,4.856126531109174,39193.531765632375,7.397797615257149,70423.97113294127,13.292557782737122,54415.758361816406,10.271000068293018,162194.54626970278,30.614297144149262,480348.4705199986,90.66600047565092,21698.509468078613,4.095603901109591,21917.956555818095,4.137024642472271,22152.107668744575,4.1812207755274775
