loss,layer_idx,accuracy_score,f1_macro,f1_micro,balanced_accuracy_score,aic,aic_avg,bic,bic_avg,ebic,ebic_avg
4378.800872802734,16,0.6693091732729332,0.6652631376770617,0.6693091732729332,0.6694895790484026,25157.60174560547,4.748509200756034,79073.29603822799,14.925121940020382,226868.28274356644,42.82149542158672
