loss,layer_idx,accuracy_score,f1_macro,f1_micro,balanced_accuracy_score,aic_rep,aic_rep_avg,bic_rep,bic_rep_avg,ebic_rep,ebic_rep_avg,aic_cls,aic_cls_avg,bic_cls,bic_cls_avg,ebic_cls,ebic_cls_avg,aic_pr,aic_pr_avg,bic_pr,bic_pr_avg,ebic_pr,ebic_pr_avg
7533.77880859375,26,0.46998867497168745,0.4465325048288819,0.46998867497168745,0.47021801727684076,18139.5576171875,3.4238500598692903,28238.887670049473,5.33010337298027,50777.957868959274,9.584363508674835,39659.5576171875,7.485760214644677,120506.79871744195,22.745715122204974,352090.3828995336,66.45722591535176,15129.290397644043,2.8556607017070674,15332.239526847003,2.893967445610986,15543.962465423225,2.9339302501742592
