loss,layer_idx,accuracy_score,f1_macro,f1_micro,balanced_accuracy_score,aic_rep,aic_rep_avg,bic_rep,bic_rep_avg,ebic_rep,ebic_rep_avg,aic_cls,aic_cls_avg,bic_cls,bic_cls_avg,ebic_cls,ebic_cls_avg,aic_pr,aic_pr_avg,bic_pr,bic_pr_avg,ebic_pr,ebic_pr_avg
6203.6517333984375,38,0.5607776519441299,0.546550430063401,0.5607776519441299,0.5609737076648842,16503.303466796875,3.1150063168737026,29969.07687061284,5.6566774010216765,61199.516237921736,11.55143756850165,45191.303466796875,8.529879854057546,152970.09137468325,28.87317692991379,471124.01562497905,88.92488026141545,12489.795463562012,2.3574547873842984,12760.991395219153,2.408643147455484,13067.82484708747,2.4665581062830255
