loss,layer_idx,accuracy_score,f1_macro,f1_micro,balanced_accuracy_score,aic,aic_avg,bic,bic_avg,ebic,ebic_avg
10402.019973754883,13,0.22593431483578708,0.21617079449372537,0.22593431483578708,0.22611322501028383,24900.039947509766,4.699894289828193,38365.813351325734,7.241565373976167,69596.25271863463,13.13632554145614
