loss,layer_idx,accuracy_score,f1_macro,f1_micro,balanced_accuracy_score,aic_rep,aic_rep_avg,bic_rep,bic_rep_avg,ebic_rep,ebic_rep_avg,aic_cls,aic_cls_avg,bic_cls,bic_cls_avg,ebic_cls,ebic_cls_avg,aic_pr,aic_pr_avg,bic_pr,bic_pr_avg,ebic_pr,ebic_pr_avg
6411.284427642822,32,0.5381275953189883,0.5226805451202389,0.5381275953189883,0.5383167078020019,16918.568855285645,3.1933878549048025,30384.34225910161,5.735058939052776,61614.781626410506,11.62981910653275,45606.568855285645,8.608261392088645,153385.35676317202,28.95155846794489,471539.2810134678,89.00326179944655,12895.170310974121,2.433969481120068,13133.850670126516,2.4790205115376587,13394.623329029013,2.528241473957911
