loss,layer_idx,accuracy_score,f1_macro,f1_micro,balanced_accuracy_score,aic_rep,aic_rep_avg,bic_rep,bic_rep_avg,ebic_rep,ebic_rep_avg,aic_cls,aic_cls_avg,bic_cls,bic_cls_avg,ebic_cls,ebic_cls_avg,aic_pr,aic_pr_avg,bic_pr,bic_pr_avg,ebic_pr,ebic_pr_avg
10237.980674743652,2,0.2682144205360513,0.2593309286194715,0.2682144205360513,0.2683772110242698,22523.961349487305,4.2514083332365615,29256.84805139529,5.522243875310549,43452.50230926297,8.201680315074173,36875.961349487305,6.960355105603493,90791.65564210982,17.13696784486784,238586.64234744827,45.033341326434176,20518.00804901123,3.872783701210123,20656.23835373963,3.8988747364551966,20784.297202688653,3.923045904622245
