loss,layer_idx,accuracy_score,f1_macro,f1_micro,balanced_accuracy_score,aic,aic_avg,bic,bic_avg,ebic,ebic_avg
7984.251998901367,41,0.4360135900339751,0.41531481085868305,0.4360135900339751,0.4362188057040998,40560.503997802734,7.655814269120939,121407.74509805719,22.915769176681238,352991.32928014884,66.62727996982802
