loss,layer_idx,accuracy_score,f1_macro,f1_micro,balanced_accuracy_score,aic_rep,aic_rep_avg,bic_rep,bic_rep_avg,ebic_rep,ebic_rep_avg,aic_cls,aic_cls_avg,bic_cls,bic_cls_avg,ebic_cls,ebic_cls_avg,aic_pr,aic_pr_avg,bic_pr,bic_pr_avg,ebic_pr,ebic_pr_avg
10569.195259094238,14,0.2212155530388826,0.2122052193868882,0.2212155530388826,0.22139637323460853,25234.390518188477,4.763003117815869,38700.163922004445,7.304674201963844,69930.60328931334,13.199434369443816,53922.39051818848,10.177876654999713,161701.17842607485,30.521173730855956,479855.10267637065,90.57287706235762,21213.628074645996,4.004082309295205,21460.974726675726,4.05076910658281,21733.899218162944,4.102283733137589
