loss,layer_idx,accuracy_score,f1_macro,f1_micro,balanced_accuracy_score,aic_rep,aic_rep_avg,bic_rep,bic_rep_avg,ebic_rep,ebic_rep_avg,aic_cls,aic_cls_avg,bic_cls,bic_cls_avg,ebic_cls,ebic_cls_avg,aic_pr,aic_pr_avg,bic_pr,bic_pr_avg,ebic_pr,ebic_pr_avg
5173.6707763671875,20,0.6226878067195168,0.6154524646238,0.6226878067195168,0.6228901000959824,12395.341552734375,2.339626567145031,19128.22825464236,3.6104621092190183,33323.88251251004,6.2898985489826424,26747.341552734375,5.048573339511962,80663.03584535689,15.22518607877631,228458.02255069534,43.12155956034265,10401.547798156738,1.9632970551447222,10579.753124799605,1.996933394639412,10758.614708310359,2.0306936029275877
