loss,layer_idx,accuracy_score,f1_macro,f1_micro,balanced_accuracy_score,aic_rep,aic_rep_avg,bic_rep,bic_rep_avg,ebic_rep,ebic_rep_avg,aic_cls,aic_cls_avg,bic_cls,bic_cls_avg,ebic_cls,ebic_cls_avg,aic_pr,aic_pr_avg,bic_pr,bic_pr_avg,ebic_pr,ebic_pr_avg
7949.542587280273,45,0.4431861079652699,0.41901350916390756,0.4431861079652699,0.4433874948580831,18971.085174560547,3.5808012787015,29070.41522742252,5.4870545918124805,51609.48542633232,9.741314727507044,40491.08517456055,7.642711433476887,121338.326274815,22.902666341037182,352921.91045690665,66.61417713418396,15964.124816894531,3.0132360922790733,16177.9453945153,3.053594827201831,16404.403667246137,3.096338933040041
