loss,layer_idx,accuracy_score,f1_macro,f1_micro,balanced_accuracy_score,aic,aic_avg,bic,bic_avg,ebic,ebic_avg
5738.356430053711,23,0.5788976972442431,0.5720560691533235,0.5788976972442431,0.5790972507884272,13524.712860107422,2.5527959343351116,20257.599562015406,3.823631476409099,34453.25381988309,6.503067916172723
