loss,layer_idx,accuracy_score,f1_macro,f1_micro,balanced_accuracy_score,aic_rep,aic_rep_avg,bic_rep,bic_rep_avg,ebic_rep,ebic_rep_avg,aic_cls,aic_cls_avg,bic_cls,bic_cls_avg,ebic_cls,ebic_cls_avg,aic_pr,aic_pr_avg,bic_pr,bic_pr_avg,ebic_pr,ebic_pr_avg
10578.058013916016,11,0.21234428086070214,0.20347636142203374,0.21234428086070214,0.2124991430138489,25252.11602783203,4.766348816125336,38717.889431648,7.308019900273311,69948.32879895689,13.202780067753283,53940.11602783203,10.18122235330918,161718.9039357184,30.524519429165423,479872.8281860142,90.57622276066708,21220.869857788086,4.005449199280499,21433.750815116568,4.0456305804297035,21658.928736336908,4.08813301931614
