loss,layer_idx,accuracy_score,f1_macro,f1_micro,balanced_accuracy_score,aic,aic_avg,bic,bic_avg,ebic,ebic_avg
5091.30574798584,44,0.6477916194790487,0.6386857750640258,0.6477916194790487,0.6480460715754833,42966.61149597168,8.109968194785141,150745.39940385806,28.453265270641385,468899.32365415385,88.50496860214304
