loss,layer_idx,accuracy_score,f1_macro,f1_micro,balanced_accuracy_score,aic,aic_avg,bic,bic_avg,ebic,ebic_avg
10917.683464050293,3,0.1868629671574179,0.1800107774920791,0.1868629671574179,0.18700894693541753,54619.366928100586,10.309431281257188,162398.15483598696,30.652728357113432,480552.07908628276,90.70443168861509
