loss,layer_idx,accuracy_score,f1_macro,f1_micro,balanced_accuracy_score,aic_rep,aic_rep_avg,bic_rep,bic_rep_avg,ebic_rep,ebic_rep_avg,aic_cls,aic_cls_avg,bic_cls,bic_cls_avg,ebic_cls,ebic_cls_avg,aic_pr,aic_pr_avg,bic_pr,bic_pr_avg,ebic_pr,ebic_pr_avg
9247.54532623291,22,0.33352208380520953,0.307659669048542,0.33352208380520953,0.33372583299053893,21567.09065246582,4.070798537649268,31666.420705327793,5.9770518507602475,54205.490904237595,10.231311986454813,43087.09065246582,8.132708692424655,123934.33175272027,23.392663599984953,355517.9159348119,67.10417439313173,18569.757385253906,3.5050504690928475,18815.2274303046,3.551383055927633,19085.512609740526,3.602399511087302
