loss,layer_idx,accuracy_score,f1_macro,f1_micro,balanced_accuracy_score,aic_rep,aic_rep_avg,bic_rep,bic_rep_avg,ebic_rep,ebic_rep_avg,aic_cls,aic_cls_avg,bic_cls,bic_cls_avg,ebic_cls,ebic_cls_avg,aic_pr,aic_pr_avg,bic_pr,bic_pr_avg,ebic_pr,ebic_pr_avg
5738.356430053711,23,0.5788976972442431,0.5720560691533235,0.5788976972442431,0.5790972507884272,13524.712860107422,2.5527959343351116,20257.599562015406,3.823631476409099,34453.25381988309,6.503067916172723,27876.712860107422,5.261742706702043,81792.40715272994,15.43835544596639,229587.3938580684,43.33472892753273,11528.009536743164,2.175917239853372,11696.649532823663,2.207748118690763,11863.080507679675,2.2391620437296478
