loss,layer_idx,accuracy_score,f1_macro,f1_micro,balanced_accuracy_score,aic_rep,aic_rep_avg,bic_rep,bic_rep_avg,ebic_rep,ebic_rep_avg,aic_cls,aic_cls_avg,bic_cls,bic_cls_avg,ebic_cls,ebic_cls_avg,aic_pr,aic_pr_avg,bic_pr,bic_pr_avg,ebic_pr,ebic_pr_avg
10356.738876342773,19,0.2544356360890902,0.2478612855843576,0.2544356360890902,0.25458316193610314,24809.477752685547,4.682800632820979,38275.251156501516,7.224471716968954,69505.69052381041,13.119231884448926,53497.47775268555,10.097674170004822,161276.26566057192,30.440971245861064,479430.1899108677,90.49267457736272,20803.808311462402,3.9267286356101176,21100.773847577933,3.9827810206828866,21444.962970159708,4.047746879984845
