loss,layer_idx,accuracy_score,f1_macro,f1_micro,balanced_accuracy_score,aic,aic_avg,bic,bic_avg,ebic,ebic_avg
7971.929397583008,35,0.43431483578708946,0.41434088446141343,0.43431483578708946,0.43448683669271904,40535.858795166016,7.651162475493774,121383.09989542047,22.911117383054073,352966.6840775121,66.62262817620085
