loss,layer_idx,accuracy_score,f1_macro,f1_micro,balanced_accuracy_score,aic,aic_avg,bic,bic_avg,ebic,ebic_avg
6798.623027801514,29,0.5201963004907513,0.5025810788677365,0.5201963004907513,0.5203885575209105,38189.24605560303,7.208238213590605,119036.48715585748,22.468193121150904,350620.07133794914,66.17970391429769
