loss,layer_idx,accuracy_score,f1_macro,f1_micro,balanced_accuracy_score,aic,aic_avg,bic,bic_avg,ebic,ebic_avg
10783.627540588379,2,0.19913174782936957,0.1915590633439339,0.19913174782936957,0.19929298642533935,54351.25508117676,10.258825043634722,162130.04298906313,30.602122119490964,480283.9672393589,90.65382545099263
