loss,layer_idx,accuracy_score,f1_macro,f1_micro,balanced_accuracy_score,aic,aic_avg,bic,bic_avg,ebic,ebic_avg
8221.43384552002,27,0.4082672706681767,0.38768642177070844,0.4082672706681767,0.40847387906211435,20538.86769104004,3.8767209684862287,34004.64109485601,6.418392052634203,65235.0804621649,12.313152220114175
