loss,layer_idx,accuracy_score,f1_macro,f1_micro,balanced_accuracy_score,aic_rep,aic_rep_avg,bic_rep,bic_rep_avg,ebic_rep,ebic_rep_avg,aic_cls,aic_cls_avg,bic_cls,bic_cls_avg,ebic_cls,ebic_cls_avg,aic_pr,aic_pr_avg,bic_pr,bic_pr_avg,ebic_pr,ebic_pr_avg
7545.694541931152,28,0.45847489618724047,0.440050228042724,0.45847489618724047,0.4586624160153572,19187.389083862305,3.621628743650869,32653.16248767827,6.163299827798843,63883.601854987166,12.058059995278816,47875.389083862305,9.036502280834712,155654.17699174868,29.379799356690956,473808.1012420445,89.43150268819261,15174.82332611084,2.8642550634410795,15449.116929684536,2.9160281105482326,15760.402722916762,2.974783450909166
