loss,layer_idx,accuracy_score,f1_macro,f1_micro,balanced_accuracy_score,aic_rep,aic_rep_avg,bic_rep,bic_rep_avg,ebic_rep,ebic_rep_avg,aic_cls,aic_cls_avg,bic_cls,bic_cls_avg,ebic_cls,ebic_cls_avg,aic_pr,aic_pr_avg,bic_pr,bic_pr_avg,ebic_pr,ebic_pr_avg
7937.90763092041,42,0.4414873537183843,0.4206815906056457,0.4414873537183843,0.44167952145893324,18947.81526184082,3.5764090716951342,29047.145314702793,5.4826623848061145,51586.215513612595,9.736922520500679,40467.81526184082,7.638319226470521,121315.05636209527,22.898274134030817,352898.6405441869,66.6097849271776,15932.930953979492,3.007348235934219,16120.701209873405,3.042789960338506,16312.149115224835,3.0789258428132946
