loss,layer_idx,accuracy_score,f1_macro,f1_micro,balanced_accuracy_score,aic,aic_avg,bic,bic_avg,ebic,ebic_avg
3540.612730026245,5,0.7293318233295584,0.7273374965606689,0.7293318233295584,0.7295317427670369,9129.22546005249,1.7231456134489411,15862.112161960473,2.993981155522928,30057.766419828153,5.673417595286552
