loss,layer_idx,accuracy_score,f1_macro,f1_micro,balanced_accuracy_score,aic_rep,aic_rep_avg,bic_rep,bic_rep_avg,ebic_rep,ebic_rep_avg,aic_cls,aic_cls_avg,bic_cls,bic_cls_avg,ebic_cls,ebic_cls_avg,aic_pr,aic_pr_avg,bic_pr,bic_pr_avg,ebic_pr,ebic_pr_avg
6488.220275878906,30,0.53359758399396,0.5172254367593815,0.53359758399396,0.5337832510626628,17072.440551757812,3.2224312102223127,30538.213955573778,5.764102294370287,61768.653322882674,11.658862461850259,45760.44055175781,8.637304747406155,153539.2284596442,28.9806018232624,471693.15270994,89.03230515476406,13043.095428466797,2.46189041684915,13262.22615747619,2.5032514453522445,13495.94355304891,2.5473657140522667
