loss,layer_idx,accuracy_score,f1_macro,f1_micro,balanced_accuracy_score,aic,aic_avg,bic,bic_avg,ebic,ebic_avg
10558.12085723877,12,0.20838052095130238,0.2000678556367802,0.20838052095130238,0.20854243795420263,53900.24171447754,10.17369605784778,161679.02962236392,30.516993133704023,479832.9538726597,90.56869646520569
