loss,layer_idx,accuracy_score,f1_macro,f1_micro,balanced_accuracy_score,aic,aic_avg,bic,bic_avg,ebic,ebic_avg
4876.27339553833,47,0.6542091355228388,0.6479861166951426,0.6542091355228388,0.6544031948443714,42536.54679107666,8.028793278798917,150315.33469896304,28.37209035465516,468469.25894925883,88.42379368615681
