loss,layer_idx,accuracy_score,f1_macro,f1_micro,balanced_accuracy_score,aic,aic_avg,bic,bic_avg,ebic,ebic_avg
11182.52953338623,15,0.1904492261230653,0.18788365550214628,0.1904492261230653,0.19054572878102288,55149.05906677246,10.409410922380609,162927.84697465884,30.75270799823685,481081.77122495463,90.80441132973851
