loss,layer_idx,accuracy_score,f1_macro,f1_micro,balanced_accuracy_score,aic_rep,aic_rep_avg,bic_rep,bic_rep_avg,ebic_rep,ebic_rep_avg,aic_cls,aic_cls_avg,bic_cls,bic_cls_avg,ebic_cls,ebic_cls_avg,aic_pr,aic_pr_avg,bic_pr,bic_pr_avg,ebic_pr,ebic_pr_avg
4874.582622528076,17,0.6409966024915063,0.6374719527204131,0.6409966024915063,0.6411978952420129,11797.165245056152,2.226720506805616,18530.051946964137,3.497556048879603,32725.70620483182,6.1769924886432275,26149.165245056152,4.935667279172547,80064.85953767867,15.112280018436895,227859.84624301712,43.008653500003234,9805.158435821533,1.8507282815820183,9989.23842092975,1.8854734656341545,10175.812379257495,1.920689388308323
