loss,layer_idx,accuracy_score,f1_macro,f1_micro,balanced_accuracy_score,aic,aic_avg,bic,bic_avg,ebic,ebic_avg
8330.496612548828,40,0.4126085315213288,0.3908898317293914,0.4126085315213288,0.4128196558343617,41252.993225097656,7.786521937542027,122100.23432535211,23.046476845102323,353683.81850744376,66.7579876382491
