loss,layer_idx,accuracy_score,f1_macro,f1_micro,balanced_accuracy_score,aic_rep,aic_rep_avg,bic_rep,bic_rep_avg,ebic_rep,ebic_rep_avg,aic_cls,aic_cls_avg,bic_cls,bic_cls_avg,ebic_cls,ebic_cls_avg,aic_pr,aic_pr_avg,bic_pr,bic_pr_avg,ebic_pr,ebic_pr_avg
11085.810775756836,16,0.1906379765949415,0.18775744486978496,0.1906379765949415,0.19073169477581242,26267.621551513672,4.958025962913113,39733.39495532964,7.499697047061088,70963.83432263853,13.39445721454106,54955.62155151367,10.372899500096956,162734.40945940005,30.716196575953198,480888.33370969584,90.76789990745486,22269.228843688965,4.203327452564923,22590.116948911756,4.2638952338451785,22969.59506600774,4.33552190751373
