loss,layer_idx,accuracy_score,f1_macro,f1_micro,balanced_accuracy_score,aic,aic_avg,bic,bic_avg,ebic,ebic_avg
10651.490966796875,10,0.20139675349188374,0.1923532383980016,0.20139675349188374,0.20154943096119565,25398.98193359375,4.794069825140383,38864.75533740972,7.335740909288358,70095.19470471861,13.23050107676833
