loss,layer_idx,accuracy_score,f1_macro,f1_micro,balanced_accuracy_score,aic,aic_avg,bic,bic_avg,ebic,ebic_avg
8159.343841552734,38,0.4244998112495281,0.4042088908138354,0.4244998112495281,0.4247231934731935,40910.68768310547,7.72191160496517,121757.92878335992,22.981866512525468,353341.5129654516,66.69337730567224
