loss,layer_idx,accuracy_score,f1_macro,f1_micro,balanced_accuracy_score,aic_rep,aic_rep_avg,bic_rep,bic_rep_avg,ebic_rep,ebic_rep_avg,aic_cls,aic_cls_avg,bic_cls,bic_cls_avg,ebic_cls,ebic_cls_avg,aic_pr,aic_pr_avg,bic_pr,bic_pr_avg,ebic_pr,ebic_pr_avg
6431.477401733398,37,0.5526613816534541,0.5348487996089653,0.5526613816534541,0.5528443370355136,16958.954803466797,3.201010721681162,30424.728207282762,5.742681805829136,61655.16757459166,11.637441973309109,45646.9548034668,8.615884258865005,153425.74271135317,28.959181334721247,471579.66696164897,89.0108846662229,12935.630874633789,2.4416064316032067,13174.556535330645,2.4867037628030664,13435.671847054313,2.535989401105004
