loss,layer_idx,accuracy_score,f1_macro,f1_micro,balanced_accuracy_score,aic_rep,aic_rep_avg,bic_rep,bic_rep_avg,ebic_rep,ebic_rep_avg,aic_cls,aic_cls_avg,bic_cls,bic_cls_avg,ebic_cls,ebic_cls_avg,aic_pr,aic_pr_avg,bic_pr,bic_pr_avg,ebic_pr,ebic_pr_avg
10347.860244750977,2,0.24575311438278596,0.23314800041647188,0.24575311438278596,0.24592931578225696,23767.720489501953,4.486168457814638,33867.050542363926,6.392421770925618,56406.12074127373,10.646681906620183,45287.72048950195,8.548078612590025,126134.9615897564,23.80803352015032,357718.54577184806,67.5195443132971,20740.83726501465,3.914842820878567,20889.160574527537,3.9428389155393617,21029.749273933536,3.969375098892702
