loss,layer_idx,accuracy_score,f1_macro,f1_micro,balanced_accuracy_score,aic,aic_avg,bic,bic_avg,ebic,ebic_avg
5338.503349304199,21,0.61759154397886,0.6113594704830658,0.61759154397886,0.6178081722199369,12725.006698608398,2.4018510189898827,19457.893400516383,3.6726865610638697,33653.547658384065,6.352123000827494
