loss,layer_idx,accuracy_score,f1_macro,f1_micro,balanced_accuracy_score,aic,aic_avg,bic,bic_avg,ebic,ebic_avg
9562.90266418457,21,0.3052095130237826,0.280883398682959,0.3052095130237826,0.30540329768270946,43717.80532836914,8.251756385120638,124565.0464286236,23.511711292680936,356148.63061071525,67.22322208582771
