loss,layer_idx,accuracy_score,f1_macro,f1_micro,balanced_accuracy_score,aic_rep,aic_rep_avg,bic_rep,bic_rep_avg,ebic_rep,ebic_rep_avg,aic_cls,aic_cls_avg,bic_cls,bic_cls_avg,ebic_cls,ebic_cls_avg,aic_pr,aic_pr_avg,bic_pr,bic_pr_avg,ebic_pr,ebic_pr_avg
8221.43384552002,27,0.4082672706681767,0.38768642177070844,0.4082672706681767,0.40847387906211435,20538.86769104004,3.8767209684862287,34004.64109485601,6.418392052634203,65235.0804621649,12.313152220114175,49226.86769104004,9.291594505670071,157005.65559892642,29.634891581526315,475159.5798492222,89.68659491302797,16520.615577697754,3.118273985975416,16776.215046535242,3.1665185063297927,17060.797509534397,3.2202335805085687
