loss,layer_idx,accuracy_score,f1_macro,f1_micro,balanced_accuracy_score,aic_rep,aic_rep_avg,bic_rep,bic_rep_avg,ebic_rep,ebic_rep_avg,aic_cls,aic_cls_avg,bic_cls,bic_cls_avg,ebic_cls,ebic_cls_avg,aic_pr,aic_pr_avg,bic_pr,bic_pr_avg,ebic_pr,ebic_pr_avg
10160.1771774292,1,0.24971687429218573,0.2341063978251109,0.24971687429218573,0.2499108734402852,23392.3543548584,4.41531792277433,33491.68440772037,6.32157123588531,56030.75460663017,10.575831371579874,44912.3543548584,8.477228077549716,125759.59545511285,23.737182985110014,357343.1796372045,67.4486937782568,20333.307229995728,3.8379213344650296,20375.890355368578,3.8459589194731176,20400.088536131854,3.8505263375107313
