loss,layer_idx,accuracy_score,f1_macro,f1_micro,balanced_accuracy_score,aic,aic_avg,bic,bic_avg,ebic,ebic_avg
11085.810775756836,16,0.1906379765949415,0.18775744486978496,0.1906379765949415,0.19073169477581242,54955.62155151367,10.372899500096956,162734.40945940005,30.716196575953198,480888.33370969584,90.76789990745486
