loss,layer_idx,accuracy_score,f1_macro,f1_micro,balanced_accuracy_score,aic_rep,aic_rep_avg,bic_rep,bic_rep_avg,ebic_rep,ebic_rep_avg,aic_cls,aic_cls_avg,bic_cls,bic_cls_avg,ebic_cls,ebic_cls_avg,aic_pr,aic_pr_avg,bic_pr,bic_pr_avg,ebic_pr,ebic_pr_avg
3726.9107818603516,4,0.7123442808607021,0.7099662113252194,0.7123442808607021,0.7125317084875908,9501.821563720703,1.7934733038355424,16234.708265628686,3.064308845909529,30430.362523496366,5.743745285673153,23853.821563720703,4.5024200762024735,77769.51585634322,14.67903281546682,225564.50256168167,42.575406297033155,7517.781520843506,1.4189848095212356,7728.052587624133,1.4586735725979865,7949.680878714766,1.500506017122455
