loss,layer_idx,accuracy_score,f1_macro,f1_micro,balanced_accuracy_score,aic,aic_avg,bic,bic_avg,ebic,ebic_avg
6203.6517333984375,38,0.5607776519441299,0.546550430063401,0.5607776519441299,0.5609737076648842,45191.303466796875,8.529879854057546,152970.09137468325,28.87317692991379,471124.01562497905,88.92488026141545
