loss,layer_idx,accuracy_score,f1_macro,f1_micro,balanced_accuracy_score,aic,aic_avg,bic,bic_avg,ebic,ebic_avg
10402.019973754883,13,0.22593431483578708,0.21617079449372537,0.22593431483578708,0.22611322501028383,53588.039947509766,10.114767827012036,161366.82785539614,30.45806490286828,479520.75210569194,90.50976823436994
