loss,layer_idx,accuracy_score,f1_macro,f1_micro,balanced_accuracy_score,aic_rep,aic_rep_avg,bic_rep,bic_rep_avg,ebic_rep,ebic_rep_avg,aic_cls,aic_cls_avg,bic_cls,bic_cls_avg,ebic_cls,ebic_cls_avg,aic_pr,aic_pr_avg,bic_pr,bic_pr_avg,ebic_pr,ebic_pr_avg
4623.430311203003,48,0.6572291430728577,0.6566205081146226,0.6572291430728577,0.6574454956807898,12318.860622406006,2.3251907554560223,22418.19067526798,4.2314440685670025,44957.26087417778,8.485704204261566,33838.860622406006,6.38710091023141,114686.10172266046,21.647055817791706,346269.6859047521,65.35856661093848,9310.014587402344,1.7572696465463087,9517.635920945608,1.7964582712241615,9735.670474596998,1.8376123961111737
