loss,layer_idx,accuracy_score,f1_macro,f1_micro,balanced_accuracy_score,aic_rep,aic_rep_avg,bic_rep,bic_rep_avg,ebic_rep,ebic_rep_avg,aic_cls,aic_cls_avg,bic_cls,bic_cls_avg,ebic_cls,ebic_cls_avg,aic_pr,aic_pr_avg,bic_pr,bic_pr_avg,ebic_pr,ebic_pr_avg
7971.929397583008,35,0.43431483578708946,0.41434088446141343,0.43431483578708946,0.43448683669271904,19015.858795166016,3.589252320718387,29115.18884802799,5.495505633829367,51654.25904693779,9.74976576952393,40535.858795166016,7.651162475493774,121383.09989542047,22.911117383054073,352966.6840775121,66.62262817620085,15995.25228881836,3.0191114172930087,16164.210574939676,3.051002373525798,16331.05258081605,3.082493880863731
