loss,layer_idx,accuracy_score,f1_macro,f1_micro,balanced_accuracy_score,aic,aic_avg,bic,bic_avg,ebic,ebic_avg
10043.43856048584,16,0.26689316723291806,0.2599826642422352,0.26689316723291806,0.2670154600301659,44678.87712097168,8.433159139481253,125526.11822122613,23.69311404704155,357109.7024033178,67.40462484018833
