loss,layer_idx,accuracy_score,f1_macro,f1_micro,balanced_accuracy_score,aic_rep,aic_rep_avg,bic_rep,bic_rep_avg,ebic_rep,ebic_rep_avg,aic_cls,aic_cls_avg,bic_cls,bic_cls_avg,ebic_cls,ebic_cls_avg,aic_pr,aic_pr_avg,bic_pr,bic_pr_avg,ebic_pr,ebic_pr_avg
5894.688491821289,39,0.5892789731974329,0.5763586606472525,0.5892789731974329,0.5894830659536542,15885.376983642578,2.9983724015935405,29351.150387458543,5.540043485741514,60581.58975476744,11.434803653221488,44573.37698364258,8.413245938777383,152352.16489152896,28.75654301463363,470506.08914182475,88.80824634613529,11879.409133911133,2.2422440796359253,12175.393639422526,2.2981112947192384,12518.147810077282,2.3628063061678524
