loss,layer_idx,accuracy_score,f1_macro,f1_micro,balanced_accuracy_score,aic,aic_avg,bic,bic_avg,ebic,ebic_avg
6752.8790283203125,30,0.5234050585126463,0.5039095335380979,0.5234050585126463,0.5236013986013985,38097.758056640625,7.190969810615445,118944.99915689508,22.45092471817574,350528.58333898673,66.16243551132253
