loss,layer_idx,accuracy_score,f1_macro,f1_micro,balanced_accuracy_score,aic_rep,aic_rep_avg,bic_rep,bic_rep_avg,ebic_rep,ebic_rep_avg,aic_cls,aic_cls_avg,bic_cls,bic_cls_avg,ebic_cls,ebic_cls_avg,aic_pr,aic_pr_avg,bic_pr,bic_pr_avg,ebic_pr,ebic_pr_avg
10917.683464050293,3,0.1868629671574179,0.1800107774920791,0.1868629671574179,0.18700894693541753,25931.366928100586,4.894557744073346,39397.140331916555,7.436228828221321,70627.57969922545,13.330988995701292,54619.366928100586,10.309431281257188,162398.15483598696,30.652728357113432,480552.07908628276,90.70443168861509,21877.133796691895,4.1293193274239135,22014.444145382695,4.155236720532785,22141.3718281941,4.179194380557588
