loss,layer_idx,accuracy_score,f1_macro,f1_micro,balanced_accuracy_score,aic_rep,aic_rep_avg,bic_rep,bic_rep_avg,ebic_rep,ebic_rep_avg,aic_cls,aic_cls_avg,bic_cls,bic_cls_avg,ebic_cls,ebic_cls_avg,aic_pr,aic_pr_avg,bic_pr,bic_pr_avg,ebic_pr,ebic_pr_avg
10791.664070129395,3,0.19554548886372217,0.1882493156480714,0.19554548886372217,0.19568164678458796,24655.32814025879,4.653704820735898,34754.65819312076,6.559958133846878,57293.72839203056,10.814218269541442,46175.32814025879,8.715614975511285,127022.56924051324,23.975569883071582,358606.1534226049,67.68708067621837,21643.037895202637,4.085133615553537,21839.336242387995,4.122185021213287,22042.131363382425,4.1604626959951725
