loss,layer_idx,accuracy_score,f1_macro,f1_micro,balanced_accuracy_score,aic,aic_avg,bic,bic_avg,ebic,ebic_avg
7545.694541931152,28,0.45847489618724047,0.440050228042724,0.45847489618724047,0.4586624160153572,47875.389083862305,9.036502280834712,155654.17699174868,29.379799356690956,473808.1012420445,89.43150268819261
