loss,layer_idx,accuracy_score,f1_macro,f1_micro,balanced_accuracy_score,aic,aic_avg,bic,bic_avg,ebic,ebic_avg
4874.582622528076,17,0.6409966024915063,0.6374719527204131,0.6409966024915063,0.6411978952420129,11797.165245056152,2.226720506805616,18530.051946964137,3.497556048879603,32725.70620483182,6.1769924886432275
