loss,layer_idx,accuracy_score,f1_macro,f1_micro,balanced_accuracy_score,aic,aic_avg,bic,bic_avg,ebic,ebic_avg
11370.490005493164,4,0.15345413363533408,0.15236476012997416,0.15345413363533408,0.15349136157959686,47332.98001098633,8.93412231237945,128180.22111124078,24.194077219939746,359763.80529333244,67.90558801308653
