loss,layer_idx,accuracy_score,f1_macro,f1_micro,balanced_accuracy_score,aic,aic_avg,bic,bic_avg,ebic,ebic_avg
6971.679626464844,31,0.5101925254813137,0.4886813284497451,0.5101925254813137,0.5103926710544358,38535.35925292969,7.273567242908586,119382.60035318414,22.533522150468883,350966.1845352758,66.24503294361567
