loss,layer_idx,accuracy_score,f1_macro,f1_micro,balanced_accuracy_score,aic_rep,aic_rep_avg,bic_rep,bic_rep_avg,ebic_rep,ebic_rep_avg,aic_cls,aic_cls_avg,bic_cls,bic_cls_avg,ebic_cls,ebic_cls_avg,aic_pr,aic_pr_avg,bic_pr,bic_pr_avg,ebic_pr,ebic_pr_avg
4378.800872802734,16,0.6693091732729332,0.6652631376770617,0.6693091732729332,0.6694895790484026,10805.601745605469,2.0395624283891034,17538.488447513453,3.3103979704630904,31734.142705381135,5.989834410226715,25157.60174560547,4.748509200756034,79073.29603822799,14.925121940020382,226868.28274356644,42.82149542158672,8811.844989776611,1.6632398999200853,8990.17195137243,1.6968991980695411,9169.19263086079,1.7306894357985638
