loss,layer_idx,accuracy_score,f1_macro,f1_micro,balanced_accuracy_score,aic_rep,aic_rep_avg,bic_rep,bic_rep_avg,ebic_rep,ebic_rep_avg,aic_cls,aic_cls_avg,bic_cls,bic_cls_avg,ebic_cls,ebic_cls_avg,aic_pr,aic_pr_avg,bic_pr,bic_pr_avg,ebic_pr,ebic_pr_avg
6913.62419128418,28,0.5117025292563231,0.49056420618537366,0.5117025292563231,0.5119129644864938,16899.24838256836,3.1897411065625443,26998.578435430332,5.0959944196735245,49537.648634340134,9.350254555368089,38419.24838256836,7.251651261337932,119266.48948282281,22.51160616889823,350850.07366491447,66.22311696204501,13887.37529373169,2.621248639813456,14085.045059648872,2.658558901405978,14289.675595653262,2.6971830116370823
