loss,layer_idx,accuracy_score,f1_macro,f1_micro,balanced_accuracy_score,aic_rep,aic_rep_avg,bic_rep,bic_rep_avg,ebic_rep,ebic_rep_avg,aic_cls,aic_cls_avg,bic_cls,bic_cls_avg,ebic_cls,ebic_cls_avg,aic_pr,aic_pr_avg,bic_pr,bic_pr_avg,ebic_pr,ebic_pr_avg
7615.4418869018555,34,0.45941864854662134,0.4401037181525211,0.45941864854662134,0.45960852872617575,18302.88377380371,3.454677949000323,28402.213826665684,5.360931262111303,50941.284025575485,9.615191397805868,39822.88377380371,7.51658810377571,120670.12487405817,22.776543011336006,352253.7090561498,66.48805380448279,15283.572219848633,2.8847814684501007,15456.787716782252,2.917475975232588,15629.14474616156,2.950008445859109
