loss,layer_idx,accuracy_score,f1_macro,f1_micro,balanced_accuracy_score,aic,aic_avg,bic,bic_avg,ebic,ebic_avg
5405.4687576293945,46,0.6245753114382786,0.6203139130541593,0.6245753114382786,0.6247728986699574,43594.93751525879,8.228565027417664,151373.72542314517,28.571862103273908,469527.64967344096,88.62356543477557
