loss,layer_idx,accuracy_score,f1_macro,f1_micro,balanced_accuracy_score,aic_rep,aic_rep_avg,bic_rep,bic_rep_avg,ebic_rep,ebic_rep_avg,aic_cls,aic_cls_avg,bic_cls,bic_cls_avg,ebic_cls,ebic_cls_avg,aic_pr,aic_pr_avg,bic_pr,bic_pr_avg,ebic_pr,ebic_pr_avg
6878.208843231201,29,0.5066062665156663,0.48917085914554626,0.5066062665156663,0.5068044700397641,17852.417686462402,3.3696522624504346,31318.191090278367,5.911323346598408,62548.630457587264,11.80608351407838,46540.4176864624,8.784525799634277,154319.20559434878,29.12782287549052,472473.1298446446,89.17952620699218,13833.32317352295,2.6110462766181484,14086.153218021833,2.658768066821788,14366.8144124757,2.7117429997122877
