loss,layer_idx,accuracy_score,f1_macro,f1_micro,balanced_accuracy_score,aic_rep,aic_rep_avg,bic_rep,bic_rep_avg,ebic_rep,ebic_rep_avg,aic_cls,aic_cls_avg,bic_cls,bic_cls_avg,ebic_cls,ebic_cls_avg,aic_pr,aic_pr_avg,bic_pr,bic_pr_avg,ebic_pr,ebic_pr_avg
3737.8405990600586,14,0.7181955454888638,0.7151697441058189,0.7181955454888638,0.718385780885781,9523.681198120117,1.7975993201434726,16256.5679000281,3.0684348622174595,30452.22215789578,5.747871301981084,23875.681198120117,4.506546092510403,77791.37549074263,14.683158831774751,225586.36219608109,42.57953231334109,7535.993190765381,1.4224222708126426,7734.271419889828,1.4598473801226555,7939.717211737027,1.4986253702787895
