loss,layer_idx,accuracy_score,f1_macro,f1_micro,balanced_accuracy_score,aic,aic_avg,bic,bic_avg,ebic,ebic_avg
3673.3511295318604,12,0.7183842959607399,0.7152742146261892,0.7183842959607399,0.7185700329082683,9394.70225906372,1.7732544845344886,16127.588960971703,3.0440900266084756,30323.243218839383,5.7235264663721
