loss,layer_idx,accuracy_score,f1_macro,f1_micro,balanced_accuracy_score,aic_rep,aic_rep_avg,bic_rep,bic_rep_avg,ebic_rep,ebic_rep_avg,aic_cls,aic_cls_avg,bic_cls,bic_cls_avg,ebic_cls,ebic_cls_avg,aic_pr,aic_pr_avg,bic_pr,bic_pr_avg,ebic_pr,ebic_pr_avg
6506.80574798584,33,0.535673839184598,0.5192113029119558,0.535673839184598,0.5358640134375428,17109.61149597168,3.2294472434827632,30575.384899787645,5.771118327630737,61805.82426709654,11.665878495110709,45797.61149597168,8.644320780666606,153576.39940385806,28.98761785652285,471730.32365415385,89.03932118802452,13082.578567504883,2.4693428779737414,13309.310734885468,2.512138681556336,13553.487413291208,2.5582271448265774
