loss,layer_idx,accuracy_score,f1_macro,f1_micro,balanced_accuracy_score,aic,aic_avg,bic,bic_avg,ebic,ebic_avg
10281.264595031738,1,0.26406191015477537,0.25826863910520315,0.26406191015477537,0.26420968737145206,22610.529190063477,4.267748053994616,29343.41589197146,5.538583596068603,43539.07014983914,8.218020035832227
