loss,layer_idx,accuracy_score,f1_macro,f1_micro,balanced_accuracy_score,aic_rep,aic_rep_avg,bic_rep,bic_rep_avg,ebic_rep,ebic_rep_avg,aic_cls,aic_cls_avg,bic_cls,bic_cls_avg,ebic_cls,ebic_cls_avg,aic_pr,aic_pr_avg,bic_pr,bic_pr_avg,ebic_pr,ebic_pr_avg
7984.251998901367,41,0.4360135900339751,0.41531481085868305,0.4360135900339751,0.4362188057040998,19040.503997802734,3.593904114345552,29139.834050664707,5.500157427456532,51678.90424957451,9.754417563151096,40560.503997802734,7.655814269120939,121407.74509805719,22.915769176681238,352991.32928014884,66.62727996982802,16021.441524505615,3.0240546478870547,16195.475884647083,3.056903715486426,16368.89738062904,3.089637104686493
