loss,layer_idx,accuracy_score,f1_macro,f1_micro,balanced_accuracy_score,aic,aic_avg,bic,bic_avg,ebic,ebic_avg
10576.231369018555,9,0.22517931294828236,0.21951289654544814,0.22517931294828236,0.22528023447141093,24224.46273803711,4.572378772751437,34323.79279089908,6.478632085862416,56862.862989808884,10.73289222155698
