loss,layer_idx,accuracy_score,f1_macro,f1_micro,balanced_accuracy_score,aic_rep,aic_rep_avg,bic_rep,bic_rep_avg,ebic_rep,ebic_rep_avg,aic_cls,aic_cls_avg,bic_cls,bic_cls_avg,ebic_cls,ebic_cls_avg,aic_pr,aic_pr_avg,bic_pr,bic_pr_avg,ebic_pr,ebic_pr_avg
3982.112522125244,9,0.7021517553793885,0.6992201313644459,0.7021517553793885,0.7023361442479089,10012.225044250488,1.8898122016327839,16745.111746158473,3.160647743706771,30940.766004026154,5.840084183470395,24364.22504425049,4.598758973999715,78279.919336873,14.775371713264063,226074.90604221146,42.6717451948304,8026.982433319092,1.5150967220307836,8233.30000671092,1.5540392613648397,8449.570070393132,1.5948603379375486
