loss,layer_idx,accuracy_score,f1_macro,f1_micro,balanced_accuracy_score,aic,aic_avg,bic,bic_avg,ebic,ebic_avg
3726.9107818603516,4,0.7123442808607021,0.7099662113252194,0.7123442808607021,0.7125317084875908,23853.821563720703,4.5024200762024735,77769.51585634322,14.67903281546682,225564.50256168167,42.575406297033155
