loss,layer_idx,accuracy_score,f1_macro,f1_micro,balanced_accuracy_score,aic,aic_avg,bic,bic_avg,ebic,ebic_avg
10725.180671691895,18,0.22064930162325405,0.2151431239927928,0.22064930162325405,0.22078362813656932,54234.36134338379,10.236761295466929,162013.14925127017,30.580058371323172,480167.07350156596,90.63176170282483
