loss,layer_idx,accuracy_score,f1_macro,f1_micro,balanced_accuracy_score,aic,aic_avg,bic,bic_avg,ebic,ebic_avg
10815.879180908203,7,0.19535673839184597,0.18875013302843568,0.19535673839184597,0.19549482380364736,25727.758361816406,4.856126531109174,39193.531765632375,7.397797615257149,70423.97113294127,13.292557782737122
