loss,layer_idx,accuracy_score,f1_macro,f1_micro,balanced_accuracy_score,aic,aic_avg,bic,bic_avg,ebic,ebic_avg
9758.599632263184,20,0.3027557568893922,0.2803271986649254,0.3027557568893922,0.30294631838749486,44109.19926452637,8.32563217525979,124956.44036478082,23.585587082820087,356540.0245468725,67.29709787596687
