loss,layer_idx,accuracy_score,f1_macro,f1_micro,balanced_accuracy_score,aic,aic_avg,bic,bic_avg,ebic,ebic_avg
6402.348361968994,31,0.5377500943752359,0.5209464418659939,0.5377500943752359,0.5379576306046894,45588.69672393799,8.604888018863342,153367.48463182437,28.948185094719587,471521.40888212016,88.99988842622125
