loss,layer_idx,accuracy_score,f1_macro,f1_micro,balanced_accuracy_score,aic,aic_avg,bic,bic_avg,ebic,ebic_avg
10347.616416931152,13,0.24782936957342394,0.23944296082031233,0.24782936957342394,0.24793380638968876,45287.232833862305,8.547986567357928,126134.47393411676,23.807941474918227,357718.0581162084,67.51945226806501
