loss,layer_idx,accuracy_score,f1_macro,f1_micro,balanced_accuracy_score,aic,aic_avg,bic,bic_avg,ebic,ebic_avg
9716.964553833008,10,0.2936957342393356,0.28096678057566715,0.2936957342393356,0.2938879747703277,44025.929107666016,8.309914893859196,124873.17020792047,23.569869801419493,356456.7543900121,67.28138059456627
