loss,layer_idx,accuracy_score,f1_macro,f1_micro,balanced_accuracy_score,aic_rep,aic_rep_avg,bic_rep,bic_rep_avg,ebic_rep,ebic_rep_avg,aic_cls,aic_cls_avg,bic_cls,bic_cls_avg,ebic_cls,ebic_cls_avg,aic_pr,aic_pr_avg,bic_pr,bic_pr_avg,ebic_pr,ebic_pr_avg
10520.709831237793,11,0.23121932804832013,0.2225850121283862,0.23121932804832013,0.23133312765665706,24113.419662475586,4.551419339840616,34212.74971533756,6.457672652951596,56751.81991424736,10.71193278864616,45633.419662475586,8.613329494616004,126480.66076273004,23.8732844021763,358064.2449448217,67.58479519532308,21131.707061767578,3.988619679457829,21428.53070924947,4.044645282984045,21772.512219988574,4.109571955452732
