loss,layer_idx,accuracy_score,f1_macro,f1_micro,balanced_accuracy_score,aic,aic_avg,bic,bic_avg,ebic,ebic_avg
10043.43856048584,16,0.26689316723291806,0.2599826642422352,0.26689316723291806,0.2670154600301659,23158.87712097168,4.371248984705867,33258.20717383365,6.277502297816847,55797.277372743454,10.53176243351141
