loss,layer_idx,accuracy_score,f1_macro,f1_micro,balanced_accuracy_score,aic,aic_avg,bic,bic_avg,ebic,ebic_avg
8412.814613342285,39,0.4063797659494149,0.3878747279898726,0.4063797659494149,0.40658079665432606,41417.62922668457,7.817597060529364,122264.87032693902,23.07755196808966,353848.4545090307,66.78906276123644
