loss,layer_idx,accuracy_score,f1_macro,f1_micro,balanced_accuracy_score,aic,aic_avg,bic,bic_avg,ebic,ebic_avg
10356.738876342773,19,0.2544356360890902,0.2478612855843576,0.2544356360890902,0.25458316193610314,24809.477752685547,4.682800632820979,38275.251156501516,7.224471716968954,69505.69052381041,13.119231884448926
