loss,layer_idx,accuracy_score,f1_macro,f1_micro,balanced_accuracy_score,aic,aic_avg,bic,bic_avg,ebic,ebic_avg
9193.768714904785,24,0.3431483578708947,0.3348826123638168,0.3431483578708947,0.34332322089675027,51171.53742980957,9.658651836506147,158950.32533769595,30.00194891236239,477104.24958799174,90.05365224386405
