loss,layer_idx,accuracy_score,f1_macro,f1_micro,balanced_accuracy_score,aic_rep,aic_rep_avg,bic_rep,bic_rep_avg,ebic_rep,ebic_rep_avg,aic_cls,aic_cls_avg,bic_cls,bic_cls_avg,ebic_cls,ebic_cls_avg,aic_pr,aic_pr_avg,bic_pr,bic_pr_avg,ebic_pr,ebic_pr_avg
10402.019973754883,13,0.22593431483578708,0.21617079449372537,0.22593431483578708,0.22611322501028383,24900.039947509766,4.699894289828193,38365.813351325734,7.241565373976167,69596.25271863463,13.13632554145614,53588.039947509766,10.114767827012036,161366.82785539614,30.45806490286828,479520.75210569194,90.50976823436994,20870.796043395996,3.939372601622498,21090.25953473569,3.9807964391724595,21324.43313205828,4.0249968161680405
