loss,layer_idx,accuracy_score,f1_macro,f1_micro,balanced_accuracy_score,aic_rep,aic_rep_avg,bic_rep,bic_rep_avg,ebic_rep,ebic_rep_avg,aic_cls,aic_cls_avg,bic_cls,bic_cls_avg,ebic_cls,ebic_cls_avg,aic_pr,aic_pr_avg,bic_pr,bic_pr_avg,ebic_pr,ebic_pr_avg
10230.99479675293,14,0.25839939599849,0.2503083112642944,0.25839939599849,0.2585064445358563,23533.98959350586,4.442051640903333,33633.31964636783,6.3483049540143135,56172.389845277634,10.602565089708877,45053.98959350586,8.50396179567872,125901.23069376031,23.763916703239016,357484.81487585197,67.4754274963858,20552.85880279541,3.8793617974321273,20851.59517527515,3.9357484287042563,21198.37699118145,4.001203660094649
