loss,layer_idx,accuracy_score,f1_macro,f1_micro,balanced_accuracy_score,aic_rep,aic_rep_avg,bic_rep,bic_rep_avg,ebic_rep,ebic_rep_avg,aic_cls,aic_cls_avg,bic_cls,bic_cls_avg,ebic_cls,ebic_cls_avg,aic_pr,aic_pr_avg,bic_pr,bic_pr_avg,ebic_pr,ebic_pr_avg
8300.509101867676,19,0.3944884862212156,0.38219187057261894,0.3944884862212156,0.3946978266831208,19673.01820373535,3.7132914691837207,29772.348256597325,5.6195447822947004,52311.418455507126,9.873804917989265,41193.01820373535,7.7752016239591075,122040.2593039898,23.035156531519405,353623.84348608146,66.74666732466619,16674.973167419434,3.147409053873053,16918.10324140803,3.1932999700656906,17185.103521561236,3.2436963989356804
