loss,layer_idx,accuracy_score,f1_macro,f1_micro,balanced_accuracy_score,aic_rep,aic_rep_avg,bic_rep,bic_rep_avg,ebic_rep,ebic_rep_avg,aic_cls,aic_cls_avg,bic_cls,bic_cls_avg,ebic_cls,ebic_cls_avg,aic_pr,aic_pr_avg,bic_pr,bic_pr_avg,ebic_pr,ebic_pr_avg
9114.900184631348,22,0.34465836164590413,0.3342034577247118,0.34465836164590413,0.3448375154257507,22325.800369262695,4.214005354711721,35791.573773078664,6.755676438859695,67022.01314038756,12.650436606339667,51013.800369262695,9.628878891895564,158792.58827714907,29.972175967751806,476946.51252744487,90.02387929925347,18309.80104827881,3.4559835878215948,18572.80666736631,3.505626022530447,18867.920218018153,3.5613288444730373
