loss,layer_idx,accuracy_score,f1_macro,f1_micro,balanced_accuracy_score,aic_rep,aic_rep_avg,bic_rep,bic_rep_avg,ebic_rep,ebic_rep_avg,aic_cls,aic_cls_avg,bic_cls,bic_cls_avg,ebic_cls,ebic_cls_avg,aic_pr,aic_pr_avg,bic_pr,bic_pr_avg,ebic_pr,ebic_pr_avg
7123.529457092285,32,0.49981124952812384,0.4788531015295355,0.49981124952812384,0.5000119978061155,17319.05891418457,3.268980542503694,27418.388967046543,5.175233855614674,49957.459165956345,9.429493991309238,38839.05891418457,7.330890697279081,119686.30001443902,22.590845604839377,351269.8841965307,66.30235639798616,14299.148338317871,2.698970996284989,14470.394525357493,2.731293794895714,14640.196397905089,2.7633439784645315
