loss,layer_idx,accuracy_score,f1_macro,f1_micro,balanced_accuracy_score,aic,aic_avg,bic,bic_avg,ebic,ebic_avg
7345.571228027344,33,0.4845224613061533,0.4651399562912154,0.4845224613061533,0.4847165089812149,39283.14245605469,7.414711675359511,120130.38355630914,22.67466658291981,351713.9677384008,66.38617737606658
