loss,layer_idx,accuracy_score,f1_macro,f1_micro,balanced_accuracy_score,aic,aic_avg,bic,bic_avg,ebic,ebic_avg
9247.54532623291,22,0.33352208380520953,0.307659669048542,0.33352208380520953,0.33372583299053893,21567.09065246582,4.070798537649268,31666.420705327793,5.9770518507602475,54205.490904237595,10.231311986454813
