loss,layer_idx,accuracy_score,f1_macro,f1_micro,balanced_accuracy_score,aic,aic_avg,bic,bic_avg,ebic,ebic_avg
8932.64525604248,23,0.35805964514911287,0.3327705650786469,0.35805964514911287,0.3582536336212807,42457.29051208496,8.013833618740083,123304.53161233942,23.27378852630038,354888.11579443107,66.98529931944717
