loss,layer_idx,accuracy_score,f1_macro,f1_micro,balanced_accuracy_score,aic_rep,aic_rep_avg,bic_rep,bic_rep_avg,ebic_rep,ebic_rep_avg,aic_cls,aic_cls_avg,bic_cls,bic_cls_avg,ebic_cls,ebic_cls_avg,aic_pr,aic_pr_avg,bic_pr,bic_pr_avg,ebic_pr,ebic_pr_avg
5409.1177978515625,22,0.6073990184975463,0.5998835112597879,0.6073990184975463,0.6076143219525573,12866.235595703125,2.428508039959065,19599.12229761111,3.699343582033052,33794.77655547879,6.378780021796676,27218.235595703125,5.137454812325996,81133.92988832564,15.314067551590345,228928.9165936641,43.210441033156684,10870.722255706787,2.0518539553995447,11043.274372487169,2.0844232488650754,11214.769912454401,2.116793112958551
