loss,layer_idx,accuracy_score,f1_macro,f1_micro,balanced_accuracy_score,aic_rep,aic_rep_avg,bic_rep,bic_rep_avg,ebic_rep,ebic_rep_avg,aic_cls,aic_cls_avg,bic_cls,bic_cls_avg,ebic_cls,ebic_cls_avg,aic_pr,aic_pr_avg,bic_pr,bic_pr_avg,ebic_pr,ebic_pr_avg
10651.490966796875,10,0.20139675349188374,0.1923532383980016,0.20139675349188374,0.20154943096119565,25398.98193359375,4.794069825140383,38864.75533740972,7.335740909288358,70095.19470471861,13.23050107676833,54086.98193359375,10.208943362324225,161865.76984148013,30.55224043818047,480019.6940917759,90.60394376968213,21363.665924072266,4.032402024173701,21563.167111822026,4.070057967501326,21770.253220153012,4.1091455681678015
