loss,layer_idx,accuracy_score,f1_macro,f1_micro,balanced_accuracy_score,aic,aic_avg,bic,bic_avg,ebic,ebic_avg
8720.475227355957,24,0.38052095130237823,0.3538344185840846,0.38052095130237823,0.38072552447552443,42032.950454711914,7.933739232674956,122880.19155496637,23.19369414023525,354463.775737058,66.90520493338204
