loss,layer_idx,accuracy_score,f1_macro,f1_micro,balanced_accuracy_score,aic,aic_avg,bic,bic_avg,ebic,ebic_avg
3024.9636821746826,48,0.7872782181955454,0.7856449815391671,0.7872782181955454,0.787434012066365,38833.927364349365,7.32992211482623,146612.71527223574,27.673219190682474,464766.63952253154,87.72492252218413
