loss,layer_idx,accuracy_score,f1_macro,f1_micro,balanced_accuracy_score,aic_rep,aic_rep_avg,bic_rep,bic_rep_avg,ebic_rep,ebic_rep_avg,aic_cls,aic_cls_avg,bic_cls,bic_cls_avg,ebic_cls,ebic_cls_avg,aic_pr,aic_pr_avg,bic_pr,bic_pr_avg,ebic_pr,ebic_pr_avg
4876.27339553833,47,0.6542091355228388,0.6479861166951426,0.6542091355228388,0.6544031948443714,13848.54679107666,2.6139197416150735,27314.320194892625,5.155590825763047,58544.75956220152,11.05035099324302,42536.54679107666,8.028793278798917,150315.33469896304,28.37209035465516,468469.25894925883,88.42379368615681,9823.435081481934,1.8541780070747327,10056.48333723909,1.8981659753188165,10309.409788357618,1.9459059623174062
