loss,layer_idx,accuracy_score,f1_macro,f1_micro,balanced_accuracy_score,aic,aic_avg,bic,bic_avg,ebic,ebic_avg
3691.7966690063477,11,0.7178180445451113,0.7156644933599421,0.7178180445451113,0.7180207047854107,23783.593338012695,4.48916446546106,77699.28763063521,14.665777204725408,225494.27433597366,42.562150686291744
