loss,layer_idx,accuracy_score,f1_macro,f1_micro,balanced_accuracy_score,aic,aic_avg,bic,bic_avg,ebic,ebic_avg
8021.056427001953,46,0.4384673461683654,0.4131191390087113,0.4384673461683654,0.43865950226244343,40634.112854003906,7.669707975463176,121481.35395425836,22.92966288302347,353064.93813635,66.64117367617025
