loss,layer_idx,accuracy_score,f1_macro,f1_micro,balanced_accuracy_score,aic,aic_avg,bic,bic_avg,ebic,ebic_avg
10663.412498474121,5,0.20970177425443565,0.19951553050308504,0.20970177425443565,0.20984162895927602,45918.82499694824,8.667199886173696,126766.0660972027,23.927154793733994,358349.65027929435,67.63866558688078
