loss,layer_idx,accuracy_score,f1_macro,f1_micro,balanced_accuracy_score,aic,aic_avg,bic,bic_avg,ebic,ebic_avg
10855.391487121582,9,0.1866742166855417,0.17853308437450024,0.1866742166855417,0.18681184012066365,25806.782974243164,4.8710424639945575,39272.55637805913,7.4127135481425315,70502.99574536803,13.307473715622503
