loss,layer_idx,accuracy_score,f1_macro,f1_micro,balanced_accuracy_score,aic,aic_avg,bic,bic_avg,ebic,ebic_avg
9826.558891296387,0,0.3001132502831257,0.2882958374179677,0.3001132502831257,0.3002896613190731,52437.11778259277,9.8975307252912,160215.90569047915,30.240827801147443,478369.82994077494,90.2925311326491
