loss,layer_idx,accuracy_score,f1_macro,f1_micro,balanced_accuracy_score,aic,aic_avg,bic,bic_avg,ebic,ebic_avg
9826.558891296387,0,0.3001132502831257,0.2882958374179677,0.3001132502831257,0.3002896613190731,23749.117782592773,4.482657188107356,37214.89118640874,7.024328272255331,68445.33055371763,12.919088439735303
