loss,layer_idx,accuracy_score,f1_macro,f1_micro,balanced_accuracy_score,aic_rep,aic_rep_avg,bic_rep,bic_rep_avg,ebic_rep,ebic_rep_avg,aic_cls,aic_cls_avg,bic_cls,bic_cls_avg,ebic_cls,ebic_cls_avg,aic_pr,aic_pr_avg,bic_pr,bic_pr_avg,ebic_pr,ebic_pr_avg
3793.0666007995605,10,0.7074367685919215,0.7049912164133696,0.7074367685919215,0.7076194638694638,9634.133201599121,1.8184471879198039,16367.019903507104,3.0892827299937906,30562.674161374784,5.768719169757415,23986.13320159912,4.527393960286735,77901.82749422164,14.704006699551083,225696.8141995601,42.60038018111742,7648.787517547607,1.443712253217744,7854.766233693459,1.482590833086723,8070.57811185083,1.5233254269254115
