loss,layer_idx,accuracy_score,f1_macro,f1_micro,balanced_accuracy_score,aic,aic_avg,bic,bic_avg,ebic,ebic_avg
5673.285991668701,40,0.6073990184975463,0.5952018575950033,0.6073990184975463,0.6076228918140683,44130.5719833374,8.32966628602065,151909.35989122378,28.672963361876892,470063.2841415196,88.72466669337855
