loss,layer_idx,accuracy_score,f1_macro,f1_micro,balanced_accuracy_score,aic,aic_avg,bic,bic_avg,ebic,ebic_avg
3737.8405990600586,14,0.7181955454888638,0.7151697441058189,0.7181955454888638,0.718385780885781,23875.681198120117,4.506546092510403,77791.37549074263,14.683158831774751,225586.36219608109,42.57953231334109
