loss,layer_idx,accuracy_score,f1_macro,f1_micro,balanced_accuracy_score,aic_rep,aic_rep_avg,bic_rep,bic_rep_avg,ebic_rep,ebic_rep_avg,aic_cls,aic_cls_avg,bic_cls,bic_cls_avg,ebic_cls,ebic_cls_avg,aic_pr,aic_pr_avg,bic_pr,bic_pr_avg,ebic_pr,ebic_pr_avg
8292.185264587402,37,0.41317478293695736,0.3926342060905762,0.41317478293695736,0.4133732688879747,19656.370529174805,3.7101492127547764,29755.700582036778,5.616402525865756,52294.77078094658,9.87066266156032,41176.370529174805,7.772059367530163,122023.61162942926,23.03201427509046,353607.1958115209,66.74352506823725,16629.502742767334,3.1388264897635585,16777.876805621247,3.1668321641414208,16918.52905284975,3.193380342176246
