loss,layer_idx,accuracy_score,f1_macro,f1_micro,balanced_accuracy_score,aic_rep,aic_rep_avg,bic_rep,bic_rep_avg,ebic_rep,ebic_rep_avg,aic_cls,aic_cls_avg,bic_cls,bic_cls_avg,ebic_cls,ebic_cls_avg,aic_pr,aic_pr_avg,bic_pr,bic_pr_avg,ebic_pr,ebic_pr_avg
3024.9636821746826,48,0.7872782181955454,0.7856449815391671,0.7872782181955454,0.787434012066365,10145.927364349365,1.915048577642387,23611.70076816533,4.456719661790361,54842.14013547423,10.351479829270334,38833.927364349365,7.32992211482623,146612.71527223574,27.673219190682474,464766.63952253154,87.72492252218413,6108.687026977539,1.1530175588859077,6301.861905453043,1.1894794083527827,6500.487686008867,1.226970118159469
