loss,layer_idx,accuracy_score,f1_macro,f1_micro,balanced_accuracy_score,aic,aic_avg,bic,bic_avg,ebic,ebic_avg
10000.874237060547,0,0.28784446961117405,0.27961572776302274,0.28784446961117405,0.28800904977375563,44593.748474121094,8.417091067218024,125440.98957437555,23.67704597477832,357024.5737564672,67.38855676792511
