loss,layer_idx,accuracy_score,f1_macro,f1_micro,balanced_accuracy_score,aic,aic_avg,bic,bic_avg,ebic,ebic_avg
9193.768714904785,24,0.3431483578708947,0.3348826123638168,0.3431483578708947,0.34332322089675027,22483.53742980957,4.2437782993223045,35949.31083362554,6.785449383470279,67179.75020093443,12.680209550950252
