loss,layer_idx,accuracy_score,f1_macro,f1_micro,balanced_accuracy_score,aic_rep,aic_rep_avg,bic_rep,bic_rep_avg,ebic_rep,ebic_rep_avg,aic_cls,aic_cls_avg,bic_cls,bic_cls_avg,ebic_cls,ebic_cls_avg,aic_pr,aic_pr_avg,bic_pr,bic_pr_avg,ebic_pr,ebic_pr_avg
3654.2510929107666,7,0.7212155530388826,0.7184055599644031,0.7212155530388826,0.7213732346085286,9356.502185821533,1.766044202684321,16089.388887729516,3.036879744758308,30285.043145597196,5.716316184521932,23708.502185821533,4.474990975051252,77624.19647844405,14.6516037143156,225419.1831837825,42.547977195881934,7367.474338531494,1.3906142579334644,7561.347787146622,1.4272079628438321,7760.904733029483,1.4648744305453913
