loss,layer_idx,accuracy_score,f1_macro,f1_micro,balanced_accuracy_score,aic,aic_avg,bic,bic_avg,ebic,ebic_avg
10235.339462280273,1,0.25424688561721404,0.23870760638393146,0.25424688561721404,0.2544229055258467,24566.678924560547,4.636972239441402,38032.452328376516,7.178643323589377,69262.89169568541,13.073403491069348
