loss,layer_idx,accuracy_score,f1_macro,f1_micro,balanced_accuracy_score,aic,aic_avg,bic,bic_avg,ebic,ebic_avg
7968.400527954102,44,0.4414873537183843,0.4182034175069851,0.4414873537183843,0.4416658096805156,40528.8010559082,7.649830323878483,121376.04215616266,22.90978523143878,352959.6263382543,66.62129602458556
