loss,layer_idx,accuracy_score,f1_macro,f1_micro,balanced_accuracy_score,aic_rep,aic_rep_avg,bic_rep,bic_rep_avg,ebic_rep,ebic_rep_avg,aic_cls,aic_cls_avg,bic_cls,bic_cls_avg,ebic_cls,ebic_cls_avg,aic_pr,aic_pr_avg,bic_pr,bic_pr_avg,ebic_pr,ebic_pr_avg
7968.400527954102,44,0.4414873537183843,0.4182034175069851,0.4414873537183843,0.4416658096805156,19008.801055908203,3.587920169103096,29108.131108770176,5.494173482214077,51647.20130767998,9.74843361790864,40528.8010559082,7.649830323878483,121376.04215616266,22.90978523143878,352959.6263382543,66.62129602458556,15998.186477661133,3.019665246821656,16199.993650420563,3.0577564459079962,16410.178887379734,3.097429008565446
