loss,layer_idx,accuracy_score,f1_macro,f1_micro,balanced_accuracy_score,aic,aic_avg,bic,bic_avg,ebic,ebic_avg
5106.957389831543,19,0.6289165722914307,0.6244918764035448,0.6289165722914307,0.6291075346222406,12261.914779663086,2.3144422007669094,18994.80148157107,3.585277742840897,33190.45573943875,6.264714182604521
