loss,layer_idx,accuracy_score,f1_macro,f1_micro,balanced_accuracy_score,aic_rep,aic_rep_avg,bic_rep,bic_rep_avg,ebic_rep,ebic_rep_avg,aic_cls,aic_cls_avg,bic_cls,bic_cls_avg,ebic_cls,ebic_cls_avg,aic_pr,aic_pr_avg,bic_pr,bic_pr_avg,ebic_pr,ebic_pr_avg
6018.258197784424,3,0.5434126085315213,0.5346276700828675,0.5434126085315213,0.5435640340052106,14084.516395568848,2.6584591158114095,20817.403097476832,3.929294657885397,35013.057355344514,6.608731097649021,28436.516395568848,5.36740588817834,82352.21068819136,15.54401862744269,230147.19739352982,43.440392109009025,12092.992805480957,2.2825580984297766,12278.661393991086,2.3176031321236477,12467.330771597142,2.353214566175376
