loss,layer_idx,accuracy_score,f1_macro,f1_micro,balanced_accuracy_score,aic,aic_avg,bic,bic_avg,ebic,ebic_avg
10237.980674743652,2,0.2682144205360513,0.2593309286194715,0.2682144205360513,0.2683772110242698,36875.961349487305,6.960355105603493,90791.65564210982,17.13696784486784,238586.64234744827,45.033341326434176
