loss,layer_idx,accuracy_score,f1_macro,f1_micro,balanced_accuracy_score,aic,aic_avg,bic,bic_avg,ebic,ebic_avg
7515.868423461914,47,0.48395620989052474,0.4702942880920101,0.48395620989052474,0.48417403674756615,39623.73684692383,7.478999027354441,120470.97794717828,22.73895393491474,352054.56212926994,66.45046472806152
