loss,layer_idx,accuracy_score,f1_macro,f1_micro,balanced_accuracy_score,aic,aic_avg,bic,bic_avg,ebic,ebic_avg
10871.283409118652,17,0.20951302378255945,0.2054262381073868,0.20951302378255945,0.20962738242150009,54526.566818237305,10.291915216730333,162305.35472612368,30.635212292586576,480459.2789764195,90.68691562408823
