loss,layer_idx,accuracy_score,f1_macro,f1_micro,balanced_accuracy_score,aic,aic_avg,bic,bic_avg,ebic,ebic_avg
10578.058013916016,11,0.21234428086070214,0.20347636142203374,0.21234428086070214,0.2124991430138489,25252.11602783203,4.766348816125336,38717.889431648,7.308019900273311,69948.32879895689,13.202780067753283
