loss,layer_idx,accuracy_score,f1_macro,f1_micro,balanced_accuracy_score,aic,aic_avg,bic,bic_avg,ebic,ebic_avg
7140.428688049316,27,0.4971687429218573,0.4754810506782753,0.4971687429218573,0.49736905251611135,38872.85737609863,7.3372701729140495,119720.09847635309,22.597225080474345,351303.68265844474,66.30873587362113
