loss,layer_idx,accuracy_score,f1_macro,f1_micro,balanced_accuracy_score,aic,aic_avg,bic,bic_avg,ebic,ebic_avg
7533.77880859375,26,0.46998867497168745,0.4465325048288819,0.46998867497168745,0.47021801727684076,18139.5576171875,3.4238500598692903,28238.887670049473,5.33010337298027,50777.957868959274,9.584363508674835
