loss,layer_idx,accuracy_score,f1_macro,f1_micro,balanced_accuracy_score,aic,aic_avg,bic,bic_avg,ebic,ebic_avg
4052.5497856140137,15,0.6910154775386939,0.686899555232547,0.6910154775386939,0.6912107500342795,24505.099571228027,4.625349107442059,78420.79386385054,14.801961846706407,226215.780569189,42.69833532827274
