loss,layer_idx,accuracy_score,f1_macro,f1_micro,balanced_accuracy_score,aic_rep,aic_rep_avg,bic_rep,bic_rep_avg,ebic_rep,ebic_rep_avg,aic_cls,aic_cls_avg,bic_cls,bic_cls_avg,ebic_cls,ebic_cls_avg,aic_pr,aic_pr_avg,bic_pr,bic_pr_avg,ebic_pr,ebic_pr_avg
8412.814613342285,39,0.4063797659494149,0.3878747279898726,0.4063797659494149,0.40658079665432606,19897.62922668457,3.755686905753977,29996.959279546543,5.661940218864957,52536.029478456345,9.916200354559521,41417.62922668457,7.817597060529364,122264.87032693902,23.07755196808966,353848.4545090307,66.78906276123644,16873.308616638184,3.184844963502866,17030.056629613657,3.21443122491764,17181.264765361047,3.2429718318914773
