loss,layer_idx,accuracy_score,f1_macro,f1_micro,balanced_accuracy_score,aic_rep,aic_rep_avg,bic_rep,bic_rep_avg,ebic_rep,ebic_rep_avg,aic_cls,aic_cls_avg,bic_cls,bic_cls_avg,ebic_cls,ebic_cls_avg,aic_pr,aic_pr_avg,bic_pr,bic_pr_avg,ebic_pr,ebic_pr_avg
5338.503349304199,21,0.61759154397886,0.6113594704830658,0.61759154397886,0.6178081722199369,12725.006698608398,2.4018510189898827,19457.893400516383,3.6726865610638697,33653.547658384065,6.352123000827494,27077.0066986084,5.110797791356814,80992.70099123091,15.287410530621163,228787.68769656937,43.1837840121875,10728.26192855835,2.024964501426642,10896.765666904668,2.05676966155241,11063.020742396404,2.088150385503285
