loss,layer_idx,accuracy_score,f1_macro,f1_micro,balanced_accuracy_score,aic,aic_avg,bic,bic_avg,ebic,ebic_avg
9575.644264221191,12,0.304643261608154,0.29112514422829644,0.304643261608154,0.30482911696146986,43743.28852844238,8.256566351159378,124590.52962869684,23.516521258719674,356174.1138107885,67.22803205186646
