loss,layer_idx,accuracy_score,f1_macro,f1_micro,balanced_accuracy_score,aic,aic_avg,bic,bic_avg,ebic,ebic_avg
6018.258197784424,3,0.5434126085315213,0.5346276700828675,0.5434126085315213,0.5435640340052106,28436.516395568848,5.36740588817834,82352.21068819136,15.54401862744269,230147.19739352982,43.440392109009025
