loss,layer_idx,accuracy_score,f1_macro,f1_micro,balanced_accuracy_score,aic,aic_avg,bic,bic_avg,ebic,ebic_avg
7615.4418869018555,34,0.45941864854662134,0.4401037181525211,0.45941864854662134,0.45960852872617575,18302.88377380371,3.454677949000323,28402.213826665684,5.360931262111303,50941.284025575485,9.615191397805868
