loss,layer_idx,accuracy_score,f1_macro,f1_micro,balanced_accuracy_score,aic_rep,aic_rep_avg,bic_rep,bic_rep_avg,ebic_rep,ebic_rep_avg,aic_cls,aic_cls_avg,bic_cls,bic_cls_avg,ebic_cls,ebic_cls_avg,aic_pr,aic_pr_avg,bic_pr,bic_pr_avg,ebic_pr,ebic_pr_avg
6971.679626464844,31,0.5101925254813137,0.4886813284497451,0.5101925254813137,0.5103926710544358,17015.359252929688,3.2116570881331987,27114.68930579166,5.117910401244179,49653.75950470146,9.372170536938743,38535.35925292969,7.273567242908586,119382.60035318414,22.533522150468883,350966.1845352758,66.24503294361567,13999.051815032959,2.6423276359065606,14182.143470687402,2.676886272307928,14367.415888929187,2.7118565286767056
