loss,layer_idx,accuracy_score,f1_macro,f1_micro,balanced_accuracy_score,aic,aic_avg,bic,bic_avg,ebic,ebic_avg
5338.503349304199,21,0.61759154397886,0.6113594704830658,0.61759154397886,0.6178081722199369,27077.0066986084,5.110797791356814,80992.70099123091,15.287410530621163,228787.68769656937,43.1837840121875
