loss,layer_idx,accuracy_score,f1_macro,f1_micro,balanced_accuracy_score,aic_rep,aic_rep_avg,bic_rep,bic_rep_avg,ebic_rep,ebic_rep_avg,aic_cls,aic_cls_avg,bic_cls,bic_cls_avg,ebic_cls,ebic_cls_avg,aic_pr,aic_pr_avg,bic_pr,bic_pr_avg,ebic_pr,ebic_pr_avg
3848.6117095947266,8,0.7097017742544356,0.7082740382073698,0.7097017742544356,0.7098776223776224,9745.223419189453,1.8394155189108066,16478.110121097438,3.110251060984794,30673.76437896512,5.7896875007484185,24097.223419189453,4.548362291277737,78012.91771181197,14.724975030542085,225807.90441715042,42.62134851210842,7760.298320770264,1.4647599699453122,7967.659729987839,1.503899533784039,8185.3422969535795,1.5449872210180406
