loss,layer_idx,accuracy_score,f1_macro,f1_micro,balanced_accuracy_score,aic_rep,aic_rep_avg,bic_rep,bic_rep_avg,ebic_rep,ebic_rep_avg,aic_cls,aic_cls_avg,bic_cls,bic_cls_avg,ebic_cls,ebic_cls_avg,aic_pr,aic_pr_avg,bic_pr,bic_pr_avg,ebic_pr,ebic_pr_avg
8203.811813354492,36,0.4146847867119668,0.39636813486167066,0.4146847867119668,0.4148524269847799,19479.623626708984,3.6767881515117,29578.953679570957,5.58304146462268,52118.02387848076,9.837301600317245,40999.623626708984,7.738698306287087,121846.86472696344,22.998653213847383,353430.4489090551,66.71016400699416,16454.452640533447,3.105785700364939,16608.405005983735,3.134844281990135,16756.07355006189,3.162716789366155
