loss,layer_idx,accuracy_score,f1_macro,f1_micro,balanced_accuracy_score,aic_rep,aic_rep_avg,bic_rep,bic_rep_avg,ebic_rep,ebic_rep_avg,aic_cls,aic_cls_avg,bic_cls,bic_cls_avg,ebic_cls,ebic_cls_avg,aic_pr,aic_pr_avg,bic_pr,bic_pr_avg,ebic_pr,ebic_pr_avg
10855.391487121582,9,0.1866742166855417,0.17853308437450024,0.1866742166855417,0.18681184012066365,25806.782974243164,4.8710424639945575,39272.55637805913,7.4127135481425315,70502.99574536803,13.307473715622503,54494.782974243164,10.2859160011784,162273.57088212954,30.629213077034642,480427.49513242533,90.6809164085363,21777.37461090088,4.110489734031876,21996.297435564462,4.151811520491593,22229.72988234418,4.195872004972476
