loss,layer_idx,accuracy_score,f1_macro,f1_micro,balanced_accuracy_score,aic,aic_avg,bic,bic_avg,ebic,ebic_avg
5173.6707763671875,20,0.6226878067195168,0.6154524646238,0.6226878067195168,0.6228901000959824,26747.341552734375,5.048573339511962,80663.03584535689,15.22518607877631,228458.02255069534,43.12155956034265
