loss,layer_idx,accuracy_score,f1_macro,f1_micro,balanced_accuracy_score,aic,aic_avg,bic,bic_avg,ebic,ebic_avg
9114.900184631348,22,0.34465836164590413,0.3342034577247118,0.34465836164590413,0.3448375154257507,51013.800369262695,9.628878891895564,158792.58827714907,29.972175967751806,476946.51252744487,90.02387929925347
