loss,layer_idx,accuracy_score,f1_macro,f1_micro,balanced_accuracy_score,aic,aic_avg,bic,bic_avg,ebic,ebic_avg
10651.490966796875,10,0.20139675349188374,0.1923532383980016,0.20139675349188374,0.20154943096119565,54086.98193359375,10.208943362324225,161865.76984148013,30.55224043818047,480019.6940917759,90.60394376968213
