loss,layer_idx,accuracy_score,f1_macro,f1_micro,balanced_accuracy_score,aic,aic_avg,bic,bic_avg,ebic,ebic_avg
7140.428688049316,27,0.4971687429218573,0.4754810506782753,0.4971687429218573,0.49736905251611135,17352.857376098633,3.275360018138662,27452.187428960606,5.181613331249642,49991.25762787041,9.435873466944207
