loss,layer_idx,accuracy_score,f1_macro,f1_micro,balanced_accuracy_score,aic,aic_avg,bic,bic_avg,ebic,ebic_avg
8720.475227355957,24,0.38052095130237823,0.3538344185840846,0.38052095130237823,0.38072552447552443,20512.950454711914,3.8718290778995685,30612.280507573887,5.778082391010549,53151.35070648369,10.032342526705113
