loss,layer_idx,accuracy_score,f1_macro,f1_micro,balanced_accuracy_score,aic_rep,aic_rep_avg,bic_rep,bic_rep_avg,ebic_rep,ebic_rep_avg,aic_cls,aic_cls_avg,bic_cls,bic_cls_avg,ebic_cls,ebic_cls_avg,aic_pr,aic_pr_avg,bic_pr,bic_pr_avg,ebic_pr,ebic_pr_avg
10558.12085723877,12,0.20838052095130238,0.2000678556367802,0.20838052095130238,0.20854243795420263,25212.24171447754,4.758822520663937,38678.01511829351,7.300493604811912,69908.4544856024,13.195253772291883,53900.24171447754,10.17369605784778,161679.02962236392,30.516993133704023,479832.9538726597,90.56869646520569,21181.46199798584,3.998010947147195,21395.876441114604,4.038481774464818,21623.14456927971,4.081378740898398
