loss,layer_idx,accuracy_score,f1_macro,f1_micro,balanced_accuracy_score,aic,aic_avg,bic,bic_avg,ebic,ebic_avg
10791.664070129395,3,0.19554548886372217,0.1882493156480714,0.19554548886372217,0.19568164678458796,46175.32814025879,8.715614975511285,127022.56924051324,23.975569883071582,358606.1534226049,67.68708067621837
