loss,layer_idx,accuracy_score,f1_macro,f1_micro,balanced_accuracy_score,aic_rep,aic_rep_avg,bic_rep,bic_rep_avg,ebic_rep,ebic_rep_avg,aic_cls,aic_cls_avg,bic_cls,bic_cls_avg,ebic_cls,ebic_cls_avg,aic_pr,aic_pr_avg,bic_pr,bic_pr_avg,ebic_pr,ebic_pr_avg
9840.854675292969,8,0.2770856927142318,0.26422384477599103,0.2770856927142318,0.27726330042506514,22753.709350585938,4.294773376856538,32853.03940344791,6.201026689967518,55392.10960235771,10.455286825662082,44273.70935058594,8.356683531631925,125120.95045084039,23.616638439192222,356704.53463293205,67.328149232339,19742.432846069336,3.7263935156793764,19942.06390819509,3.7640739728567554,20149.324338047612,3.8031944767926786
