loss,layer_idx,accuracy_score,f1_macro,f1_micro,balanced_accuracy_score,aic_rep,aic_rep_avg,bic_rep,bic_rep_avg,ebic_rep,ebic_rep_avg,aic_cls,aic_cls_avg,bic_cls,bic_cls_avg,ebic_cls,ebic_cls_avg,aic_pr,aic_pr_avg,bic_pr,bic_pr_avg,ebic_pr,ebic_pr_avg
7345.571228027344,33,0.4845224613061533,0.4651399562912154,0.4845224613061533,0.4847165089812149,17763.142456054688,3.3528015205841237,27862.47250891666,5.259054833695104,50401.54270782646,9.513314969389668,39283.14245605469,7.414711675359511,120130.38355630914,22.67466658291981,351713.9677384008,66.38617737606658,14746.328475952148,2.7833764582771137,14927.754852660568,2.8176207724916136,15110.837927217515,2.8521777892067792
