loss,layer_idx,accuracy_score,f1_macro,f1_micro,balanced_accuracy_score,aic_rep,aic_rep_avg,bic_rep,bic_rep_avg,ebic_rep,ebic_rep_avg,aic_cls,aic_cls_avg,bic_cls,bic_cls_avg,ebic_cls,ebic_cls_avg,aic_pr,aic_pr_avg,bic_pr,bic_pr_avg,ebic_pr,ebic_pr_avg
9575.644264221191,12,0.304643261608154,0.29112514422829644,0.304643261608154,0.30482911696146986,22223.288528442383,4.194656196383991,32322.618581304356,6.100909509494971,54861.68878021416,10.355169645189536,43743.28852844238,8.256566351159378,124590.52962869684,23.516521258719674,356174.1138107885,67.22803205186646,19211.583450317383,3.6261954417360105,19409.805558561897,3.6636099582034536,19615.176137179686,3.702373751827045
