loss,layer_idx,accuracy_score,f1_macro,f1_micro,balanced_accuracy_score,aic,aic_avg,bic,bic_avg,ebic,ebic_avg
5198.392589569092,24,0.6143827859569649,0.6126671761647969,0.6143827859569649,0.6145627656657069,26796.785179138184,5.057905847326951,80712.4794717607,15.234518586591298,228507.46617709915,43.130892068157635
