loss,layer_idx,accuracy_score,f1_macro,f1_micro,balanced_accuracy_score,aic,aic_avg,bic,bic_avg,ebic,ebic_avg
6488.220275878906,30,0.53359758399396,0.5172254367593815,0.53359758399396,0.5337832510626628,45760.44055175781,8.637304747406155,153539.2284596442,28.9806018232624,471693.15270994,89.03230515476406
