loss,layer_idx,accuracy_score,f1_macro,f1_micro,balanced_accuracy_score,aic_rep,aic_rep_avg,bic_rep,bic_rep_avg,ebic_rep,ebic_rep_avg,aic_cls,aic_cls_avg,bic_cls,bic_cls_avg,ebic_cls,ebic_cls_avg,aic_pr,aic_pr_avg,bic_pr,bic_pr_avg,ebic_pr,ebic_pr_avg
4052.5497856140137,15,0.6910154775386939,0.686899555232547,0.6910154775386939,0.6912107500342795,10153.099571228027,1.9164023350751278,16885.98627313601,3.187237877149115,31081.640531003693,5.866674316912739,24505.099571228027,4.625349107442059,78420.79386385054,14.801961846706407,226215.780569189,42.69833532827274,8165.289768218994,1.541202296757077,8363.16758897373,1.5785518287983638,8568.076834872554,1.6172285456535587
