loss,layer_idx,accuracy_score,f1_macro,f1_micro,balanced_accuracy_score,aic,aic_avg,bic,bic_avg,ebic,ebic_avg
10975.455474853516,4,0.17232918082295207,0.1669282729137705,0.17232918082295207,0.17243846839435073,26046.91094970703,4.9163667326740335,39512.684353523,7.458037816822008,70743.12372083189,13.352797984301981
