loss,layer_idx,accuracy_score,f1_macro,f1_micro,balanced_accuracy_score,aic_rep,aic_rep_avg,bic_rep,bic_rep_avg,ebic_rep,ebic_rep_avg,aic_cls,aic_cls_avg,bic_cls,bic_cls_avg,ebic_cls,ebic_cls_avg,aic_pr,aic_pr_avg,bic_pr,bic_pr_avg,ebic_pr,ebic_pr_avg
5673.285991668701,40,0.6073990184975463,0.5952018575950033,0.6073990184975463,0.6076228918140683,15442.571983337402,2.9147927488368066,28908.345387153367,5.456463832984781,60138.784754462264,11.351224000464754,44130.5719833374,8.32966628602065,151909.35989122378,28.672963361876892,470063.2841415196,88.72466669337855,11437.399787902832,2.158814607003177,11736.00004059916,2.2151755456019555,12082.582440297403,2.2805931370889776
