loss,layer_idx,accuracy_score,f1_macro,f1_micro,balanced_accuracy_score,aic,aic_avg,bic,bic_avg,ebic,ebic_avg
8203.811813354492,36,0.4146847867119668,0.39636813486167066,0.4146847867119668,0.4148524269847799,40999.623626708984,7.738698306287087,121846.86472696344,22.998653213847383,353430.4489090551,66.71016400699416
