loss,layer_idx,accuracy_score,f1_macro,f1_micro,balanced_accuracy_score,aic,aic_avg,bic,bic_avg,ebic,ebic_avg
5173.6707763671875,20,0.6226878067195168,0.6154524646238,0.6226878067195168,0.6228901000959824,12395.341552734375,2.339626567145031,19128.22825464236,3.6104621092190183,33323.88251251004,6.2898985489826424
