loss,layer_idx,accuracy_score,f1_macro,f1_micro,balanced_accuracy_score,aic,aic_avg,bic,bic_avg,ebic,ebic_avg
6913.62419128418,28,0.5117025292563231,0.49056420618537366,0.5117025292563231,0.5119129644864938,38419.24838256836,7.251651261337932,119266.48948282281,22.51160616889823,350850.07366491447,66.22311696204501
