loss,layer_idx,accuracy_score,f1_macro,f1_micro,balanced_accuracy_score,aic_rep,aic_rep_avg,bic_rep,bic_rep_avg,ebic_rep,ebic_rep_avg,aic_cls,aic_cls_avg,bic_cls,bic_cls_avg,ebic_cls,ebic_cls_avg,aic_pr,aic_pr_avg,bic_pr,bic_pr_avg,ebic_pr,ebic_pr_avg
10020.476760864258,20,0.2793506983767459,0.2723515751800619,0.2793506983767459,0.27950003427944603,24136.953521728516,4.555861366879674,37602.726925544484,7.097532451027649,68833.16629285338,12.992292618507621,52824.953521728516,9.970734904063518,160603.7414296149,30.31403197991976,478757.6656799107,90.36573531142142,20130.302978515625,3.79960418620529,20424.043100304996,3.855047772802,20763.51813755287,3.91912384627272
