loss,layer_idx,accuracy_score,f1_macro,f1_micro,balanced_accuracy_score,aic,aic_avg,bic,bic_avg,ebic,ebic_avg
7615.4418869018555,34,0.45941864854662134,0.4401037181525211,0.45941864854662134,0.45960852872617575,39822.88377380371,7.51658810377571,120670.12487405817,22.776543011336006,352253.7090561498,66.48805380448279
