loss,layer_idx,accuracy_score,f1_macro,f1_micro,balanced_accuracy_score,aic,aic_avg,bic,bic_avg,ebic,ebic_avg
5198.392589569092,24,0.6143827859569649,0.6126671761647969,0.6143827859569649,0.6145627656657069,12444.785179138184,2.3489590749600198,19177.671881046168,3.6197946170340067,33373.32613891385,6.299231056797631
