loss,layer_idx,accuracy_score,f1_macro,f1_micro,balanced_accuracy_score,aic_rep,aic_rep_avg,bic_rep,bic_rep_avg,ebic_rep,ebic_rep_avg,aic_cls,aic_cls_avg,bic_cls,bic_cls_avg,ebic_cls,ebic_cls_avg,aic_pr,aic_pr_avg,bic_pr,bic_pr_avg,ebic_pr,ebic_pr_avg
3673.3511295318604,12,0.7183842959607399,0.7152742146261892,0.7183842959607399,0.7185700329082683,9394.70225906372,1.7732544845344886,16127.588960971703,3.0440900266084756,30323.243218839383,5.7235264663721,23746.70225906372,4.482201256901419,77662.39655168624,14.658813996165767,225457.3832570247,42.555187477732105,7407.152263641357,1.3981034850210188,7605.884212836205,1.4356142342084193,7811.938298006582,1.4745070400163425
