loss,layer_idx,accuracy_score,f1_macro,f1_micro,balanced_accuracy_score,aic,aic_avg,bic,bic_avg,ebic,ebic_avg
7949.542587280273,45,0.4431861079652699,0.41901350916390756,0.4431861079652699,0.4433874948580831,18971.085174560547,3.5808012787015,29070.41522742252,5.4870545918124805,51609.48542633232,9.741314727507044
