loss,layer_idx,accuracy_score,f1_macro,f1_micro,balanced_accuracy_score,aic,aic_avg,bic,bic_avg,ebic,ebic_avg
8330.496612548828,40,0.4126085315213288,0.3908898317293914,0.4126085315213288,0.4128196558343617,19732.993225097656,3.7246117827666394,29832.32327795963,5.63086509587762,52371.39347686943,9.885125231572184
