loss,layer_idx,accuracy_score,f1_macro,f1_micro,balanced_accuracy_score,aic_rep,aic_rep_avg,bic_rep,bic_rep_avg,ebic_rep,ebic_rep_avg,aic_cls,aic_cls_avg,bic_cls,bic_cls_avg,ebic_cls,ebic_cls_avg,aic_pr,aic_pr_avg,bic_pr,bic_pr_avg,ebic_pr,ebic_pr_avg
6752.8790283203125,30,0.5234050585126463,0.5039095335380979,0.5234050585126463,0.5236013986013985,16577.758056640625,3.1290596558400576,26677.088109502598,5.035312968951038,49216.1583084124,9.289573104645601,38097.758056640625,7.190969810615445,118944.99915689508,22.45092471817574,350528.58333898673,66.16243551132253,13565.117080688477,2.560422250035575,13760.262385205086,2.597256018347506,13961.516598749942,2.6352428461211668
