loss,layer_idx,accuracy_score,f1_macro,f1_micro,balanced_accuracy_score,aic_rep,aic_rep_avg,bic_rep,bic_rep_avg,ebic_rep,ebic_rep_avg,aic_cls,aic_cls_avg,bic_cls,bic_cls_avg,ebic_cls,ebic_cls_avg,aic_pr,aic_pr_avg,bic_pr,bic_pr_avg,ebic_pr,ebic_pr_avg
8565.65894317627,26,0.38882597206493014,0.3656719938291478,0.38882597206493014,0.3890228643905115,21227.31788635254,4.006666267714711,34693.09129016851,6.548337351862686,65923.5306574774,12.443097519342658,49915.31788635254,9.421539804898554,157694.10579423892,29.764836880754796,475848.0300445347,89.81654021225646,17203.786659240723,3.247222849988811,17442.03081807004,3.2921915473895886,17702.194328523045,3.3412975327525567
