loss,layer_idx,accuracy_score,f1_macro,f1_micro,balanced_accuracy_score,aic,aic_avg,bic,bic_avg,ebic,ebic_avg
10871.283409118652,17,0.20951302378255945,0.2054262381073868,0.20951302378255945,0.20962738242150009,25838.566818237305,4.87704167954649,39304.34022205327,7.418712763694464,70534.77958936217,13.313472931174436
