loss,layer_idx,accuracy_score,f1_macro,f1_micro,balanced_accuracy_score,aic,aic_avg,bic,bic_avg,ebic,ebic_avg
4052.5497856140137,15,0.6910154775386939,0.686899555232547,0.6910154775386939,0.6912107500342795,10153.099571228027,1.9164023350751278,16885.98627313601,3.187237877149115,31081.640531003693,5.866674316912739
