loss,layer_idx,accuracy_score,f1_macro,f1_micro,balanced_accuracy_score,aic,aic_avg,bic,bic_avg,ebic,ebic_avg
10356.738876342773,19,0.2544356360890902,0.2478612855843576,0.2544356360890902,0.25458316193610314,53497.47775268555,10.097674170004822,161276.26566057192,30.440971245861064,479430.1899108677,90.49267457736272
