loss,layer_idx,accuracy_score,f1_macro,f1_micro,balanced_accuracy_score,aic,aic_avg,bic,bic_avg,ebic,ebic_avg
8412.814613342285,39,0.4063797659494149,0.3878747279898726,0.4063797659494149,0.40658079665432606,19897.62922668457,3.755686905753977,29996.959279546543,5.661940218864957,52536.029478456345,9.916200354559521
