loss,layer_idx,accuracy_score,f1_macro,f1_micro,balanced_accuracy_score,aic,aic_avg,bic,bic_avg,ebic,ebic_avg
10855.391487121582,9,0.1866742166855417,0.17853308437450024,0.1866742166855417,0.18681184012066365,54494.782974243164,10.2859160011784,162273.57088212954,30.629213077034642,480427.49513242533,90.6809164085363
