loss,layer_idx,accuracy_score,f1_macro,f1_micro,balanced_accuracy_score,aic_rep,aic_rep_avg,bic_rep,bic_rep_avg,ebic_rep,ebic_rep_avg,aic_cls,aic_cls_avg,bic_cls,bic_cls_avg,ebic_cls,ebic_cls_avg,aic_pr,aic_pr_avg,bic_pr,bic_pr_avg,ebic_pr,ebic_pr_avg
11028.790237426758,6,0.16459041147602868,0.1591258430952333,0.16459041147602868,0.16470588235294117,26153.580474853516,4.9365006558802405,39619.353878669484,7.478171740028215,70849.79324597838,13.372931907508187,54841.580474853516,10.351374193064084,162620.3683827399,30.694671268920327,480774.2926330357,90.74637460042199,22122.725692749023,4.175674913693663,22336.89335449783,4.216099160909368,22563.82487299754,4.258932592109765
