loss,layer_idx,accuracy_score,f1_macro,f1_micro,balanced_accuracy_score,aic,aic_avg,bic,bic_avg,ebic,ebic_avg
11085.810775756836,16,0.1906379765949415,0.18775744486978496,0.1906379765949415,0.19073169477581242,26267.621551513672,4.958025962913113,39733.39495532964,7.499697047061088,70963.83432263853,13.39445721454106
