loss,layer_idx,accuracy_score,f1_macro,f1_micro,balanced_accuracy_score,aic,aic_avg,bic,bic_avg,ebic,ebic_avg
10587.989921569824,6,0.21687429218573046,0.2060814963245624,0.21687429218573046,0.2170111750994104,45767.97984313965,8.638727792212089,126615.2209433941,23.898682699772387,358198.80512548576,67.61019349291917
