loss,layer_idx,accuracy_score,f1_macro,f1_micro,balanced_accuracy_score,aic_rep,aic_rep_avg,bic_rep,bic_rep_avg,ebic_rep,ebic_rep_avg,aic_cls,aic_cls_avg,bic_cls,bic_cls_avg,ebic_cls,ebic_cls_avg,aic_pr,aic_pr_avg,bic_pr,bic_pr_avg,ebic_pr,ebic_pr_avg
5026.613292694092,18,0.6379765949414874,0.6342970507121151,0.6379765949414874,0.6381761620732209,12101.226585388184,2.2841122282725905,18834.113287296168,3.5549477703465775,33029.76754516385,6.234384210110202,26453.226585388184,4.993059000639521,80368.9208780107,15.169671739903869,228163.90758334915,43.066045221470205,10105.478969573975,1.907413924041898,10277.260894685058,1.9398378434664134,10447.757198275023,1.9720191012221637
