loss,layer_idx,accuracy_score,f1_macro,f1_micro,balanced_accuracy_score,aic,aic_avg,bic,bic_avg,ebic,ebic_avg
7982.505828857422,43,0.4526236315590789,0.4310179693721391,0.4526236315590789,0.4528280542986426,40557.011657714844,7.655155088281398,121404.2527579693,22.915109995841693,352987.83694006095,66.62662078898848
