loss,layer_idx,accuracy_score,f1_macro,f1_micro,balanced_accuracy_score,aic,aic_avg,bic,bic_avg,ebic,ebic_avg
7984.251998901367,41,0.4360135900339751,0.41531481085868305,0.4360135900339751,0.4362188057040998,19040.503997802734,3.593904114345552,29139.834050664707,5.500157427456532,51678.90424957451,9.754417563151096
