loss,layer_idx,accuracy_score,f1_macro,f1_micro,balanced_accuracy_score,aic_rep,aic_rep_avg,bic_rep,bic_rep_avg,ebic_rep,ebic_rep_avg,aic_cls,aic_cls_avg,bic_cls,bic_cls_avg,ebic_cls,ebic_cls_avg,aic_pr,aic_pr_avg,bic_pr,bic_pr_avg,ebic_pr,ebic_pr_avg
11396.546745300293,19,0.17685919214798038,0.1718470118390414,0.17685919214798038,0.17694964349376113,24841.093490600586,4.688768118271156,31573.98019250857,5.959603660345143,45769.63445037625,8.639040100108767,39193.093490600586,7.397714890638087,93108.7877832231,17.574327629902434,240903.77448856155,45.47070111146877,22897.059463500977,4.321830778312755,23238.85200080174,4.386344281012031,23649.612881556455,4.4638755910827586
