loss,layer_idx,accuracy_score,f1_macro,f1_micro,balanced_accuracy_score,aic,aic_avg,bic,bic_avg,ebic,ebic_avg
11282.88198852539,24,0.16081540203850508,0.15812521120647233,0.16081540203850508,0.16084858768682297,38965.76397705078,7.354806337684179,92881.4582696733,17.531419076948527,240676.44497501175,45.42779255851487
