loss,layer_idx,accuracy_score,f1_macro,f1_micro,balanced_accuracy_score,aic,aic_avg,bic,bic_avg,ebic,ebic_avg
9740.129035949707,10,0.282559456398641,0.277185670856573,0.282559456398641,0.2827043054984232,35880.258071899414,6.772415642110119,89795.95236452193,16.949028381374468,237590.93906986038,44.845401862940804
