loss,layer_idx,accuracy_score,f1_macro,f1_micro,balanced_accuracy_score,aic,aic_avg,bic,bic_avg,ebic,ebic_avg
11057.02466583252,9,0.18761796904492262,0.18092524887597727,0.18761796904492262,0.18773052927464692,34418.04933166504,6.4964230524094075,74867.97022047159,14.131364707525782,182214.61823809773,34.393095175178885
