loss,layer_idx,accuracy_score,f1_macro,f1_micro,balanced_accuracy_score,aic,aic_avg,bic,bic_avg,ebic,ebic_avg
10244.83139038086,6,0.24952812382030956,0.2377933804360694,0.24952812382030956,0.24966491841491842,32793.66278076172,6.189819324417085,73243.58366956827,13.824760979533458,180590.2316871944,34.08649144718656
