loss,layer_idx,accuracy_score,f1_macro,f1_micro,balanced_accuracy_score,aic_rep,aic_rep_avg,bic_rep,bic_rep_avg,ebic_rep,ebic_rep_avg,aic_cls,aic_cls_avg,bic_cls,bic_cls_avg,ebic_cls,ebic_cls_avg,aic_pr,aic_pr_avg,bic_pr,bic_pr_avg,ebic_pr,ebic_pr_avg
11494.020324707031,15,0.17893544733861835,0.1743448087347644,0.17893544733861835,0.1790406897024544,25036.040649414062,4.72556448648812,31768.927351322047,5.996400028562108,45964.58160918973,8.675836468325732,39388.04064941406,7.434511258855052,93303.73494203658,17.6111239981194,241098.72164737503,45.50749747968574,23088.846130371094,4.35803060218405,23420.2484166089,4.42058294009228,23815.410500126123,4.49516996982373
