loss,layer_idx,accuracy_score,f1_macro,f1_micro,balanced_accuracy_score,aic,aic_avg,bic,bic_avg,ebic,ebic_avg
6933.327789306641,5,0.48395620989052474,0.4775338084027247,0.48395620989052474,0.4841174756615933,15914.655578613281,3.003898750210132,22647.542280521266,4.274734292284119,36843.19653838895,6.954170732047744
