loss,layer_idx,accuracy_score,f1_macro,f1_micro,balanced_accuracy_score,aic,aic_avg,bic,bic_avg,ebic,ebic_avg
8768.935874938965,0,0.34937712344280863,0.34313074627313,0.34937712344280863,0.34948409433703553,19585.87174987793,3.6968425348957963,26318.758451785914,4.967678076969784,40514.412709653596,7.647114516733408
