loss,layer_idx,accuracy_score,f1_macro,f1_micro,balanced_accuracy_score,aic_rep,aic_rep_avg,bic_rep,bic_rep_avg,ebic_rep,ebic_rep_avg,aic_cls,aic_cls_avg,bic_cls,bic_cls_avg,ebic_cls,ebic_cls_avg,aic_pr,aic_pr_avg,bic_pr,bic_pr_avg,ebic_pr,ebic_pr_avg
9544.064727783203,5,0.2944507361268403,0.28609664430163156,0.2944507361268403,0.2945812765665707,20624.129455566406,3.8928141667735763,25673.794481997393,4.845940823329066,35878.65551211222,6.772113158194077,31392.129455566406,5.925279247936279,71842.05034437295,13.560220903052652,179188.6983619991,33.821951370705754,19134.458892822266,3.6116381451155655,19286.768879153737,3.640386726907085,19432.365174247454,3.667868096309448
