loss,layer_idx,accuracy_score,f1_macro,f1_micro,balanced_accuracy_score,aic,aic_avg,bic,bic_avg,ebic,ebic_avg
10413.623901367188,12,0.2538693846734617,0.24557699661978621,0.2538693846734617,0.2540166940902235,37227.247802734375,7.026660589417586,91142.94209535689,17.203273328681934,238937.92880069534,45.099646810248274
