loss,layer_idx,accuracy_score,f1_macro,f1_micro,balanced_accuracy_score,aic,aic_avg,bic,bic_avg,ebic,ebic_avg
11193.669830322266,21,0.19384673461683655,0.18958810861299685,0.19384673461683655,0.1939531057178116,38787.33966064453,7.321128663768315,92703.03395326705,17.497741403032663,240498.0206586055,45.394114884599
