loss,layer_idx,accuracy_score,f1_macro,f1_micro,balanced_accuracy_score,aic_rep,aic_rep_avg,bic_rep,bic_rep_avg,ebic_rep,ebic_rep_avg,aic_cls,aic_cls_avg,bic_cls,bic_cls_avg,ebic_cls,ebic_cls_avg,aic_pr,aic_pr_avg,bic_pr,bic_pr_avg,ebic_pr,ebic_pr_avg
10935.862976074219,13,0.2212155530388826,0.21442612491869179,0.2212155530388826,0.22134066913478678,23919.725952148438,4.5148595606169195,30652.612654056422,5.785695102690906,44848.2669119241,8.46513154245453,38271.72595214844,7.22380633298385,92187.42024477095,17.400419072248198,239982.4069501094,45.296792553814534,21942.387199401855,4.141635937976945,22174.689041185433,4.185483020231301,22426.57873607917,4.233027319003241
