loss,layer_idx,accuracy_score,f1_macro,f1_micro,balanced_accuracy_score,aic,aic_avg,bic,bic_avg,ebic,ebic_avg
11106.089820861816,12,0.178557946394866,0.17341280712722879,0.178557946394866,0.17860619772384478,34516.17964172363,6.514945194738322,74966.10053053018,14.149886849854695,182312.74854815632,34.4116173175078
