loss,layer_idx,accuracy_score,f1_macro,f1_micro,balanced_accuracy_score,aic_rep,aic_rep_avg,bic_rep,bic_rep_avg,ebic_rep,ebic_rep_avg,aic_cls,aic_cls_avg,bic_cls,bic_cls_avg,ebic_cls,ebic_cls_avg,aic_pr,aic_pr_avg,bic_pr,bic_pr_avg,ebic_pr,ebic_pr_avg
11312.588119506836,14,0.20328425821064552,0.19858267424923248,0.20328425821064552,0.20340309200603318,24673.176239013672,4.657073657797975,31406.062940921656,5.927909199871962,45601.71719878934,8.607345639635586,39025.17623901367,7.366020430164906,92940.87053163619,17.542633169429255,240735.85723697464,45.43900665099559,22712.42963409424,4.286981810889815,22999.278864286753,4.341124738445971,23328.71883258217,4.403306687916604
