loss,layer_idx,accuracy_score,f1_macro,f1_micro,balanced_accuracy_score,aic_rep,aic_rep_avg,bic_rep,bic_rep_avg,ebic_rep,ebic_rep_avg,aic_cls,aic_cls_avg,bic_cls,bic_cls_avg,ebic_cls,ebic_cls_avg,aic_pr,aic_pr_avg,bic_pr,bic_pr_avg,ebic_pr,ebic_pr_avg
11542.836456298828,20,0.1821442053605134,0.177767370077294,0.1821442053605134,0.1822458179075826,25133.672912597656,4.743992622234363,31866.55961450564,6.0148281643083505,46062.21387237332,8.694264604071975,39485.672912597656,7.4529393946012945,93401.36720522017,17.62955213386564,241196.35391055862,45.52592561543198,23167.942657470703,4.372960108997868,23438.407926623582,4.424010556176592,23744.192741319053,4.481727584242932
