loss,layer_idx,accuracy_score,f1_macro,f1_micro,balanced_accuracy_score,aic,aic_avg,bic,bic_avg,ebic,ebic_avg
11542.836456298828,20,0.1821442053605134,0.177767370077294,0.1821442053605134,0.1822458179075826,25133.672912597656,4.743992622234363,31866.55961450564,6.0148281643083505,46062.21387237332,8.694264604071975
