loss,layer_idx,accuracy_score,f1_macro,f1_micro,balanced_accuracy_score,aic,aic_avg,bic,bic_avg,ebic,ebic_avg
8768.935874938965,0,0.34937712344280863,0.34313074627313,0.34937712344280863,0.34948409433703553,33937.87174987793,6.405789307262728,87853.56604250045,16.582402046527076,235648.5527478389,44.478775528093415
