loss,layer_idx,accuracy_score,f1_macro,f1_micro,balanced_accuracy_score,aic,aic_avg,bic,bic_avg,ebic,ebic_avg
10993.474395751953,8,0.19875424688561721,0.18579246277670125,0.19875424688561721,0.1989201974496092,34290.948791503906,6.472432765478276,74740.86968031045,14.107374420594649,182087.5176979366,34.369104888247755
