loss,layer_idx,accuracy_score,f1_macro,f1_micro,balanced_accuracy_score,aic_rep,aic_rep_avg,bic_rep,bic_rep_avg,ebic_rep,ebic_rep_avg,aic_cls,aic_cls_avg,bic_cls,bic_cls_avg,ebic_cls,ebic_cls_avg,aic_pr,aic_pr_avg,bic_pr,bic_pr_avg,ebic_pr,ebic_pr_avg
9068.31201171875,9,0.3463571158927897,0.3387249632648477,0.3463571158927897,0.34652834910187846,20184.6240234375,3.809857309067101,26917.510725345484,5.080692851141088,41113.164983213166,7.760129290904712,34536.6240234375,6.518804081434031,88452.31831606002,16.69541682069838,236247.30502139847,44.59179030226472,18184.253368377686,3.4322864039972982,18340.836856252863,3.461841611221756,18491.836259689546,3.4903428198734514
