loss,layer_idx,accuracy_score,f1_macro,f1_micro,balanced_accuracy_score,aic_rep,aic_rep_avg,bic_rep,bic_rep_avg,ebic_rep,ebic_rep_avg,aic_cls,aic_cls_avg,bic_cls,bic_cls_avg,ebic_cls,ebic_cls_avg,aic_pr,aic_pr_avg,bic_pr,bic_pr_avg,ebic_pr,ebic_pr_avg
11136.478240966797,11,0.1708191770479426,0.16467867980465398,0.1708191770479426,0.17090274921157275,23808.956481933594,4.493951770844393,28858.62150836458,5.447078427399883,39063.48253847941,7.373250762264894,34576.956481933594,6.526416852007096,75026.87737074014,14.16135850712347,182373.52538836628,34.423088974776576,22288.876322746277,4.207035923508169,22341.213473383097,4.216914585387523,22374.237893985875,4.223147960359735
