loss,layer_idx,accuracy_score,f1_macro,f1_micro,balanced_accuracy_score,aic,aic_avg,bic,bic_avg,ebic,ebic_avg
10010.122825622559,11,0.28123820309550773,0.27353709680463545,0.28123820309550773,0.28138797477032773,22068.245651245117,4.165391780151967,28801.1323531531,5.436227322225953,42996.78661102078,8.115663761989579
