loss,layer_idx,accuracy_score,f1_macro,f1_micro,balanced_accuracy_score,aic_rep,aic_rep_avg,bic_rep,bic_rep_avg,ebic_rep,ebic_rep_avg,aic_cls,aic_cls_avg,bic_cls,bic_cls_avg,ebic_cls,ebic_cls_avg,aic_pr,aic_pr_avg,bic_pr,bic_pr_avg,ebic_pr,ebic_pr_avg
11282.88198852539,24,0.16081540203850508,0.15812521120647233,0.16081540203850508,0.16084858768682297,24613.76397705078,4.645859565317248,31346.650678958766,5.916695107391235,45542.30493682645,8.59613154715486,38965.76397705078,7.354806337684179,92881.4582696733,17.531419076948527,240676.44497501175,45.42779255851487,22584.906576156616,4.262911773528995,22647.838681117373,4.274790238036499,22691.07739123355,4.282951564974245
