loss,layer_idx,accuracy_score,f1_macro,f1_micro,balanced_accuracy_score,aic_rep,aic_rep_avg,bic_rep,bic_rep_avg,ebic_rep,ebic_rep_avg,aic_cls,aic_cls_avg,bic_cls,bic_cls_avg,ebic_cls,ebic_cls_avg,aic_pr,aic_pr_avg,bic_pr,bic_pr_avg,ebic_pr,ebic_pr_avg
10413.623901367188,12,0.2538693846734617,0.24557699661978621,0.2538693846734617,0.2540166940902235,22875.247802734375,4.317713817050656,29608.13450464236,5.588549359124643,43803.78876251004,8.267985798888267,37227.247802734375,7.026660589417586,91142.94209535689,17.203273328681934,238937.92880069534,45.099646810248274,20886.044860839844,3.9422508231105784,21079.342678530087,3.9787358774122477,21278.132282203736,4.016257508909727
