loss,layer_idx,accuracy_score,f1_macro,f1_micro,balanced_accuracy_score,aic_rep,aic_rep_avg,bic_rep,bic_rep_avg,ebic_rep,ebic_rep_avg,aic_cls,aic_cls_avg,bic_cls,bic_cls_avg,ebic_cls,ebic_cls_avg,aic_pr,aic_pr_avg,bic_pr,bic_pr_avg,ebic_pr,ebic_pr_avg
10993.474395751953,8,0.19875424688561721,0.18579246277670125,0.19875424688561721,0.1989201974496092,23522.948791503906,4.439967684315573,28572.613817934893,5.393094340871063,38777.47484804972,7.319266675736074,34290.948791503906,6.472432765478276,74740.86968031045,14.107374420594649,182087.5176979366,34.369104888247755,22013.702785491943,4.155096788503576,22101.657673355705,4.171698315091677,22171.045136371114,4.184795231478127
