loss,layer_idx,accuracy_score,f1_macro,f1_micro,balanced_accuracy_score,aic_rep,aic_rep_avg,bic_rep,bic_rep_avg,ebic_rep,ebic_rep_avg,aic_cls,aic_cls_avg,bic_cls,bic_cls_avg,ebic_cls,ebic_cls_avg,aic_pr,aic_pr_avg,bic_pr,bic_pr_avg,ebic_pr,ebic_pr_avg
9740.129035949707,10,0.282559456398641,0.277185670856573,0.282559456398641,0.2827043054984232,21528.258071899414,4.063468869743189,28261.1447738074,5.334304411817176,42456.79903167508,8.0137408515808,35880.258071899414,6.772415642110119,89795.95236452193,16.949028381374468,237590.93906986038,44.845401862940804,19525.634437561035,3.68547271377143,19674.811160678244,3.7136298906527454,19816.46910879648,3.740367895205073
