loss,layer_idx,accuracy_score,f1_macro,f1_micro,balanced_accuracy_score,aic,aic_avg,bic,bic_avg,ebic,ebic_avg
8695.846076965332,4,0.3633446583616459,0.355368798244181,0.3633446583616459,0.3635172425613602,18927.692153930664,3.5726108255814766,23977.35718036165,4.525737482136967,34182.21821047648,6.451909817001978
