loss,layer_idx,accuracy_score,f1_macro,f1_micro,balanced_accuracy_score,aic_rep,aic_rep_avg,bic_rep,bic_rep_avg,ebic_rep,ebic_rep_avg,aic_cls,aic_cls_avg,bic_cls,bic_cls_avg,ebic_cls,ebic_cls_avg,aic_pr,aic_pr_avg,bic_pr,bic_pr_avg,ebic_pr,ebic_pr_avg
6933.327789306641,5,0.48395620989052474,0.4775338084027247,0.48395620989052474,0.4841174756615933,15914.655578613281,3.003898750210132,22647.542280521266,4.274734292284119,36843.19653838895,6.954170732047744,30266.65557861328,5.712845522577063,84182.3498712358,15.889458261841412,231977.33657657425,43.78583174340775,13900.208709716797,2.623670953136428,14010.51604868859,2.64449151541876,14105.135308182613,2.6623509452968315
