loss,layer_idx,accuracy_score,f1_macro,f1_micro,balanced_accuracy_score,aic_rep,aic_rep_avg,bic_rep,bic_rep_avg,ebic_rep,ebic_rep_avg,aic_cls,aic_cls_avg,bic_cls,bic_cls_avg,ebic_cls,ebic_cls_avg,aic_pr,aic_pr_avg,bic_pr,bic_pr_avg,ebic_pr,ebic_pr_avg
8695.846076965332,4,0.3633446583616459,0.355368798244181,0.3633446583616459,0.3635172425613602,18927.692153930664,3.5726108255814766,23977.35718036165,4.525737482136967,34182.21821047648,6.451909817001978,29695.692153930664,5.6050759067441795,70145.61304273721,13.240017561860553,177492.26106036335,33.50174802951366,17434.102851867676,3.2906951400278737,17573.529816788938,3.3170120454490255,17703.062842716423,3.341461465216388
