loss,layer_idx,accuracy_score,f1_macro,f1_micro,balanced_accuracy_score,aic,aic_avg,bic,bic_avg,ebic,ebic_avg
11494.020324707031,15,0.17893544733861835,0.1743448087347644,0.17893544733861835,0.1790406897024544,39388.04064941406,7.434511258855052,93303.73494203658,17.6111239981194,241098.72164737503,45.50749747968574
