loss,layer_idx,accuracy_score,f1_macro,f1_micro,balanced_accuracy_score,aic,aic_avg,bic,bic_avg,ebic,ebic_avg
6060.22492980957,3,0.5536051340128351,0.5480747356141258,0.5536051340128351,0.5537887357740299,14168.44985961914,2.674301596757105,20901.336561527125,3.945137138831092,35096.99081939481,6.624573578594716
