loss,layer_idx,accuracy_score,f1_macro,f1_micro,balanced_accuracy_score,aic_rep,aic_rep_avg,bic_rep,bic_rep_avg,ebic_rep,ebic_rep_avg,aic_cls,aic_cls_avg,bic_cls,bic_cls_avg,ebic_cls,ebic_cls_avg,aic_pr,aic_pr_avg,bic_pr,bic_pr_avg,ebic_pr,ebic_pr_avg
11106.089820861816,12,0.178557946394866,0.17341280712722879,0.178557946394866,0.17860619772384478,23748.179641723633,4.48248011357562,28797.84466815462,5.43560677013111,39002.70569826945,7.3617791049961205,34516.17964172363,6.514945194738322,74966.10053053018,14.149886849854695,182312.74854815632,34.4116173175078,22233.13872718811,4.196515426045321,22302.042607953703,4.209521066053926,22351.28440894412,4.218815479226901
