loss,layer_idx,accuracy_score,f1_macro,f1_micro,balanced_accuracy_score,aic,aic_avg,bic,bic_avg,ebic,ebic_avg
6060.22492980957,3,0.5536051340128351,0.5480747356141258,0.5536051340128351,0.5537887357740299,28520.44985961914,5.383248369124035,82436.14415224166,15.559861108388384,230231.1308575801,43.45623458995472
