loss,layer_idx,accuracy_score,f1_macro,f1_micro,balanced_accuracy_score,aic,aic_avg,bic,bic_avg,ebic,ebic_avg
8415.984024047852,0,0.3763684409211023,0.36267516422985324,0.3763684409211023,0.3765502879473468,29135.968048095703,5.499427717647358,69585.88893690225,13.134369372763732,176932.5369545284,33.39609984041684
