loss,layer_idx,accuracy_score,f1_macro,f1_micro,balanced_accuracy_score,aic,aic_avg,bic,bic_avg,ebic,ebic_avg
11584.182823181152,17,0.18384295960739902,0.17779437330408704,0.18384295960739902,0.1839409365144659,39568.365646362305,7.468547687120103,93484.05993898482,17.64516042638445,241279.04664432327,45.541533907950786
