loss,layer_idx,accuracy_score,f1_macro,f1_micro,balanced_accuracy_score,aic,aic_avg,bic,bic_avg,ebic,ebic_avg
7707.209403991699,3,0.42431106077765196,0.4150289450983815,0.42431106077765196,0.42447638146167554,27718.4188079834,5.231864629668441,68168.33969678995,12.866806284784815,175514.9877144161,33.12853675243792
