loss,layer_idx,accuracy_score,f1_macro,f1_micro,balanced_accuracy_score,aic,aic_avg,bic,bic_avg,ebic,ebic_avg
17203.38920211792,13,0.6492183288409703,0.6469252372127393,0.6492183288409703,0.649205538230942,44006.77840423584,2.3723330676137917,81582.25873080663,4.397965430232163,162955.42222100805,8.784658879838709
