loss,layer_idx,accuracy_score,f1_macro,f1_micro,balanced_accuracy_score,aic,aic_avg,bic,bic_avg,ebic,ebic_avg
7904.284711837769,17,0.837088948787062,0.8367275517999347,0.837088948787062,0.8370813301676095,25408.569423675537,1.3697342007372257,62984.049750246326,3.395366563355597,144357.21324044775,7.782060012962143
