loss,layer_idx,accuracy_score,f1_macro,f1_micro,balanced_accuracy_score,aic,aic_avg,bic,bic_avg,ebic,ebic_avg
3111.635810613632,65,0.9441509433962264,0.944093009520623,0.9441509433962264,0.9441472509388564,15823.271621227264,0.8530065564003916,53398.75194779805,2.878638919018763,134771.91543799947,7.265332368625309
