loss,layer_idx,accuracy_score,f1_macro,f1_micro,balanced_accuracy_score,aic,aic_avg,bic,bic_avg,ebic,ebic_avg
10272.546598434448,16,0.7824797843665768,0.7826367401014439,0.7824797843665768,0.7824726295052656,30145.093196868896,1.6250724095347113,67720.57352343969,3.650704772153083,149093.7370136411,8.037398221759629
