loss,layer_idx,accuracy_score,f1_macro,f1_micro,balanced_accuracy_score,aic,aic_avg,bic,bic_avg,ebic,ebic_avg
3675.8080353736877,66,0.9338544474393531,0.9338736470368039,0.9338544474393531,0.9338513592788199,16951.616070747375,0.9138337504446025,54527.096397318164,2.939466113062974,135900.25988751958,7.3261595626695195
