loss,layer_idx,accuracy_score,f1_macro,f1_micro,balanced_accuracy_score,aic,aic_avg,bic,bic_avg,ebic,ebic_avg
1986.9750549793243,47,0.9619407008086254,0.9618552576577887,0.9619407008086254,0.9619385956725344,13573.950109958649,0.7317493320732426,51149.43043652944,2.757381694691614,132522.59392673086,7.144075144298159
