loss,layer_idx,accuracy_score,f1_macro,f1_micro,balanced_accuracy_score,aic,aic_avg,bic,bic_avg,ebic,ebic_avg
4514.344521045685,69,0.9145013477088949,0.9145796480288512,0.9145013477088949,0.9144980265844348,18628.68904209137,1.004241996878241,56204.16936866216,3.0298743594966124,137577.33285886358,7.4165678091031575
