loss,layer_idx,accuracy_score,f1_macro,f1_micro,balanced_accuracy_score,aic,aic_avg,bic,bic_avg,ebic,ebic_avg
1433.027210533619,39,0.9728840970350404,0.9728683551350498,0.9728840970350404,0.9728815271255181,12466.054421067238,0.6720244970925735,50041.53474763803,2.697656859710945,131414.69823783945,7.08435030931749
