loss,layer_idx,accuracy_score,f1_macro,f1_micro,balanced_accuracy_score,aic,aic_avg,bic,bic_avg,ebic,ebic_avg
6079.430693626404,71,0.8852830188679245,0.8854355284886836,0.8852830188679245,0.8852785577457905,21758.861387252808,1.1729844413613373,59334.3417138236,3.1986168039797085,140707.50520402502,7.585310253586254
