loss,layer_idx,accuracy_score,f1_macro,f1_micro,balanced_accuracy_score,aic,aic_avg,bic,bic_avg,ebic,ebic_avg
1424.6823128461838,35,0.9726145552560647,0.9725806265752528,0.9726145552560647,0.972612834016157,12449.364625692368,0.6711247776653567,50024.844952263156,2.696757140283728,131398.00844246458,7.0834505898902735
