loss,layer_idx,accuracy_score,f1_macro,f1_micro,balanced_accuracy_score,aic,aic_avg,bic,bic_avg,ebic,ebic_avg
1799.557415485382,42,0.9644204851752022,0.9643996355311509,0.9644204851752022,0.9644181998984659,13199.114830970764,0.7115425784889899,50774.59515754155,2.7371749411073614,132147.75864774297,7.123868390713906
