loss,layer_idx,accuracy_score,f1_macro,f1_micro,balanced_accuracy_score,aic,aic_avg,bic,bic_avg,ebic,ebic_avg
1889.2896826267242,51,0.9638814016172507,0.9638698384674794,0.9638814016172507,0.9638792965262836,13378.579365253448,0.7212172164557115,50954.05969182424,2.746849579074083,132327.22318202566,7.133543028680628
