loss,layer_idx,accuracy_score,f1_macro,f1_micro,balanced_accuracy_score,aic,aic_avg,bic,bic_avg,ebic,ebic_avg
1980.6751828193665,49,0.9623719676549866,0.9623483305162067,0.9623719676549866,0.9623697985875895,13561.350365638733,0.7310701005735166,51136.83069220952,2.756702463191888,132509.99418241094,7.143395912798433
