loss,layer_idx,accuracy_score,f1_macro,f1_micro,balanced_accuracy_score,aic,aic_avg,bic,bic_avg,ebic,ebic_avg
1609.448318362236,52,0.9706199460916443,0.9706285764650477,0.9706199460916443,0.9706184398807537,12818.896636724472,0.6910456407937721,50394.37696329526,2.7166780034121434,131767.54045349668,7.103371453018689
