loss,layer_idx,accuracy_score,f1_macro,f1_micro,balanced_accuracy_score,aic,aic_avg,bic,bic_avg,ebic,ebic_avg
24372.25846862793,1,0.35509433962264153,0.3506897852703658,0.35509433962264153,0.35508490200025694,58344.51693725586,3.145256977749642,95919.99726382665,5.170889340368014,177293.16075402807,9.557582789974559
