loss,layer_idx,accuracy_score,f1_macro,f1_micro,balanced_accuracy_score,aic,aic_avg,bic,bic_avg,ebic,ebic_avg
19925.143047332764,8,0.513854447439353,0.5134519403402175,0.513854447439353,0.513847338647765,49450.28609466553,2.6657836169631013,87025.76642123632,4.691415979581473,168398.92991143774,9.078109429188018
