loss,layer_idx,accuracy_score,f1_macro,f1_micro,balanced_accuracy_score,aic,aic_avg,bic,bic_avg,ebic,ebic_avg
1440.183810055256,37,0.9725067385444744,0.9724843593578347,0.9725067385444744,0.9725044011401183,12480.367620110512,0.6727960981191651,50055.8479466813,2.6984284607375364,131429.01143688272,7.085121910344082
