loss,layer_idx,accuracy_score,f1_macro,f1_micro,balanced_accuracy_score,aic,aic_avg,bic,bic_avg,ebic,ebic_avg
1720.4884979128838,46,0.9688409703504043,0.9688027590056341,0.9688409703504043,0.968838679363602,13040.976995825768,0.703017627807319,50616.457322396556,2.7286499904256902,131989.62081259798,7.115343440032236
