loss,layer_idx,accuracy_score,f1_macro,f1_micro,balanced_accuracy_score,aic,aic_avg,bic,bic_avg,ebic,ebic_avg
2821.5601353645325,62,0.9460377358490566,0.9459359595873225,0.9460377358490566,0.9460347119131353,15243.120270729065,0.8217315509826989,52818.600597299854,2.8473639136010704,134191.76408750127,7.234057363207616
