loss,layer_idx,accuracy_score,f1_macro,f1_micro,balanced_accuracy_score,aic,aic_avg,bic,bic_avg,ebic,ebic_avg
11767.919456481934,12,0.7290026954177897,0.7289421164371332,0.7290026954177897,0.7289940861009351,25071.838912963867,1.351581612558699,31083.91576521519,1.6756827905776384,41288.77679533002,2.2258100698291114
