loss,layer_idx,accuracy_score,f1_macro,f1_micro,balanced_accuracy_score,aic,aic_avg,bic,bic_avg,ebic,ebic_avg
8697.737451553345,4,0.808355795148248,0.8080146553854287,0.808355795148248,0.8083473155591308,18931.47490310669,1.0205646848035952,24943.551755358014,1.3446658628225345,35148.41278547284,1.8947931420740076
