loss,layer_idx,accuracy_score,f1_macro,f1_micro,balanced_accuracy_score,aic,aic_avg,bic,bic_avg,ebic,ebic_avg
11257.89511680603,3,0.7422641509433963,0.7411054451525413,0.7422641509433963,0.7422529087145154,24051.79023361206,1.2965924654238308,30063.867085863385,1.6206936434427701,40268.728115978214,2.170820922694243
