loss,layer_idx,accuracy_score,f1_macro,f1_micro,balanced_accuracy_score,aic,aic_avg,bic,bic_avg,ebic,ebic_avg
5746.479827880859,18,0.8760646900269542,0.8764276880274383,0.8760646900269542,0.8760596183413879,13540.959655761719,0.7299708709305509,21557.06212543015,1.1621057749558033,35752.71638329783,1.9273701554338454
