loss,layer_idx,accuracy_score,f1_macro,f1_micro,balanced_accuracy_score,aic,aic_avg,bic,bic_avg,ebic,ebic_avg
8899.313831329346,8,0.8011320754716981,0.8011683635609542,0.8011320754716981,0.801124671091593,19334.62766265869,1.0422979872053202,25346.704514910016,1.3663991652242595,35551.565545024845,1.9165264444757328
