loss,layer_idx,accuracy_score,f1_macro,f1_micro,balanced_accuracy_score,aic,aic_avg,bic,bic_avg,ebic,ebic_avg
6180.776124954224,19,0.8667385444743936,0.8671154311073042,0.8667385444743936,0.8667336237060425,14409.552249908447,0.7767952695368435,22425.65471957688,1.2089301735620959,36621.30897744456,1.974194554040138
