loss,layer_idx,accuracy_score,f1_macro,f1_micro,balanced_accuracy_score,aic,aic_avg,bic,bic_avg,ebic,ebic_avg
3557.716609477997,7,0.9277628032345013,0.9278608134279304,0.9277628032345013,0.9277597091194804,9163.433218955994,0.4939856182725603,17179.535688624426,0.9261205222978127,31375.189946492108,1.691384902775855
