loss,layer_idx,accuracy_score,f1_macro,f1_micro,balanced_accuracy_score,aic,aic_avg,bic,bic_avg,ebic,ebic_avg
15729.407821655273,1,0.6080323450134771,0.6053375797380175,0.6080323450134771,0.608018152549327,32994.81564331055,1.7786962610949082,39006.89249556187,2.1027974391138473,49211.7535256767,2.6529247183653206
