loss,layer_idx,accuracy_score,f1_macro,f1_micro,balanced_accuracy_score,aic,aic_avg,bic,bic_avg,ebic,ebic_avg
12737.302501678467,4,0.6859838274932615,0.681871917668991,0.6859838274932615,0.6859652597666667,27522.605003356934,1.483698382930293,35538.707473025366,1.9158332869555454,49734.36173089305,2.6810976674335874
