loss,layer_idx,accuracy_score,f1_macro,f1_micro,balanced_accuracy_score,aic,aic_avg,bic,bic_avg,ebic,ebic_avg
13296.265151977539,34,0.6798921832884097,0.6775463130401166,0.6798921832884097,0.6798760510036997,30688.530303955078,1.6543682104557993,46720.73524329194,2.518638018506304,77951.17461060084,4.202219655557997
