loss,layer_idx,accuracy_score,f1_macro,f1_micro,balanced_accuracy_score,aic,aic_avg,bic,bic_avg,ebic,ebic_avg
21272.00926208496,8,0.35962264150943396,0.3595610898517534,0.35962264150943396,0.3596236845581959,46640.01852416992,2.514286712893257,62672.22346350679,3.378556520943762,93902.66283081568,5.062138157995454
