loss,layer_idx,accuracy_score,f1_macro,f1_micro,balanced_accuracy_score,aic,aic_avg,bic,bic_avg,ebic,ebic_avg
13600.085865020752,38,0.6695417789757412,0.6666604104765946,0.6695417789757412,0.6695249314700038,31296.171730041504,1.6871251606491378,47328.37666937837,2.5513949686996424,78558.81603668726,4.234976605751335
