loss,layer_idx,accuracy_score,f1_macro,f1_micro,balanced_accuracy_score,aic,aic_avg,bic,bic_avg,ebic,ebic_avg
10691.260103225708,7,0.7528840970350404,0.7512955704973537,0.7528840970350404,0.7528708205561111,23430.520206451416,1.2631008197547933,31446.62267611985,1.6952357237800457,45642.27693398753,2.460500104258088
