loss,layer_idx,accuracy_score,f1_macro,f1_micro,balanced_accuracy_score,aic,aic_avg,bic,bic_avg,ebic,ebic_avg
20636.81265258789,12,0.3870080862533693,0.3870584380805202,0.3870080862533693,0.3870078511122095,45369.62530517578,2.4458019032439773,61401.83024451265,3.310071711294482,92632.26961182154,4.993653348346174
