loss,layer_idx,accuracy_score,f1_macro,f1_micro,balanced_accuracy_score,aic,aic_avg,bic,bic_avg,ebic,ebic_avg
19125.050144195557,19,0.46824797843665766,0.4666214558764567,0.46824797843665766,0.4682371018588234,42346.10028839111,2.282808640883618,58378.30522772798,3.147078448934123,89608.74459503687,4.830660085985815
