loss,layer_idx,accuracy_score,f1_macro,f1_micro,balanced_accuracy_score,aic,aic_avg,bic,bic_avg,ebic,ebic_avg
20456.193614959717,2,0.3997843665768194,0.3987505713860693,0.3997843665768194,0.39978216117708226,42960.38722991943,2.31592383988784,50976.489699587866,2.7480587439130923,65172.14395745555,3.5133231243911345
