loss,layer_idx,accuracy_score,f1_macro,f1_micro,balanced_accuracy_score,aic,aic_avg,bic,bic_avg,ebic,ebic_avg
10271.09673500061,8,0.7619407008086253,0.7613837051188596,0.7619407008086253,0.7619293602188272,22590.19347000122,1.2178001870620605,30606.295939669653,1.649935091087313,44801.950197537335,2.415199471565355
