loss,layer_idx,accuracy_score,f1_macro,f1_micro,balanced_accuracy_score,aic,aic_avg,bic,bic_avg,ebic,ebic_avg
20125.774883270264,15,0.41536388140161723,0.4150853398064754,0.41536388140161723,0.4153590896465402,44347.54976654053,2.3907034914577103,60379.75470587739,3.2549732995082152,91610.19407318629,4.938554936559908
