loss,layer_idx,accuracy_score,f1_macro,f1_micro,balanced_accuracy_score,aic,aic_avg,bic,bic_avg,ebic,ebic_avg
14342.971481323242,29,0.6465768194070081,0.6315227521257,0.6465768194070081,0.6465475376843481,31757.942962646484,1.712018488552371,43782.09666714913,2.3602208445902497,66321.16686605893,3.5752650601649023
