loss,layer_idx,accuracy_score,f1_macro,f1_micro,balanced_accuracy_score,aic,aic_avg,bic,bic_avg,ebic,ebic_avg
20303.14453125,2,0.3726145552560647,0.37099833342590455,0.3726145552560647,0.3726125236100468,43678.2890625,2.354624747304582,55702.44276700265,3.0028271033424607,78241.51296591245,4.217871318917113
