loss,layer_idx,accuracy_score,f1_macro,f1_micro,balanced_accuracy_score,aic,aic_avg,bic,bic_avg,ebic,ebic_avg
16782.977142333984,22,0.5636657681940701,0.558897672822475,0.5636657681940701,0.563646488455892,37661.95428466797,2.0302940315184888,53694.159224004834,2.8945638395689937,84924.59859131373,4.578145476620686
