loss,layer_idx,accuracy_score,f1_macro,f1_micro,balanced_accuracy_score,aic,aic_avg,bic,bic_avg,ebic,ebic_avg
21216.733322143555,11,0.36231805929919136,0.3621888967386986,0.36231805929919136,0.3623168760896475,46529.46664428711,2.508327042818712,62561.671583623975,3.372596850869217,93792.11095093287,5.056178487920909
