loss,layer_idx,accuracy_score,f1_macro,f1_micro,balanced_accuracy_score,aic,aic_avg,bic,bic_avg,ebic,ebic_avg
14174.834972381592,41,0.6526145552560647,0.6416797984967374,0.6526145552560647,0.6525889648325921,32445.669944763184,1.7490927193942416,48477.87488410005,2.6133625274447465,79708.31425140894,4.296944164496439
