loss,layer_idx,accuracy_score,f1_macro,f1_micro,balanced_accuracy_score,aic,aic_avg,bic,bic_avg,ebic,ebic_avg
16571.84180831909,24,0.5710512129380054,0.5595592906161276,0.5710512129380054,0.5710260100789212,36215.68361663818,1.9523279577702526,48239.83732114083,2.600530313808131,70778.90752005063,3.8155745293827836
