loss,layer_idx,accuracy_score,f1_macro,f1_micro,balanced_accuracy_score,aic,aic_avg,bic,bic_avg,ebic,ebic_avg
16485.407676696777,47,0.5705121293800539,0.563195449025509,0.5705121293800539,0.5704903502762056,36042.815353393555,1.9430089139295716,48066.9690578962,2.5912112699674505,70606.039256806,3.8062554855421027
