loss,layer_idx,accuracy_score,f1_macro,f1_micro,balanced_accuracy_score,aic,aic_avg,bic,bic_avg,ebic,ebic_avg
16780.34468460083,42,0.5732075471698114,0.5652490761059573,0.5732075471698114,0.5731857041873017,36632.68936920166,1.974808052248068,48656.84307370431,2.6230104082859467,71195.91327261411,3.838054623860599
