loss,layer_idx,accuracy_score,f1_macro,f1_micro,balanced_accuracy_score,aic,aic_avg,bic,bic_avg,ebic,ebic_avg
14724.541172027588,28,0.631266846361186,0.6255212474518121,0.631266846361186,0.6312463649351865,33545.082344055176,1.808360234180872,49577.28728339204,2.672630042231377,80807.72665070093,4.356211679283069
