loss,layer_idx,accuracy_score,f1_macro,f1_micro,balanced_accuracy_score,aic,aic_avg,bic,bic_avg,ebic,ebic_avg
13542.906463623047,32,0.6725067385444744,0.6614698804887555,0.6725067385444744,0.6724809393209764,30157.812927246094,1.6257581092855038,42181.96663174874,2.2739604653233823,64721.036830658544,3.489004680898035
