loss,layer_idx,accuracy_score,f1_macro,f1_micro,balanced_accuracy_score,aic,aic_avg,bic,bic_avg,ebic,ebic_avg
11700.854755401611,17,0.7222641509433962,0.7208780128911204,0.7222641509433962,0.7222503040933567,25449.709510803223,1.3719519951915484,33465.811980471655,1.8040868992168009,47661.46623833934,2.569351279694843
