loss,layer_idx,accuracy_score,f1_macro,f1_micro,balanced_accuracy_score,aic,aic_avg,bic,bic_avg,ebic,ebic_avg
14015.675079345703,30,0.6488948787061994,0.6368092301520776,0.6488948787061994,0.6488676315344148,32127.350158691406,1.731932623110049,48159.55509802827,2.596202431160554,79389.99446533716,4.279784068212246
