loss,layer_idx,accuracy_score,f1_macro,f1_micro,balanced_accuracy_score,aic,aic_avg,bic,bic_avg,ebic,ebic_avg
21251.00439453125,4,0.3558490566037736,0.3555382364327105,0.3558490566037736,0.35585022744746153,46598.0087890625,2.5120220371462265,62630.213728399365,3.3762918451967314,93860.65309570826,5.059873482248424
