loss,layer_idx,accuracy_score,f1_macro,f1_micro,balanced_accuracy_score,aic,aic_avg,bic,bic_avg,ebic,ebic_avg
14073.80905532837,33,0.6571428571428571,0.6465791141625195,0.6571428571428571,0.6571176853497663,31219.61811065674,1.6829982808979373,43243.77181515939,2.331200636935816,65782.84201406919,3.5462448525104686
