loss,layer_idx,accuracy_score,f1_macro,f1_micro,balanced_accuracy_score,aic,aic_avg,bic,bic_avg,ebic,ebic_avg
21277.20835876465,5,0.35342318059299194,0.35315497147945424,0.35342318059299194,0.3534255023242791,46650.4167175293,2.5148472624005014,62682.62165686616,3.379117070451006,93913.06102417505,5.062698707502698
