loss,layer_idx,accuracy_score,f1_macro,f1_micro,balanced_accuracy_score,aic,aic_avg,bic,bic_avg,ebic,ebic_avg
16150.997310638428,25,0.5850134770889488,0.571214482263851,0.5850134770889488,0.5849860191692863,35373.994621276855,1.9069538879394532,47398.148325779504,2.555156243977332,69937.2185246893,3.770200459551984
