loss,layer_idx,accuracy_score,f1_macro,f1_micro,balanced_accuracy_score,aic,aic_avg,bic,bic_avg,ebic,ebic_avg
12018.99127960205,18,0.716711590296496,0.7146451126952084,0.716711590296496,0.7166970167112884,26085.9825592041,1.4062524290676066,34102.085028872534,1.838387333092859,48297.739286740216,2.603651713570901
