loss,layer_idx,accuracy_score,f1_macro,f1_micro,balanced_accuracy_score,aic,aic_avg,bic,bic_avg,ebic,ebic_avg
10867.747499465942,16,0.7473315363881402,0.7460960866724099,0.7473315363881402,0.7473186318024103,23783.494998931885,1.2821291104545491,31799.597468600317,1.7142640144798014,45995.251726468,2.4795283949578435
