loss,layer_idx,accuracy_score,f1_macro,f1_micro,balanced_accuracy_score,aic,aic_avg,bic,bic_avg,ebic,ebic_avg
19477.101245880127,18,0.4453369272237197,0.44431209115827935,0.4453369272237197,0.44532827643414946,43050.202491760254,2.3207656329789894,59082.40743109712,3.1850354410294943,90312.84679840601,4.868617078081186
