loss,layer_idx,accuracy_score,f1_macro,f1_micro,balanced_accuracy_score,aic,aic_avg,bic,bic_avg,ebic,ebic_avg
15261.461711883545,7,0.6267385444743935,0.6259189950351832,0.6267385444743935,0.6267296770144206,32570.92342376709,1.7558449285049644,40587.02589343552,2.1879798325302167,54782.680151303204,2.953244213008259
