loss,layer_idx,accuracy_score,f1_macro,f1_micro,balanced_accuracy_score,aic,aic_avg,bic,bic_avg,ebic,ebic_avg
19286.966903686523,15,0.4548787061994609,0.45427784376276076,0.4548787061994609,0.4548736130950363,40621.93380737305,2.1898616607748274,48638.03627704148,2.62199656480008,62833.69053490916,3.387260945278122
