loss,layer_idx,accuracy_score,f1_macro,f1_micro,balanced_accuracy_score,aic,aic_avg,bic,bic_avg,ebic,ebic_avg
14942.223823547363,4,0.6398921832884097,0.6391052238953966,0.6398921832884097,0.6398836590923391,31932.447647094727,1.721425749169527,39948.55011676316,2.1535606531947793,54144.20437463084,2.9188250336728214
