loss,layer_idx,accuracy_score,f1_macro,f1_micro,balanced_accuracy_score,aic,aic_avg,bic,bic_avg,ebic,ebic_avg
17434.31818008423,12,0.5416172506738545,0.5395241849858855,0.5416172506738545,0.5416066606315347,36916.63636016846,1.9901151676640678,44932.73882983689,2.4222500716893203,59128.39308770457,3.1875144521673624
