loss,layer_idx,accuracy_score,f1_macro,f1_micro,balanced_accuracy_score,aic,aic_avg,bic,bic_avg,ebic,ebic_avg
19949.211849212646,24,0.41590296495956874,0.4098953283948846,0.41590296495956874,0.41588847157286896,41946.42369842529,2.261262733068749,49962.526168093726,2.6933976370940016,64158.18042596141,3.4586620175720437
