loss,layer_idx,accuracy_score,f1_macro,f1_micro,balanced_accuracy_score,aic,aic_avg,bic,bic_avg,ebic,ebic_avg
19948.643383026123,10,0.4187601078167116,0.41676549079954883,0.4187601078167116,0.4187514099064053,41433.286766052246,2.233600364746752,47445.36361830357,2.5577015427656913,57650.2246484184,3.1078288220171646
