loss,layer_idx,accuracy_score,f1_macro,f1_micro,balanced_accuracy_score,aic,aic_avg,bic,bic_avg,ebic,ebic_avg
15168.773120880127,2,0.6350943396226415,0.6340141649682312,0.6350943396226415,0.6350866291138052,32385.546241760254,1.745851549421038,40401.64871142869,2.1779864534462905,54597.30296929637,2.9432508339243326
