loss,layer_idx,accuracy_score,f1_macro,f1_micro,balanced_accuracy_score,aic,aic_avg,bic,bic_avg,ebic,ebic_avg
18307.266510009766,6,0.5106199460916442,0.5108126833686355,0.5106199460916442,0.5106148252190387,38150.53302001953,2.0566325078177643,44162.609872270856,2.3807336858367036,54367.470902385685,2.930860965088177
