loss,layer_idx,accuracy_score,f1_macro,f1_micro,balanced_accuracy_score,aic,aic_avg,bic,bic_avg,ebic,ebic_avg
19441.353046417236,19,0.44506738544474395,0.4429521485938981,0.44506738544474395,0.44505736862950757,40930.70609283447,2.206507066999163,48946.808562502905,2.6386419710244153,63142.46282037059,3.4039063515024575
