loss,layer_idx,accuracy_score,f1_macro,f1_micro,balanced_accuracy_score,aic,aic_avg,bic,bic_avg,ebic,ebic_avg
14207.067161560059,3,0.6643126684636118,0.6635123383959497,0.6643126684636118,0.6643049470084453,30462.134323120117,1.6421635753703567,38478.23679278855,2.074298479395609,52673.89105065623,2.8395628598736513
