loss,layer_idx,accuracy_score,f1_macro,f1_micro,balanced_accuracy_score,aic,aic_avg,bic,bic_avg,ebic,ebic_avg
18921.534271240234,8,0.4741239892183288,0.47298863249651585,0.4741239892183288,0.47411872217592865,39379.06854248047,2.1228608378695673,45391.14539473179,2.4469620158885066,55596.00642484662,2.9970892951399795
