loss,layer_idx,accuracy_score,f1_macro,f1_micro,balanced_accuracy_score,aic,aic_avg,bic,bic_avg,ebic,ebic_avg
20003.96015548706,12,0.4087870619946092,0.40799816772178094,0.4087870619946092,0.40878383374286015,41543.92031097412,2.2395644372492787,47555.997163225446,2.563665615268218,57760.858193340275,3.1137928945196913
