loss,layer_idx,accuracy_score,f1_macro,f1_micro,balanced_accuracy_score,aic,aic_avg,bic,bic_avg,ebic,ebic_avg
15943.777774810791,8,0.6058760107816712,0.6040126164999008,0.6058760107816712,0.6058652071580625,33935.55554962158,1.829410002675018,41951.658019290015,2.26154490670027,56147.3122771577,3.0268092871783123
