loss,layer_idx,accuracy_score,f1_macro,f1_micro,balanced_accuracy_score,aic,aic_avg,bic,bic_avg,ebic,ebic_avg
16088.013656616211,1,0.5972506738544474,0.594670345294739,0.5972506738544474,0.5972416022591426,34224.02731323242,1.844961041144605,42240.129782900854,2.2770959451698576,56435.784040768536,3.0423603256478997
