loss,layer_idx,accuracy_score,f1_macro,f1_micro,balanced_accuracy_score,aic,aic_avg,bic,bic_avg,ebic,ebic_avg
16046.560241699219,6,0.603989218328841,0.6031108667775245,0.603989218328841,0.6039800131947011,34141.12048339844,1.8404916702640668,42157.22295306687,2.272626574289319,56352.87721093455,3.037890954767361
