loss,layer_idx,accuracy_score,f1_macro,f1_micro,balanced_accuracy_score,aic,aic_avg,bic,bic_avg,ebic,ebic_avg
30.755368188023567,44,1.0,1.0,1.0,1.0,9661.510736376047,2.1049042998640624,40533.36019103808,8.830797427241412,121906.52368123952,26.55915548610883
