loss,layer_idx,accuracy_score,f1_macro,f1_micro,balanced_accuracy_score,aic,aic_avg,bic,bic_avg,ebic,ebic_avg
18.617398373782635,59,1.0,1.0,1.0,1.0,9637.234796747565,2.09961542412801,40509.0842514096,8.82550855150536,121882.24774161103,26.553866610372776
