loss,layer_idx,accuracy_score,f1_macro,f1_micro,balanced_accuracy_score,aic,aic_avg,bic,bic_avg,ebic,ebic_avg
1499.5521039962769,4,0.900871459694989,0.9010435160764594,0.900871459694989,0.9008714596949892,12599.104207992554,2.7449028775582907,43470.95366265459,9.47079600493564,124844.11715285602,27.199154063803054
