loss,layer_idx,accuracy_score,f1_macro,f1_micro,balanced_accuracy_score,aic,aic_avg,bic,bic_avg,ebic,ebic_avg
24.923574462532997,43,1.0,1.0,1.0,1.0,9649.847148925066,2.102363213273435,40521.6966035871,8.828256340650784,121894.86009378853,26.5566143995182
