loss,layer_idx,accuracy_score,f1_macro,f1_micro,balanced_accuracy_score,aic,aic_avg,bic,bic_avg,ebic,ebic_avg
26.32077632844448,45,1.0,1.0,1.0,1.0,9652.641552656889,2.1029720158293874,40524.491007318924,8.828865143206738,121897.65449752036,26.55722320207415
