loss,layer_idx,accuracy_score,f1_macro,f1_micro,balanced_accuracy_score,aic,aic_avg,bic,bic_avg,ebic,ebic_avg
89.16056823730469,10,0.9967320261437909,0.9967315688232307,0.9967320261437909,0.9967320261437908,9778.32113647461,2.130353188774425,40650.170591136644,8.856246316151774,122023.33408133808,26.58460437501919
