loss,layer_idx,accuracy_score,f1_macro,f1_micro,balanced_accuracy_score,aic,aic_avg,bic,bic_avg,ebic,ebic_avg
172.5919550061226,17,0.9915032679738562,0.9915245976411465,0.9915032679738562,0.9915032679738561,9945.183910012245,2.1667067342074606,40817.03336467428,8.892599861584811,122190.19685487571,26.620957920452224
