loss,layer_idx,accuracy_score,f1_macro,f1_micro,balanced_accuracy_score,aic,aic_avg,bic,bic_avg,ebic,ebic_avg
32.70417343080044,65,0.9991285403050109,0.9991284566157494,0.9991285403050109,0.9991285403050109,9665.4083468616,2.105753452475294,40537.257801523636,8.831646579852643,121910.42129172507,26.56000463872006
