loss,layer_idx,accuracy_score,f1_macro,f1_micro,balanced_accuracy_score,aic,aic_avg,bic,bic_avg,ebic,ebic_avg
54.554518431425095,36,0.9989106753812637,0.9989105707709167,0.9989106753812637,0.9989106753812635,9709.10903686285,2.1152742999701197,40580.958491524885,8.84116742734747,121954.12198172632,26.569525486214886
