loss,layer_idx,accuracy_score,f1_macro,f1_micro,balanced_accuracy_score,aic,aic_avg,bic,bic_avg,ebic,ebic_avg
739.5091614723206,9,0.9583877995642701,0.9583486336227625,0.9583877995642701,0.95838779956427,11079.018322944641,2.4137294821230153,41950.867777606676,9.139622609500366,123324.03126780811,26.867980668367778
