loss,layer_idx,accuracy_score,f1_macro,f1_micro,balanced_accuracy_score,aic,aic_avg,bic,bic_avg,ebic,ebic_avg
234.73214638233185,19,0.9915032679738562,0.9914826004287903,0.9915032679738562,0.9915032679738561,10069.464292764664,2.193783070319099,40941.3137474267,8.919676197696448,122314.47723762813,26.648034256563864
