loss,layer_idx,accuracy_score,f1_macro,f1_micro,balanced_accuracy_score,aic,aic_avg,bic,bic_avg,ebic,ebic_avg
93.81774741411209,22,0.9965141612200435,0.9965174077673344,0.9965141612200435,0.9965141612200435,9787.635494828224,2.1323824607468898,40659.48494949026,8.85827558812424,122032.6484396917,26.586633646991654
