loss,layer_idx,accuracy_score,f1_macro,f1_micro,balanced_accuracy_score,aic,aic_avg,bic,bic_avg,ebic,ebic_avg
64.71368026733398,68,0.9986928104575163,0.9986927656936686,0.9986928104575163,0.9986928104575163,9729.427360534668,2.119700950007553,40601.2768151967,8.845594077384902,121974.44030539814,26.573952136252316
