loss,layer_idx,accuracy_score,f1_macro,f1_micro,balanced_accuracy_score,aic,aic_avg,bic,bic_avg,ebic,ebic_avg
29.34799785912037,37,1.0,1.0,1.0,1.0,9658.69599571824,2.104291066605281,40530.545450380276,8.83018419398263,121903.70894058171,26.558542252850046
