loss,layer_idx,accuracy_score,f1_macro,f1_micro,balanced_accuracy_score,aic,aic_avg,bic,bic_avg,ebic,ebic_avg
27.087424710392952,25,0.9995642701525055,0.9995642462428342,0.9995642701525055,0.9995642701525055,9654.174849420786,2.103306067411936,40526.02430408282,8.829199194789286,121899.18779428425,26.5575572536567
