loss,layer_idx,accuracy_score,f1_macro,f1_micro,balanced_accuracy_score,aic,aic_avg,bic,bic_avg,ebic,ebic_avg
496.70002150535583,7,0.9690631808278867,0.9692812235027721,0.9690631808278867,0.9690631808278868,10593.400043010712,2.3079302925949263,41465.24949767275,9.033823419972276,122838.41298787418,26.76218147883969
