loss,layer_idx,accuracy_score,f1_macro,f1_micro,balanced_accuracy_score,aic,aic_avg,bic,bic_avg,ebic,ebic_avg
31.438080608844757,47,1.0,1.0,1.0,1.0,9662.87616121769,2.1052017780430696,40534.725615879725,8.83109490542042,121907.88910608116,26.559452964287836
