loss,layer_idx,accuracy_score,f1_macro,f1_micro,balanced_accuracy_score,aic,aic_avg,bic,bic_avg,ebic,ebic_avg
66.97881937026978,4,1.0,1.0,1.0,1.0,2181.9576387405396,0.4753720345839955,8767.952189068441,1.9102292350911636,22963.606446936123,5.00296436752421
