loss,layer_idx,accuracy_score,f1_macro,f1_micro,balanced_accuracy_score,aic,aic_avg,bic,bic_avg,ebic,ebic_avg
218.365088224411,11,0.9993464052287582,0.9993463245280827,0.9993464052287582,0.9993464052287581,1972.730176448822,0.4297887094659743,6912.226089194748,1.5059316098463504,17117.087119309574,3.7292128800238724
