loss,layer_idx,accuracy_score,f1_macro,f1_micro,balanced_accuracy_score,aic,aic_avg,bic,bic_avg,ebic,ebic_avg
169.68130254745483,3,1.0,1.0,1.0,1.0,1875.3626050949097,0.40857573095749666,6814.858517840836,1.4847186313378726,17019.71954795566,3.707999901515395
