loss,layer_idx,accuracy_score,f1_macro,f1_micro,balanced_accuracy_score,aic,aic_avg,bic,bic_avg,ebic,ebic_avg
198.9493396282196,7,0.9993464052287582,0.9993463245280827,0.9993464052287582,0.9993464052287581,1933.8986792564392,0.4213286882911632,6873.394592002365,1.4974715886715393,17078.25562211719,3.7207528588490613
