loss,layer_idx,accuracy_score,f1_macro,f1_micro,balanced_accuracy_score,aic,aic_avg,bic,bic_avg,ebic,ebic_avg
11764.636749267578,45,0.257516339869281,0.24906725997381246,0.257516339869281,0.257516339869281,26601.273498535156,5.795484422338814,36480.26532402701,7.947770223099566,59019.33552293681,12.858243033319566
