loss,layer_idx,accuracy_score,f1_macro,f1_micro,balanced_accuracy_score,aic,aic_avg,bic,bic_avg,ebic,ebic_avg
14858.72573852539,10,0.1159041394335512,0.10886713317278499,0.1159041394335512,0.1159041394335512,33813.45147705078,7.366765027679909,46985.440577706584,10.236479428694246,78215.87994501548,17.040496720046946
