loss,layer_idx,accuracy_score,f1_macro,f1_micro,balanced_accuracy_score,aic,aic_avg,bic,bic_avg,ebic,ebic_avg
11894.6625289917,23,0.24793028322440086,0.24096507611373652,0.24793028322440086,0.24793028322440083,27885.3250579834,6.075234217425577,41057.3141586392,8.944948618439913,72287.7535259481,15.748965909792613
