loss,layer_idx,accuracy_score,f1_macro,f1_micro,balanced_accuracy_score,aic,aic_avg,bic,bic_avg,ebic,ebic_avg
12867.919158935547,16,0.2074074074074074,0.19948778799349873,0.2074074074074074,0.2074074074074074,29831.838317871094,6.499311180364073,43003.8274185269,9.36902558137841,74234.26678583579,16.17304287273111
