loss,layer_idx,accuracy_score,f1_macro,f1_micro,balanced_accuracy_score,aic,aic_avg,bic,bic_avg,ebic,ebic_avg
13480.717468261719,18,0.1721132897603486,0.1629423116947498,0.1721132897603486,0.17211328976034856,30033.434936523438,6.5432320123144745,39912.42676201529,8.695517813075227,62451.49696092509,13.605990623295227
