loss,layer_idx,accuracy_score,f1_macro,f1_micro,balanced_accuracy_score,aic,aic_avg,bic,bic_avg,ebic,ebic_avg
394.7386255264282,48,0.9917211328976034,0.9917441768293739,0.9917211328976034,0.9917211328976033,4885.477251052856,1.0643741287696855,18057.46635170866,3.9340885297840216,49287.90571901755,10.738105821136722
