loss,layer_idx,accuracy_score,f1_macro,f1_micro,balanced_accuracy_score,aic,aic_avg,bic,bic_avg,ebic,ebic_avg
11139.391174316406,28,0.3111111111111111,0.2955033278690022,0.3111111111111111,0.31111111111111117,25350.782348632812,5.523046263318696,35229.774174124665,7.675332064079448,57768.844373034466,12.585804874299448
