loss,layer_idx,accuracy_score,f1_macro,f1_micro,balanced_accuracy_score,aic,aic_avg,bic,bic_avg,ebic,ebic_avg
8168.994209289551,36,0.4854030501089325,0.4801505116921858,0.4854030501089325,0.4854030501089324,20433.9884185791,4.451849328666471,33605.977519234904,7.321563729680807,64836.4168865438,14.125581021033508
