loss,layer_idx,accuracy_score,f1_macro,f1_micro,balanced_accuracy_score,aic,aic_avg,bic,bic_avg,ebic,ebic_avg
15009.237014770508,9,0.11503267973856209,0.10943813429736375,0.11503267973856209,0.1150326797385621,34114.474029541016,7.432347283124404,47286.46313019682,10.30206168413874,78516.90249750571,17.10607897549144
