loss,layer_idx,accuracy_score,f1_macro,f1_micro,balanced_accuracy_score,aic,aic_avg,bic,bic_avg,ebic,ebic_avg
11903.777824401855,20,0.2466230936819172,0.23736547392727012,0.2466230936819172,0.24662309368191718,27903.55564880371,6.079206023704512,41075.544749459514,8.948920424718848,72305.9841167684,15.752937716071548
