loss,layer_idx,accuracy_score,f1_macro,f1_micro,balanced_accuracy_score,aic,aic_avg,bic,bic_avg,ebic,ebic_avg
13774.674087524414,17,0.16100217864923747,0.1514994158019717,0.16100217864923747,0.1610021786492375,30621.348175048828,6.671317685195823,40500.34000054068,8.823603485956575,63039.41019945048,13.734076296176575
