loss,layer_idx,accuracy_score,f1_macro,f1_micro,balanced_accuracy_score,aic,aic_avg,bic,bic_avg,ebic,ebic_avg
14133.07504272461,14,0.14270152505446623,0.1341235032813047,0.14270152505446623,0.14270152505446623,31338.15008544922,6.8274836787471065,41217.14191094107,8.979769479507858,63756.21210985087,13.890242289727858
