loss,layer_idx,accuracy_score,f1_macro,f1_micro,balanced_accuracy_score,aic,aic_avg,bic,bic_avg,ebic,ebic_avg
10324.759742736816,45,0.34335511982570804,0.33389808716428576,0.34335511982570804,0.34335511982570804,24745.519485473633,5.391180715789463,37917.508586129436,8.260895116803798,69147.94795343833,15.064912408156498
