loss,layer_idx,accuracy_score,f1_macro,f1_micro,balanced_accuracy_score,aic,aic_avg,bic,bic_avg,ebic,ebic_avg
3590.323787689209,11,0.8291938997821351,0.8297252603425623,0.8291938997821351,0.8291938997821352,9228.647575378418,2.010598600300309,15814.64212570632,3.445455800807477,30010.296383574,6.538190933240523
