loss,layer_idx,accuracy_score,f1_macro,f1_micro,balanced_accuracy_score,aic,aic_avg,bic,bic_avg,ebic,ebic_avg
14782.485321044922,8,0.10697167755991285,0.10099174870006922,0.10697167755991285,0.10697167755991285,32636.970642089844,7.110451120281012,42515.962467581696,9.262736921041764,65055.0326664915,14.173209731261764
