loss,layer_idx,accuracy_score,f1_macro,f1_micro,balanced_accuracy_score,aic,aic_avg,bic,bic_avg,ebic,ebic_avg
9459.566596984863,34,0.4206971677559913,0.4061805453645057,0.4206971677559913,0.4206971677559913,21991.133193969727,4.7910965564204195,31870.12501946158,6.9433823571811715,54409.19521837138,11.853855167401171
