loss,layer_idx,accuracy_score,f1_macro,f1_micro,balanced_accuracy_score,aic,aic_avg,bic,bic_avg,ebic,ebic_avg
10202.131240844727,44,0.3572984749455338,0.3488534828864635,0.3572984749455338,0.3572984749455338,24500.262481689453,5.337747817361537,37672.251582345256,8.207462218375873,68902.69094965415,15.011479509728572
