loss,layer_idx,accuracy_score,f1_macro,f1_micro,balanced_accuracy_score,aic,aic_avg,bic,bic_avg,ebic,ebic_avg
11851.205551147461,24,0.2586056644880174,0.24576628311704612,0.2586056644880174,0.2586056644880174,26774.411102294922,5.833205033179722,36653.402927786774,7.9854908339404735,59192.473126696575,12.895963644160474
