loss,layer_idx,accuracy_score,f1_macro,f1_micro,balanced_accuracy_score,aic,aic_avg,bic,bic_avg,ebic,ebic_avg
13983.690185546875,15,0.1514161220043573,0.14486269867125406,0.1514161220043573,0.15141612200435728,31039.38037109375,6.762392237711056,40918.3721965856,8.91467803847181,63457.4423954954,13.825150848691809
