loss,layer_idx,accuracy_score,f1_macro,f1_micro,balanced_accuracy_score,aic,aic_avg,bic,bic_avg,ebic,ebic_avg
14853.819763183594,4,0.10610021786492374,0.10077115542292235,0.10610021786492374,0.10610021786492375,33803.63952636719,7.364627347792416,46975.62862702299,10.234341748806752,78206.06799433188,17.038359040159452
