loss,layer_idx,accuracy_score,f1_macro,f1_micro,balanced_accuracy_score,aic,aic_avg,bic,bic_avg,ebic,ebic_avg
9227.378623962402,40,0.4189542483660131,0.4128346988783247,0.4189542483660131,0.418954248366013,22550.757247924805,4.913019008262484,35722.74634858061,7.782733409276821,66953.1857158895,14.586750700629521
