loss,layer_idx,accuracy_score,f1_macro,f1_micro,balanced_accuracy_score,aic,aic_avg,bic,bic_avg,ebic,ebic_avg
12185.041152954102,41,0.23943355119825707,0.22566088124282646,0.23943355119825707,0.23943355119825704,27442.082305908203,5.978667169043182,37321.074131400055,8.130952969803934,59860.14433030986,13.041425780023934
