loss,layer_idx,accuracy_score,f1_macro,f1_micro,balanced_accuracy_score,aic,aic_avg,bic,bic_avg,ebic,ebic_avg
6777.965278625488,23,0.5875816993464053,0.5859223786137642,0.5875816993464053,0.5875816993464054,15603.930557250977,3.3995491410132845,22189.925107578878,4.834406341520452,36385.57936544656,7.927141473953498
