loss,layer_idx,accuracy_score,f1_macro,f1_micro,balanced_accuracy_score,aic,aic_avg,bic,bic_avg,ebic,ebic_avg
1170.5661087036133,16,0.9725490196078431,0.9724691271682322,0.9725490196078431,0.972549019607843,4389.132217407227,0.9562379558621409,10975.126767735128,2.391095156369309,25170.78102560281,5.483830288802355
