loss,layer_idx,accuracy_score,f1_macro,f1_micro,balanced_accuracy_score,aic,aic_avg,bic,bic_avg,ebic,ebic_avg
1062.6793603897095,14,0.9782135076252724,0.9782107716956067,0.9782135076252724,0.9782135076252724,4173.358720779419,0.9092284794726403,10759.35327110732,2.344085679979808,24955.007528975002,5.436820812412854
