loss,layer_idx,accuracy_score,f1_macro,f1_micro,balanced_accuracy_score,aic,aic_avg,bic,bic_avg,ebic,ebic_avg
2576.5086708068848,22,0.8849673202614379,0.8845614786604644,0.8849673202614379,0.884967320261438,7201.0173416137695,1.568849094033501,13787.011891941671,3.003706294540669,27982.666149809353,6.0964414269737155
