loss,layer_idx,accuracy_score,f1_macro,f1_micro,balanced_accuracy_score,aic,aic_avg,bic,bic_avg,ebic,ebic_avg
1288.8464670181274,13,0.9644880174291939,0.9646249915478341,0.9644880174291939,0.9644880174291939,4625.692934036255,1.0077762383521252,11211.687484364156,2.442633438859293,25407.341742231838,5.53536857129234
