loss,layer_idx,accuracy_score,f1_macro,f1_micro,balanced_accuracy_score,aic,aic_avg,bic,bic_avg,ebic,ebic_avg
1180.2015676498413,20,0.9723311546840958,0.9722200451899676,0.9723311546840958,0.9723311546840958,4408.403135299683,0.9604364129193208,10994.397685627584,2.395293613426489,25190.051943495266,5.488028745859535
