loss,layer_idx,accuracy_score,f1_macro,f1_micro,balanced_accuracy_score,aic,aic_avg,bic,bic_avg,ebic,ebic_avg
51460.197677612305,0,0.30910364145658265,0.2980523433127693,0.30910364145658265,0.3091036414565827,103160.39535522461,4.816078214529627,104117.04499650482,4.86073972906185,105266.04301477251,4.914381093126635
