loss,layer_idx,accuracy_score,f1_macro,f1_micro,balanced_accuracy_score,aic_rep,aic_rep_avg,bic_rep,bic_rep_avg,ebic_rep,ebic_rep_avg,aic_cls,aic_cls_avg,bic_cls,bic_cls_avg,ebic_cls,ebic_cls_avg,aic_pr,aic_pr_avg,bic_pr,bic_pr_avg,ebic_pr,ebic_pr_avg
17923.911407470703,0,0.7794584500466853,0.7783302964289025,0.7794584500466853,0.7794584500466853,37767.822814941406,1.7632036795024,45421.01994518308,2.120495795760181,58605.53185134989,2.73601922742063,101195.8228149414,4.724361475954314,361675.57597485423,16.884947524502998,1040924.5752148619,48.5959185441112,35859.583846092224,1.6741168929081338,35906.46378872354,1.676305499006701,35927.300153157536,1.6772782517813976
