loss,layer_idx,accuracy_score,f1_macro,f1_micro,balanced_accuracy_score,aic,aic_avg,bic,bic_avg,ebic,ebic_avg
17923.911407470703,0,0.7794584500466853,0.7783302964289025,0.7794584500466853,0.7794584500466853,37767.822814941406,1.7632036795024,45421.01994518308,2.120495795760181,58605.53185134989,2.73601922742063
