loss,layer_idx,accuracy_score,f1_macro,f1_micro,balanced_accuracy_score,aic,aic_avg,bic,bic_avg,ebic,ebic_avg
35741.472732543945,0,0.5168067226890757,0.5198745459294644,0.5168067226890757,0.5168067226890756,123774.94546508789,5.778475511908865,332212.9581393574,15.50947516990464,864098.4996699748,40.34073294444327
