loss,layer_idx,accuracy_score,f1_macro,f1_micro,balanced_accuracy_score,aic,aic_avg,bic,bic_avg,ebic,ebic_avg
58923.77537536621,0,0.2084500466853408,0.1996743500924532,0.2084500466853408,0.20845004668534078,122811.55075073242,5.7334991013413825,142598.25416454475,6.657248093582854,181400.94847459998,8.46876510152194
