loss,layer_idx,accuracy_score,f1_macro,f1_micro,balanced_accuracy_score,aic,aic_avg,bic,bic_avg,ebic,ebic_avg
181.4997518658638,36,0.9996732026143791,0.9996731925277288,0.9996732026143791,0.9996732026143791,326830.9995037317,15.258216596812872,1628145.5623765115,76.01053045641977,5546721.389117979,258.9505783901951
