loss,layer_idx,accuracy_score,f1_macro,f1_micro,balanced_accuracy_score,aic_rep,aic_rep_avg,bic_rep,bic_rep_avg,ebic_rep,ebic_rep_avg,aic_cls,aic_cls_avg,bic_cls,bic_cls_avg,ebic_cls,ebic_cls_avg,aic_pr,aic_pr_avg,bic_pr,bic_pr_avg,ebic_pr,ebic_pr_avg
1498.5642473697662,7,0.9835200746965452,0.9836001803613079,0.9835200746965452,0.9835200746965453,12597.128494739532,0.5881012369159445,50863.11414594788,2.3745618182048496,132236.27763614932,6.173495687962153,329465.12849473953,15.381191806477103,1630779.6913675193,76.133505666084,5549355.518108987,259.07355359985934,3012.3967213630676,0.1406347675706381,3073.256486039692,0.14347602642575594,3104.291093690628,0.1449248876606269
