loss,layer_idx,accuracy_score,f1_macro,f1_micro,balanced_accuracy_score,aic,aic_avg,bic,bic_avg,ebic,ebic_avg
1498.5642611980438,7,0.9835200746965452,0.9836001803613079,0.9835200746965452,0.9835200746965453,329465.1285223961,15.381191807768259,1630779.6913951759,76.13350566737516,5549355.518136644,259.0735536011505
