loss,layer_idx,accuracy_score,f1_macro,f1_micro,balanced_accuracy_score,aic_rep,aic_rep_avg,bic_rep,bic_rep_avg,ebic_rep,ebic_rep_avg,aic_cls,aic_cls_avg,bic_cls,bic_cls_avg,ebic_cls,ebic_cls_avg,aic_pr,aic_pr_avg,bic_pr,bic_pr_avg,ebic_pr,ebic_pr_avg
413.4500415325165,38,1.0,1.0,1.0,1.0,10426.900083065033,0.48678338389659354,48692.88573427338,2.2732439651854985,130066.04922447482,6.072177834942802,327294.90008306503,15.279873953457752,1628609.4629558448,76.03218781306465,5547185.289697313,258.97223574684,850.5298399925232,0.03970727544316168,944.7190003601152,0.04410452849486999,1003.0693683325997,0.04682863530964518
