loss,layer_idx,accuracy_score,f1_macro,f1_micro,balanced_accuracy_score,aic,aic_avg,bic,bic_avg,ebic,ebic_avg
89.7648391276598,45,1.0,1.0,1.0,1.0,326647.5296782553,15.249651245483442,1627962.092551035,76.00196510509033,5546537.919292503,258.9420130388657
