loss,layer_idx,accuracy_score,f1_macro,f1_micro,balanced_accuracy_score,aic,aic_avg,bic,bic_avg,ebic,ebic_avg
1152.2712368369102,18,0.9892623716153128,0.9892547849945058,0.9892623716153128,0.9892623716153127,328772.5424736738,15.348858192048263,1630087.1053464536,76.10117205165517,5548662.932087922,259.04121998543053
