loss,layer_idx,accuracy_score,f1_macro,f1_micro,balanced_accuracy_score,aic,aic_avg,bic,bic_avg,ebic,ebic_avg
94.61719414591789,42,1.0,1.0,1.0,1.0,326657.23438829184,15.250104313178891,1627971.7972610716,76.0024181727858,5546547.62400254,258.94246610656114
