loss,layer_idx,accuracy_score,f1_macro,f1_micro,balanced_accuracy_score,aic,aic_avg,bic,bic_avg,ebic,ebic_avg
18.30622560158372,62,1.0,1.0,1.0,1.0,326504.61245120317,15.242979106031894,1627819.175323983,75.9952929656388,5546395.002065451,258.93534089941414
