loss,layer_idx,accuracy_score,f1_macro,f1_micro,balanced_accuracy_score,aic_rep,aic_rep_avg,bic_rep,bic_rep_avg,ebic_rep,ebic_rep_avg,aic_cls,aic_cls_avg,bic_cls,bic_cls_avg,ebic_cls,ebic_cls_avg,aic_pr,aic_pr_avg,bic_pr,bic_pr_avg,ebic_pr,ebic_pr_avg
22.169145172461867,56,1.0,1.0,1.0,1.0,9644.338290344924,0.4502492199040581,47910.32394155327,2.2367098011929634,129283.48743175471,6.035643670950266,326512.3382903449,15.243339789465216,1627826.9011631247,75.99565364907211,5546402.727904593,258.93570158284746,62.33388627693057,0.0029100787244131917,134.06505458100526,0.006258872762885399,173.6010189234679,0.008104622732188043
