loss,layer_idx,accuracy_score,f1_macro,f1_micro,balanced_accuracy_score,aic_rep,aic_rep_avg,bic_rep,bic_rep_avg,ebic_rep,ebic_rep_avg,aic_cls,aic_cls_avg,bic_cls,bic_cls_avg,ebic_cls,ebic_cls_avg,aic_pr,aic_pr_avg,bic_pr,bic_pr_avg,ebic_pr,ebic_pr_avg
19680.216831207275,1,0.7263772175536881,0.7266967662869777,0.7263772175536881,0.7263772175536881,48960.43366241455,2.2857345313919026,87226.4193136229,4.072195112680808,168599.58280382433,7.871128982438111,365828.43366241455,17.07882510095306,1667142.9965351943,77.83113896055995,5585718.823276662,260.7711868943353,39370.53640174866,1.8380269095120756,39410.80632658166,1.839906924677015,39427.169323550625,1.8406708367670692
