loss,layer_idx,accuracy_score,f1_macro,f1_micro,balanced_accuracy_score,aic_rep,aic_rep_avg,bic_rep,bic_rep_avg,ebic_rep,ebic_rep_avg,aic_cls,aic_cls_avg,bic_cls,bic_cls_avg,ebic_cls,ebic_cls_avg,aic_pr,aic_pr_avg,bic_pr,bic_pr_avg,ebic_pr,ebic_pr_avg
50.68254332989454,32,1.0,1.0,1.0,1.0,9701.365086659789,0.4529115353249201,47967.35073786814,2.239372116613825,129340.51422806957,6.038305986371128,326569.3650866598,15.246002104886077,1627883.9279594396,75.99831596449297,5546459.7547009075,258.93836389826834,123.68345175683498,0.005774204096957749,212.64535160704202,0.00992742070994594,266.48311076789025,0.01244085484443932
