loss,layer_idx,accuracy_score,f1_macro,f1_micro,balanced_accuracy_score,aic_rep,aic_rep_avg,bic_rep,bic_rep_avg,ebic_rep,ebic_rep_avg,aic_cls,aic_cls_avg,bic_cls,bic_cls_avg,ebic_cls,ebic_cls_avg,aic_pr,aic_pr_avg,bic_pr,bic_pr_avg,ebic_pr,ebic_pr_avg
298.28682681918144,50,0.999813258636788,0.9998132578134088,0.999813258636788,0.999813258636788,10196.573653638363,0.4760305160428741,48462.55930484671,2.2624910973317793,129835.72279504815,6.061424967089082,327064.57365363836,15.269121085604032,1628379.1365264182,76.02143494521093,5546954.963267886,258.96148287898626,616.7550939917564,0.02879342175498396,697.1991259692226,0.03254897880341842,743.8508700727997,0.0347269313759477
