loss,layer_idx,accuracy_score,f1_macro,f1_micro,balanced_accuracy_score,aic,aic_avg,bic,bic_avg,ebic,ebic_avg
45.93056407570839,54,1.0,1.0,1.0,1.0,9691.861128151417,0.45246783978297933,47957.84677935977,2.2389284210718845,129331.0102695612,6.037862290829188
