loss,layer_idx,accuracy_score,f1_macro,f1_micro,balanced_accuracy_score,aic,aic_avg,bic,bic_avg,ebic,ebic_avg
101.99570877850056,37,1.0,1.0,1.0,1.0,326671.991417557,15.250793250119374,1627986.5542903368,76.00310710972627,5546562.381031805,258.94315504350163
