loss,layer_idx,accuracy_score,f1_macro,f1_micro,balanced_accuracy_score,aic,aic_avg,bic,bic_avg,ebic,ebic_avg
379.0133346617222,39,1.0,1.0,1.0,1.0,10358.026669323444,0.48356800510380227,48624.012320531794,2.2700285863927077,129997.17581073323,6.068962456150011
