loss,layer_idx,accuracy_score,f1_macro,f1_micro,balanced_accuracy_score,aic_rep,aic_rep_avg,bic_rep,bic_rep_avg,ebic_rep,ebic_rep_avg,aic_cls,aic_cls_avg,bic_cls,bic_cls_avg,ebic_cls,ebic_cls_avg,aic_pr,aic_pr_avg,bic_pr,bic_pr_avg,ebic_pr,ebic_pr_avg
284.0133349150419,26,0.9978057889822596,0.9978089512346581,0.9978057889822596,0.9978057889822596,10168.026669830084,0.4746977903748872,48434.01232103843,2.2611583716637926,129807.17581123987,6.060092241421096,327036.0266698301,15.267788359936045,1628350.5895426099,76.02010221954295,5546926.416284078,258.9601501533183,587.9423688352108,0.027448289861587805,667.3271451231246,0.031154395197158014,713.1006122590068,0.033291345110131036
