loss,layer_idx,accuracy_score,f1_macro,f1_micro,balanced_accuracy_score,aic_rep,aic_rep_avg,bic_rep,bic_rep_avg,ebic_rep,ebic_rep_avg,aic_cls,aic_cls_avg,bic_cls,bic_cls_avg,ebic_cls,ebic_cls_avg,aic_pr,aic_pr_avg,bic_pr,bic_pr_avg,ebic_pr,ebic_pr_avg
14.086835893802345,55,1.0,1.0,1.0,1.0,9628.173671787605,0.4494945691777593,47894.159322995954,2.2359551504666646,129267.32281319739,6.034889020223968,326496.1736717876,15.242585138738917,1627810.7365445674,75.99489899834582,5546386.563286035,258.93494693212114,46.18676001392305,0.00215624463183581,117.98765330582393,0.005508293805127167,157.5795485877532,0.007356654929400243
