loss,layer_idx,accuracy_score,f1_macro,f1_micro,balanced_accuracy_score,aic,aic_avg,bic,bic_avg,ebic,ebic_avg
2482.502716779709,9,0.9734360410830999,0.973494003062881,0.9734360410830999,0.9734360410831,331433.0054335594,15.47306281202425,1632747.5683063392,76.22537667163115,5551323.395047807,259.1654246054065
