loss,layer_idx,accuracy_score,f1_macro,f1_micro,balanced_accuracy_score,aic,aic_avg,bic,bic_avg,ebic,ebic_avg
36.256368804723024,60,1.0,1.0,1.0,1.0,326540.51273760945,15.244655123137695,1627855.0756103892,75.99696898274459,5546430.902351857,258.93701691651995
