loss,layer_idx,accuracy_score,f1_macro,f1_micro,balanced_accuracy_score,aic,aic_avg,bic,bic_avg,ebic,ebic_avg
284.0133106261492,26,0.9978057889822596,0.9978089512346581,0.9978057889822596,0.9978057889822596,327036.0266212523,15.267788357668174,1628350.589494032,76.02010221727508,5546926.4162355,258.9601501510504
