loss,layer_idx,accuracy_score,f1_macro,f1_micro,balanced_accuracy_score,aic,aic_avg,bic,bic_avg,ebic,ebic_avg
181.4997518658638,36,0.9996732026143791,0.9996731925277288,0.9996732026143791,0.9996732026143791,9962.999503731728,0.46512602725171465,48228.98515494008,2.2515866085406198,129602.14864514151,6.050520478297923
