loss,layer_idx,accuracy_score,f1_macro,f1_micro,balanced_accuracy_score,aic_rep,aic_rep_avg,bic_rep,bic_rep_avg,ebic_rep,ebic_rep_avg,aic_cls,aic_cls_avg,bic_cls,bic_cls_avg,ebic_cls,ebic_cls_avg,aic_pr,aic_pr_avg,bic_pr,bic_pr_avg,ebic_pr,ebic_pr_avg
622.8051011562347,70,0.9921101774042951,0.9921117657543905,0.9921101774042951,0.9921101774042951,10845.61020231247,0.5063310085113197,49111.59585352082,2.292791589800225,130484.75934372225,6.091725459557528,327713.61020231247,15.299421578072478,1629028.1730750923,76.05173543767938,5547603.99981656,258.99178337145474,1267.770267009735,0.059186286975244404,1356.1011751071742,0.06331004552321075,1409.3993370763742,0.0657982883789157
