loss,layer_idx,accuracy_score,f1_macro,f1_micro,balanced_accuracy_score,aic,aic_avg,bic,bic_avg,ebic,ebic_avg
99.99281921982765,46,1.0,1.0,1.0,1.0,326667.98563843966,15.2506062389561,1627982.5485112194,76.002920098563,5546558.375252687,258.94296803233834
