loss,layer_idx,accuracy_score,f1_macro,f1_micro,balanced_accuracy_score,aic_rep,aic_rep_avg,bic_rep,bic_rep_avg,ebic_rep,ebic_rep_avg,aic_cls,aic_cls_avg,bic_cls,bic_cls_avg,ebic_cls,ebic_cls_avg,aic_pr,aic_pr_avg,bic_pr,bic_pr_avg,ebic_pr,ebic_pr_avg
150.92595291137695,35,1.0,1.0,1.0,1.0,9901.851905822754,0.46227133080405014,48167.837557031104,2.248731912092955,129541.00104723254,6.047665781850259,326769.85190582275,15.255361900365209,1628084.4147786025,76.0076757599721,5546660.2415200705,258.94772369374743,324.8629970550537,0.015166339731795224,416.5861311085777,0.019448465504602136,472.79829513179214,0.022072749539299354
