loss,layer_idx,accuracy_score,f1_macro,f1_micro,balanced_accuracy_score,aic,aic_avg,bic,bic_avg,ebic,ebic_avg
36.256368804723024,60,1.0,1.0,1.0,1.0,9672.512737609446,0.4515645535765381,47938.498388817796,2.238025134865443,129311.66187901923,6.036959004622746
