loss,layer_idx,accuracy_score,f1_macro,f1_micro,balanced_accuracy_score,aic_rep,aic_rep_avg,bic_rep,bic_rep_avg,ebic_rep,ebic_rep_avg,aic_cls,aic_cls_avg,bic_cls,bic_cls_avg,ebic_cls,ebic_cls_avg,aic_pr,aic_pr_avg,bic_pr,bic_pr_avg,ebic_pr,ebic_pr_avg
466.3785951733589,27,0.9985527544351074,0.9985523190999646,0.9985527544351074,0.9985527544351074,10532.757190346718,0.4917253590264574,48798.74284155507,2.2781859403153626,130171.9063317565,6.0771198100726656,327400.7571903467,15.284815928587616,1628715.3200631265,76.03712978819452,5547291.146804594,258.97717772196984,952.8045746088028,0.04448200628425784,1032.7142536210115,0.04821261688240016,1078.922500630975,0.05036986464196896
