loss,layer_idx,accuracy_score,f1_macro,f1_micro,balanced_accuracy_score,aic,aic_avg,bic,bic_avg,ebic,ebic_avg
466.37861400842667,27,0.9985527544351074,0.9985523190999646,0.9985527544351074,0.9985527544351074,327400.75722801685,15.284815930346259,1628715.3201007966,76.03712978995316,5547291.146842265,258.9771777237285
