loss,layer_idx,accuracy_score,f1_macro,f1_micro,balanced_accuracy_score,aic_rep,aic_rep_avg,bic_rep,bic_rep_avg,ebic_rep,ebic_rep_avg,aic_cls,aic_cls_avg,bic_cls,bic_cls_avg,ebic_cls,ebic_cls_avg,aic_pr,aic_pr_avg,bic_pr,bic_pr_avg,ebic_pr,ebic_pr_avg
181.49977377057076,36,0.9996732026143791,0.9996731925277288,0.9996732026143791,0.9996732026143791,9962.999547541142,0.46512602929697205,48228.98519874949,2.251586610585877,129602.14868895093,6.05052048034318,326830.99954754114,15.25821659885813,1628145.562420321,76.01053045846503,5546721.389161789,258.9505783922404,385.549962580204,0.017999531399636042,475.4368228211997,0.022195930103697466,530.0675987790046,0.02474638649761926
