loss,layer_idx,accuracy_score,f1_macro,f1_micro,balanced_accuracy_score,aic,aic_avg,bic,bic_avg,ebic,ebic_avg
28.79356195963919,69,0.999813258636788,0.99981325675477,0.999813258636788,0.999813258636788,326525.5871239193,15.243958315775876,1627840.149996699,75.99627217538277,5546415.976738167,258.93632010915815
