loss,layer_idx,accuracy_score,f1_macro,f1_micro,balanced_accuracy_score,aic_rep,aic_rep_avg,bic_rep,bic_rep_avg,ebic_rep,ebic_rep_avg,aic_cls,aic_cls_avg,bic_cls,bic_cls_avg,ebic_cls,ebic_cls_avg,aic_pr,aic_pr_avg,bic_pr,bic_pr_avg,ebic_pr,ebic_pr_avg
67.6000904738903,30,1.0,1.0,1.0,1.0,9735.20018094778,0.45449113823285625,48001.18583215613,2.2409517195217616,129374.34932235756,6.039885589279065,326603.2001809478,15.247581707794014,1627917.7630537276,75.99989556740091,5546493.5897951955,258.9399435011763,156.35762494802475,0.007299609007844292,240.69204666985667,0.011236790227350918,290.5991725230479,0.013566721406304758
