loss,layer_idx,accuracy_score,f1_macro,f1_micro,balanced_accuracy_score,aic_rep,aic_rep_avg,bic_rep,bic_rep_avg,ebic_rep,ebic_rep_avg,aic_cls,aic_cls_avg,bic_cls,bic_cls_avg,ebic_cls,ebic_cls_avg,aic_pr,aic_pr_avg,bic_pr,bic_pr_avg,ebic_pr,ebic_pr_avg
9000.131694793701,2,0.8995798319327731,0.900239026236694,0.8995798319327731,0.8995798319327731,27600.263389587402,1.2885277025951167,65866.24904079575,3.074988283884022,147239.4125309972,6.873922153641325,344468.2633895874,16.081618272156273,1645782.8262623672,76.83393213176318,5564358.653003835,259.7739800655385,18010.82300567627,0.8408414101622909,18052.9140596074,0.8428064453598225,18070.484095489,0.8436267084728758
