loss,layer_idx,accuracy_score,f1_macro,f1_micro,balanced_accuracy_score,aic_rep,aic_rep_avg,bic_rep,bic_rep_avg,ebic_rep,ebic_rep_avg,aic_cls,aic_cls_avg,bic_cls,bic_cls_avg,ebic_cls,ebic_cls_avg,aic_pr,aic_pr_avg,bic_pr,bic_pr_avg,ebic_pr,ebic_pr_avg
45.93054271861911,54,1.0,1.0,1.0,1.0,9691.861085437238,0.4524678377888533,47957.84673664559,2.2389284190777587,129331.01022684702,6.037862288835062,326559.86108543724,15.24555840735001,1627874.423958217,75.9978722669569,5546450.250699685,258.93792020073226,110.62368347495794,0.005164504363910268,185.41215298441347,0.008656029551093066,227.41632402767908,0.010617008591394915
