loss,layer_idx,accuracy_score,f1_macro,f1_micro,balanced_accuracy_score,aic,aic_avg,bic,bic_avg,ebic,ebic_avg
46.463615871965885,34,1.0,1.0,1.0,1.0,9692.927231743932,0.45251761119252715,47958.91288295228,2.2389781924814325,129332.07637315372,6.0379120622387354
