loss,layer_idx,accuracy_score,f1_macro,f1_micro,balanced_accuracy_score,aic,aic_avg,bic,bic_avg,ebic,ebic_avg
466.37861400842667,27,0.9985527544351074,0.9985523190999646,0.9985527544351074,0.9985527544351074,10532.757228016853,0.49172536078510054,48798.7428792252,2.2781859420740056,130171.90636942664,6.077119811831309
