loss,layer_idx,accuracy_score,f1_macro,f1_micro,balanced_accuracy_score,aic,aic_avg,bic,bic_avg,ebic,ebic_avg
53.08389316871762,59,1.0,1.0,1.0,1.0,326574.16778633744,15.246226320557303,1627888.7306591172,75.9985401801642,5546464.557400585,258.93858811393955
