loss,layer_idx,accuracy_score,f1_macro,f1_micro,balanced_accuracy_score,aic,aic_avg,bic,bic_avg,ebic,ebic_avg
82.21752294898033,29,1.0,1.0,1.0,1.0,326632.43504589796,15.248946547427542,1627946.9979186777,76.00126040703444,5546522.824660146,258.94130834080977
