loss,layer_idx,accuracy_score,f1_macro,f1_micro,balanced_accuracy_score,aic_rep,aic_rep_avg,bic_rep,bic_rep_avg,ebic_rep,ebic_rep_avg,aic_cls,aic_cls_avg,bic_cls,bic_cls_avg,ebic_cls,ebic_cls_avg,aic_pr,aic_pr_avg,bic_pr,bic_pr_avg,ebic_pr,ebic_pr_avg
89.76485146582127,45,1.0,1.0,1.0,1.0,9779.529702931643,0.45656067707430636,48045.51535413999,2.2430212583632114,129418.67884434143,6.041955128120515,326647.52970293164,15.249651246635464,1627962.0925757114,76.00196510624237,5546537.919317179,258.9420130400177,198.0372236073017,0.009245435275784393,271.80894450461585,0.012689493207498405,312.98873222257737,0.014611985631306133
