loss,layer_idx,accuracy_score,f1_macro,f1_micro,balanced_accuracy_score,aic_rep,aic_rep_avg,bic_rep,bic_rep_avg,ebic_rep,ebic_rep_avg,aic_cls,aic_cls_avg,bic_cls,bic_cls_avg,ebic_cls,ebic_cls_avg,aic_pr,aic_pr_avg,bic_pr,bic_pr_avg,ebic_pr,ebic_pr_avg
1290.4658907055855,11,0.9891223155929039,0.9891486401272164,0.9891223155929039,0.9891223155929038,12180.931781411171,0.5686709515131265,50446.91743261952,2.355131532802032,131820.08092282095,6.154065402559335,329048.9317814112,15.361761521074284,1630363.494654191,76.11407538068119,5548939.321395659,259.05412331445655,2597.6120582818985,0.1212704042148412,2664.1003119687152,0.12437443099760576,2699.480512327986,0.1260261677090563
