loss,layer_idx,accuracy_score,f1_macro,f1_micro,balanced_accuracy_score,aic,aic_avg,bic,bic_avg,ebic,ebic_avg
67.60008768737316,30,1.0,1.0,1.0,1.0,326603.20017537475,15.247581707533834,1627917.7630481545,75.99989556714074,5546493.589789622,258.93994350091606
