loss,layer_idx,accuracy_score,f1_macro,f1_micro,balanced_accuracy_score,aic_rep,aic_rep_avg,bic_rep,bic_rep_avg,ebic_rep,ebic_rep_avg,aic_cls,aic_cls_avg,bic_cls,bic_cls_avg,ebic_cls,ebic_cls_avg,aic_pr,aic_pr_avg,bic_pr,bic_pr_avg,ebic_pr,ebic_pr_avg
1152.271157503128,18,0.9892623716153128,0.9892547849945058,0.9892623716153128,0.9892623716153127,11904.542315006256,0.5557676150796571,50170.527966214606,2.3422281963685623,131543.69145641604,6.141162066125865,328772.54231500626,15.348858184640815,1630087.105187786,76.10117204424772,5548662.931929254,259.04121997802304,2321.6301732063293,0.10838609585463722,2389.743062445276,0.11156596930183361,2426.4002946147903,0.11327732467856164
