loss,layer_idx,accuracy_score,f1_macro,f1_micro,balanced_accuracy_score,aic_rep,aic_rep_avg,bic_rep,bic_rep_avg,ebic_rep,ebic_rep_avg,aic_cls,aic_cls_avg,bic_cls,bic_cls_avg,ebic_cls,ebic_cls_avg,aic_pr,aic_pr_avg,bic_pr,bic_pr_avg,ebic_pr,ebic_pr_avg
390.60324704647064,13,0.9979458450046685,0.9979443548684863,0.9979458450046685,0.9979458450046685,10381.206494092941,0.48465016312291975,48647.19214530129,2.271110744411825,130020.35563550272,6.070044614169128,327249.20649409294,15.277740732684078,1628563.7693668727,76.03005459229098,5547139.596108341,258.97010252606634,798.2546145915985,0.037266788729766506,866.2091077563578,0.040439267402257596,902.7414030661835,0.04214479005911221
