loss,layer_idx,accuracy_score,f1_macro,f1_micro,balanced_accuracy_score,aic,aic_avg,bic,bic_avg,ebic,ebic_avg
390.6032434999943,13,0.9979458450046685,0.9979443548684863,0.9979458450046685,0.9979458450046685,327249.206487,15.27774073235294,1628563.7693597798,76.03005459195984,5547139.596101248,258.9701025257352
