loss,layer_idx,accuracy_score,f1_macro,f1_micro,balanced_accuracy_score,aic_rep,aic_rep_avg,bic_rep,bic_rep_avg,ebic_rep,ebic_rep_avg,aic_cls,aic_cls_avg,bic_cls,bic_cls_avg,ebic_cls,ebic_cls_avg,aic_pr,aic_pr_avg,bic_pr,bic_pr_avg,ebic_pr,ebic_pr_avg
45.6994959898293,51,1.0,1.0,1.0,1.0,9691.398991979659,0.4524462647983034,47957.38464318801,2.238906846087209,129330.54813338944,6.037840715844512,326559.39899197966,15.245536834359461,1627873.9618647594,75.99785069396636,5546449.788606227,258.93789862774173,108.79349843412638,0.005079061551546516,178.12869993376336,0.008315999063200904,215.75314366791628,0.010072509041452673
