loss,layer_idx,accuracy_score,f1_macro,f1_micro,balanced_accuracy_score,aic,aic_avg,bic,bic_avg,ebic,ebic_avg
240.12474519014359,22,0.9990196078431373,0.9990175269760454,0.9990196078431373,0.9990196078431373,326948.2494903803,15.263690452398706,1628262.81236316,76.0160043120056,5546838.639104628,258.95605224578094
