loss,layer_idx,accuracy_score,f1_macro,f1_micro,balanced_accuracy_score,aic_rep,aic_rep_avg,bic_rep,bic_rep_avg,ebic_rep,ebic_rep_avg,aic_cls,aic_cls_avg,bic_cls,bic_cls_avg,ebic_cls,ebic_cls_avg,aic_pr,aic_pr_avg,bic_pr,bic_pr_avg,ebic_pr,ebic_pr_avg
62.946219712495804,40,1.0,1.0,1.0,1.0,9725.892439424992,0.4540566031477587,47991.87809063334,2.240517184436664,129365.04158083478,6.039451054193967,326593.892439425,15.247147172708917,1627908.4553122048,75.99946103231582,5546484.282053673,258.9395089660912,148.89555794000626,0.006951239866480217,240.5869124221516,0.011231881999166742,296.7716316685022,0.01385488476510281
