loss,layer_idx,accuracy_score,f1_macro,f1_micro,balanced_accuracy_score,aic,aic_avg,bic,bic_avg,ebic,ebic_avg
345.4169741868973,17,0.9977591036414566,0.997758048279245,0.9977591036414566,0.9977591036414566,327158.8339483738,15.273521659587946,1628473.3968211536,76.02583551919484,5547049.2235626215,258.9658834529702
