loss,layer_idx,accuracy_score,f1_macro,f1_micro,balanced_accuracy_score,aic,aic_avg,bic,bic_avg,ebic,ebic_avg
150.9259525835514,35,1.0,1.0,1.0,1.0,326769.8519051671,15.255361900334599,1628084.414777947,76.00767575994149,5546660.241519415,258.94772369371685
