loss,layer_idx,accuracy_score,f1_macro,f1_micro,balanced_accuracy_score,aic_rep,aic_rep_avg,bic_rep,bic_rep_avg,ebic_rep,ebic_rep_avg,aic_cls,aic_cls_avg,bic_cls,bic_cls_avg,ebic_cls,ebic_cls_avg,aic_pr,aic_pr_avg,bic_pr,bic_pr_avg,ebic_pr,ebic_pr_avg
1184.4475125670433,71,0.9889355742296919,0.9889315575096516,0.9889355742296919,0.9889355742296919,11968.895025134087,0.5587719432835708,50234.880676342436,2.345232524572476,131608.04416654387,6.144166394329779,328836.8950251341,15.351862512844729,1630151.4578979139,76.10417637245163,5548727.284639382,259.04422430622697,2393.49655520916,0.11174120239071708,2491.5592423810895,0.1163192923613954,2553.300753679086,0.1192017158580339
