loss,layer_idx,accuracy_score,f1_macro,f1_micro,balanced_accuracy_score,aic_rep,aic_rep_avg,bic_rep,bic_rep_avg,ebic_rep,ebic_rep_avg,aic_cls,aic_cls_avg,bic_cls,bic_cls_avg,ebic_cls,ebic_cls_avg,aic_pr,aic_pr_avg,bic_pr,bic_pr_avg,ebic_pr,ebic_pr_avg
18.306226138025522,62,1.0,1.0,1.0,1.0,9636.612452276051,0.44988853652082406,47902.5981034844,2.2363491178097292,129275.76159368583,6.035282987567032,326504.61245227605,15.242979106081982,1627819.1753250558,75.99529296568888,5546395.002066524,258.9353408994642,53.263746984303,0.0024866361804063023,119.63647660722079,0.005585269682876788,154.92624646386565,0.007232784615493261
