loss,layer_idx,accuracy_score,f1_macro,f1_micro,balanced_accuracy_score,aic,aic_avg,bic,bic_avg,ebic,ebic_avg
1429.6557921171188,8,0.9859943977591037,0.986049206815223,0.9859943977591037,0.9859943977591035,329327.31158423424,15.374757777041747,1630641.874457014,76.12707163664865,5549217.701198482,259.067119570424
