loss,layer_idx,accuracy_score,f1_macro,f1_micro,balanced_accuracy_score,aic,aic_avg,bic,bic_avg,ebic,ebic_avg
44.289743930101395,25,1.0,1.0,1.0,1.0,326556.5794878602,15.24540520484875,1627871.14236064,75.99771906445565,5546446.969102108,258.937766998231
