loss,layer_idx,accuracy_score,f1_macro,f1_micro,balanced_accuracy_score,aic,aic_avg,bic,bic_avg,ebic,ebic_avg
72.42787572741508,65,0.999859943977591,0.9998599431836181,0.999859943977591,0.999859943977591,326612.85575145483,15.248032481393784,1627927.4186242346,76.00034634100068,5546503.245365703,258.94039427477605
