loss,layer_idx,accuracy_score,f1_macro,f1_micro,balanced_accuracy_score,aic,aic_avg,bic,bic_avg,ebic,ebic_avg
240.02243626117706,49,1.0,1.0,1.0,1.0,326948.04487252235,15.263680899744275,1628262.6077453021,76.01599475935117,5546838.43448677,258.9560426931265
