loss,layer_idx,accuracy_score,f1_macro,f1_micro,balanced_accuracy_score,aic_rep,aic_rep_avg,bic_rep,bic_rep_avg,ebic_rep,ebic_rep_avg,aic_cls,aic_cls_avg,bic_cls,bic_cls_avg,ebic_cls,ebic_cls_avg,aic_pr,aic_pr_avg,bic_pr,bic_pr_avg,ebic_pr,ebic_pr_avg
341.9066058397293,63,0.9978991596638656,0.9979001056668889,0.9978991596638656,0.9978991596638656,10283.813211679459,0.48010332454152466,48549.79886288781,2.26656390583043,129922.96235308924,6.065497775587733,327151.81321167946,15.273193894102683,1628466.3760844592,76.02550775370958,5547042.202825927,258.96555568748494,702.3416559696198,0.03278905956907655,776.1967792348821,0.036237011168762004,817.4440572743599,0.03816265440123062
