loss,layer_idx,accuracy_score,f1_macro,f1_micro,balanced_accuracy_score,aic,aic_avg,bic,bic_avg,ebic,ebic_avg
298.2868661880493,50,0.999813258636788,0.9998132578134088,0.999813258636788,0.999813258636788,10196.573732376099,0.47603051971877214,48462.55938358445,2.262491101007677,129835.72287378588,6.06142497076498
