loss,layer_idx,accuracy_score,f1_macro,f1_micro,balanced_accuracy_score,aic,aic_avg,bic,bic_avg,ebic,ebic_avg
45.699485935270786,51,1.0,1.0,1.0,1.0,326559.39897187054,15.24553683342066,1627873.9618446503,75.99785069302756,5546449.788586118,258.9378986268029
