loss,layer_idx,accuracy_score,f1_macro,f1_micro,balanced_accuracy_score,aic,aic_avg,bic,bic_avg,ebic,ebic_avg
45.93056407570839,54,1.0,1.0,1.0,1.0,326559.8611281514,15.245558409344136,1627874.4240009312,75.99787226895104,5546450.250742399,258.9379202027264
