loss,layer_idx,accuracy_score,f1_macro,f1_micro,balanced_accuracy_score,aic,aic_avg,bic,bic_avg,ebic,ebic_avg
23.07774225063622,64,1.0,1.0,1.0,1.0,326514.1554845013,15.24342462579371,1627828.718357281,75.99573848540061,5546404.545098749,258.93578641917594
