loss,layer_idx,accuracy_score,f1_macro,f1_micro,balanced_accuracy_score,aic,aic_avg,bic,bic_avg,ebic,ebic_avg
24.87736631371081,21,1.0,1.0,1.0,1.0,9649.754732627422,0.4505020883579562,47915.74038383577,2.236962669646861,129288.9038740372,6.035896539404164
