loss,layer_idx,accuracy_score,f1_macro,f1_micro,balanced_accuracy_score,aic_rep,aic_rep_avg,bic_rep,bic_rep_avg,ebic_rep,ebic_rep_avg,aic_cls,aic_cls_avg,bic_cls,bic_cls_avg,ebic_cls,ebic_cls_avg,aic_pr,aic_pr_avg,bic_pr,bic_pr_avg,ebic_pr,ebic_pr_avg
87.13620598614216,31,0.999906629318394,0.9999066290831434,0.999906629318394,0.9999066293183941,9774.272411972284,0.4563152386541683,48040.258063180634,2.2427758199430734,129413.42155338207,6.041709689700377,326642.2724119723,15.249405808215325,1627956.835284752,76.00171966782223,5546532.66202622,258.9417676015976,196.16851487755775,0.009158193971874779,283.4472606682426,0.013232831963970244,335.8481719133048,0.01567918636383309
