loss,layer_idx,accuracy_score,f1_macro,f1_micro,balanced_accuracy_score,aic_rep,aic_rep_avg,bic_rep,bic_rep_avg,ebic_rep,ebic_rep_avg,aic_cls,aic_cls_avg,bic_cls,bic_cls_avg,ebic_cls,ebic_cls_avg,aic_pr,aic_pr_avg,bic_pr,bic_pr_avg,ebic_pr,ebic_pr_avg
1061.6261737048626,16,0.9873949579831933,0.9874011184175973,0.9873949579831933,0.9873949579831932,11723.252347409725,0.5473040311582504,49989.237998618075,2.3337646124471556,131362.4014888195,6.132698482204459,328591.2523474097,15.340394600719408,1629905.8152201895,76.0927084603263,5548481.641961657,259.0327563941017,2140.4096826910973,0.09992575549444899,2208.799510367134,0.10311855790696238,2245.6754046195233,0.1048401215975501
