loss,layer_idx,accuracy_score,f1_macro,f1_micro,balanced_accuracy_score,aic,aic_avg,bic,bic_avg,ebic,ebic_avg
132.0335821956396,10,0.999953314659197,0.9999533146297909,0.999953314659197,0.999953314659197,9864.06716439128,0.46050733727316895,48130.05281559963,2.246967918562074,129503.21630580106,6.0459017883193775
