loss,layer_idx,accuracy_score,f1_macro,f1_micro,balanced_accuracy_score,aic_rep,aic_rep_avg,bic_rep,bic_rep_avg,ebic_rep,ebic_rep_avg,aic_cls,aic_cls_avg,bic_cls,bic_cls_avg,ebic_cls,ebic_cls_avg,aic_pr,aic_pr_avg,bic_pr,bic_pr_avg,ebic_pr,ebic_pr_avg
109.045440107584,47,1.0,1.0,1.0,1.0,9818.090880215168,0.4583609187775522,48084.07653142352,2.2448215000664575,129457.24002162495,6.043755369823761,326686.09088021517,15.25145148833871,1628000.653752995,76.0037653479456,5546576.480494463,258.94381328172096,236.174132168293,0.011025869849126657,308.25470089386243,0.014390975765353056,348.0711097519149,0.016249818382442337
