loss,layer_idx,accuracy_score,f1_macro,f1_micro,balanced_accuracy_score,aic,aic_avg,bic,bic_avg,ebic,ebic_avg
379.0133346617222,39,1.0,1.0,1.0,1.0,327226.02666932344,15.27665857466496,1628540.5895421032,76.02897243427186,5547116.416283571,258.9690203680472
