loss,layer_idx,accuracy_score,f1_macro,f1_micro,balanced_accuracy_score,aic_rep,aic_rep_avg,bic_rep,bic_rep_avg,ebic_rep,ebic_rep_avg,aic_cls,aic_cls_avg,bic_cls,bic_cls_avg,ebic_cls,ebic_cls_avg,aic_pr,aic_pr_avg,bic_pr,bic_pr_avg,ebic_pr,ebic_pr_avg
240.0224258005619,49,1.0,1.0,1.0,1.0,10080.044851601124,0.47059032920640165,48346.03050280947,2.2570509104953067,129719.19399301091,6.05598478025261,326948.0448516011,15.263680898767559,1628262.607724381,76.01599475837446,5546838.434465849,258.9560426921498,499.47164183855057,0.023318003820660623,576.9076081379679,0.026933128297757607,621.0745308684849,0.02899507613765102
