loss,layer_idx,accuracy_score,f1_macro,f1_micro,balanced_accuracy_score,aic,aic_avg,bic,bic_avg,ebic,ebic_avg
43.36072378233075,57,1.0,1.0,1.0,1.0,9686.721447564662,0.45222789204316816,47952.70709877301,2.2386884733320733,129325.87058897445,6.037622343089376
