loss,layer_idx,accuracy_score,f1_macro,f1_micro,balanced_accuracy_score,aic,aic_avg,bic,bic_avg,ebic,ebic_avg
5210.817354679108,3,0.9297852474323063,0.9299190248743147,0.9297852474323063,0.9297852474323063,336889.6347093582,15.727807409400477,1638204.197582138,76.48012126900737,5556780.024323606,259.42016920278274
