loss,layer_idx,accuracy_score,f1_macro,f1_micro,balanced_accuracy_score,aic_rep,aic_rep_avg,bic_rep,bic_rep_avg,ebic_rep,ebic_rep_avg,aic_cls,aic_cls_avg,bic_cls,bic_cls_avg,ebic_cls,ebic_cls_avg,aic_pr,aic_pr_avg,bic_pr,bic_pr_avg,ebic_pr,ebic_pr_avg
2482.5026149749756,9,0.9734360410830999,0.973494003062881,0.9734360410830999,0.9734360410831,14565.005229949951,0.6799722329575141,52830.9908811583,2.4664328142464194,134204.15437135973,6.265366684003722,331433.00522994995,15.473062802518672,1632747.5681027297,76.22537666212557,5551323.394844198,259.1654245959009,4980.687774658203,0.23252510619319341,5043.199027864495,0.23544346535315103,5075.4956766729465,0.236951245409568
