loss,layer_idx,accuracy_score,f1_macro,f1_micro,balanced_accuracy_score,aic,aic_avg,bic,bic_avg,ebic,ebic_avg
298.2868661880493,50,0.999813258636788,0.9998132578134088,0.999813258636788,0.999813258636788,327064.5737323761,15.26912108927993,1628379.136605156,76.02143494888684,5546954.963346624,258.96148288266215
