loss,layer_idx,accuracy_score,f1_macro,f1_micro,balanced_accuracy_score,aic_rep,aic_rep_avg,bic_rep,bic_rep_avg,ebic_rep,ebic_rep_avg,aic_cls,aic_cls_avg,bic_cls,bic_cls_avg,ebic_cls,ebic_cls_avg,aic_pr,aic_pr_avg,bic_pr,bic_pr_avg,ebic_pr,ebic_pr_avg
654.3955150991678,67,0.9928571428571429,0.9928692580968154,0.9928571428571429,0.9928571428571429,10908.791030198336,0.5092806269933864,49174.776681406685,2.2957412082822914,130547.94017160812,6.094675078039595,327776.79103019834,15.302371196554544,1629091.3539029781,76.05468505616145,5547667.180644446,258.9947329899368,1327.780026704073,0.06198786305807997,1403.470929601926,0.0655215186555521,1446.2096994005765,0.06751679268910254
