loss,layer_idx,accuracy_score,f1_macro,f1_micro,balanced_accuracy_score,aic,aic_avg,bic,bic_avg,ebic,ebic_avg
55.65679567307234,41,1.0,1.0,1.0,1.0,326579.31359134614,15.246466554217841,1627893.876464126,75.99878041382475,5546469.703205594,258.93882834760007
