loss,layer_idx,accuracy_score,f1_macro,f1_micro,balanced_accuracy_score,aic_rep,aic_rep_avg,bic_rep,bic_rep_avg,ebic_rep,ebic_rep_avg,aic_cls,aic_cls_avg,bic_cls,bic_cls_avg,ebic_cls,ebic_cls_avg,aic_pr,aic_pr_avg,bic_pr,bic_pr_avg,ebic_pr,ebic_pr_avg
566.9623446166515,20,0.9954248366013072,0.9954267620373713,0.9954248366013072,0.9954248366013073,10733.924689233303,0.5011169322704623,48999.91034044165,2.2875775135593677,130373.07383064309,6.086511383316671,327601.9246892333,15.29420750183162,1628916.487562013,76.04652136143852,5547492.314303481,258.9865692952139,1150.5772294402122,0.053715090076573865,1216.954923670812,0.05681395535344593,1252.2485758597647,0.05846165153406931
