loss,layer_idx,accuracy_score,f1_macro,f1_micro,balanced_accuracy_score,aic,aic_avg,bic,bic_avg,ebic,ebic_avg
82.21752294898033,29,1.0,1.0,1.0,1.0,9764.43504589796,0.4558559778663847,48030.42069710631,2.24231655915529,129403.58418730774,6.041250428912593
