loss,layer_idx,accuracy_score,f1_macro,f1_micro,balanced_accuracy_score,aic,aic_avg,bic,bic_avg,ebic,ebic_avg
603.1566058695316,14,0.9932306255835668,0.993250286424384,0.9932306255835668,0.9932306255835668,327674.31321173906,15.297586984675027,1628988.8760845189,76.04990084428192,5547564.702825987,258.9899487780573
