loss,layer_idx,accuracy_score,f1_macro,f1_micro,balanced_accuracy_score,aic_rep,aic_rep_avg,bic_rep,bic_rep_avg,ebic_rep,ebic_rep_avg,aic_cls,aic_cls_avg,bic_cls,bic_cls_avg,ebic_cls,ebic_cls_avg,aic_pr,aic_pr_avg,bic_pr,bic_pr_avg,ebic_pr,ebic_pr_avg
44.289764910936356,25,1.0,1.0,1.0,1.0,9688.579529821873,0.45231463724658605,47954.56518103022,2.2387752185354914,129327.72867123166,6.037709088292795,326556.5795298219,15.245405206807744,1627871.1424026017,75.99771906641465,5546446.96914407,258.93776700019,107.88845735788345,0.005036809400461412,184.85461819467605,0.008630000849424653,228.63607230466573,0.010673952955399893
