loss,layer_idx,accuracy_score,f1_macro,f1_micro,balanced_accuracy_score,aic_rep,aic_rep_avg,bic_rep,bic_rep_avg,ebic_rep,ebic_rep_avg,aic_cls,aic_cls_avg,bic_cls,bic_cls_avg,ebic_cls,ebic_cls_avg,aic_pr,aic_pr_avg,bic_pr,bic_pr_avg,ebic_pr,ebic_pr_avg
240.36523407697678,48,0.9996265172735761,0.9996265135095399,0.9996265172735761,0.9996265172735761,10080.730468153954,0.4706223374488307,48346.7161193623,2.2570829187377357,129719.87960956374,6.056016788495039,326948.73046815395,15.263712907009989,1628263.2933409337,76.01602676661689,5546839.120082402,258.9560747003922,500.35227143764496,0.023359116313615546,578.5655675735375,0.0270105306990447,623.3718422341985,0.029102326901689943
