loss,layer_idx,accuracy_score,f1_macro,f1_micro,balanced_accuracy_score,aic,aic_avg,bic,bic_avg,ebic,ebic_avg
1239.1850129961967,6,0.9867413632119515,0.9867321761983076,0.9867413632119515,0.9867413632119515,328946.3700259924,15.356973390569205,1630260.9328987722,76.10928725017611,5548836.75964024,259.0493351839514
