loss,layer_idx,accuracy_score,f1_macro,f1_micro,balanced_accuracy_score,aic_rep,aic_rep_avg,bic_rep,bic_rep_avg,ebic_rep,ebic_rep_avg,aic_cls,aic_cls_avg,bic_cls,bic_cls_avg,ebic_cls,ebic_cls_avg,aic_pr,aic_pr_avg,bic_pr,bic_pr_avg,ebic_pr,ebic_pr_avg
138.19195872545242,28,1.0,1.0,1.0,1.0,9876.383917450905,0.46108234908734386,48142.369568659255,2.247542930376249,129515.53305886069,6.0464768001335525,326744.3839174509,15.254172918648502,1628058.9467902307,76.00648677825541,5546634.773531699,258.94653471203077,297.02606070041656,0.013866762871167906,379.30647292916683,0.017708051957477444,427.4891058328735,0.019957474595372247
