loss,layer_idx,accuracy_score,f1_macro,f1_micro,balanced_accuracy_score,aic_rep,aic_rep_avg,bic_rep,bic_rep_avg,ebic_rep,ebic_rep_avg,aic_cls,aic_cls_avg,bic_cls,bic_cls_avg,ebic_cls,ebic_cls_avg,aic_pr,aic_pr_avg,bic_pr,bic_pr_avg,ebic_pr,ebic_pr_avg
101.99572445452213,37,1.0,1.0,1.0,1.0,9803.991448909044,0.4577026820218975,48069.977100117394,2.244163263310803,129443.14059031883,6.043097133068106,326671.99144890904,15.250793251583055,1627986.5543216888,76.00310711118995,5546562.381063157,258.9431550449653,226.8115077316761,0.010588772536492815,317.7731789261095,0.014835349156214261,373.3284484292428,0.01742896584636988
