loss,layer_idx,accuracy_score,f1_macro,f1_micro,balanced_accuracy_score,aic,aic_avg,bic,bic_avg,ebic,ebic_avg
1184.4473744034767,71,0.9889355742296919,0.9889315575096516,0.9889355742296919,0.9889355742296919,328836.89474880695,15.351862499944302,1630151.4576215867,76.1041763595512,5548727.284363055,259.0442242933265
