loss,layer_idx,accuracy_score,f1_macro,f1_micro,balanced_accuracy_score,aic,aic_avg,bic,bic_avg,ebic,ebic_avg
138.19195374846458,28,1.0,1.0,1.0,1.0,326744.38390749693,15.254172918183796,1628058.9467802767,76.0064867777907,5546634.773521745,258.946534711566
