loss,layer_idx,accuracy_score,f1_macro,f1_micro,balanced_accuracy_score,aic,aic_avg,bic,bic_avg,ebic,ebic_avg
19.848410334438086,52,1.0,1.0,1.0,1.0,9639.696820668876,0.45003253131040505,47905.682471877226,2.23649311259931,129278.84596207866,6.035426982356613
