loss,layer_idx,accuracy_score,f1_macro,f1_micro,balanced_accuracy_score,aic,aic_avg,bic,bic_avg,ebic,ebic_avg
1002.4887449741364,61,0.9953314659197012,0.9953366657892649,0.9953314659197012,0.9953314659197012,328472.9774899483,15.334872898690396,1629787.540362728,76.08718675829729,5548363.367104196,259.0272346920726
