loss,layer_idx,accuracy_score,f1_macro,f1_micro,balanced_accuracy_score,aic_rep,aic_rep_avg,bic_rep,bic_rep_avg,ebic_rep,ebic_rep_avg,aic_cls,aic_cls_avg,bic_cls,bic_cls_avg,ebic_cls,ebic_cls_avg,aic_pr,aic_pr_avg,bic_pr,bic_pr_avg,ebic_pr,ebic_pr_avg
240.124774903059,22,0.9990196078431373,0.9990175269760454,0.9990196078431373,0.9990196078431373,10080.249549806118,0.4705998856118636,48346.23520101447,2.257060466900769,129719.3986912159,6.055994336658072,326948.2495498061,15.263690455173021,1628262.812422586,76.01600431477992,5546838.639164054,258.9560522485553,497.6237410902977,0.023231733944458342,566.8779655050653,0.02646489101330837,604.4381658190846,0.028218401765596854
