loss,layer_idx,accuracy_score,f1_macro,f1_micro,balanced_accuracy_score,aic_rep,aic_rep_avg,bic_rep,bic_rep_avg,ebic_rep,ebic_rep_avg,aic_cls,aic_cls_avg,bic_cls,bic_cls_avg,ebic_cls,ebic_cls_avg,aic_pr,aic_pr_avg,bic_pr,bic_pr_avg,ebic_pr,ebic_pr_avg
677.914823949337,19,0.9935574229691877,0.9935561214724056,0.9935574229691877,0.9935574229691878,10955.829647898674,0.5114766408916281,49221.815299107024,2.297937222180533,130594.97878930846,6.096871091937836,327823.8296478987,15.304567210452786,1629138.3925206785,76.05688107005969,5547714.219262146,258.996929003835,1372.5478466749191,0.06407786399042573,1439.187258600528,0.06718894764708347,1474.6858563418614,0.0688462117806658
