loss,layer_idx,accuracy_score,f1_macro,f1_micro,balanced_accuracy_score,aic_rep,aic_rep_avg,bic_rep,bic_rep_avg,ebic_rep,ebic_rep_avg,aic_cls,aic_cls_avg,bic_cls,bic_cls_avg,ebic_cls,ebic_cls_avg,aic_pr,aic_pr_avg,bic_pr,bic_pr_avg,ebic_pr,ebic_pr_avg
127.39416038990021,33,1.0,1.0,1.0,1.0,9854.7883207798,0.46007415129690943,48120.77397198815,2.2465347325858147,129493.93746218958,6.045468602343118,326722.7883207798,15.253164720858067,1628037.3511935596,76.00547858046497,5546613.1779350275,258.9455265142403,276.81768250465393,0.01292332784802306,364.6276033034584,0.017022763926398617,417.4810878996933,0.019490246867399315
