loss,layer_idx,accuracy_score,f1_macro,f1_micro,balanced_accuracy_score,aic_rep,aic_rep_avg,bic_rep,bic_rep_avg,ebic_rep,ebic_rep_avg,aic_cls,aic_cls_avg,bic_cls,bic_cls_avg,ebic_cls,ebic_cls_avg,aic_pr,aic_pr_avg,bic_pr,bic_pr_avg,ebic_pr,ebic_pr_avg
1429.655804157257,8,0.9859943977591037,0.986049206815223,0.9859943977591037,0.9859943977591035,12459.311608314514,0.5816672086047859,50725.297259522864,2.368127789893691,132098.4607497243,6.167061659650995,329327.3116083145,15.374757778165943,1630641.8744810943,76.12707163777284,5549217.701222562,259.0671195715482,2875.0126571655273,0.13422094571267634,2937.597668628214,0.13714274830197076,2969.9509398514374,0.13865317179511846
