loss,layer_idx,accuracy_score,f1_macro,f1_micro,balanced_accuracy_score,aic,aic_avg,bic,bic_avg,ebic,ebic_avg
19680.21643447876,1,0.7263772175536881,0.7266967662869777,0.7263772175536881,0.7263772175536881,48960.43286895752,2.2857344943490907,87226.41852016587,4.072195075637996,168599.5820103673,7.871128945395299
