loss,layer_idx,accuracy_score,f1_macro,f1_micro,balanced_accuracy_score,aic_rep,aic_rep_avg,bic_rep,bic_rep_avg,ebic_rep,ebic_rep_avg,aic_cls,aic_cls_avg,bic_cls,bic_cls_avg,ebic_cls,ebic_cls_avg,aic_pr,aic_pr_avg,bic_pr,bic_pr_avg,ebic_pr,ebic_pr_avg
5442.440110206604,4,0.9323996265172736,0.9324709696502193,0.9323996265172736,0.9323996265172735,20484.880220413208,0.9563436143983757,58750.86587162156,2.742804195687281,140124.029361823,6.5417380654445845,337352.8802204132,15.749434183959533,1638667.443093193,76.50174804356644,5557243.269834661,259.44179597734177,10898.601490020752,0.5088049248375701,10953.295021887277,0.511358311012478,10979.719442429021,0.5125919440909907
