loss,layer_idx,accuracy_score,f1_macro,f1_micro,balanced_accuracy_score,aic,aic_avg,bic,bic_avg,ebic,ebic_avg
32.600696451961994,58,1.0,1.0,1.0,1.0,326533.2013929039,15.24431379051839,1627847.7642656837,75.99662765012529,5546423.591007152,258.93667558390064
