loss,layer_idx,accuracy_score,f1_macro,f1_micro,balanced_accuracy_score,aic,aic_avg,bic,bic_avg,ebic,ebic_avg
1221.9486963748932,12,0.9889355742296919,0.9889067568663454,0.9889355742296919,0.9889355742296919,328911.8973927498,15.355364023937899,1630226.4602655296,76.1076778835448,5548802.2870069975,259.04772581732016
