loss,layer_idx,accuracy_score,f1_macro,f1_micro,balanced_accuracy_score,aic,aic_avg,bic,bic_avg,ebic,ebic_avg
1002.4887449741364,61,0.9953314659197012,0.9953366657892649,0.9953314659197012,0.9953314659197012,11604.977489948273,0.5417823291292377,49870.96314115662,2.328242910418143,131244.12663135806,6.127176780175446
