loss,layer_idx,accuracy_score,f1_macro,f1_micro,balanced_accuracy_score,aic,aic_avg,bic,bic_avg,ebic,ebic_avg
22.169148225337267,56,1.0,1.0,1.0,1.0,326512.3382964507,15.243339789750264,1627826.9011692305,75.99565364935717,5546402.727910698,258.9357015831325
