loss,layer_idx,accuracy_score,f1_macro,f1_micro,balanced_accuracy_score,aic,aic_avg,bic,bic_avg,ebic,ebic_avg
94.61719414591789,42,1.0,1.0,1.0,1.0,9789.234388291836,0.4570137436177328,48055.220039500186,2.243474324906638,129428.38352970162,6.042408194663941
