loss,layer_idx,accuracy_score,f1_macro,f1_micro,balanced_accuracy_score,aic,aic_avg,bic,bic_avg,ebic,ebic_avg
44.289743930101395,25,1.0,1.0,1.0,1.0,9688.579487860203,0.4523146352875912,47954.56513906855,2.2387752165764963,129327.72862926999,6.037709086333799
