loss,layer_idx,accuracy_score,f1_macro,f1_micro,balanced_accuracy_score,aic_rep,aic_rep_avg,bic_rep,bic_rep_avg,ebic_rep,ebic_rep_avg,aic_cls,aic_cls_avg,bic_cls,bic_cls_avg,ebic_cls,ebic_cls_avg,aic_pr,aic_pr_avg,bic_pr,bic_pr_avg,ebic_pr,ebic_pr_avg
82.21752988547087,29,1.0,1.0,1.0,1.0,9764.435059770942,0.4558559785140496,48030.42071097929,2.242316559802955,129403.58420118073,6.041250429560258,326632.43505977094,15.248946548075207,1627946.9979325507,76.00126040768211,5546522.824674019,258.94130834145744,185.97051356732845,0.008682096805197407,271.8116975219946,0.012689621733052967,322.9918563795636,0.015078984891669636
