loss,layer_idx,accuracy_score,f1_macro,f1_micro,balanced_accuracy_score,aic,aic_avg,bic,bic_avg,ebic,ebic_avg
187.80614525079727,24,0.999859943977591,0.9998599437129343,0.999859943977591,0.999859943977591,9975.612290501595,0.4657148595005413,48241.597941709944,2.2521754407894465,129614.76143191138,6.0511093105467495
