loss,layer_idx,accuracy_score,f1_macro,f1_micro,balanced_accuracy_score,aic_rep,aic_rep_avg,bic_rep,bic_rep_avg,ebic_rep,ebic_rep_avg,aic_cls,aic_cls_avg,bic_cls,bic_cls_avg,ebic_cls,ebic_cls_avg,aic_pr,aic_pr_avg,bic_pr,bic_pr_avg,ebic_pr,ebic_pr_avg
83.3343703597784,43,1.0,1.0,1.0,1.0,9766.668740719557,0.4559602586703808,48032.65439192791,2.242420839959286,129405.81788212934,6.04135470971659,326634.66874071956,15.249050828231539,1627949.2316134993,76.00136468783843,5546525.058354967,258.9414126216138,187.4827112853527,0.00875269427102487,270.4480340994588,0.012625958641431317,319.2042881228009,0.01490216097678809
