loss,layer_idx,accuracy_score,f1_macro,f1_micro,balanced_accuracy_score,aic_rep,aic_rep_avg,bic_rep,bic_rep_avg,ebic_rep,ebic_rep_avg,aic_cls,aic_cls_avg,bic_cls,bic_cls_avg,ebic_cls,ebic_cls_avg,aic_pr,aic_pr_avg,bic_pr,bic_pr_avg,ebic_pr,ebic_pr_avg
28.79356880672276,69,0.999813258636788,0.99981325675477,0.999813258636788,0.999813258636788,9657.587137613446,0.45086774685403574,47923.572788821795,2.237328328142941,129296.73627902323,6.036262197900244,326525.58713761345,15.243958316415194,1627840.1500103932,75.99627217602209,5546415.976751861,258.93632010979746,77.62293663993478,0.0036238532511640885,157.4864364376569,0.007352307956940097,203.65640082034878,0.00950776847900788
