loss,layer_idx,accuracy_score,f1_macro,f1_micro,balanced_accuracy_score,aic,aic_avg,bic,bic_avg,ebic,ebic_avg
44805.815170288086,0,0.39019607843137255,0.3920906154422573,0.39019607843137255,0.39019607843137255,99211.63034057617,4.631728774069849,137477.61599178452,6.418189355358755,218850.77948198596,10.217123225116058
