loss,layer_idx,accuracy_score,f1_macro,f1_micro,balanced_accuracy_score,aic_rep,aic_rep_avg,bic_rep,bic_rep_avg,ebic_rep,ebic_rep_avg,aic_cls,aic_cls_avg,bic_cls,bic_cls_avg,ebic_cls,ebic_cls_avg,aic_pr,aic_pr_avg,bic_pr,bic_pr_avg,ebic_pr,ebic_pr_avg
99.99281726777554,46,1.0,1.0,1.0,1.0,9799.985634535551,0.45751566921267744,48065.9712857439,2.2439762505015826,129439.13477594533,6.0429101202588855,326667.98563453555,15.250606238773836,1627982.5485073153,76.00292009838074,5546558.375248783,258.9429680321561,218.8025252521038,0.010214870459948823,293.80740756043326,0.01371649895240118,335.9874940412361,0.015685690664856963
