loss,layer_idx,accuracy_score,f1_macro,f1_micro,balanced_accuracy_score,aic_rep,aic_rep_avg,bic_rep,bic_rep_avg,ebic_rep,ebic_rep_avg,aic_cls,aic_cls_avg,bic_cls,bic_cls_avg,ebic_cls,ebic_cls_avg,aic_pr,aic_pr_avg,bic_pr,bic_pr_avg,ebic_pr,ebic_pr_avg
579.642308473587,12,0.9996265172735761,0.9996265135095399,0.9996265172735761,0.9996265172735761,3207.284616947174,0.1497331753943592,11370.694889204955,0.5308447660693256,25566.349147072637,1.193573723019264,70859.28461694717,3.308089851398094,348686.2846054078,16.278538030131084,1077665.231213758,50.311168590745005,1177.3148655891418,0.054963345732452935,1249.1841609871894,0.058318588281381395,1288.8309389252086,0.060169511621158196
