loss,layer_idx,accuracy_score,f1_macro,f1_micro,balanced_accuracy_score,aic_rep,aic_rep_avg,bic_rep,bic_rep_avg,ebic_rep,ebic_rep_avg,aic_cls,aic_cls_avg,bic_cls,bic_cls_avg,ebic_cls,ebic_cls_avg,aic_pr,aic_pr_avg,bic_pr,bic_pr_avg,ebic_pr,ebic_pr_avg
1542.388482093811,0,0.9984126984126984,0.998413722458767,0.9984126984126984,0.9984126984126985,4620.776964187622,0.21572254734769478,10743.334668380958,0.5015562403539195,20948.195698495783,0.97797365539196,55376.77696418762,2.5852837051441466,263814.7896384571,12.316283363139922,795700.3311690745,37.14754113767855,3098.8605527877808,0.1446713610078329,3154.998302713947,0.14729217099504888,3182.487538920488,0.14857551535576508
