loss,layer_idx,accuracy_score,f1_macro,f1_micro,balanced_accuracy_score,aic_rep,aic_rep_avg,bic_rep,bic_rep_avg,ebic_rep,ebic_rep_avg,aic_cls,aic_cls_avg,bic_cls,bic_cls_avg,ebic_cls,ebic_cls_avg,aic_pr,aic_pr_avg,bic_pr,bic_pr_avg,ebic_pr,ebic_pr_avg
457.4370927810669,14,1.0,1.0,1.0,1.0,2962.874185562134,0.1383227911093433,11126.284457819915,0.5194343817843098,25321.938715687596,1.1821633387342483,70614.87418556213,3.296679467113078,348441.87417402276,16.267127645846067,1077420.820782373,50.29975820645999,932.7094440460205,0.0435438582654538,1003.8015008408123,0.04686281516530403,1042.8255857938507,0.04868466787086138
