loss,layer_idx,accuracy_score,f1_macro,f1_micro,balanced_accuracy_score,aic,aic_avg,bic,bic_avg,ebic,ebic_avg
485.3001862168312,1,1.0,1.0,1.0,1.0,53262.60037243366,2.486582650440414,261700.61304670313,12.217582308436187,793586.1545773206,37.04884008297481
