loss,layer_idx,accuracy_score,f1_macro,f1_micro,balanced_accuracy_score,aic_rep,aic_rep_avg,bic_rep,bic_rep_avg,ebic_rep,ebic_rep_avg,aic_cls,aic_cls_avg,bic_cls,bic_cls_avg,ebic_cls,ebic_cls_avg,aic_pr,aic_pr_avg,bic_pr,bic_pr_avg,ebic_pr,ebic_pr_avg
572.5359342098236,10,1.0,1.0,1.0,1.0,3193.071868419647,0.14906964838560444,11356.482140677428,0.5301812390605709,25552.13639854511,1.1929101960105093,70845.07186841965,3.3074263243893394,348672.07185688027,16.277874503122327,1077651.0184652305,50.31050506373625,1166.9165015220642,0.05447789456218787,1253.9900866109183,0.05854295455699899,1306.2164124931678,0.06098115837969971
