loss,layer_idx,accuracy_score,f1_macro,f1_micro,balanced_accuracy_score,aic,aic_avg,bic,bic_avg,ebic,ebic_avg
394.88197112083435,19,1.0,1.0,1.0,1.0,2837.7639422416687,0.13248197676198267,11001.17421449945,0.5135935674369491,25196.82847236713,1.1763225243868876
