loss,layer_idx,accuracy_score,f1_macro,f1_micro,balanced_accuracy_score,aic_rep,aic_rep_avg,bic_rep,bic_rep_avg,ebic_rep,ebic_rep_avg,aic_cls,aic_cls_avg,bic_cls,bic_cls_avg,ebic_cls,ebic_cls_avg,aic_pr,aic_pr_avg,bic_pr,bic_pr_avg,ebic_pr,ebic_pr_avg
462.8071340918541,24,1.0,1.0,1.0,1.0,2973.614268183708,0.13882419552678377,11137.024540441489,0.5199357862017502,25332.67879830917,1.1826647431516886,70625.61426818371,3.2971808715305184,348452.61425664433,16.26762905026351,1077431.5608649945,50.30025961087743,948.4117954969406,0.044276927894348304,1039.2836551897722,0.048519311633509435,1094.7615477876411,0.05110931595647251
