loss,layer_idx,accuracy_score,f1_macro,f1_micro,balanced_accuracy_score,aic,aic_avg,bic,bic_avg,ebic,ebic_avg
582.2018315792084,5,0.9997665732959851,0.9997665722667617,0.9997665732959851,0.9997665732959851,70864.40366315842,3.308328835815052,348691.40365161904,16.27877701454804,1077670.3502599692,50.311407575161965
