loss,layer_idx,accuracy_score,f1_macro,f1_micro,balanced_accuracy_score,aic,aic_avg,bic,bic_avg,ebic,ebic_avg
827.1982638835907,8,1.0,1.0,1.0,1.0,53946.39652776718,2.518505906991932,262384.4092020367,12.249505564987707,794269.9507326541,37.080763339526335
