loss,layer_idx,accuracy_score,f1_macro,f1_micro,balanced_accuracy_score,aic_rep,aic_rep_avg,bic_rep,bic_rep_avg,ebic_rep,ebic_rep_avg,aic_cls,aic_cls_avg,bic_cls,bic_cls_avg,ebic_cls,ebic_cls_avg,aic_pr,aic_pr_avg,bic_pr,bic_pr_avg,ebic_pr,ebic_pr_avg
545.3971372842789,15,1.0,1.0,1.0,1.0,3138.7942745685577,0.1465356804187002,11302.204546826339,0.5276472710936666,25497.85880469402,1.190376228043605,70790.79427456856,3.304892356422435,348617.7942630292,16.275340535155426,1077596.7408713794,50.30797109576935,1107.9068882465363,0.05172301065576733,1176.1184538148902,0.05490749084103129,1212.8535655030566,0.056622482049629164
