loss,layer_idx,accuracy_score,f1_macro,f1_micro,balanced_accuracy_score,aic,aic_avg,bic,bic_avg,ebic,ebic_avg
397.59142315387726,21,1.0,1.0,1.0,1.0,2843.1828463077545,0.13273496014508657,11006.593118565535,0.513846550820053,25202.247376433217,1.1765755077699915
