loss,layer_idx,accuracy_score,f1_macro,f1_micro,balanced_accuracy_score,aic,aic_avg,bic,bic_avg,ebic,ebic_avg
733.8910540342331,11,1.0,1.0,1.0,1.0,71167.78210806847,3.322492161907958,348994.7820965291,16.292940340640946,1077973.7287048793,50.32557090125487
