loss,layer_idx,accuracy_score,f1_macro,f1_micro,balanced_accuracy_score,aic,aic_avg,bic,bic_avg,ebic,ebic_avg
287.7771259844303,6,1.0,1.0,1.0,1.0,52867.55425196886,2.4681397876736164,261305.56692623833,12.19913944566939,793191.1084568558,37.030397220208016
