loss,layer_idx,accuracy_score,f1_macro,f1_micro,balanced_accuracy_score,aic_rep,aic_rep_avg,bic_rep,bic_rep_avg,ebic_rep,ebic_rep_avg,aic_cls,aic_cls_avg,bic_cls,bic_cls_avg,ebic_cls,ebic_cls_avg,aic_pr,aic_pr_avg,bic_pr,bic_pr_avg,ebic_pr,ebic_pr_avg
531.6256980895996,4,0.9997665732959851,0.9997665696201478,0.9997665732959851,0.9997665732959851,2599.251396179199,0.12134693726326794,8721.809100372535,0.40718063026949275,18926.67013048736,0.8835980453075332,53355.2513961792,2.4909080950597198,261793.26407044867,12.221907753055493,793678.8056010661,37.053165527594125,1086.23996925354,0.05071148315842857,1177.87334502484,0.05498941853523997,1234.0079964483693,0.057610083867804356
