loss,layer_idx,accuracy_score,f1_macro,f1_micro,balanced_accuracy_score,aic_rep,aic_rep_avg,bic_rep,bic_rep_avg,ebic_rep,ebic_rep_avg,aic_cls,aic_cls_avg,bic_cls,bic_cls_avg,ebic_cls,ebic_cls_avg,aic_pr,aic_pr_avg,bic_pr,bic_pr_avg,ebic_pr,ebic_pr_avg
394.88197112083435,19,1.0,1.0,1.0,1.0,2837.7639422416687,0.13248197676198267,11001.17421449945,0.5135935674369491,25196.82847236713,1.1763225243868876,70489.76394224167,3.2908386527657174,348316.7639307023,16.261286831498705,1077295.7105390525,50.293917392112625,809.3541865348816,0.03778497602870596,887.441687266939,0.04143051761283562,932.1443607355441,0.04351747715852213
