loss,layer_idx,accuracy_score,f1_macro,f1_micro,balanced_accuracy_score,aic_rep,aic_rep_avg,bic_rep,bic_rep_avg,ebic_rep,ebic_rep_avg,aic_cls,aic_cls_avg,bic_cls,bic_cls_avg,ebic_cls,ebic_cls_avg,aic_pr,aic_pr_avg,bic_pr,bic_pr_avg,ebic_pr,ebic_pr_avg
626.998707652092,3,0.9997665732959851,0.9997665696201478,0.9997665732959851,0.9997665732959851,2789.997415304184,0.1302519801729311,8912.55511949752,0.4160856731791559,19117.416149612345,0.8925030882171964,53545.997415304184,2.499813137969383,261984.01008957365,12.230812795965157,793869.5516201911,37.062070570503785,1276.1007401943207,0.059575197954916934,1364.2054811411924,0.0636883978123806,1417.310509039329,0.06616762413815729
