loss,layer_idx,accuracy_score,f1_macro,f1_micro,balanced_accuracy_score,aic,aic_avg,bic,bic_avg,ebic,ebic_avg
572.5359342098236,10,1.0,1.0,1.0,1.0,3193.071868419647,0.14906964838560444,11356.482140677428,0.5301812390605709,25552.13639854511,1.1929101960105093
