loss,layer_idx,accuracy_score,f1_macro,f1_micro,balanced_accuracy_score,aic_rep,aic_rep_avg,bic_rep,bic_rep_avg,ebic_rep,ebic_rep_avg,aic_cls,aic_cls_avg,bic_cls,bic_cls_avg,ebic_cls,ebic_cls_avg,aic_pr,aic_pr_avg,bic_pr,bic_pr_avg,ebic_pr,ebic_pr_avg
362.3556049466133,18,0.9997665732959851,0.9997665696201478,0.9997665732959851,0.9997665732959851,2772.7112098932266,0.1294449677821301,10936.121482151008,0.5105565584570966,25131.77574001869,1.173285515407035,70424.71120989323,3.287801643785865,348251.71119835385,16.258249822518852,1077230.657806704,50.29088038313277,744.9318939447403,0.03477739934382541,825.5323528794111,0.038540259238067746,872.3140947507377,0.04072428080068803
