loss,layer_idx,accuracy_score,f1_macro,f1_micro,balanced_accuracy_score,aic,aic_avg,bic,bic_avg,ebic,ebic_avg
2300.0600838661194,0,0.9949579831932773,0.9949540640242875,0.9949579831932773,0.9949579831932773,74300.12016773224,3.4687264317335313,352127.12015619286,16.43917461046652,1081106.066764543,50.47180517108044
