loss,layer_idx,accuracy_score,f1_macro,f1_micro,balanced_accuracy_score,aic_rep,aic_rep_avg,bic_rep,bic_rep_avg,ebic_rep,ebic_rep_avg,aic_cls,aic_cls_avg,bic_cls,bic_cls_avg,ebic_cls,ebic_cls_avg,aic_pr,aic_pr_avg,bic_pr,bic_pr_avg,ebic_pr,ebic_pr_avg
526.5421411991119,17,1.0,1.0,1.0,1.0,3101.084282398224,0.14477517658255012,11264.494554656005,0.5258867672575166,25460.148812523687,1.188615724207455,70753.08428239822,3.303131852586285,348580.08427085885,16.273580031319273,1077559.030879209,50.306210591933194,1072.7815766334534,0.05008317351229941,1151.2957827347993,0.053748635982016776,1196.3500775597784,0.05585201109055921
