loss,layer_idx,accuracy_score,f1_macro,f1_micro,balanced_accuracy_score,aic,aic_avg,bic,bic_avg,ebic,ebic_avg
371.70197772979736,20,1.0,1.0,1.0,1.0,70443.4039554596,3.288674320983174,348270.4039439202,16.259122499716163,1077249.3505522704,50.29175306033009
