loss,layer_idx,accuracy_score,f1_macro,f1_micro,balanced_accuracy_score,aic,aic_avg,bic,bic_avg,ebic,ebic_avg
394.88197112083435,19,1.0,1.0,1.0,1.0,70489.76394224167,3.2908386527657174,348316.7639307023,16.261286831498705,1077295.7105390525,50.293917392112625
