loss,layer_idx,accuracy_score,f1_macro,f1_micro,balanced_accuracy_score,aic,aic_avg,bic,bic_avg,ebic,ebic_avg
1479.0597636699677,12,0.9994397759103641,0.9994398487209476,0.9994397759103641,0.9994397759103641,55250.119527339935,2.5793706595396797,263688.13220160943,12.310370317535455,795573.6737322268,37.14162809207408
