loss,layer_idx,accuracy_score,f1_macro,f1_micro,balanced_accuracy_score,aic_rep,aic_rep_avg,bic_rep,bic_rep_avg,ebic_rep,ebic_rep_avg,aic_cls,aic_cls_avg,bic_cls,bic_cls_avg,ebic_cls,ebic_cls_avg,aic_pr,aic_pr_avg,bic_pr,bic_pr_avg,ebic_pr,ebic_pr_avg
641.854100227356,7,1.0,1.0,1.0,1.0,2819.708200454712,0.13163903830320783,8942.265904648048,0.4174727313094327,19147.126934762873,0.8938901463474731,53575.70820045471,2.50120019609966,262013.72087472418,12.232199854095434,793899.2624053416,37.06345762863406,1310.6888942718506,0.061189957715772667,1418.2350236954208,0.06621078541995429,1488.438100657395,0.06948823999334243
