loss,layer_idx,accuracy_score,f1_macro,f1_micro,balanced_accuracy_score,aic,aic_avg,bic,bic_avg,ebic,ebic_avg
501.9329940676689,5,1.0,1.0,1.0,1.0,53295.86598813534,2.4881356670464676,261733.8786624048,12.219135325042242,793619.4201930222,37.05039309958087
