loss,layer_idx,accuracy_score,f1_macro,f1_micro,balanced_accuracy_score,aic,aic_avg,bic,bic_avg,ebic,ebic_avg
388.82883083820343,7,1.0,1.0,1.0,1.0,70477.6576616764,3.2902734669316716,348304.65765013703,16.26072164566466,1077283.6042584872,50.293352206278584
