loss,layer_idx,accuracy_score,f1_macro,f1_micro,balanced_accuracy_score,aic_rep,aic_rep_avg,bic_rep,bic_rep_avg,ebic_rep,ebic_rep_avg,aic_cls,aic_cls_avg,bic_cls,bic_cls_avg,ebic_cls,ebic_cls_avg,aic_pr,aic_pr_avg,bic_pr,bic_pr_avg,ebic_pr,ebic_pr_avg
473.83293879032135,8,1.0,1.0,1.0,1.0,2995.6658775806427,0.13985368242673402,11159.076149838424,0.5209652731017005,25354.730407706105,1.1836942300516389,70647.66587758064,3.298210358430469,348474.66586604126,16.268658537163457,1077453.6124743915,50.30128909777738,968.8367760181427,0.045230475070875006,1053.2248276673681,0.04917016002181924,1103.1771471790462,0.05150220108212167
