loss,layer_idx,accuracy_score,f1_macro,f1_micro,balanced_accuracy_score,aic_rep,aic_rep_avg,bic_rep,bic_rep_avg,ebic_rep,ebic_rep_avg,aic_cls,aic_cls_avg,bic_cls,bic_cls_avg,ebic_cls,ebic_cls_avg,aic_pr,aic_pr_avg,bic_pr,bic_pr_avg,ebic_pr,ebic_pr_avg
1479.0597636699677,12,0.9994397759103641,0.9994398487209476,0.9994397759103641,0.9994397759103641,4494.119527339935,0.2098095017432276,10616.677231533271,0.49564319474945245,20821.538261648097,0.9720606097874929,55250.119527339935,2.5793706595396797,263688.13220160943,12.310370317535455,795573.6737322268,37.14162809207408,2973.5778937339783,0.1388224973732016,3035.1955631741416,0.14169913927050148,3066.807971541642,0.14317497532874146
