loss,layer_idx,accuracy_score,f1_macro,f1_micro,balanced_accuracy_score,aic,aic_avg,bic,bic_avg,ebic,ebic_avg
545.3971372842789,15,1.0,1.0,1.0,1.0,70790.79427456856,3.304892356422435,348617.7942630292,16.275340535155426,1077596.7408713794,50.30797109576935
