loss,layer_idx,accuracy_score,f1_macro,f1_micro,balanced_accuracy_score,aic,aic_avg,bic,bic_avg,ebic,ebic_avg
579.642308473587,12,0.9996265172735761,0.9996265135095399,0.9996265172735761,0.9996265172735761,70859.28461694717,3.308089851398094,348686.2846054078,16.278538030131084,1077665.231213758,50.311168590745005
