loss,layer_idx,accuracy_score,f1_macro,f1_micro,balanced_accuracy_score,aic,aic_avg,bic,bic_avg,ebic,ebic_avg
405.7316283583641,23,1.0,1.0,1.0,1.0,2859.463256716728,0.13349501665344202,11022.87352897451,0.5146066073284085,25218.52778684219,1.177335564278347
