loss,layer_idx,accuracy_score,f1_macro,f1_micro,balanced_accuracy_score,aic_rep,aic_rep_avg,bic_rep,bic_rep_avg,ebic_rep,ebic_rep_avg,aic_cls,aic_cls_avg,bic_cls,bic_cls_avg,ebic_cls,ebic_cls_avg,aic_pr,aic_pr_avg,bic_pr,bic_pr_avg,ebic_pr,ebic_pr_avg
755.1413631439209,9,0.999813258636788,0.99981325675477,0.999813258636788,0.999813258636788,3046.282726287842,0.14221674725900288,9168.840430481177,0.4280504402652277,19373.701460596003,0.9044678553032681,53802.28272628784,2.511777905055455,262240.29540055734,12.242777563051229,794125.8369311747,37.074035337589855,1532.642234802246,0.0715519250607958,1621.768133966857,0.0757127980376684,1675.746323232227,0.07823278819945037
