loss,layer_idx,accuracy_score,f1_macro,f1_micro,balanced_accuracy_score,aic,aic_avg,bic,bic_avg,ebic,ebic_avg
582.2018315792084,5,0.9997665732959851,0.9997665722667617,0.9997665732959851,0.9997665732959851,3212.4036631584167,0.1499721598113173,11375.813935416198,0.5310837504862838,25571.46819328388,1.1938127074362221
