loss,layer_idx,accuracy_score,f1_macro,f1_micro,balanced_accuracy_score,aic_rep,aic_rep_avg,bic_rep,bic_rep_avg,ebic_rep,ebic_rep_avg,aic_cls,aic_cls_avg,bic_cls,bic_cls_avg,ebic_cls,ebic_cls_avg,aic_pr,aic_pr_avg,bic_pr,bic_pr_avg,ebic_pr,ebic_pr_avg
452.37508499622345,9,1.0,1.0,1.0,1.0,2952.750169992447,0.13785014799217774,11116.160442250228,0.5189617386671441,25311.81470011791,1.1816906956170825,70604.75016999245,3.2962068239959126,348431.75015845307,16.2666550027289,1077410.6967668033,50.29928556334282,926.1588690280914,0.043238042438286245,1011.4948034144468,0.04722197961785466,1062.2473420227102,0.04959137917939824
