loss,layer_idx,accuracy_score,f1_macro,f1_micro,balanced_accuracy_score,aic_rep,aic_rep_avg,bic_rep,bic_rep_avg,ebic_rep,ebic_rep_avg,aic_cls,aic_cls_avg,bic_cls,bic_cls_avg,ebic_cls,ebic_cls_avg,aic_pr,aic_pr_avg,bic_pr,bic_pr_avg,ebic_pr,ebic_pr_avg
257.09933829307556,3,1.0,1.0,1.0,1.0,2562.198676586151,0.11961711842138895,10725.608948843932,0.5007287090963554,24921.263206711614,1.1634576660462939,70214.19867658615,3.2779737944251237,348041.1986650468,16.248421973158113,1077020.145273397,50.28105253377203,534.4613375663757,0.02495150969030699,615.2291182251855,0.028722181056264496,662.149996183154,0.03091269823450766
