loss,layer_idx,accuracy_score,f1_macro,f1_micro,balanced_accuracy_score,aic,aic_avg,bic,bic_avg,ebic,ebic_avg
473.83293879032135,8,1.0,1.0,1.0,1.0,70647.66587758064,3.298210358430469,348474.66586604126,16.268658537163457,1077453.6124743915,50.30128909777738
