loss,layer_idx,accuracy_score,f1_macro,f1_micro,balanced_accuracy_score,aic,aic_avg,bic,bic_avg,ebic,ebic_avg
280.40777000784874,22,1.0,1.0,1.0,1.0,70260.8155400157,3.2801501185814983,348087.8155284763,16.250598297314486,1077066.7621368265,50.28322885792841
