loss,layer_idx,accuracy_score,f1_macro,f1_micro,balanced_accuracy_score,aic,aic_avg,bic,bic_avg,ebic,ebic_avg
612.8349921703339,2,0.9997665732959851,0.9997665696201478,0.9997665732959851,0.9997665732959851,53517.66998434067,2.498490662200778,261955.68265861014,12.229490320196552,793841.2241892276,37.06074809473518
