loss,layer_idx,accuracy_score,f1_macro,f1_micro,balanced_accuracy_score,aic_rep,aic_rep_avg,bic_rep,bic_rep_avg,ebic_rep,ebic_rep_avg,aic_cls,aic_cls_avg,bic_cls,bic_cls_avg,ebic_cls,ebic_cls_avg,aic_pr,aic_pr_avg,bic_pr,bic_pr_avg,ebic_pr,ebic_pr_avg
612.8349921703339,2,0.9997665732959851,0.9997665696201478,0.9997665732959851,0.9997665732959851,2761.6699843406677,0.1289295044043262,8884.227688534003,0.41476319741055107,19089.08871864883,0.8911806124485915,53517.66998434067,2.498490662200778,261955.68265861014,12.229490320196552,793841.2241892276,37.06074809473518,1243.448157787323,0.0580508010171486,1314.31267133049,0.0613591349827493,1353.1548554114265,0.06317249558410021
