loss,layer_idx,accuracy_score,f1_macro,f1_micro,balanced_accuracy_score,aic_rep,aic_rep_avg,bic_rep,bic_rep_avg,ebic_rep,ebic_rep_avg,aic_cls,aic_cls_avg,bic_cls,bic_cls_avg,ebic_cls,ebic_cls_avg,aic_pr,aic_pr_avg,bic_pr,bic_pr_avg,ebic_pr,ebic_pr_avg
565.058832526207,13,1.0,1.0,1.0,1.0,3178.117665052414,0.14837150630496798,11341.527937310195,0.5294830969799345,25537.182195177877,1.1922120539298728,70830.11766505241,3.306728182308703,348657.11765351304,16.277176361041693,1077636.0642618632,50.309806921655614,1147.4867618083954,0.0535708105419419,1216.7206792291074,0.056803019571853755,1254.2647724226497,0.058555778357733415
