loss,layer_idx,accuracy_score,f1_macro,f1_micro,balanced_accuracy_score,aic,aic_avg,bic,bic_avg,ebic,ebic_avg
405.7316283583641,23,1.0,1.0,1.0,1.0,70511.46325671673,3.291851692657177,348338.46324517735,16.262299871390166,1077317.4098535276,50.29493043200409
