loss,layer_idx,accuracy_score,f1_macro,f1_micro,balanced_accuracy_score,aic,aic_avg,bic,bic_avg,ebic,ebic_avg
341.9004120230675,16,1.0,1.0,1.0,1.0,70383.80082404613,3.2858917284802116,348210.80081250676,16.2563399072132,1077189.747420857,50.28897046782712
