loss,layer_idx,accuracy_score,f1_macro,f1_micro,balanced_accuracy_score,aic,aic_avg,bic,bic_avg,ebic,ebic_avg
565.058832526207,13,1.0,1.0,1.0,1.0,70830.11766505241,3.306728182308703,348657.11765351304,16.277176361041693,1077636.0642618632,50.309806921655614
