loss,layer_idx,accuracy_score,f1_macro,f1_micro,balanced_accuracy_score,aic,aic_avg,bic,bic_avg,ebic,ebic_avg
397.59142315387726,21,1.0,1.0,1.0,1.0,70495.18284630775,3.2910916361488214,348322.1828347684,16.26153981488181,1077301.1294431186,50.29417037549573
