loss,layer_idx,accuracy_score,f1_macro,f1_micro,balanced_accuracy_score,aic_rep,aic_rep_avg,bic_rep,bic_rep_avg,ebic_rep,ebic_rep_avg,aic_cls,aic_cls_avg,bic_cls,bic_cls_avg,ebic_cls,ebic_cls_avg,aic_pr,aic_pr_avg,bic_pr,bic_pr_avg,ebic_pr,ebic_pr_avg
485.3001862168312,1,1.0,1.0,1.0,1.0,2506.6003724336624,0.11702149264396183,8629.158076626998,0.40285518565018663,18834.019106741824,0.8792726006882271,53262.60037243366,2.486582650440414,261700.61304670313,12.217582308436187,793586.1545773206,37.04884008297481,986.6954251527786,0.04606421219200647,1050.8509518616477,0.04905933482080521,1084.4150085551703,0.05062628424627312
