loss,layer_idx,accuracy_score,f1_macro,f1_micro,balanced_accuracy_score,aic,aic_avg,bic,bic_avg,ebic,ebic_avg
250.46242102980614,4,1.0,1.0,1.0,1.0,70200.92484205961,3.2773541009364897,348027.92483052023,16.24780227966948,1077006.8714388704,50.2804328402834
