loss,layer_idx,accuracy_score,f1_macro,f1_micro,balanced_accuracy_score,aic,aic_avg,bic,bic_avg,ebic,ebic_avg
641.854100227356,7,1.0,1.0,1.0,1.0,53575.70820045471,2.50120019609966,262013.72087472418,12.232199854095434,793899.2624053416,37.06345762863406
