loss,layer_idx,accuracy_score,f1_macro,f1_micro,balanced_accuracy_score,aic_rep,aic_rep_avg,bic_rep,bic_rep_avg,ebic_rep,ebic_rep_avg,aic_cls,aic_cls_avg,bic_cls,bic_cls_avg,ebic_cls,ebic_cls_avg,aic_pr,aic_pr_avg,bic_pr,bic_pr_avg,ebic_pr,ebic_pr_avg
59384.46632385254,15,0.20429505135387488,0.19589640390014262,0.20429505135387488,0.20429505135387485,122864.93264770508,5.735991253394261,139191.75319222064,6.498214434744194,170422.19255952953,7.956218140034059,258100.93264770508,12.049530002227128,813483.8818929303,37.977772263908975,2367240.1756871715,110.51541436448046,118797.65354728699,5.546108942450373,118912.13620679648,5.551453604425606,118988.66240685126,5.5550262561555215
