loss,layer_idx,accuracy_score,f1_macro,f1_micro,balanced_accuracy_score,aic_rep,aic_rep_avg,bic_rep,bic_rep_avg,ebic_rep,ebic_rep_avg,aic_cls,aic_cls_avg,bic_cls,bic_cls_avg,ebic_cls,ebic_cls_avg,aic_pr,aic_pr_avg,bic_pr,bic_pr_avg,ebic_pr,ebic_pr_avg
50072.50923156738,25,0.34897292250233425,0.33953065099172136,0.34897292250233425,0.3489729225023343,103217.01846313477,4.818721683619737,115462.13387152144,5.390389069632187,138001.20407043124,6.442633243250758,204661.01846313477,9.554669396038038,621265.9930799776,29.004014616245453,1756722.4102744402,82.01318441990851,100168.94255447388,4.676421221030527,100264.3049436302,4.680873246668076,100323.67828949928,4.683645111554588
