loss,layer_idx,accuracy_score,f1_macro,f1_micro,balanced_accuracy_score,aic,aic_avg,bic,bic_avg,ebic,ebic_avg
40695.304946899414,30,0.4587768440709617,0.45464240694144387,0.4587768440709617,0.4587768440709617,220722.60989379883,10.304510265816939,776105.559139024,36.23275252749879,2329861.8529332653,108.77039462807028
