loss,layer_idx,accuracy_score,f1_macro,f1_micro,balanced_accuracy_score,aic,aic_avg,bic,bic_avg,ebic,ebic_avg
32906.08908843994,33,0.5824463118580766,0.5787544708384821,0.5824463118580766,0.5824463118580766,205144.17817687988,9.577225871936502,760527.127422105,35.50546813361835,2314283.4212163463,108.04311023418984
