loss,layer_idx,accuracy_score,f1_macro,f1_micro,balanced_accuracy_score,aic_rep,aic_rep_avg,bic_rep,bic_rep_avg,ebic_rep,ebic_rep_avg,aic_cls,aic_cls_avg,bic_cls,bic_cls_avg,ebic_cls,ebic_cls_avg,aic_pr,aic_pr_avg,bic_pr,bic_pr_avg,ebic_pr,ebic_pr_avg
45771.71376037598,28,0.38711484593837536,0.3802178103907141,0.38711484593837536,0.3871148459383753,95639.42752075195,4.464959268008961,111966.24806526751,5.227182449358894,143196.6874325764,6.6851861546487585,230875.42752075195,10.778498016841828,786258.3767659771,36.706740278523675,2340014.6705602184,109.24438237909516,91570.94026374817,4.2750205538631265,91680.60716257303,4.280140390409572,91752.73187779335,4.283507557319951
