loss,layer_idx,accuracy_score,f1_macro,f1_micro,balanced_accuracy_score,aic,aic_avg,bic,bic_avg,ebic,ebic_avg
40813.913803100586,33,0.4842670401493931,0.4725633076530261,0.4842670401493931,0.4842670401493931,84699.82760620117,3.954240317749821,96944.94301458784,4.525907703762271,119484.01321349764,5.578151877380843
