loss,layer_idx,accuracy_score,f1_macro,f1_micro,balanced_accuracy_score,aic_rep,aic_rep_avg,bic_rep,bic_rep_avg,ebic_rep,ebic_rep_avg,aic_cls,aic_cls_avg,bic_cls,bic_cls_avg,ebic_cls,ebic_cls_avg,aic_pr,aic_pr_avg,bic_pr,bic_pr_avg,ebic_pr,ebic_pr_avg
54157.74101257324,46,0.27324929971988793,0.2671150405671241,0.27324929971988793,0.273249299719888,111387.48202514648,5.200162559530648,123632.59743353316,5.7718299455430975,146171.66763244296,6.824074119161669,212831.48202514648,9.936110271948948,629436.4566419893,29.385455492156364,1764892.873836452,82.39462529581942,108335.41184234619,5.0576756228919795,108414.85289432485,5.061384355477351,108460.67293679129,5.063523479775504
