loss,layer_idx,accuracy_score,f1_macro,f1_micro,balanced_accuracy_score,aic,aic_avg,bic,bic_avg,ebic,ebic_avg
40053.18418121338,40,0.47128851540616246,0.46989908196723257,0.47128851540616246,0.4712885154061625,84202.36836242676,3.9310162634186163,100529.18890694232,4.693239444768549,131759.6282742512,6.151243150058413
