loss,layer_idx,accuracy_score,f1_macro,f1_micro,balanced_accuracy_score,aic,aic_avg,bic,bic_avg,ebic,ebic_avg
62521.0608215332,17,0.18183940242763771,0.17446180300102737,0.18183940242763771,0.18183940242763771,128114.1216430664,5.981051430581998,140359.2370514531,6.5527188165944485,162898.30725036288,7.60496299021302
