loss,layer_idx,accuracy_score,f1_macro,f1_micro,balanced_accuracy_score,aic_rep,aic_rep_avg,bic_rep,bic_rep_avg,ebic_rep,ebic_rep_avg,aic_cls,aic_cls_avg,bic_cls,bic_cls_avg,ebic_cls,ebic_cls_avg,aic_pr,aic_pr_avg,bic_pr,bic_pr_avg,ebic_pr,ebic_pr_avg
67275.88800811768,10,0.13281979458450047,0.12631128836132266,0.13281979458450047,0.13281979458450047,138647.77601623535,6.472818674894274,154974.5965607509,7.235041856244207,186205.0359280598,8.69304556153407,273883.77601623535,12.786357423727141,829266.7252614605,38.71459968540899,2383023.019055702,111.25224178598047,134578.3099117279,6.2828342629191365,134684.0750850809,6.287771946082208,134752.67252532428,6.290974440958183
