loss,layer_idx,accuracy_score,f1_macro,f1_micro,balanced_accuracy_score,aic,aic_avg,bic,bic_avg,ebic,ebic_avg
66766.34275817871,10,0.13249299719887955,0.12411732371403932,0.13249299719887955,0.13249299719887955,238048.68551635742,11.113384011034427,654653.6601332002,30.562729231241843,1790110.0773276628,83.57189903490489
