loss,layer_idx,accuracy_score,f1_macro,f1_micro,balanced_accuracy_score,aic,aic_avg,bic,bic_avg,ebic,ebic_avg
48221.864685058594,26,0.3532212885154062,0.346270698521961,0.3532212885154062,0.3532212885154062,100539.72937011719,4.693731529884089,116866.54991463275,5.455954711234022,148096.98928194164,6.9139584165238865
