loss,layer_idx,accuracy_score,f1_macro,f1_micro,balanced_accuracy_score,aic_rep,aic_rep_avg,bic_rep,bic_rep_avg,ebic_rep,ebic_rep_avg,aic_cls,aic_cls_avg,bic_cls,bic_cls_avg,ebic_cls,ebic_cls_avg,aic_pr,aic_pr_avg,bic_pr,bic_pr_avg,ebic_pr,ebic_pr_avg
67406.36241149902,4,0.12586367880485527,0.11992997070057135,0.12586367880485527,0.12586367880485527,138908.72482299805,6.485001158870124,155235.5453675136,7.247224340220057,186465.9847348225,8.705228045509921,274144.72482299805,12.79853990770299,829527.6740682232,38.72678216938484,2383283.9678624645,111.26442426995632,134839.80841636658,6.295042409727665,134947.76470753568,6.300082385972721,135018.33862266882,6.303377153252512
