loss,layer_idx,accuracy_score,f1_macro,f1_micro,balanced_accuracy_score,aic,aic_avg,bic,bic_avg,ebic,ebic_avg
67158.26553344727,8,0.12605042016806722,0.1209697771837969,0.12605042016806722,0.12605042016806722,137388.53106689453,6.414030395279856,149633.64647528122,6.985697781292307,172172.716674191,8.037941954910877
