loss,layer_idx,accuracy_score,f1_macro,f1_micro,balanced_accuracy_score,aic,aic_avg,bic,bic_avg,ebic,ebic_avg
10457.094676971436,16,0.9348739495798319,0.9348265454048494,0.9348739495798319,0.934873949579832,90614.18935394287,4.230354311575297,368441.1893424035,17.200802490308288,1097420.1359507537,51.23343305092221
