loss,layer_idx,accuracy_score,f1_macro,f1_micro,balanced_accuracy_score,aic,aic_avg,bic,bic_avg,ebic,ebic_avg
45334.74961090088,45,0.38860877684407097,0.3837229879109044,0.38860877684407097,0.3886087768440709,230001.49922180176,10.737698376367963,785384.4484670269,36.66594063804981,2339140.742261268,109.2035827386213
