loss,layer_idx,accuracy_score,f1_macro,f1_micro,balanced_accuracy_score,aic,aic_avg,bic,bic_avg,ebic,ebic_avg
21167.01202392578,0,0.7484593837535014,0.7486866217031798,0.7484593837535014,0.7484593837535014,146850.02404785156,6.8557434196009135,563454.9986646944,26.30508863980833,1698911.415859157,79.31425844347139
