loss,layer_idx,accuracy_score,f1_macro,f1_micro,balanced_accuracy_score,aic,aic_avg,bic,bic_avg,ebic,ebic_avg
43617.99980163574,43,0.41647992530345473,0.4132854350511411,0.41647992530345473,0.4164799253034547,91331.99960327148,4.263865527697082,107658.82014778705,5.0260887090470145,138889.25951509594,6.484092414336879
