loss,layer_idx,accuracy_score,f1_macro,f1_micro,balanced_accuracy_score,aic_rep,aic_rep_avg,bic_rep,bic_rep_avg,ebic_rep,ebic_rep_avg,aic_cls,aic_cls_avg,bic_cls,bic_cls_avg,ebic_cls,ebic_cls_avg,aic_pr,aic_pr_avg,bic_pr,bic_pr_avg,ebic_pr,ebic_pr_avg
36130.5749130249,1,0.5295518207282913,0.5279860487383393,0.5295518207282913,0.5295518207282912,74309.1498260498,3.4691479844094215,82472.56009830759,3.8502595750843875,96668.21435617526,4.512988532034326,141961.1498260498,6.627504660413156,419788.1498145104,19.597952839146146,1148767.0964228606,53.63058339976007,72272.9803686142,3.374088719356405,72320.13738653243,3.3762902608091703,72341.16661776273,3.377272017635982
