loss,layer_idx,accuracy_score,f1_macro,f1_micro,balanced_accuracy_score,aic,aic_avg,bic,bic_avg,ebic,ebic_avg
41149.594467163086,46,0.4556956115779645,0.4526208558552605,0.4556956115779645,0.4556956115779645,86395.18893432617,4.033388839137543,102722.00947884173,4.795612020487476,133952.44884615063,6.25361572577734
