loss,layer_idx,accuracy_score,f1_macro,f1_micro,balanced_accuracy_score,aic,aic_avg,bic,bic_avg,ebic,ebic_avg
51269.31573486328,26,0.3234827264239029,0.31317303393342527,0.3234827264239029,0.3234827264239029,207054.63146972656,9.666416035001241,623659.6060865694,29.115761255208653,1759116.023281032,82.12493105887171
