loss,layer_idx,accuracy_score,f1_macro,f1_micro,balanced_accuracy_score,aic,aic_avg,bic,bic_avg,ebic,ebic_avg
10590.412990570068,10,0.9369281045751634,0.9367494019015496,0.9369281045751634,0.9369281045751635,90880.82598114014,4.242802333386561,368707.82596960076,17.21325051211955,1097686.772577951,51.245881072733475
