loss,layer_idx,accuracy_score,f1_macro,f1_micro,balanced_accuracy_score,aic,aic_avg,bic,bic_avg,ebic,ebic_avg
50557.64663696289,5,0.3715686274509804,0.3657771361616268,0.3715686274509804,0.3715686274509804,104187.29327392578,4.86401929383407,116432.40868231245,5.43568667984652,138971.47888122225,6.487930853465091
