loss,layer_idx,accuracy_score,f1_macro,f1_micro,balanced_accuracy_score,aic,aic_avg,bic,bic_avg,ebic,ebic_avg
23144.673873901367,3,0.7443510737628385,0.7428915244313656,0.7443510737628385,0.7443510737628385,115989.34774780273,5.415002229122443,393816.34773626336,18.385450407855433,1122795.2943446136,52.418080968469354
