loss,layer_idx,accuracy_score,f1_macro,f1_micro,balanced_accuracy_score,aic,aic_avg,bic,bic_avg,ebic,ebic_avg
38812.87604522705,47,0.48599439775910364,0.48358638364600154,0.48599439775910364,0.4859943977591037,216957.7520904541,10.128746596193002,772340.7013356793,36.05698885787485,2326096.9951299205,108.59463095844633
