loss,layer_idx,accuracy_score,f1_macro,f1_micro,balanced_accuracy_score,aic,aic_avg,bic,bic_avg,ebic,ebic_avg
14156.246006011963,18,0.8735294117647059,0.8731271037597552,0.8735294117647059,0.8735294117647059,98012.49201202393,4.575746592531463,375839.49200048455,17.546194771264453,1104818.4386088348,51.57882533187837
