loss,layer_idx,accuracy_score,f1_macro,f1_micro,balanced_accuracy_score,aic_rep,aic_rep_avg,bic_rep,bic_rep_avg,ebic_rep,ebic_rep_avg,aic_cls,aic_cls_avg,bic_cls,bic_cls_avg,ebic_cls,ebic_cls_avg,aic_pr,aic_pr_avg,bic_pr,bic_pr_avg,ebic_pr,ebic_pr_avg
48221.864891052246,26,0.3532212885154062,0.346270698521961,0.3532212885154062,0.3532212885154062,100539.72978210449,4.693731549117857,116866.55032662005,5.45595473046779,148096.98969392895,6.913958435757654,235775.7297821045,11.007270297950724,791158.6790273297,36.93551255963257,2344914.972821571,109.47315466020406,96471.65830802917,4.503812245939737,96582.98253430973,4.509009455383274,96656.61612955952,4.51244706487206
