loss,layer_idx,accuracy_score,f1_macro,f1_micro,balanced_accuracy_score,aic,aic_avg,bic,bic_avg,ebic,ebic_avg
51445.08776092529,39,0.3194211017740429,0.3098473404511253,0.3194211017740429,0.319421101774043,105962.17552185059,4.946880276463613,118207.29093023726,5.518547662476062,140746.36112914706,6.570791836094634
