loss,layer_idx,accuracy_score,f1_macro,f1_micro,balanced_accuracy_score,aic,aic_avg,bic,bic_avg,ebic,ebic_avg
53772.11880493164,44,0.2837068160597572,0.27729577092419117,0.2837068160597572,0.2837068160597573,212060.23760986328,9.900104463579051,628665.2122267061,29.349449683786464,1764121.6294211687,82.35861948744952
