loss,layer_idx,accuracy_score,f1_macro,f1_micro,balanced_accuracy_score,aic,aic_avg,bic,bic_avg,ebic,ebic_avg
24813.266220092773,0,0.6983193277310924,0.6976543331016303,0.6983193277310924,0.6983193277310924,119326.53244018555,5.570799833808849,397153.53242864617,18.54124801254184,1126132.4790369964,52.57387857315576
