loss,layer_idx,accuracy_score,f1_macro,f1_micro,balanced_accuracy_score,aic,aic_avg,bic,bic_avg,ebic,ebic_avg
37684.608459472656,38,0.5023809523809524,0.4999060127552833,0.5023809523809524,0.5023809523809524,214701.2169189453,10.023399482677185,770084.1661641705,35.95164174435903,2323840.4599584118,108.48928384493053
