loss,layer_idx,accuracy_score,f1_macro,f1_micro,balanced_accuracy_score,aic_rep,aic_rep_avg,bic_rep,bic_rep_avg,ebic_rep,ebic_rep_avg,aic_cls,aic_cls_avg,bic_cls,bic_cls_avg,ebic_cls,ebic_cls_avg,aic_pr,aic_pr_avg,bic_pr,bic_pr_avg,ebic_pr,ebic_pr_avg
55185.14308166504,43,0.27315592903828195,0.26625805573520395,0.27315592903828195,0.273155929038282,113442.28616333008,5.296091791005139,125687.40157171675,5.8677591770175885,148226.47177062655,6.9200033506361605,214886.28616333008,10.032039503423439,631491.2607801729,29.481384723630853,1766947.6779746355,82.49055452729391,110385.82621574402,5.153399916701401,110447.76948894099,5.1562917595210545,110479.63084903128,5.157779217975317
