loss,layer_idx,accuracy_score,f1_macro,f1_micro,balanced_accuracy_score,aic,aic_avg,bic,bic_avg,ebic,ebic_avg
43914.68692779541,35,0.4319794584500467,0.4222195987098668,0.4319794584500467,0.43197945845004665,192345.37385559082,8.979709330326369,608950.3484724336,28.429054550533785,1744406.7656668962,81.43822435419683
