loss,layer_idx,accuracy_score,f1_macro,f1_micro,balanced_accuracy_score,aic,aic_avg,bic,bic_avg,ebic,ebic_avg
56265.548736572266,17,0.22950513538748832,0.22413675714736836,0.22950513538748832,0.2295051353874883,116627.09747314453,5.444775792397037,132953.9180176601,6.20699897374697,164184.357384969,7.665002679036834
