loss,layer_idx,accuracy_score,f1_macro,f1_micro,balanced_accuracy_score,aic,aic_avg,bic,bic_avg,ebic,ebic_avg
49884.05138397217,25,0.32866479925303455,0.321047008700467,0.32866479925303455,0.3286647992530346,239100.10276794434,11.162469783750902,794483.0520131695,37.09071204543275,2348239.345807411,109.62835414600424
