loss,layer_idx,accuracy_score,f1_macro,f1_micro,balanced_accuracy_score,aic,aic_avg,bic,bic_avg,ebic,ebic_avg
58944.384033203125,21,0.20620915032679737,0.19358161199691407,0.20620915032679737,0.20620915032679737,120960.76806640625,5.647094680971347,133205.88347479294,6.218762066983797,155744.95367370272,7.271006240602368
