loss,layer_idx,accuracy_score,f1_macro,f1_micro,balanced_accuracy_score,aic,aic_avg,bic,bic_avg,ebic,ebic_avg
59384.46662902832,15,0.20429505135387488,0.19589640390014262,0.20429505135387488,0.20429505135387485,258100.93325805664,12.049530030721598,813483.8825032818,37.97777229240344,2367240.176297523,110.51541439297493
