loss,layer_idx,accuracy_score,f1_macro,f1_micro,balanced_accuracy_score,aic,aic_avg,bic,bic_avg,ebic,ebic_avg
10683.256898880005,6,0.9302521008403362,0.9301378531503144,0.9302521008403362,0.930252100840336,91066.51379776001,4.251471232388423,368893.51378622063,17.221919411121412,1097872.4603945708,51.25454997173534
