loss,layer_idx,accuracy_score,f1_macro,f1_micro,balanced_accuracy_score,aic,aic_avg,bic,bic_avg,ebic,ebic_avg
54157.74102783203,46,0.27324929971988793,0.2671150405671241,0.27324929971988793,0.273249299719888,212831.48205566406,9.936110273373673,629436.4566725069,29.385455493581087,1764892.8738669695,82.39462529724415
