loss,layer_idx,accuracy_score,f1_macro,f1_micro,balanced_accuracy_score,aic,aic_avg,bic,bic_avg,ebic,ebic_avg
12337.893320083618,4,0.8959850606909431,0.8957457963475196,0.8959850606909431,0.895985060690943,26723.786640167236,1.2476090868425413,34887.19691242502,1.6287206775175078,49082.8511702927,2.291449634467446
