loss,layer_idx,accuracy_score,f1_macro,f1_micro,balanced_accuracy_score,aic_rep,aic_rep_avg,bic_rep,bic_rep_avg,ebic_rep,ebic_rep_avg,aic_cls,aic_cls_avg,bic_cls,bic_cls_avg,ebic_cls,ebic_cls_avg,aic_pr,aic_pr_avg,bic_pr,bic_pr_avg,ebic_pr,ebic_pr_avg
15309.74588394165,0,0.8443510737628385,0.8443152275646991,0.8443510737628385,0.8443510737628385,34715.4917678833,1.6207045643269515,51042.31231239886,2.3829277456768843,82272.75167970776,3.8409314509667487,169951.4917678833,7.934243313159818,725334.4410131085,33.86248557484166,2279090.7348073497,106.40012767541316,30631.469902038574,1.4300406116731361,30679.21522596711,1.4322696183924888,30700.655314579493,1.4332705562362043
