loss,layer_idx,accuracy_score,f1_macro,f1_micro,balanced_accuracy_score,aic_rep,aic_rep_avg,bic_rep,bic_rep_avg,ebic_rep,ebic_rep_avg,aic_cls,aic_cls_avg,bic_cls,bic_cls_avg,ebic_cls,ebic_cls_avg,aic_pr,aic_pr_avg,bic_pr,bic_pr_avg,ebic_pr,ebic_pr_avg
59315.195373535156,20,0.20434173669467787,0.19466447775668919,0.20434173669467787,0.20434173669467787,121702.39074707031,5.681717588565374,133947.506155457,6.253384974577824,156486.57635436679,7.305629148196395,223146.3907470703,10.417665300983675,639751.3653639131,29.867010521191087,1775207.7825583757,82.87618032485415,118657.40669059753,5.539561470149278,118765.09332678154,5.5445888574594555,118835.42339406915,5.5478722406194745
