loss,layer_idx,accuracy_score,f1_macro,f1_micro,balanced_accuracy_score,aic,aic_avg,bic,bic_avg,ebic,ebic_avg
49337.80960845947,29,0.35676937441643325,0.3473182904964462,0.35676937441643325,0.35676937441643325,101747.61921691895,4.750122279034498,113992.73462530562,5.321789665046947,136531.80482421542,6.374033838665519
