loss,layer_idx,accuracy_score,f1_macro,f1_micro,balanced_accuracy_score,aic,aic_avg,bic,bic_avg,ebic,ebic_avg
53078.58728790283,21,0.26704014939309056,0.25988598579886035,0.26704014939309056,0.2670401493930906,245489.17457580566,11.46074577851567,800872.1238210308,37.38898804019752,2354628.417615272,109.926630140769
