loss,layer_idx,accuracy_score,f1_macro,f1_micro,balanced_accuracy_score,aic,aic_avg,bic,bic_avg,ebic,ebic_avg
68016.88732147217,9,0.12553688141923436,0.11946642308723329,0.12553688141923436,0.12553688141923436,140129.77464294434,6.542006285851743,156456.5951874599,7.304229467201676,187687.0345547688,8.76223317249154
