loss,layer_idx,accuracy_score,f1_macro,f1_micro,balanced_accuracy_score,aic,aic_avg,bic,bic_avg,ebic,ebic_avg
64395.85316467285,12,0.15667600373482726,0.14955642453409543,0.15667600373482726,0.1566760037348273,268123.7063293457,12.517446607345738,823506.6555745709,38.445688869027585,2377262.949368812,110.98333096959907
