loss,layer_idx,accuracy_score,f1_macro,f1_micro,balanced_accuracy_score,aic,aic_avg,bic,bic_avg,ebic,ebic_avg
49337.80960845947,29,0.35676937441643325,0.3473182904964462,0.35676937441643325,0.35676937441643325,203191.61921691895,9.486069991452798,619796.5938337618,28.935415211660214,1755253.0110282244,81.94458501532327
