loss,layer_idx,accuracy_score,f1_macro,f1_micro,balanced_accuracy_score,aic_rep,aic_rep_avg,bic_rep,bic_rep_avg,ebic_rep,ebic_rep_avg,aic_cls,aic_cls_avg,bic_cls,bic_cls_avg,ebic_cls,ebic_cls_avg,aic_pr,aic_pr_avg,bic_pr,bic_pr_avg,ebic_pr,ebic_pr_avg
24813.266220092773,0,0.6983193277310924,0.6976543331016303,0.6983193277310924,0.6983193277310924,51674.53244018555,2.4124431578051144,59837.94271244333,2.7935547484800805,74033.596970311,3.456283705430019,119326.53244018555,5.570799833808849,397153.53242864617,18.54124801254184,1126132.4790369964,52.57387857315576,49638.72926044464,2.3174009925511037,49687.34627596806,2.3196706944896386,49709.39846975059,2.3207002086718296
