loss,layer_idx,accuracy_score,f1_macro,f1_micro,balanced_accuracy_score,aic_rep,aic_rep_avg,bic_rep,bic_rep_avg,ebic_rep,ebic_rep_avg,aic_cls,aic_cls_avg,bic_cls,bic_cls_avg,ebic_cls,ebic_cls_avg,aic_pr,aic_pr_avg,bic_pr,bic_pr_avg,ebic_pr,ebic_pr_avg
51847.69486999512,24,0.29747899159663865,0.29034268439289507,0.29747899159663865,0.2974789915966387,107791.38973999023,5.032277765639133,124118.2102845058,5.794500946989066,155348.6496518147,7.2525046522789305,243027.38973999023,11.345816514472,798410.3389852154,37.27405877615385,2352166.6327794567,109.81170087672534,103725.02383613586,4.842438087588042,103843.14653383328,4.847952685986614,103923.03348923431,4.8516822357252245
