loss,layer_idx,accuracy_score,f1_macro,f1_micro,balanced_accuracy_score,aic,aic_avg,bic,bic_avg,ebic,ebic_avg
50178.46926116943,28,0.3388888888888889,0.32685124568050633,0.3388888888888889,0.3388888888888889,204872.93852233887,9.56456295622497,621477.9131391817,29.013908176432384,1756934.3303336443,82.02307798009544
