loss,layer_idx,accuracy_score,f1_macro,f1_micro,balanced_accuracy_score,aic,aic_avg,bic,bic_avg,ebic,ebic_avg
62521.0608215332,17,0.18183940242763771,0.17446180300102737,0.18183940242763771,0.18183940242763771,229558.1216430664,10.716999143000299,646163.0962599092,30.166344363207713,1781619.5134543718,83.17551416687077
