loss,layer_idx,accuracy_score,f1_macro,f1_micro,balanced_accuracy_score,aic_rep,aic_rep_avg,bic_rep,bic_rep_avg,ebic_rep,ebic_rep_avg,aic_cls,aic_cls_avg,bic_cls,bic_cls_avg,ebic_cls,ebic_cls_avg,aic_pr,aic_pr_avg,bic_pr,bic_pr_avg,ebic_pr,ebic_pr_avg
64063.22180938721,14,0.15639589169000934,0.1488663514932659,0.15639589169000934,0.15639589169000934,131198.4436187744,6.125044053164071,143443.5590271611,6.696711439176522,165982.6292260709,7.7489556127950925,232642.4436187744,10.860991765582373,649247.4182356172,30.310336985789785,1784703.8354300798,83.31950678945284,128151.0611782074,5.98277596536916,128249.18775904388,5.987357038237342,128310.9855334859,5.990242088398035
