loss,layer_idx,accuracy_score,f1_macro,f1_micro,balanced_accuracy_score,aic,aic_avg,bic,bic_avg,ebic,ebic_avg
40163.5902633667,31,0.4800186741363212,0.46313721261873964,0.4800186741363212,0.48001867413632116,184843.1805267334,8.629466877998759,601448.1551435762,28.07881209820617,1736904.5723380388,81.08798190186923
