loss,layer_idx,accuracy_score,f1_macro,f1_micro,balanced_accuracy_score,aic_rep,aic_rep_avg,bic_rep,bic_rep_avg,ebic_rep,ebic_rep_avg,aic_cls,aic_cls_avg,bic_cls,bic_cls_avg,ebic_cls,ebic_cls_avg,aic_pr,aic_pr_avg,bic_pr,bic_pr_avg,ebic_pr,ebic_pr_avg
10755.70272064209,17,0.9266106442577031,0.9264807590424822,0.9266106442577031,0.926610644257703,23559.40544128418,1.0998788721421187,31722.81571354196,1.480990462817085,45918.46997140964,2.1437194197670233,91211.40544128418,4.258235548145853,369038.4054297448,17.22868372687884,1098017.352038095,51.261314287492766,21526.383080482483,1.0049665303679964,21586.084552008655,1.0077537139126356,21616.240699770606,1.0091615639482074
