loss,layer_idx,accuracy_score,f1_macro,f1_micro,balanced_accuracy_score,aic,aic_avg,bic,bic_avg,ebic,ebic_avg
53209.69567871094,20,0.26335200746965454,0.2537451503371487,0.26335200746965454,0.2633520074696546,245751.39135742188,11.472987458329687,801134.340602647,37.401229720011536,2354890.6343968883,109.93887182058302
