loss,layer_idx,accuracy_score,f1_macro,f1_micro,balanced_accuracy_score,aic,aic_avg,bic,bic_avg,ebic,ebic_avg
871.4210134744644,48,0.9986928104575163,0.998694157030098,0.9986928104575163,0.9986928104575163,141074.84202694893,6.586127078755785,696457.7912721741,32.51436934043763,2250214.0850664154,105.05201144100911
