loss,layer_idx,accuracy_score,f1_macro,f1_micro,balanced_accuracy_score,aic_rep,aic_rep_avg,bic_rep,bic_rep_avg,ebic_rep,ebic_rep_avg,aic_cls,aic_cls_avg,bic_cls,bic_cls_avg,ebic_cls,ebic_cls_avg,aic_pr,aic_pr_avg,bic_pr,bic_pr_avg,ebic_pr,ebic_pr_avg
14613.187623977661,19,0.8696545284780579,0.8693557609761978,0.8696545284780579,0.8696545284780578,31274.375247955322,1.4600548668513222,39437.7855202131,1.8411664575262887,53633.439778080785,2.503895414476227,98926.37524795532,4.618411542855057,376753.37523641594,17.588859721588047,1105732.3218447661,51.62149028220197,29241.098963737488,1.3651306705759798,29299.788286326322,1.3678706016025362,29329.18142241946,1.3692428301783128
