loss,layer_idx,accuracy_score,f1_macro,f1_micro,balanced_accuracy_score,aic,aic_avg,bic,bic_avg,ebic,ebic_avg
40813.913803100586,33,0.4842670401493931,0.4725633076530261,0.4842670401493931,0.4842670401493931,186143.82760620117,8.690188030168121,602748.802223044,28.139533250375536,1738205.2194175066,81.14870305403859
