loss,layer_idx,accuracy_score,f1_macro,f1_micro,balanced_accuracy_score,aic_rep,aic_rep_avg,bic_rep,bic_rep_avg,ebic_rep,ebic_rep_avg,aic_cls,aic_cls_avg,bic_cls,bic_cls_avg,ebic_cls,ebic_cls_avg,aic_pr,aic_pr_avg,bic_pr,bic_pr_avg,ebic_pr,ebic_pr_avg
37009.21230316162,31,0.5205882352941177,0.5166013583027812,0.5205882352941177,0.5205882352941177,78114.42460632324,3.6467985343755016,94441.2451508388,4.4090217157254346,125671.6845181477,5.867025421015299,213350.42460632324,9.960337283208368,768733.3738515484,35.88857954489021,2322489.6676457897,108.42622164546171,74045.62816047668,3.4568453856431693,74154.0626201535,3.4619076853479696,74225.06934822554,3.465222658647318
