loss,layer_idx,accuracy_score,f1_macro,f1_micro,balanced_accuracy_score,aic_rep,aic_rep_avg,bic_rep,bic_rep_avg,ebic_rep,ebic_rep_avg,aic_cls,aic_cls_avg,bic_cls,bic_cls_avg,ebic_cls,ebic_cls_avg,aic_pr,aic_pr_avg,bic_pr,bic_pr_avg,ebic_pr,ebic_pr_avg
62610.60693359375,13,0.1745564892623716,0.16714105080388347,0.1745564892623716,0.17455648926237163,129317.2138671875,6.037218201082516,145644.03441170306,6.799441382432449,176874.47377901195,8.257445087722314,264553.2138671875,12.350756949915382,819936.1631124127,38.27899921159723,2373692.456906654,110.81664131216871,125248.577501297,5.8472725257374885,125357.65004610938,5.852364614664303,125429.23516403313,5.855706590290996
