loss,layer_idx,accuracy_score,f1_macro,f1_micro,balanced_accuracy_score,aic,aic_avg,bic,bic_avg,ebic,ebic_avg
33471.36014556885,35,0.5659663865546218,0.5628253036531684,0.5659663865546218,0.5659663865546218,206274.7202911377,9.63000561583276,761657.6695363629,35.5582478775146,2315413.963330604,108.09588997808609
