loss,layer_idx,accuracy_score,f1_macro,f1_micro,balanced_accuracy_score,aic,aic_avg,bic,bic_avg,ebic,ebic_avg
51847.69482421875,24,0.29747899159663865,0.29034268439289507,0.29747899159663865,0.2974789915966387,243027.3896484375,11.34581651019783,798410.3388936627,37.27405877187967,2352166.632687904,109.81170087245117
