loss,layer_idx,accuracy_score,f1_macro,f1_micro,balanced_accuracy_score,aic_rep,aic_rep_avg,bic_rep,bic_rep_avg,ebic_rep,ebic_rep_avg,aic_cls,aic_cls_avg,bic_cls,bic_cls_avg,ebic_cls,ebic_cls_avg,aic_pr,aic_pr_avg,bic_pr,bic_pr_avg,ebic_pr,ebic_pr_avg
871.4209977388382,48,0.9986928104575163,0.998694157030098,0.9986928104575163,0.9986928104575163,5838.841995477676,0.27258832845367303,22165.662539993238,1.034811509803606,53396.10190730213,2.4928152150934704,141074.84199547768,6.586127077286539,696457.7912407028,32.514369338968386,2250214.085034944,105.05201143953987,1761.0774309635162,0.08221650004498209,1833.764609364004,0.08560992574061643,1874.0689266842917,0.08749154653054583
