loss,layer_idx,accuracy_score,f1_macro,f1_micro,balanced_accuracy_score,aic,aic_avg,bic,bic_avg,ebic,ebic_avg
64252.191177368164,1,0.14724556489262372,0.12735158118587678,0.14724556489262372,0.14724556489262372,132600.38235473633,6.190494040837364,148927.2028992519,6.952717222187297,180157.64226656078,8.410720927477161
