loss,layer_idx,accuracy_score,f1_macro,f1_micro,balanced_accuracy_score,aic_rep,aic_rep_avg,bic_rep,bic_rep_avg,ebic_rep,ebic_rep_avg,aic_cls,aic_cls_avg,bic_cls,bic_cls_avg,ebic_cls,ebic_cls_avg,aic_pr,aic_pr_avg,bic_pr,bic_pr_avg,ebic_pr,ebic_pr_avg
43294.161781311035,42,0.4233893557422969,0.4198817176464073,0.4233893557422969,0.4233893557422969,90684.32356262207,4.233628551009434,107011.14410713763,4.995851732359367,138241.58347444652,6.4538554376492305,225920.32356262207,10.5471672998423,781303.2728078472,36.475409561524145,2335059.5666020885,109.01305166209563,86612.50324821472,4.043534231942798,86708.88444633338,4.048033821023967,86769.14906289137,4.050847295186339
