loss,layer_idx,accuracy_score,f1_macro,f1_micro,balanced_accuracy_score,aic_rep,aic_rep_avg,bic_rep,bic_rep_avg,ebic_rep,ebic_rep_avg,aic_cls,aic_cls_avg,bic_cls,bic_cls_avg,ebic_cls,ebic_cls_avg,aic_pr,aic_pr_avg,bic_pr,bic_pr_avg,ebic_pr,ebic_pr_avg
53244.39594268799,23,0.28169934640522876,0.2740166469825179,0.28169934640522876,0.2816993464052288,110584.79188537598,5.162688696796264,126911.61242989154,5.924911878146197,158142.05179720043,7.382915583436061,245820.79188537598,11.47622744562913,801203.7411306011,37.40446970731098,2354960.0349248424,109.94211180788247,106515.05130195618,4.97269147067956,106619.72239133816,4.977578076159578,106687.33717226767,4.980734695250591
