loss,layer_idx,accuracy_score,f1_macro,f1_micro,balanced_accuracy_score,aic_rep,aic_rep_avg,bic_rep,bic_rep_avg,ebic_rep,ebic_rep_avg,aic_cls,aic_cls_avg,bic_cls,bic_cls_avg,ebic_cls,ebic_cls_avg,aic_pr,aic_pr_avg,bic_pr,bic_pr_avg,ebic_pr,ebic_pr_avg
67939.32624816895,7,0.1261904761904762,0.12152255109932388,0.1261904761904762,0.12619047619047621,139974.6524963379,6.53476435557133,156301.47304085345,7.296987536921263,187531.91240816234,8.754991242211128,275210.6524963379,12.848303104404197,830593.6017415631,38.77654536608605,2384349.8955358043,111.31418746665753,135905.33382606506,6.3447868266136815,136011.68667819997,6.3497519457609695,136080.8131201631,6.352979137262516
