loss,layer_idx,accuracy_score,f1_macro,f1_micro,balanced_accuracy_score,aic_rep,aic_rep_avg,bic_rep,bic_rep_avg,ebic_rep,ebic_rep_avg,aic_cls,aic_cls_avg,bic_cls,bic_cls_avg,ebic_cls,ebic_cls_avg,aic_pr,aic_pr_avg,bic_pr,bic_pr_avg,ebic_pr,ebic_pr_avg
64984.16146850586,12,0.1503734827264239,0.1428678020524575,0.1503734827264239,0.15037348272642392,133040.32293701172,6.2110328168539555,145285.4383453984,6.782700202866406,167824.5085443082,7.834944376484977,234484.32293701172,10.946980529272256,651089.2975538545,30.39632574947967,1786545.7147483171,83.40549555314273,129992.9001903534,6.068762847355434,130090.86610949076,6.07333641967744,130152.52242949787,6.07621486598963
