loss,layer_idx,accuracy_score,f1_macro,f1_micro,balanced_accuracy_score,aic,aic_avg,bic,bic_avg,ebic,ebic_avg
64395.85316467285,12,0.15667600373482726,0.14955642453409543,0.15667600373482726,0.1566760037348273,132887.7063293457,6.2039078585128715,149214.52687386126,6.9661310398628045,180444.96624117016,8.424134745152669
