loss,layer_idx,accuracy_score,f1_macro,f1_micro,balanced_accuracy_score,aic,aic_avg,bic,bic_avg,ebic,ebic_avg
55185.14306640625,43,0.27315592903828195,0.26625805573520395,0.27315592903828195,0.273155929038282,214886.2861328125,10.032039501998716,631491.2607496553,29.48138472220613,1766947.677944118,82.49055452586919
