loss,layer_idx,accuracy_score,f1_macro,f1_micro,balanced_accuracy_score,aic,aic_avg,bic,bic_avg,ebic,ebic_avg
54223.14260864258,18,0.24859943977591037,0.2437113255369491,0.24859943977591037,0.24859943977591037,247778.28521728516,11.567613688948887,803161.2344625103,37.495855950630734,2356917.5282567516,110.03349805120222
