loss,layer_idx,accuracy_score,f1_macro,f1_micro,balanced_accuracy_score,aic,aic_avg,bic,bic_avg,ebic,ebic_avg
62752.35009765625,16,0.17105508870214753,0.16147229436375785,0.17105508870214753,0.17105508870214753,128576.7001953125,6.00264706794176,140821.8156036992,6.57431445395421,163360.88580260897,7.6265586275727815
