loss,layer_idx,accuracy_score,f1_macro,f1_micro,balanced_accuracy_score,aic,aic_avg,bic,bic_avg,ebic,ebic_avg
32906.08908843994,33,0.5824463118580766,0.5787544708384821,0.5824463118580766,0.5824463118580766,69908.17817687988,3.263687123103636,86234.99872139544,4.025910304453569,117465.43808870434,5.483914009743433
