loss,layer_idx,accuracy_score,f1_macro,f1_micro,balanced_accuracy_score,aic_rep,aic_rep_avg,bic_rep,bic_rep_avg,ebic_rep,ebic_rep_avg,aic_cls,aic_cls_avg,bic_cls,bic_cls_avg,ebic_cls,ebic_cls_avg,aic_pr,aic_pr_avg,bic_pr,bic_pr_avg,ebic_pr,ebic_pr_avg
37684.60846710205,38,0.5023809523809524,0.4999060127552833,0.5023809523809524,0.5023809523809524,79465.2169342041,3.7098607345566808,95792.03747871966,4.472083915906613,127022.47684602856,5.930087621196478,214701.2169342041,10.023399483389547,770084.1661794293,35.95164174507139,2323840.4599736705,108.48928384564289,75395.2261505127,3.5198518277550277,75498.89993156101,3.5246918735556028,75565.62147305724,3.527806791459255
