loss,layer_idx,accuracy_score,f1_macro,f1_micro,balanced_accuracy_score,aic,aic_avg,bic,bic_avg,ebic,ebic_avg
64984.1614074707,12,0.1503734827264239,0.1428678020524575,0.1503734827264239,0.15037348272642392,234484.3228149414,10.946980523573362,651089.2974317842,30.396325743780775,1786545.7146262468,83.40549554744383
