loss,layer_idx,accuracy_score,f1_macro,f1_micro,balanced_accuracy_score,aic_rep,aic_rep_avg,bic_rep,bic_rep_avg,ebic_rep,ebic_rep_avg,aic_cls,aic_cls_avg,bic_cls,bic_cls_avg,ebic_cls,ebic_cls_avg,aic_pr,aic_pr_avg,bic_pr,bic_pr_avg,ebic_pr,ebic_pr_avg
65810.12454223633,2,0.1330532212885154,0.12257552810556786,0.1330532212885154,0.1330532212885154,135716.24908447266,6.335959341011796,152043.06962898822,7.0981825223617285,183273.5089962971,8.556186227651592,270952.24908447266,12.649498089844661,826335.1983296978,38.57774035152651,2380091.492123939,111.115382452098,131643.8554840088,6.145838257890233,131737.95154087612,6.150231164373301,131796.22088525802,6.152951488574137
