loss,layer_idx,accuracy_score,f1_macro,f1_micro,balanced_accuracy_score,aic,aic_avg,bic,bic_avg,ebic,ebic_avg
53808.355140686035,23,0.28744164332399624,0.27440897597257996,0.28744164332399624,0.2874416433239963,110688.71028137207,5.167540162529042,122933.82568975874,5.739207548541491,145472.89588866854,6.791451722160063
