loss,layer_idx,accuracy_score,f1_macro,f1_micro,balanced_accuracy_score,aic_rep,aic_rep_avg,bic_rep,bic_rep_avg,ebic_rep,ebic_rep_avg,aic_cls,aic_cls_avg,bic_cls,bic_cls_avg,ebic_cls,ebic_cls_avg,aic_pr,aic_pr_avg,bic_pr,bic_pr_avg,ebic_pr,ebic_pr_avg
10469.032060623169,7,0.9369281045751634,0.9369301884830049,0.9369281045751634,0.9369281045751635,22986.064121246338,1.073112237219717,31149.47439350412,1.4542238278946835,45345.1286513718,2.1169527848446217,90638.06412124634,4.231468913223452,368465.06410970696,17.201917091956442,1097444.0107180572,51.23454765257036,20953.334482192993,0.9782135612601771,21014.202754367314,0.9810552172907243,21045.243833773093,0.9825043806616757
