loss,layer_idx,accuracy_score,f1_macro,f1_micro,balanced_accuracy_score,aic_rep,aic_rep_avg,bic_rep,bic_rep_avg,ebic_rep,ebic_rep_avg,aic_cls,aic_cls_avg,bic_cls,bic_cls_avg,ebic_cls,ebic_cls_avg,aic_pr,aic_pr_avg,bic_pr,bic_pr_avg,ebic_pr,ebic_pr_avg
54306.0407409668,47,0.265359477124183,0.2568441682113678,0.265359477124183,0.26535947712418306,111684.0814819336,5.214009406252735,123929.19689032027,5.7856767922651855,146468.26708923007,6.8379209658837565,213128.0814819336,9.949957118671037,629733.0560987764,29.39930233887845,1765189.473293239,82.4084721425415,108634.7283744812,5.07164931720267,108724.99979794695,5.07586366937194,108779.96098868904,5.078429551292672
