loss,layer_idx,accuracy_score,f1_macro,f1_micro,balanced_accuracy_score,aic,aic_avg,bic,bic_avg,ebic,ebic_avg
38486.24140930176,39,0.5006535947712418,0.4985372860076045,0.5006535947712418,0.5006535947712418,81068.48281860352,3.7847097487676713,97395.30336311908,4.546932930117604,128625.74273042797,6.004936635407469
