loss,layer_idx,accuracy_score,f1_macro,f1_micro,balanced_accuracy_score,aic,aic_avg,bic,bic_avg,ebic,ebic_avg
54223.14260864258,18,0.24859943977591037,0.2437113255369491,0.24859943977591037,0.24859943977591037,112542.28521728516,5.254074940116021,128869.10576180072,6.016298121465954,160099.5451291096,7.474301826755817
