loss,layer_idx,accuracy_score,f1_macro,f1_micro,balanced_accuracy_score,aic_rep,aic_rep_avg,bic_rep,bic_rep_avg,ebic_rep,ebic_rep_avg,aic_cls,aic_cls_avg,bic_cls,bic_cls_avg,ebic_cls,ebic_cls_avg,aic_pr,aic_pr_avg,bic_pr,bic_pr_avg,ebic_pr,ebic_pr_avg
12185.059061050415,13,0.9072362278244631,0.9072441967812547,0.9072362278244631,0.9072362278244631,26418.11812210083,1.233338847903867,34581.52839435861,1.6144504385788334,48777.18265222629,2.277179395528772,94070.11812210083,4.391695523907602,371897.11811056145,17.36214370264059,1100876.0647189117,51.39477426325451,24385.77427482605,1.1384581827649882,24448.180328527757,1.141371630650222,24480.396257741286,1.1428756422848405
