loss,layer_idx,accuracy_score,f1_macro,f1_micro,balanced_accuracy_score,aic,aic_avg,bic,bic_avg,ebic,ebic_avg
53767.683349609375,19,0.25060690943043884,0.24320224245964314,0.25060690943043884,0.2506069094304389,246867.36669921875,11.525087147489204,802250.3159444439,37.453329409171054,2356006.609738685,109.99097150974254
