loss,layer_idx,accuracy_score,f1_macro,f1_micro,balanced_accuracy_score,aic,aic_avg,bic,bic_avg,ebic,ebic_avg
65827.84529876709,11,0.14407096171802053,0.13792731866876132,0.14407096171802053,0.14407096171802056,270987.6905975342,12.651152688960513,826370.6398427594,38.57939495064236,2380126.9336370006,111.11703705121384
