loss,layer_idx,accuracy_score,f1_macro,f1_micro,balanced_accuracy_score,aic,aic_avg,bic,bic_avg,ebic,ebic_avg
43689.0168838501,29,0.4122315592903828,0.4064440199487275,0.4122315592903828,0.4122315592903828,226710.0337677002,10.58403518990197,782092.9830129254,36.51227745158382,2335849.2768071666,109.0499195521553
