loss,layer_idx,accuracy_score,f1_macro,f1_micro,balanced_accuracy_score,aic,aic_avg,bic,bic_avg,ebic,ebic_avg
15317.075157165527,20,0.8635387488328665,0.8635468340059693,0.8635387488328665,0.8635387488328664,100334.15031433105,4.684134001602757,378161.1503027917,17.654582180335748,1107140.0969111419,51.68721274094967
