loss,layer_idx,accuracy_score,f1_macro,f1_micro,balanced_accuracy_score,aic_rep,aic_rep_avg,bic_rep,bic_rep_avg,ebic_rep,ebic_rep_avg,aic_cls,aic_cls_avg,bic_cls,bic_cls_avg,ebic_cls,ebic_cls_avg,aic_pr,aic_pr_avg,bic_pr,bic_pr_avg,ebic_pr,ebic_pr_avg
45334.74956512451,45,0.38860877684407097,0.3837229879109044,0.38860877684407097,0.3886087768440709,94765.49913024902,4.424159623260925,111092.31967476459,5.186382804610858,142322.75904207348,6.644386509900722,230001.49913024902,10.737698372093792,785384.4483754742,36.66594063377564,2339140.7421697155,109.20358273434712,90693.04949951172,4.234035924346952,90786.92221745828,4.23841840417639,90844.99729519038,4.241129658972473
