loss,layer_idx,accuracy_score,f1_macro,f1_micro,balanced_accuracy_score,aic,aic_avg,bic,bic_avg,ebic,ebic_avg
67487.6125793457,3,0.11437908496732026,0.1047851803814663,0.11437908496732026,0.11437908496732026,138047.2251586914,6.444781753440308,150292.3405670781,7.016449139452758,172831.41076598788,8.06869331307133
