loss,layer_idx,accuracy_score,f1_macro,f1_micro,balanced_accuracy_score,aic,aic_avg,bic,bic_avg,ebic,ebic_avg
54306.04064941406,47,0.265359477124183,0.2568441682113678,0.265359477124183,0.26535947712418306,213128.08129882812,9.949957110122694,629733.0559156709,29.39930233033011,1765189.4731101335,82.40847213399316
