loss,layer_idx,accuracy_score,f1_macro,f1_micro,balanced_accuracy_score,aic_rep,aic_rep_avg,bic_rep,bic_rep_avg,ebic_rep,ebic_rep_avg,aic_cls,aic_cls_avg,bic_cls,bic_cls_avg,ebic_cls,ebic_cls_avg,aic_pr,aic_pr_avg,bic_pr,bic_pr_avg,ebic_pr,ebic_pr_avg
37651.70764923096,37,0.507796451914099,0.5048179616194288,0.507796451914099,0.5077964519140991,79399.41529846191,3.7067887627666627,95726.23584297748,4.469011944116596,126956.67521028637,5.92701564940646,214635.4152984619,10.020327511599529,770018.3645436871,35.94856977328138,2323774.6583379284,108.48621187385287,75329.65694618225,3.5167907071046804,75434.25720817501,3.5216740059838942,75501.80847427387,3.5248276598633925
