loss,layer_idx,accuracy_score,f1_macro,f1_micro,balanced_accuracy_score,aic_rep,aic_rep_avg,bic_rep,bic_rep_avg,ebic_rep,ebic_rep_avg,aic_cls,aic_cls_avg,bic_cls,bic_cls_avg,ebic_cls,ebic_cls_avg,aic_pr,aic_pr_avg,bic_pr,bic_pr_avg,ebic_pr,ebic_pr_avg
44733.051666259766,44,0.3945845004668534,0.3907558952615975,0.3945845004668534,0.3945845004668534,93562.10333251953,4.3679786803230405,109888.9238770351,5.130201861672973,141119.363244344,6.588205566962838,228798.10333251953,10.681517429155907,784181.0525777447,36.609759690837755,2337937.346371986,109.14740179140924,89489.99332809448,4.177870836979201,89585.21981016516,4.18231651774814,89644.47446686515,4.185082841590344
