loss,layer_idx,accuracy_score,f1_macro,f1_micro,balanced_accuracy_score,aic,aic_avg,bic,bic_avg,ebic,ebic_avg
10755.70272064209,17,0.9266106442577031,0.9264807590424822,0.9266106442577031,0.926610644257703,23559.40544128418,1.0998788721421187,31722.81571354196,1.480990462817085,45918.46997140964,2.1437194197670233
