loss,layer_idx,accuracy_score,f1_macro,f1_micro,balanced_accuracy_score,aic,aic_avg,bic,bic_avg,ebic,ebic_avg
11999.891477584839,14,0.9178804855275443,0.9177778359624348,0.9178804855275443,0.9178804855275443,93699.78295516968,4.374406300428089,371526.7829436303,17.34485447916108,1100505.7295519805,51.377485039775
