loss,layer_idx,accuracy_score,f1_macro,f1_micro,balanced_accuracy_score,aic_rep,aic_rep_avg,bic_rep,bic_rep_avg,ebic_rep,ebic_rep_avg,aic_cls,aic_cls_avg,bic_cls,bic_cls_avg,ebic_cls,ebic_cls_avg,aic_pr,aic_pr_avg,bic_pr,bic_pr_avg,ebic_pr,ebic_pr_avg
10590.412990570068,10,0.9369281045751634,0.9367494019015496,0.9369281045751634,0.9369281045751635,23228.825981140137,1.0844456573828263,31392.236253397918,1.4655572480577925,45587.8905112656,2.128286205007731,90880.82598114014,4.242802333386561,368707.82596960076,17.21325051211955,1097686.772577951,51.245881072733475,21196.796356201172,0.989579661820783,21260.45491275638,0.9925515832285892,21293.634777445666,0.9941005965194055
