loss,layer_idx,accuracy_score,f1_macro,f1_micro,balanced_accuracy_score,aic,aic_avg,bic,bic_avg,ebic,ebic_avg
10469.032060623169,7,0.9369281045751634,0.9369301884830049,0.9369281045751634,0.9369281045751635,90638.06412124634,4.231468913223452,368465.06410970696,17.201917091956442,1097444.0107180572,51.23454765257036
