loss,layer_idx,accuracy_score,f1_macro,f1_micro,balanced_accuracy_score,aic,aic_avg,bic,bic_avg,ebic,ebic_avg
67905.10652160645,4,0.1072829131652661,0.09763322397675273,0.1072829131652661,0.1072829131652661,240326.2130432129,11.21971115981386,656931.1876600557,30.669056380021274,1792387.6048545183,83.67822618368433
