loss,layer_idx,accuracy_score,f1_macro,f1_micro,balanced_accuracy_score,aic,aic_avg,bic,bic_avg,ebic,ebic_avg
15317.075157165527,20,0.8635387488328665,0.8635468340059693,0.8635387488328665,0.8635387488328664,32682.150314331055,1.5257773255990221,40845.560586588836,1.9068889162739886,55041.21484445652,2.569617873223927
