loss,layer_idx,accuracy_score,f1_macro,f1_micro,balanced_accuracy_score,aic_rep,aic_rep_avg,bic_rep,bic_rep_avg,ebic_rep,ebic_rep_avg,aic_cls,aic_cls_avg,bic_cls,bic_cls_avg,ebic_cls,ebic_cls_avg,aic_pr,aic_pr_avg,bic_pr,bic_pr_avg,ebic_pr,ebic_pr_avg
51445.08786010742,39,0.3194211017740429,0.3098473404511253,0.3194211017740429,0.319421101774043,105962.17572021484,4.9468802857243155,118207.29112860152,5.518547671736766,140746.36132751132,6.570791845355337,207406.17572021484,9.682827998142617,624011.1503370577,29.13217321835003,1759467.5675315203,82.14134302201309,102906.32829284668,4.8042170071356995,102970.71309623834,4.807222833624572,103004.45472654574,4.808798073134722
