loss,layer_idx,accuracy_score,f1_macro,f1_micro,balanced_accuracy_score,aic,aic_avg,bic,bic_avg,ebic,ebic_avg
50072.50923919678,25,0.34897292250233425,0.33953065099172136,0.34897292250233425,0.3489729225023343,103217.01847839355,4.818721684332099,115462.13388678023,5.390389070344549,138001.20408569003,6.44263324396312
