loss,layer_idx,accuracy_score,f1_macro,f1_micro,balanced_accuracy_score,aic,aic_avg,bic,bic_avg,ebic,ebic_avg
31789.175018310547,0,0.6071428571428571,0.6057667799096904,0.6071428571428571,0.6071428571428572,63834.350036621094,2.9801283863968764,64854.77632065331,3.027767335231247,66096.89606821674,3.0857561189643667
