loss,layer_idx,accuracy_score,f1_macro,f1_micro,balanced_accuracy_score,aic_rep,aic_rep_avg,bic_rep,bic_rep_avg,ebic_rep,ebic_rep_avg,aic_cls,aic_cls_avg,bic_cls,bic_cls_avg,ebic_cls,ebic_cls_avg,aic_pr,aic_pr_avg,bic_pr,bic_pr_avg,ebic_pr,ebic_pr_avg
9851.328548431396,15,0.9338001867413632,0.9336888444510328,0.9338001867413632,0.9338001867413631,21750.657096862793,1.015436839255966,29914.067369120574,1.3965484299309325,44109.721626988256,2.059277386880871,89402.6570968628,4.1737935152597005,367229.6570853234,17.14424169399269,1096208.6036936736,51.176872254606614,19718.593313217163,0.9205692489830608,19782.11571179538,0.9235348138093081,19815.19048553446,0.9250789208932987
