loss,layer_idx,accuracy_score,f1_macro,f1_micro,balanced_accuracy_score,aic_rep,aic_rep_avg,bic_rep,bic_rep_avg,ebic_rep,ebic_rep_avg,aic_cls,aic_cls_avg,bic_cls,bic_cls_avg,ebic_cls,ebic_cls_avg,aic_pr,aic_pr_avg,bic_pr,bic_pr_avg,ebic_pr,ebic_pr_avg
43914.687004089355,35,0.4319794584500467,0.4222195987098668,0.4319794584500467,0.43197945845004665,90901.37400817871,4.243761625031686,103146.48941656538,4.815429011044135,125685.55961547518,5.867673184662707,192345.3740081787,8.979709337449986,608950.3486250215,28.429054557657402,1744406.7658194841,81.43822436132045,87848.31681442261,4.101228609450168,87923.82360108121,4.104753669518264,87966.41228022371,4.106741936518381
