loss,layer_idx,accuracy_score,f1_macro,f1_micro,balanced_accuracy_score,aic_rep,aic_rep_avg,bic_rep,bic_rep_avg,ebic_rep,ebic_rep_avg,aic_cls,aic_cls_avg,bic_cls,bic_cls_avg,ebic_cls,ebic_cls_avg,aic_pr,aic_pr_avg,bic_pr,bic_pr_avg,ebic_pr,ebic_pr_avg
13381.311357498169,12,0.8984126984126984,0.8981793289506811,0.8984126984126984,0.8984126984126983,28810.622714996338,1.3450337401959074,36974.03298725412,1.7261453308708739,51169.6872451218,2.3888742878208125,96462.62271499634,4.503390416199642,374289.62270345696,17.47383859493263,1103268.5693118072,51.506469155546554,26778.100561141968,1.2501447507535932,26839.7958776545,1.253025017630929,26871.4676138444,1.254503623428777
