loss,layer_idx,accuracy_score,f1_macro,f1_micro,balanced_accuracy_score,aic,aic_avg,bic,bic_avg,ebic,ebic_avg
52492.8713684082,22,0.2776844070961718,0.27208507403141363,0.2776844070961718,0.27768440709617187,244317.7427368164,11.406057083884987,799700.6919820416,37.33429934556683,2353456.985776283,109.87194144613832
