loss,layer_idx,accuracy_score,f1_macro,f1_micro,balanced_accuracy_score,aic,aic_avg,bic,bic_avg,ebic,ebic_avg
55227.6446685791,41,0.26750700280112044,0.2570118286189722,0.26750700280112044,0.2675070028011205,113527.2893371582,5.300060193144641,125772.40474554487,5.87172757915709,148311.47494445468,6.923971752775662
