loss,layer_idx,accuracy_score,f1_macro,f1_micro,balanced_accuracy_score,aic_rep,aic_rep_avg,bic_rep,bic_rep_avg,ebic_rep,ebic_rep_avg,aic_cls,aic_cls_avg,bic_cls,bic_cls_avg,ebic_cls,ebic_cls_avg,aic_pr,aic_pr_avg,bic_pr,bic_pr_avg,ebic_pr,ebic_pr_avg
52492.87155914307,22,0.2776844070961718,0.27208507403141363,0.2776844070961718,0.27768440709617187,109081.74311828613,5.092518352861164,125408.5636628017,5.854741534211096,156639.0030301106,7.312745239500961,244317.74311828613,11.40605710169403,799700.6923635113,37.33429936337588,2353456.9861577526,109.87194146394737,105012.6145324707,4.902549698061191,105119.72506888887,4.907550189957464,105189.5347427275,4.910809278371965
