loss,layer_idx,accuracy_score,f1_macro,f1_micro,balanced_accuracy_score,aic,aic_avg,bic,bic_avg,ebic,ebic_avg
20167.691303253174,22,0.7997665732959851,0.7990914136262264,0.7997665732959851,0.799766573295985,110035.38260650635,5.137039337371911,387862.38259496697,18.1074875161049,1116841.3292033172,52.14011807671882
