loss,layer_idx,accuracy_score,f1_macro,f1_micro,balanced_accuracy_score,aic_rep,aic_rep_avg,bic_rep,bic_rep_avg,ebic_rep,ebic_rep_avg,aic_cls,aic_cls_avg,bic_cls,bic_cls_avg,ebic_cls,ebic_cls_avg,aic_pr,aic_pr_avg,bic_pr,bic_pr_avg,ebic_pr,ebic_pr_avg
65063.32550048828,1,0.14705882352941177,0.12506463811882265,0.14705882352941177,0.14705882352941177,133198.65100097656,6.218424416478831,145443.76640936325,6.790091802491282,167982.83660827304,7.842335976109852,234642.65100097656,10.954372128897132,651247.6256178194,30.403717349104546,1786704.042812282,83.4128871527676,130135.6595993042,6.0754276190151355,130171.56823413158,6.077104025869822,130185.12646560096,6.077736996526656
