loss,layer_idx,accuracy_score,f1_macro,f1_micro,balanced_accuracy_score,aic,aic_avg,bic,bic_avg,ebic,ebic_avg
47123.399642944336,37,0.3822128851540616,0.3751528513276177,0.3822128851540616,0.3822128851540616,198762.79928588867,9.279309023617586,615367.7739027315,28.728654243824998,1750824.191097194,81.73782404748805
