loss,layer_idx,accuracy_score,f1_macro,f1_micro,balanced_accuracy_score,aic,aic_avg,bic,bic_avg,ebic,ebic_avg
15309.745862960815,0,0.8443510737628385,0.8443152275646991,0.8443510737628385,0.8443510737628385,34715.49172592163,1.6207045623679566,51042.31227043719,2.3829277437178895,82272.75163774609,3.840931449007754
