loss,layer_idx,accuracy_score,f1_macro,f1_micro,balanced_accuracy_score,aic_rep,aic_rep_avg,bic_rep,bic_rep_avg,ebic_rep,ebic_rep_avg,aic_cls,aic_cls_avg,bic_cls,bic_cls_avg,ebic_cls,ebic_cls_avg,aic_pr,aic_pr_avg,bic_pr,bic_pr_avg,ebic_pr,ebic_pr_avg
42187.71413421631,34,0.4595238095238095,0.44949333697697813,0.4595238095238095,0.4595238095238095,87447.42826843262,4.082512991056611,99692.54367681929,4.6541803770690615,122231.61387572909,5.7064245506876325,188891.42826843262,8.818460703474912,605496.4028852754,28.267805923682324,1740952.820079738,81.27697572734537,84393.71513938904,3.9399493529126537,84466.60734164153,3.9433523502166916,84507.07685085868,3.9452416830466235
