loss,layer_idx,accuracy_score,f1_macro,f1_micro,balanced_accuracy_score,aic_rep,aic_rep_avg,bic_rep,bic_rep_avg,ebic_rep,ebic_rep_avg,aic_cls,aic_cls_avg,bic_cls,bic_cls_avg,ebic_cls,ebic_cls_avg,aic_pr,aic_pr_avg,bic_pr,bic_pr_avg,ebic_pr,ebic_pr_avg
10051.782632827759,5,0.9381419234360411,0.9380658151471377,0.9381419234360411,0.9381419234360411,22151.565265655518,1.034153373746756,30314.9755379133,1.4152649644217226,44510.62979578098,2.077993921371661,89803.56526565552,4.192510049750491,367630.56525411614,17.16295822848348,1096609.5118624663,51.1955887890974,20117.6142950058,0.9391976795054061,20173.614290373636,0.9418120583741193,20201.0015545485,0.9430906421357843
