loss,layer_idx,accuracy_score,f1_macro,f1_micro,balanced_accuracy_score,aic,aic_avg,bic,bic_avg,ebic,ebic_avg
67388.15661621094,7,0.12306255835667601,0.1175198157398718,0.12306255835667601,0.12306255835667601,239292.31323242188,11.171443194790937,655897.2878492647,30.62078841499835,1791353.7050437273,83.6299582186614
