loss,layer_idx,accuracy_score,f1_macro,f1_micro,balanced_accuracy_score,aic,aic_avg,bic,bic_avg,ebic,ebic_avg
58944.384033203125,21,0.20620915032679737,0.19358161199691407,0.20620915032679737,0.20620915032679737,222404.76806640625,10.383042393389648,639009.7426832491,29.83238761359706,1774466.1598777117,82.84155741726012
