loss,layer_idx,accuracy_score,f1_macro,f1_micro,balanced_accuracy_score,aic,aic_avg,bic,bic_avg,ebic,ebic_avg
55227.6446685791,41,0.26750700280112044,0.2570118286189722,0.26750700280112044,0.2675070028011205,214971.2893371582,10.036007905562942,631576.263954001,29.485353125770356,1767032.6811484636,82.49452292943342
