loss,layer_idx,accuracy_score,f1_macro,f1_micro,balanced_accuracy_score,aic,aic_avg,bic,bic_avg,ebic,ebic_avg
10244.667287826538,8,0.9361811391223156,0.9360573969576438,0.9361811391223156,0.9361811391223156,90189.33457565308,4.2105198214590605,368016.3345641137,17.18096800019205,1096995.281172464,51.21359856080597
