loss,layer_idx,accuracy_score,f1_macro,f1_micro,balanced_accuracy_score,aic_rep,aic_rep_avg,bic_rep,bic_rep_avg,ebic_rep,ebic_rep_avg,aic_cls,aic_cls_avg,bic_cls,bic_cls_avg,ebic_cls,ebic_cls_avg,aic_pr,aic_pr_avg,bic_pr,bic_pr_avg,ebic_pr,ebic_pr_avg
47063.26512145996,27,0.36479925303454713,0.3563586664073671,0.36479925303454713,0.36479925303454713,98222.53024291992,4.585552298922499,114549.35078743548,5.347775480272431,145779.79015474438,6.8057791855622956,233458.53024291992,10.899091047755364,788841.4794881451,36.827333309437215,2342597.7732823864,109.3649754100087,94154.70378684998,4.395644434493463,94267.0046647428,4.4008872392503635,94341.53034454286,4.404366496010404
