loss,layer_idx,accuracy_score,f1_macro,f1_micro,balanced_accuracy_score,aic,aic_avg,bic,bic_avg,ebic,ebic_avg
62610.60704040527,13,0.1745564892623716,0.16714105080388347,0.1745564892623716,0.17455648926237163,264553.21408081055,12.350756959888448,819936.1633260357,38.278999221570295,2373692.457120277,110.81664132214178
