loss,layer_idx,accuracy_score,f1_macro,f1_micro,balanced_accuracy_score,aic,aic_avg,bic,bic_avg,ebic,ebic_avg
61937.913024902344,14,0.1823062558356676,0.17489919912491855,0.1823062558356676,0.1823062558356676,263207.8260498047,12.287947061148678,818590.7752950299,38.21618932283052,2372347.069089271,110.75383142340202
