loss,layer_idx,accuracy_score,f1_macro,f1_micro,balanced_accuracy_score,aic,aic_avg,bic,bic_avg,ebic,ebic_avg
53349.92733001709,24,0.29211017740429507,0.2816995511861186,0.29211017740429507,0.2921101774042951,211215.85466003418,9.860684157798048,627820.829276877,29.31002937800546,1763277.2464713396,82.31919918166851
