loss,layer_idx,accuracy_score,f1_macro,f1_micro,balanced_accuracy_score,aic,aic_avg,bic,bic_avg,ebic,ebic_avg
43914.68692779541,35,0.4319794584500467,0.4222195987098668,0.4319794584500467,0.43197945845004665,90901.37385559082,4.243761617908068,103146.48926397749,4.815429003920518,125685.5594628873,5.867673177539089
