loss,layer_idx,accuracy_score,f1_macro,f1_micro,balanced_accuracy_score,aic,aic_avg,bic,bic_avg,ebic,ebic_avg
10755.70272064209,17,0.9266106442577031,0.9264807590424822,0.9266106442577031,0.926610644257703,91211.40544128418,4.258235548145853,369038.4054297448,17.22868372687884,1098017.352038095,51.261314287492766
