loss,layer_idx,accuracy_score,f1_macro,f1_micro,balanced_accuracy_score,aic_rep,aic_rep_avg,bic_rep,bic_rep_avg,ebic_rep,ebic_rep_avg,aic_cls,aic_cls_avg,bic_cls,bic_cls_avg,ebic_cls,ebic_cls_avg,aic_pr,aic_pr_avg,bic_pr,bic_pr_avg,ebic_pr,ebic_pr_avg
65791.19306945801,11,0.13795518207282914,0.13133238942894626,0.13795518207282914,0.13795518207282914,134654.38613891602,6.286385907512419,146899.5015473027,6.858053293524869,169438.5717462125,7.91029746714344,236098.38613891602,11.02233361993072,652703.3607557588,30.471678840138132,1788159.7779502214,83.48084864380118,131606.81693840027,6.144109100765652,131704.1990865786,6.148655419541484,131765.34198658424,6.151509896665931
