loss,layer_idx,accuracy_score,f1_macro,f1_micro,balanced_accuracy_score,aic,aic_avg,bic,bic_avg,ebic,ebic_avg
53209.69567871094,20,0.26335200746965454,0.2537451503371487,0.26335200746965454,0.2633520074696546,110515.39135742188,5.15944870949682,126842.21190193744,5.921671890846753,158072.65126924633,7.379675596136616
