loss,layer_idx,accuracy_score,f1_macro,f1_micro,balanced_accuracy_score,aic,aic_avg,bic,bic_avg,ebic,ebic_avg
14613.187623977661,19,0.8696545284780579,0.8693557609761978,0.8696545284780579,0.8696545284780578,31274.375247955322,1.4600548668513222,39437.7855202131,1.8411664575262887,53633.439778080785,2.503895414476227
