loss,layer_idx,accuracy_score,f1_macro,f1_micro,balanced_accuracy_score,aic,aic_avg,bic,bic_avg,ebic,ebic_avg
20167.691303253174,22,0.7997665732959851,0.7990914136262264,0.7997665732959851,0.799766573295985,42383.38260650635,1.9786826613681767,50546.79287876413,2.359794252043143,64742.44713663181,3.0225232089930816
