loss,layer_idx,accuracy_score,f1_macro,f1_micro,balanced_accuracy_score,aic,aic_avg,bic,bic_avg,ebic,ebic_avg
65063.32536315918,1,0.14705882352941177,0.12506463811882265,0.14705882352941177,0.14705882352941177,234642.65072631836,10.95437211607462,651247.6253431612,30.403717336282035,1786704.0425376238,83.41288713994508
