loss,layer_idx,accuracy_score,f1_macro,f1_micro,balanced_accuracy_score,aic,aic_avg,bic,bic_avg,ebic,ebic_avg
36130.5749130249,1,0.5295518207282913,0.5279860487383393,0.5295518207282913,0.5295518207282912,74309.1498260498,3.4691479844094215,82472.56009830759,3.8502595750843875,96668.21435617526,4.512988532034326
