loss,layer_idx,accuracy_score,f1_macro,f1_micro,balanced_accuracy_score,aic,aic_avg,bic,bic_avg,ebic,ebic_avg
67275.8876876831,10,0.13281979458450047,0.12631128836132266,0.13281979458450047,0.13281979458450047,273883.7753753662,12.786357393807947,829266.7246205914,38.71459965548979,2383023.0184148327,111.25224175606128
