loss,layer_idx,accuracy_score,f1_macro,f1_micro,balanced_accuracy_score,aic,aic_avg,bic,bic_avg,ebic,ebic_avg
59315.195404052734,20,0.20434173669467787,0.19466447775668919,0.20434173669467787,0.20434173669467787,121702.39080810547,5.681717591414821,133947.50621649215,6.253384977427271,156486.57641540194,7.305629151045842
