loss,layer_idx,accuracy_score,f1_macro,f1_micro,balanced_accuracy_score,aic,aic_avg,bic,bic_avg,ebic,ebic_avg
64798.77579498291,13,0.14943977591036414,0.14284908711225966,0.14943977591036414,0.14943977591036414,234113.55158996582,10.929670942575434,650718.5262068086,30.37901616278285,1786174.9434012712,83.3881859664459
