loss,layer_idx,accuracy_score,f1_macro,f1_micro,balanced_accuracy_score,aic,aic_avg,bic,bic_avg,ebic,ebic_avg
38486.24140930176,39,0.5006535947712418,0.4985372860076045,0.5006535947712418,0.5006535947712418,216304.48281860352,10.098248497600538,771687.4320638287,36.02649075928238,2325443.72585807,108.56413285985387
