loss,layer_idx,accuracy_score,f1_macro,f1_micro,balanced_accuracy_score,aic,aic_avg,bic,bic_avg,ebic,ebic_avg
24813.266220092773,0,0.6983193277310924,0.6976543331016303,0.6983193277310924,0.6983193277310924,51674.53244018555,2.4124431578051144,59837.94271244333,2.7935547484800805,74033.596970311,3.456283705430019
