loss,layer_idx,accuracy_score,f1_macro,f1_micro,balanced_accuracy_score,aic,aic_avg,bic,bic_avg,ebic,ebic_avg
51445.08776092529,39,0.3194211017740429,0.3098473404511253,0.3194211017740429,0.319421101774043,207406.1755218506,9.682827988881913,624011.1501386934,29.132173209089327,1759467.567333156,82.14134301275239
