loss,layer_idx,accuracy_score,f1_macro,f1_micro,balanced_accuracy_score,aic,aic_avg,bic,bic_avg,ebic,ebic_avg
59087.68717956543,19,0.20681605975723621,0.1968518459412849,0.20681605975723621,0.20681605975723621,222691.37435913086,10.396422705841777,639296.3489759737,29.84576792604919,1774752.7661704363,82.85493772971225
