loss,layer_idx,accuracy_score,f1_macro,f1_micro,balanced_accuracy_score,aic,aic_avg,bic,bic_avg,ebic,ebic_avg
14174.452768325806,11,0.8861344537815126,0.8862790740940811,0.8861344537815126,0.8861344537815126,98048.90553665161,4.577446570338544,375875.90552511223,17.54789474907153,1104854.8521334624,51.580525309685456
