loss,layer_idx,accuracy_score,f1_macro,f1_micro,balanced_accuracy_score,aic,aic_avg,bic,bic_avg,ebic,ebic_avg
6995.964504241943,6,0.9651260504201681,0.9650538260843803,0.9651260504201681,0.9651260504201682,66283.92900848389,3.0944878155221236,274721.9416827534,12.825487473517898,806607.4832133708,37.656745248056524
