loss,layer_idx,accuracy_score,f1_macro,f1_micro,balanced_accuracy_score,aic,aic_avg,bic,bic_avg,ebic,ebic_avg
7772.656674385071,4,0.9521475256769374,0.9521942442083604,0.9521475256769374,0.9521475256769375,17081.31334877014,0.7974469350499599,23203.871052963477,1.0832806280561846,33408.7320830783,1.5596980430942249
