loss,layer_idx,accuracy_score,f1_macro,f1_micro,balanced_accuracy_score,aic,aic_avg,bic,bic_avg,ebic,ebic_avg
7279.643918991089,3,0.9591036414565827,0.9590633572918764,0.9591036414565827,0.9591036414565826,66851.28783798218,3.1209751558348358,275289.3005122517,12.85197481383061,807174.8420428691,37.683232588369236
