loss,layer_idx,accuracy_score,f1_macro,f1_micro,balanced_accuracy_score,aic_rep,aic_rep_avg,bic_rep,bic_rep_avg,ebic_rep,ebic_rep_avg,aic_cls,aic_cls_avg,bic_cls,bic_cls_avg,ebic_cls,ebic_cls_avg,aic_pr,aic_pr_avg,bic_pr,bic_pr_avg,ebic_pr,ebic_pr_avg
3930.633412361145,21,0.9869281045751634,0.9869242968490153,0.9869281045751634,0.9869281045751634,9909.26682472229,0.4626174988199015,18072.67709698007,0.8437290894948679,32268.331354847753,1.5064580464448063,77561.26682472229,3.6209741748236364,355388.2668131829,16.591422353556624,1084367.2134215331,50.62405291417055,7908.02565574646,0.36918887281729507,8094.408234604602,0.37789020703102716,8241.785334176837,0.38477055715111286
