loss,layer_idx,accuracy_score,f1_macro,f1_micro,balanced_accuracy_score,aic_rep,aic_rep_avg,bic_rep,bic_rep_avg,ebic_rep,ebic_rep_avg,aic_cls,aic_cls_avg,bic_cls,bic_cls_avg,ebic_cls,ebic_cls_avg,aic_pr,aic_pr_avg,bic_pr,bic_pr_avg,ebic_pr,ebic_pr_avg
2805.2937426567078,14,0.9955182072829132,0.9955219466132013,0.9955182072829132,0.9955182072829132,7658.5874853134155,0.3575437668213546,15821.997757571196,0.738655357496321,30017.652015438878,1.4013843144462594,75310.58748531342,3.5159004428250893,353137.58747377404,16.48634862155808,1082116.5340821242,50.518979182172004,5677.612761497498,0.2650612867179037,5944.778204906702,0.27753399649424376,6180.165786967072,0.2885231459835234
