loss,layer_idx,accuracy_score,f1_macro,f1_micro,balanced_accuracy_score,aic,aic_avg,bic,bic_avg,ebic,ebic_avg
25280.378566741943,12,0.6990662931839402,0.6974263377330397,0.6990662931839402,0.6990662931839403,52096.75713348389,2.4321548615071844,58219.31483767722,2.717988554513409,68424.17586779204,3.1944059695514495
