loss,layer_idx,accuracy_score,f1_macro,f1_micro,balanced_accuracy_score,aic,aic_avg,bic,bic_avg,ebic,ebic_avg
26080.456729888916,0,0.6791316526610645,0.6763945829776317,0.6791316526610645,0.6791316526610643,104452.91345977783,4.876419862734726,312890.92613404733,14.6074195207305,844776.4676646647,39.43867729526913
