loss,layer_idx,accuracy_score,f1_macro,f1_micro,balanced_accuracy_score,aic_rep,aic_rep_avg,bic_rep,bic_rep_avg,ebic_rep,ebic_rep_avg,aic_cls,aic_cls_avg,bic_cls,bic_cls_avg,ebic_cls,ebic_cls_avg,aic_pr,aic_pr_avg,bic_pr,bic_pr_avg,ebic_pr,ebic_pr_avg
25280.378566741943,12,0.6990662931839402,0.6974263377330397,0.6990662931839402,0.6990662931839403,52096.75713348389,2.4321548615071844,58219.31483767722,2.717988554513409,68424.17586779204,3.1944059695514495,102852.75713348389,4.801716019303636,311290.7698077534,14.53271567729941,843176.3113383708,39.363973451838035,50590.16554260254,2.361819119635973,50707.388642744125,2.3672917200160657,50786.44237183554,2.3709823703004456
