loss,layer_idx,accuracy_score,f1_macro,f1_micro,balanced_accuracy_score,aic,aic_avg,bic,bic_avg,ebic,ebic_avg
3667.389485836029,13,0.9890289449112979,0.9890764497988234,0.9890289449112979,0.9890289449112979,77034.77897167206,3.596394909975353,354861.7789601327,16.566843088708342,1083840.725568483,50.59947364932226
