loss,layer_idx,accuracy_score,f1_macro,f1_micro,balanced_accuracy_score,aic,aic_avg,bic,bic_avg,ebic,ebic_avg
3434.0693106651306,12,0.9912698412698413,0.9912695268711879,0.9912698412698413,0.9912698412698414,76568.13862133026,3.5746096461872203,354395.1386097909,16.54505782492021,1083374.085218141,50.57768838553413
