loss,layer_idx,accuracy_score,f1_macro,f1_micro,balanced_accuracy_score,aic,aic_avg,bic,bic_avg,ebic,ebic_avg
18677.065269470215,0,0.7719887955182073,0.7707984091443691,0.7719887955182073,0.7719887955182073,107054.13053894043,4.997858568577985,384881.13052740105,17.968306747310972,1113860.0771357513,52.00093730792489
