loss,layer_idx,accuracy_score,f1_macro,f1_micro,balanced_accuracy_score,aic_rep,aic_rep_avg,bic_rep,bic_rep_avg,ebic_rep,ebic_rep_avg,aic_cls,aic_cls_avg,bic_cls,bic_cls_avg,ebic_cls,ebic_cls_avg,aic_pr,aic_pr_avg,bic_pr,bic_pr_avg,ebic_pr,ebic_pr_avg
3667.389485836029,13,0.9890289449112979,0.9890764497988234,0.9890289449112979,0.9890289449112979,9382.778971672058,0.438038233971618,17546.18924392984,0.8191498246465845,31741.84350179752,1.4818787815965229,77034.77897167206,3.596394909975353,354861.7789601327,16.566843088708342,1083840.725568483,50.59947364932226,7381.159892082214,0.3445919650832033,7566.036104051473,0.3532229740453535,7711.8457112305805,0.36003014524885996
