loss,layer_idx,accuracy_score,f1_macro,f1_micro,balanced_accuracy_score,aic,aic_avg,bic,bic_avg,ebic,ebic_avg
43191.88009643555,24,0.4312324929971989,0.4264806794369766,0.4312324929971989,0.4312324929971989,88431.7601928711,4.1284668624122824,96595.17046512887,4.509578453087249,110790.82472299655,5.172307410037187
