loss,layer_idx,accuracy_score,f1_macro,f1_micro,balanced_accuracy_score,aic_rep,aic_rep_avg,bic_rep,bic_rep_avg,ebic_rep,ebic_rep_avg,aic_cls,aic_cls_avg,bic_cls,bic_cls_avg,ebic_cls,ebic_cls_avg,aic_pr,aic_pr_avg,bic_pr,bic_pr_avg,ebic_pr,ebic_pr_avg
4114.944408893585,10,0.985014005602241,0.9849769728428763,0.985014005602241,0.985014005602241,10277.88881778717,0.47982674219361204,18441.29909004495,0.8609383328685785,32636.953347912633,1.5236672898185168,77929.88881778717,3.6381834181973467,355756.8888062478,16.608631596930337,1084735.835414598,50.641262157544254,8264.732701301575,0.3858418628058625,8403.62182073851,0.3923259486806027,8503.196245515903,0.3969746146365968
