loss,layer_idx,accuracy_score,f1_macro,f1_micro,balanced_accuracy_score,aic_rep,aic_rep_avg,bic_rep,bic_rep_avg,ebic_rep,ebic_rep_avg,aic_cls,aic_cls_avg,bic_cls,bic_cls_avg,ebic_cls,ebic_cls_avg,aic_pr,aic_pr_avg,bic_pr,bic_pr_avg,ebic_pr,ebic_pr_avg
43191.88009643555,24,0.4312324929971989,0.4264806794369766,0.4312324929971989,0.4312324929971989,88431.7601928711,4.1284668624122824,96595.17046512887,4.509578453087249,110790.82472299655,5.172307410037187,156083.7601928711,7.286823538416018,433910.7601813317,20.257271717149006,1162889.706789682,54.28990227776293,86403.75671386719,4.03378882884534,86483.46364985788,4.0375099743164276,86529.50386134887,4.039659377280526
