loss,layer_idx,accuracy_score,f1_macro,f1_micro,balanced_accuracy_score,aic,aic_avg,bic,bic_avg,ebic,ebic_avg
2818.4345762729645,18,0.9953781512605042,0.9953756687886705,0.9953781512605042,0.9953781512605042,75336.86915254593,3.51712741141671,353163.86914100655,16.4875755901497,1082142.8157493568,50.52020615076362
