loss,layer_idx,accuracy_score,f1_macro,f1_micro,balanced_accuracy_score,aic_rep,aic_rep_avg,bic_rep,bic_rep_avg,ebic_rep,ebic_rep_avg,aic_cls,aic_cls_avg,bic_cls,bic_cls_avg,ebic_cls,ebic_cls_avg,aic_pr,aic_pr_avg,bic_pr,bic_pr_avg,ebic_pr,ebic_pr_avg
3292.476936340332,20,0.9917833800186742,0.9917837638003121,0.9917833800186742,0.9917833800186742,8632.953872680664,0.4030323936825707,16796.364144938445,0.7841439843575371,30992.018402806127,1.4468729413074757,76284.95387268066,3.5613890696863053,354111.9538611413,16.531837248419293,1083090.9004694915,50.56446780903322,6636.875663757324,0.30984480222956695,6843.838008791128,0.31950690984085567,7012.926062932198,0.32740084327414554
