loss,layer_idx,accuracy_score,f1_macro,f1_micro,balanced_accuracy_score,aic,aic_avg,bic,bic_avg,ebic,ebic_avg
3603.62796831131,4,0.9898225957049487,0.989826064668068,0.9898225957049487,0.9898225957049486,9255.25593662262,0.4320847776201036,17418.6662088804,0.81319636829507,31614.320466748082,1.4759253252450084
