loss,layer_idx,accuracy_score,f1_macro,f1_micro,balanced_accuracy_score,aic_rep,aic_rep_avg,bic_rep,bic_rep_avg,ebic_rep,ebic_rep_avg,aic_cls,aic_cls_avg,bic_cls,bic_cls_avg,ebic_cls,ebic_cls_avg,aic_pr,aic_pr_avg,bic_pr,bic_pr_avg,ebic_pr,ebic_pr_avg
21142.359172821045,11,0.7672735760971056,0.7662416003847918,0.7672735760971056,0.7672735760971056,43820.71834564209,2.0457851701980436,49943.276049835426,2.3316188632042683,60148.13707995025,2.8080362782423083,94576.71834564209,4.415346327994495,303014.7310199116,14.146345985990271,834900.272550529,38.9776037605289,42312.88319396973,1.9753913722674943,42425.149410842,1.9806325588628386,42499.64339276437,1.9841103357966559
