loss,layer_idx,accuracy_score,f1_macro,f1_micro,balanced_accuracy_score,aic,aic_avg,bic,bic_avg,ebic,ebic_avg
3116.884184360504,16,0.9901960784313726,0.9901869309531707,0.9901960784313726,0.9901960784313725,8281.768368721008,0.38663717874514514,16445.17864097879,0.7677487694201115,30640.83289884647,1.43047772637005
