loss,layer_idx,accuracy_score,f1_macro,f1_micro,balanced_accuracy_score,aic,aic_avg,bic,bic_avg,ebic,ebic_avg
24710.699073791504,23,0.7125116713352008,0.7116009581964537,0.7125116713352008,0.7125116713352007,119121.39814758301,5.56122306944832,396948.39813604363,18.531671248181308,1125927.3447443938,52.56430180879523
