loss,layer_idx,accuracy_score,f1_macro,f1_micro,balanced_accuracy_score,aic_rep,aic_rep_avg,bic_rep,bic_rep_avg,ebic_rep,ebic_rep_avg,aic_cls,aic_cls_avg,bic_cls,bic_cls_avg,ebic_cls,ebic_cls_avg,aic_pr,aic_pr_avg,bic_pr,bic_pr_avg,ebic_pr,ebic_pr_avg
11891.165664672852,9,0.9014472455648926,0.9013837751763308,0.9014472455648926,0.9014472455648926,25318.331329345703,1.1819949266734688,31440.88903353904,1.4678286196796937,41645.75006365386,1.944246034717734,76074.3313293457,3.551556084469921,284512.3440036152,13.282555742465696,816397.8855342326,38.113813517004324,23816.501461029053,1.1118814874429996,23952.704978601443,1.1182401950794325,24049.68681243545,1.122767825043672
