loss,layer_idx,accuracy_score,f1_macro,f1_micro,balanced_accuracy_score,aic,aic_avg,bic,bic_avg,ebic,ebic_avg
25280.378566741943,12,0.6990662931839402,0.6974263377330397,0.6990662931839402,0.6990662931839403,102852.75713348389,4.801716019303636,311290.7698077534,14.53271567729941,843176.3113383708,39.363973451838035
