loss,layer_idx,accuracy_score,f1_macro,f1_micro,balanced_accuracy_score,aic,aic_avg,bic,bic_avg,ebic,ebic_avg
2755.235996246338,17,0.9966386554621849,0.9966399583606562,0.9966386554621849,0.9966386554621849,75210.47199249268,3.5112265169230943,353037.4719809533,16.481674695656082,1082016.4185893035,50.514305256270006
