loss,layer_idx,accuracy_score,f1_macro,f1_micro,balanced_accuracy_score,aic_rep,aic_rep_avg,bic_rep,bic_rep_avg,ebic_rep,ebic_rep_avg,aic_cls,aic_cls_avg,bic_cls,bic_cls_avg,ebic_cls,ebic_cls_avg,aic_pr,aic_pr_avg,bic_pr,bic_pr_avg,ebic_pr,ebic_pr_avg
2818.4345762729645,18,0.9953781512605042,0.9953756687886705,0.9953781512605042,0.9953781512605042,7684.869152545929,0.3587707354129752,15848.27942480371,0.7398823260879417,30043.93368267139,1.40261128303788,75336.86915254593,3.51712741141671,353163.86914100655,16.4875755901497,1082142.8157493568,50.52020615076362,5718.820858478546,0.26698510076930654,6045.48365048996,0.282235464542015,6349.768932669124,0.29644112664188255
