loss,layer_idx,accuracy_score,f1_macro,f1_micro,balanced_accuracy_score,aic,aic_avg,bic,bic_avg,ebic,ebic_avg
21142.359172821045,11,0.7672735760971056,0.7662416003847918,0.7672735760971056,0.7672735760971056,43820.71834564209,2.0457851701980436,49943.276049835426,2.3316188632042683,60148.13707995025,2.8080362782423083
