loss,layer_idx,accuracy_score,f1_macro,f1_micro,balanced_accuracy_score,aic_rep,aic_rep_avg,bic_rep,bic_rep_avg,ebic_rep,ebic_rep_avg,aic_cls,aic_cls_avg,bic_cls,bic_cls_avg,ebic_cls,ebic_cls_avg,aic_pr,aic_pr_avg,bic_pr,bic_pr_avg,ebic_pr,ebic_pr_avg
3658.5204458236694,7,0.9862278244631186,0.9862571990435098,0.9862278244631186,0.9862278244631187,9365.040891647339,0.43721012566047335,17528.45116390512,0.8183217163354398,31724.1054217728,1.4810506732853783,77017.04089164734,3.595566801664208,354844.04088010796,16.566014980397195,1083822.9874884582,50.598645541011116,7348.882020950317,0.34308506166901576,7475.802041473864,0.34901036608187974,7563.925924811953,0.35312445960840116
