loss,layer_idx,accuracy_score,f1_macro,f1_micro,balanced_accuracy_score,aic,aic_avg,bic,bic_avg,ebic,ebic_avg
7838.7560358047485,2,0.954154995331466,0.9541112292644127,0.954154995331466,0.9541549953314657,17213.512071609497,0.8036186774794349,23336.069775802833,1.0894523704856598,33540.930805917655,1.5658697855237
