loss,layer_idx,accuracy_score,f1_macro,f1_micro,balanced_accuracy_score,aic_rep,aic_rep_avg,bic_rep,bic_rep_avg,ebic_rep,ebic_rep_avg,aic_cls,aic_cls_avg,bic_cls,bic_cls_avg,ebic_cls,ebic_cls_avg,aic_pr,aic_pr_avg,bic_pr,bic_pr_avg,ebic_pr,ebic_pr_avg
7279.643918991089,3,0.9591036414565827,0.9590633572918764,0.9591036414565827,0.9591036414565826,16095.287837982178,0.7514139980383836,22217.845542175513,1.0372476910446085,32422.70657229034,1.513665106082649,66851.28783798218,3.1209751558348358,275289.3005122517,12.85197481383061,807174.8420428691,37.683232588369236,14589.723770141602,0.6811262264305136,14711.042618401358,0.6867900382073463,14793.903735181539,0.6906584376835452
