loss,layer_idx,accuracy_score,f1_macro,f1_micro,balanced_accuracy_score,aic_rep,aic_rep_avg,bic_rep,bic_rep_avg,ebic_rep,ebic_rep_avg,aic_cls,aic_cls_avg,bic_cls,bic_cls_avg,ebic_cls,ebic_cls_avg,aic_pr,aic_pr_avg,bic_pr,bic_pr_avg,ebic_pr,ebic_pr_avg
6995.964504241943,6,0.9651260504201681,0.9650538260843803,0.9651260504201681,0.9651260504201682,15527.929008483887,0.7249266577256717,21650.486712677222,1.0107603507318965,31855.347742792048,1.487177765769937,66283.92900848389,3.0944878155221236,274721.9416827534,12.825487473517898,806607.4832133708,37.656745248056524,14031.514167785645,0.6550660209050254,14189.302202977506,0.6624324091025913,14307.476064713057,0.6679493961117207
