loss,layer_idx,accuracy_score,f1_macro,f1_micro,balanced_accuracy_score,aic,aic_avg,bic,bic_avg,ebic,ebic_avg
3116.884184360504,16,0.9901960784313726,0.9901869309531707,0.9901960784313726,0.9901960784313725,75933.76836872101,3.54499385474888,353760.76835718163,16.515442033481868,1082739.7149655318,50.54807259409579
