loss,layer_idx,accuracy_score,f1_macro,f1_micro,balanced_accuracy_score,aic_rep,aic_rep_avg,bic_rep,bic_rep_avg,ebic_rep,ebic_rep_avg,aic_cls,aic_cls_avg,bic_cls,bic_cls_avg,ebic_cls,ebic_cls_avg,aic_pr,aic_pr_avg,bic_pr,bic_pr_avg,ebic_pr,ebic_pr_avg
8595.002494812012,7,0.938608776844071,0.938543322769672,0.938608776844071,0.9386087768440711,18726.004989624023,0.8742299248190487,24848.56269381736,1.1600636178252735,35053.42372393218,1.6364810328633137,69482.00498962402,3.2437910826155005,277920.0176638935,12.974790740611276,809805.5591945109,37.806048515149904,17235.450481414795,0.804642879617871,17416.598037329146,0.8130998150013606,17558.54095741559,0.8197264686001675
