loss,layer_idx,accuracy_score,f1_macro,f1_micro,balanced_accuracy_score,aic_rep,aic_rep_avg,bic_rep,bic_rep_avg,ebic_rep,ebic_rep_avg,aic_cls,aic_cls_avg,bic_cls,bic_cls_avg,ebic_cls,ebic_cls_avg,aic_pr,aic_pr_avg,bic_pr,bic_pr_avg,ebic_pr,ebic_pr_avg
3434.0693106651306,12,0.9912698412698413,0.9912695268711879,0.9912698412698413,0.9912698412698414,8916.138621330261,0.41625297018348556,17079.548893588042,0.797364560858452,31275.203151455724,1.4600935178083905,76568.13862133026,3.5746096461872203,354395.1386097909,16.54505782492021,1083374.085218141,50.57768838553413,6907.902285575867,0.3224977724358481,7066.401848644805,0.3298973785548462,7185.287507036562,0.3354475960334529
