loss,layer_idx,accuracy_score,f1_macro,f1_micro,balanced_accuracy_score,aic,aic_avg,bic,bic_avg,ebic,ebic_avg
8053.297149658203,1,0.942063492063492,0.9420550814019601,0.942063492063492,0.9420634920634922,85806.5942993164,4.005910098007302,363633.594287777,16.976358276740292,1092612.5408961272,51.00898883735421
