loss,layer_idx,accuracy_score,f1_macro,f1_micro,balanced_accuracy_score,aic_rep,aic_rep_avg,bic_rep,bic_rep_avg,ebic_rep,ebic_rep_avg,aic_cls,aic_cls_avg,bic_cls,bic_cls_avg,ebic_cls,ebic_cls_avg,aic_pr,aic_pr_avg,bic_pr,bic_pr_avg,ebic_pr,ebic_pr_avg
4382.987643241882,5,0.9839402427637721,0.9839140715925823,0.9839402427637721,0.9839402427637722,10813.975286483765,0.5048541216845829,18977.385558741546,0.8859657123595492,33173.03981660923,1.5486946693094876,78465.97528648376,3.6632107976883175,356292.9752749444,16.633658976421305,1085271.9218832946,50.666289537035226,8792.104192733765,0.41046238061315427,8896.25506269671,0.41532469947230205,8963.403608983568,0.4184595522401292
