loss,layer_idx,accuracy_score,f1_macro,f1_micro,balanced_accuracy_score,aic_rep,aic_rep_avg,bic_rep,bic_rep_avg,ebic_rep,ebic_rep_avg,aic_cls,aic_cls_avg,bic_cls,bic_cls_avg,ebic_cls,ebic_cls_avg,aic_pr,aic_pr_avg,bic_pr,bic_pr_avg,ebic_pr,ebic_pr_avg
3362.0790638923645,11,0.9904295051353875,0.9904219596503004,0.9904295051353875,0.9904295051353875,8772.158127784729,0.40953119177333003,16935.56840004251,0.7906427824482964,31131.22265791019,1.4533717393982348,76424.15812778473,3.5678878677770647,354251.15811624535,16.538336046510054,1083230.1047245956,50.57096660712398,6762.8674783706665,0.3157267730331777,6917.164504838279,0.32293018229870585,7031.857756472354,0.32828467583904547
