loss,layer_idx,accuracy_score,f1_macro,f1_micro,balanced_accuracy_score,aic_rep,aic_rep_avg,bic_rep,bic_rep_avg,ebic_rep,ebic_rep_avg,aic_cls,aic_cls_avg,bic_cls,bic_cls_avg,ebic_cls,ebic_cls_avg,aic_pr,aic_pr_avg,bic_pr,bic_pr_avg,ebic_pr,ebic_pr_avg
8675.055324554443,8,0.9449112978524743,0.9448209892899536,0.9449112978524743,0.9449112978524743,18886.110649108887,0.8817045120965867,25008.668353302222,1.1675382051028116,35213.529383417044,1.6439556201408518,69642.11064910889,3.2512656698930384,278080.1233233784,12.982265327888813,809965.6648539958,37.81352310242744,17400.590240478516,0.812352485549884,17601.803919544043,0.8217462147312812,17764.773339162435,0.8293544976266309
