loss,layer_idx,accuracy_score,f1_macro,f1_micro,balanced_accuracy_score,aic,aic_avg,bic,bic_avg,ebic,ebic_avg
3719.7823638916016,9,0.9876283846872083,0.9876099756192022,0.9876283846872083,0.9876283846872081,77139.5647277832,3.6012868687107003,354966.5647162438,16.57173504744369,1083945.511324594,50.60436560805761
