loss,layer_idx,accuracy_score,f1_macro,f1_micro,balanced_accuracy_score,aic,aic_avg,bic,bic_avg,ebic,ebic_avg
3719.7823638916016,9,0.9876283846872083,0.9876099756192022,0.9876283846872083,0.9876283846872081,9487.564727783203,0.4429301927069656,17650.975000040984,0.824041783381932,31846.629257908666,1.4867707403318704
