loss,layer_idx,accuracy_score,f1_macro,f1_micro,balanced_accuracy_score,aic,aic_avg,bic,bic_avg,ebic,ebic_avg
11407.993911743164,0,0.27494553376906317,0.26341660279118495,0.27494553376906317,0.27494553376906317,31043.987823486328,6.763396039975235,57503.735460252916,12.528046941231572,125978.39446596467,27.446273304131736
