loss,layer_idx,accuracy_score,f1_macro,f1_micro,balanced_accuracy_score,aic,aic_avg,bic,bic_avg,ebic,ebic_avg
7878.074554443359,0,0.4984749455337691,0.5000588925716358,0.4984749455337691,0.4984749455337691,68048.14910888672,14.825304816750918,236209.68574255207,51.461805172669294,768095.2272731694,167.34100812051622
