loss,layer_idx,accuracy_score,f1_macro,f1_micro,balanced_accuracy_score,aic_rep,aic_rep_avg,bic_rep,bic_rep_avg,ebic_rep,ebic_rep_avg,aic_cls,aic_cls_avg,bic_cls,bic_cls_avg,ebic_cls,ebic_cls_avg,aic_pr,aic_pr_avg,bic_pr,bic_pr_avg,ebic_pr,ebic_pr_avg
12.198223493993282,60,1.0,1.0,1.0,1.0,9624.396446987987,2.096818398036598,40496.24590165002,8.822711525413949,121869.40939185146,26.55106958428136,326492.396446988,71.13124105598867,1376353.953505801,299.85924912980414,5294929.780247269,1153.5794728207559,41.74660377204418,0.009095120647504179,97.54154421498272,0.021250881092588828,135.02576458020422,0.029417377904183927
