loss,layer_idx,accuracy_score,f1_macro,f1_micro,balanced_accuracy_score,aic,aic_avg,bic,bic_avg,ebic,ebic_avg
18.024481497704983,40,1.0,1.0,1.0,1.0,9636.04896299541,2.0993570725480195,40507.898417657445,8.82525019992537,121881.06190785888,26.553608258792785
