loss,layer_idx,accuracy_score,f1_macro,f1_micro,balanced_accuracy_score,aic,aic_avg,bic,bic_avg,ebic,ebic_avg
70.24981874227524,49,1.0,1.0,1.0,1.0,326608.49963748455,71.15653586873302,1376470.0566962976,299.8845439425485,5295045.883437766,1153.6047676335002
