loss,layer_idx,accuracy_score,f1_macro,f1_micro,balanced_accuracy_score,aic,aic_avg,bic,bic_avg,ebic,ebic_avg
478.15410923957825,8,0.9745098039215686,0.9745936548059667,0.9745098039215686,0.9745098039215686,327424.30821847916,71.33427194302378,1377285.8652772922,300.0622800168393,5295861.69201876,1153.782503707791
