loss,layer_idx,accuracy_score,f1_macro,f1_micro,balanced_accuracy_score,aic_rep,aic_rep_avg,bic_rep,bic_rep_avg,ebic_rep,ebic_rep_avg,aic_cls,aic_cls_avg,bic_cls,bic_cls_avg,ebic_cls,ebic_cls_avg,aic_pr,aic_pr_avg,bic_pr,bic_pr_avg,ebic_pr,ebic_pr_avg
252.05680933594704,70,0.9840958605664488,0.9841052836461297,0.9840958605664488,0.9840958605664487,10104.113618671894,2.2013319430657723,40975.96307333393,8.927225070443122,122349.12656353536,26.655583129310536,326972.1136186719,71.23575460101785,1376833.670677485,299.96376267483333,5295409.497418953,1153.683986365785,526.4034994244576,0.11468485826240905,598.0836913989897,0.13030145782113065,651.8242753317204,0.14200964604176916
