loss,layer_idx,accuracy_score,f1_macro,f1_micro,balanced_accuracy_score,aic,aic_avg,bic,bic_avg,ebic,ebic_avg
46.07287237048149,35,0.9995642701525055,0.9995642462428342,0.9995642701525055,0.9995642701525055,326560.14574474096,71.14600125157756,1376421.702803554,299.87400932539305,5294997.529545022,1153.5942330163448
