loss,layer_idx,accuracy_score,f1_macro,f1_micro,balanced_accuracy_score,aic,aic_avg,bic,bic_avg,ebic,ebic_avg
16.8079125136137,32,1.0,1.0,1.0,1.0,9633.615825027227,2.098826977130115,40505.46527968926,8.824720104507465,121878.6287698907,26.55307816337488
