loss,layer_idx,accuracy_score,f1_macro,f1_micro,balanced_accuracy_score,aic,aic_avg,bic,bic_avg,ebic,ebic_avg
169.8749704360962,13,0.9947712418300654,0.9947641527119347,0.9947712418300654,0.9947712418300654,9939.749940872192,2.165522862935118,40811.59939553423,8.891415990312467,122184.76288573566,26.61977404917988
