loss,layer_idx,accuracy_score,f1_macro,f1_micro,balanced_accuracy_score,aic,aic_avg,bic,bic_avg,ebic,ebic_avg
100.7755361199379,39,1.0,1.0,1.0,1.0,326669.5510722399,71.16983683491065,1376531.108131053,299.89784490872614,5295106.934872521,1153.6180685996778
