loss,layer_idx,accuracy_score,f1_macro,f1_micro,balanced_accuracy_score,aic_rep,aic_rep_avg,bic_rep,bic_rep_avg,ebic_rep,ebic_rep_avg,aic_cls,aic_cls_avg,bic_cls,bic_cls_avg,ebic_cls,ebic_cls_avg,aic_pr,aic_pr_avg,bic_pr,bic_pr_avg,ebic_pr,ebic_pr_avg
234.73214638233185,19,0.9915032679738562,0.9914826004287903,0.9915032679738562,0.9915032679738561,10069.464292764664,2.193783070319099,40941.3137474267,8.919676197696448,122314.47723762813,26.648034256563864,326937.46429276466,71.22820572827116,1376799.0213515777,299.95621380208667,5295374.848093046,1153.6764374930383,486.2323877811432,0.10593298208739503,540.1555237176249,0.11768094198641064,575.81004148896,0.1254488107819085
