loss,layer_idx,accuracy_score,f1_macro,f1_micro,balanced_accuracy_score,aic,aic_avg,bic,bic_avg,ebic,ebic_avg
47.801193084567785,21,0.9982570806100218,0.9982568952989995,0.9982570806100218,0.9982570806100216,326563.60238616914,71.14675433249872,1376425.1594449822,299.8747624063142,5295000.98618645,1153.594986097266
