loss,layer_idx,accuracy_score,f1_macro,f1_micro,balanced_accuracy_score,aic,aic_avg,bic,bic_avg,ebic,ebic_avg
10.594066124409437,56,0.9993464052287582,0.9993463245280827,0.9993464052287582,0.9993464052287581,9621.188132248819,2.0961194187905923,40493.037586910854,8.822012546167942,121866.20107711229,26.550370605035358
