loss,layer_idx,accuracy_score,f1_macro,f1_micro,balanced_accuracy_score,aic,aic_avg,bic,bic_avg,ebic,ebic_avg
64.71366292238235,68,0.9986928104575163,0.9986927656936686,0.9986928104575163,0.9986928104575163,326597.42732584476,71.1541236004019,1376458.9843846578,299.88213167421736,5295034.811126126,1153.6023553651692
