loss,layer_idx,accuracy_score,f1_macro,f1_micro,balanced_accuracy_score,aic_rep,aic_rep_avg,bic_rep,bic_rep_avg,ebic_rep,ebic_rep_avg,aic_cls,aic_cls_avg,bic_cls,bic_cls_avg,ebic_cls,ebic_cls_avg,aic_pr,aic_pr_avg,bic_pr,bic_pr_avg,ebic_pr,ebic_pr_avg
10.594066124409437,56,0.9993464052287582,0.9993463245280827,0.9993464052287582,0.9993464052287581,9621.188132248819,2.0961194187905923,40493.037586910854,8.822012546167942,121866.20107711229,26.550370605035358,326489.1881322488,71.13054207674266,1376350.7451910619,299.85855015055813,5294926.57193253,1153.5787738415097,39.13719078153372,0.008526621085301464,96.85809003933473,0.02110198040072652,136.24533420205017,0.02968307934685189
