loss,layer_idx,accuracy_score,f1_macro,f1_micro,balanced_accuracy_score,aic,aic_avg,bic,bic_avg,ebic,ebic_avg
26.7140873670578,30,0.9995642701525055,0.9995642462428342,0.9995642701525055,0.9995642701525055,326521.4281747341,71.13756605114033,1376382.9852335472,299.8655741249558,5294958.811975015,1153.5857978159074
