loss,layer_idx,accuracy_score,f1_macro,f1_micro,balanced_accuracy_score,aic_rep,aic_rep_avg,bic_rep,bic_rep_avg,ebic_rep,ebic_rep_avg,aic_cls,aic_cls_avg,bic_cls,bic_cls_avg,ebic_cls,ebic_cls_avg,aic_pr,aic_pr_avg,bic_pr,bic_pr_avg,ebic_pr,ebic_pr_avg
26.714082196354866,30,0.9995642701525055,0.9995642462428342,0.9995642701525055,0.9995642701525055,9653.42816439271,2.103143390935231,40525.277619054745,8.82903651831258,121898.44110925618,26.557394577179995,326521.4281643927,71.1375660488873,1376382.9852232058,299.86557412270275,5294958.811964674,1153.5857978136544,74.64175501465797,0.01626182026463137,142.86079418899303,0.031124356032460353,192.95657769901513,0.0420384700869314
