loss,layer_idx,accuracy_score,f1_macro,f1_micro,balanced_accuracy_score,aic,aic_avg,bic,bic_avg,ebic,ebic_avg
2422.667095184326,2,0.8553376906318083,0.8565719519010955,0.8553376906318083,0.8553376906318083,14445.334190368652,3.147131631888595,45317.18364503069,9.873024759265945,126690.34713523212,27.60138281813336
