loss,layer_idx,accuracy_score,f1_macro,f1_micro,balanced_accuracy_score,aic_rep,aic_rep_avg,bic_rep,bic_rep_avg,ebic_rep,ebic_rep_avg,aic_cls,aic_cls_avg,bic_cls,bic_cls_avg,ebic_cls,ebic_cls_avg,aic_pr,aic_pr_avg,bic_pr,bic_pr_avg,ebic_pr,ebic_pr_avg
78.70107105374336,24,0.998474945533769,0.9984748170137512,0.998474945533769,0.9984749455337691,9757.402142107487,2.125795673661762,40629.25159676952,8.851688801039112,122002.41508697096,26.580046859906528,326625.4021421075,71.16021833161383,1376486.9592009205,299.8882264054293,5295062.785942389,1153.608450096381,175.93013435602188,0.03832900530632285,235.51277887622214,0.051309973611377374,276.75860002220554,0.06029599129024086
