loss,layer_idx,accuracy_score,f1_macro,f1_micro,balanced_accuracy_score,aic,aic_avg,bic,bic_avg,ebic,ebic_avg
26.320776715874672,45,1.0,1.0,1.0,1.0,326520.64155343175,71.13739467395027,1376382.1986122448,299.86540274776576,5294958.025353713,1153.5856264387173
