loss,layer_idx,accuracy_score,f1_macro,f1_micro,balanced_accuracy_score,aic,aic_avg,bic,bic_avg,ebic,ebic_avg
343.839271068573,71,0.9860566448801743,0.9860565591501057,0.9860566448801743,0.9860566448801743,327155.67854213715,71.27574695907127,1377017.2356009502,300.0037550328868,5295593.062342418,1153.7239787238384
