loss,layer_idx,accuracy_score,f1_macro,f1_micro,balanced_accuracy_score,aic_rep,aic_rep_avg,bic_rep,bic_rep_avg,ebic_rep,ebic_rep_avg,aic_cls,aic_cls_avg,bic_cls,bic_cls_avg,ebic_cls,ebic_cls_avg,aic_pr,aic_pr_avg,bic_pr,bic_pr_avg,ebic_pr,ebic_pr_avg
239.28970354795456,67,0.9851851851851852,0.9852940846417326,0.9851851851851852,0.985185185185185,10078.57940709591,2.1957689340078232,40950.428861757944,8.921662061385174,122323.59235195938,26.650020120252588,326946.5794070959,71.2301915919599,1376808.136465909,299.9581996657754,5295383.963207377,1153.678423356727,497.7417434453964,0.10844046698156785,559.3643229225809,0.12186586556047513,602.6673606491349,0.13130007857279627
