loss,layer_idx,accuracy_score,f1_macro,f1_micro,balanced_accuracy_score,aic,aic_avg,bic,bic_avg,ebic,ebic_avg
35.310678562149405,69,0.9991285403050109,0.9991284566157494,0.9991285403050109,0.9991285403050109,326538.6213571243,71.14131184251075,1376400.1784159373,299.8693199163262,5294976.0051574055,1153.5895436072778
