loss,layer_idx,accuracy_score,f1_macro,f1_micro,balanced_accuracy_score,aic,aic_avg,bic,bic_avg,ebic,ebic_avg
411.3365145921707,11,0.9830065359477124,0.9830443221165391,0.9830065359477124,0.9830065359477125,10422.673029184341,2.2707348647460437,41294.52248384638,8.996627992123393,122667.68597404781,26.724986050990807
