loss,layer_idx,accuracy_score,f1_macro,f1_micro,balanced_accuracy_score,aic_rep,aic_rep_avg,bic_rep,bic_rep_avg,ebic_rep,ebic_rep_avg,aic_cls,aic_cls_avg,bic_cls,bic_cls_avg,ebic_cls,ebic_cls_avg,aic_pr,aic_pr_avg,bic_pr,bic_pr_avg,ebic_pr,ebic_pr_avg
411.3365145921707,11,0.9830065359477124,0.9830443221165391,0.9830065359477124,0.9830065359477125,10422.673029184341,2.2707348647460437,41294.52248384638,8.996627992123393,122667.68597404781,26.724986050990807,327290.67302918434,71.30515752269811,1377152.2300879974,300.0331655965136,5295728.056829466,1153.7533892874653,839.3043978214264,0.18285498863211905,892.7878466536217,0.19450715613368666,928.0154690361114,0.20218201939784564
