loss,layer_idx,accuracy_score,f1_macro,f1_micro,balanced_accuracy_score,aic,aic_avg,bic,bic_avg,ebic,ebic_avg
739.5091371536255,9,0.9583877995642701,0.9583486336227625,0.9583877995642701,0.95838779956427,327947.01827430725,71.4481521294787,1377808.5753331203,300.17616020329416,5296384.402074588,1153.896383894246
