loss,layer_idx,accuracy_score,f1_macro,f1_micro,balanced_accuracy_score,aic,aic_avg,bic,bic_avg,ebic,ebic_avg
404.45142471790314,12,0.9838779956427015,0.9838139457441971,0.9838779956427015,0.9838779956427014,327276.9028494358,71.30215748353721,1377138.4599082489,300.0301655573527,5295714.286649717,1153.7503892483044
