loss,layer_idx,accuracy_score,f1_macro,f1_micro,balanced_accuracy_score,aic,aic_avg,bic,bic_avg,ebic,ebic_avg
26.950174257159233,42,1.0,1.0,1.0,1.0,326521.9003485143,71.13766892124495,1376383.4574073274,299.8656769950604,5294959.2841487955,1153.585900686012
