loss,layer_idx,accuracy_score,f1_macro,f1_micro,balanced_accuracy_score,aic,aic_avg,bic,bic_avg,ebic,ebic_avg
159.96143358945847,27,0.9973856209150327,0.9973837646474599,0.9973856209150327,0.9973856209150325,326787.9228671789,71.19562589698887,1376649.479925992,299.92363397080436,5295225.30666746,1153.643857661756
