loss,layer_idx,accuracy_score,f1_macro,f1_micro,balanced_accuracy_score,aic,aic_avg,bic,bic_avg,ebic,ebic_avg
29.348000049591064,37,1.0,1.0,1.0,1.0,326526.6960000992,71.1387137255118,1376388.2530589122,299.8667217993273,5294964.07980038,1153.586945490279
