loss,layer_idx,accuracy_score,f1_macro,f1_micro,balanced_accuracy_score,aic,aic_avg,bic,bic_avg,ebic,ebic_avg
404.4514025449753,12,0.9838779956427015,0.9838139457441971,0.9838779956427015,0.9838779956427014,10408.90280508995,2.2677348159237365,41280.752259751986,8.993627943301087,122653.91574995342,26.7219860021685
