loss,layer_idx,accuracy_score,f1_macro,f1_micro,balanced_accuracy_score,aic,aic_avg,bic,bic_avg,ebic,ebic_avg
16.03335127979517,41,1.0,1.0,1.0,1.0,9632.06670255959,2.098489477681828,40503.916157221625,8.824382605059178,121877.07964742306,26.552740663926592
