loss,layer_idx,accuracy_score,f1_macro,f1_micro,balanced_accuracy_score,aic_rep,aic_rep_avg,bic_rep,bic_rep_avg,ebic_rep,ebic_rep_avg,aic_cls,aic_cls_avg,bic_cls,bic_cls_avg,ebic_cls,ebic_cls_avg,aic_pr,aic_pr_avg,bic_pr,bic_pr_avg,ebic_pr,ebic_pr_avg
18.617398373782635,59,1.0,1.0,1.0,1.0,9637.234796747565,2.09961542412801,40509.0842514096,8.82550855150536,121882.24774161103,26.553866610372776,326505.23479674757,71.13403808208008,1376366.7918555606,299.86204615589554,5294942.618597029,1153.5822698468473,55.329004511237144,0.01205424934885341,113.51667722805539,0.024731302228334508,153.36817087878987,0.03341354485376686
