loss,layer_idx,accuracy_score,f1_macro,f1_micro,balanced_accuracy_score,aic,aic_avg,bic,bic_avg,ebic,ebic_avg
23.00749947875738,66,0.9993464052287582,0.9993463245280827,0.9993464052287582,0.9993464052287581,326514.0149989575,71.13595098016503,1376375.5720577706,299.8639590539805,5294951.398799239,1153.5841827449321
