loss,layer_idx,accuracy_score,f1_macro,f1_micro,balanced_accuracy_score,aic,aic_avg,bic,bic_avg,ebic,ebic_avg
29.38983118534088,31,0.9997821350762527,0.9997821320876668,0.9997821350762527,0.9997821350762528,326526.7796623707,71.1387319525862,1376388.3367211837,299.86674002640166,5294964.163462652,1153.5869637173535
