loss,layer_idx,accuracy_score,f1_macro,f1_micro,balanced_accuracy_score,aic,aic_avg,bic,bic_avg,ebic,ebic_avg
78.70106729865074,24,0.998474945533769,0.9984748170137512,0.998474945533769,0.9984749455337691,326625.4021345973,71.16021832997762,1376486.9591934104,299.8882264037931,5295062.7859348785,1153.6084500947447
