loss,layer_idx,accuracy_score,f1_macro,f1_micro,balanced_accuracy_score,aic_rep,aic_rep_avg,bic_rep,bic_rep_avg,ebic_rep,ebic_rep_avg,aic_cls,aic_cls_avg,bic_cls,bic_cls_avg,ebic_cls,ebic_cls_avg,aic_pr,aic_pr_avg,bic_pr,bic_pr_avg,ebic_pr,ebic_pr_avg
16.8079125136137,32,1.0,1.0,1.0,1.0,9633.615825027227,2.098826977130115,40505.46527968926,8.824720104507465,121878.6287698907,26.55307816337488,326501.6158250272,71.13324963508218,1376363.1728838403,299.86125770889765,5294938.999625308,1153.5814813998493,56.014163345098495,0.012203521425947385,128.04313507258854,0.027896107858951753,182.15392936976428,0.03968495193241052
