loss,layer_idx,accuracy_score,f1_macro,f1_micro,balanced_accuracy_score,aic,aic_avg,bic,bic_avg,ebic,ebic_avg
10.915264204144478,58,1.0,1.0,1.0,1.0,326489.8305284083,71.13068203233296,1376351.3875872213,299.85869010614846,5294927.2143286895,1153.5789137971
