loss,layer_idx,accuracy_score,f1_macro,f1_micro,balanced_accuracy_score,aic,aic_avg,bic,bic_avg,ebic,ebic_avg
86.68999534845352,26,0.9962962962962963,0.9962944706526007,0.9962962962962963,0.9962962962962962,9773.379990696907,2.1292766864263415,40645.22944535894,8.855169813803691,122018.39293556038,26.583527872671105
