loss,layer_idx,accuracy_score,f1_macro,f1_micro,balanced_accuracy_score,aic_rep,aic_rep_avg,bic_rep,bic_rep_avg,ebic_rep,ebic_rep_avg,aic_cls,aic_cls_avg,bic_cls,bic_cls_avg,ebic_cls,ebic_cls_avg,aic_pr,aic_pr_avg,bic_pr,bic_pr_avg,ebic_pr,ebic_pr_avg
46.07288098335266,35,0.9995642701525055,0.9995642462428342,0.9995642701525055,0.9995642701525055,9692.145761966705,2.1115785973783674,40563.99521662874,8.837471724755718,121937.15870683017,26.565829783623133,326560.1457619667,71.14600125533043,1376421.7028207798,299.8740093291459,5294997.529562248,1153.5942330200976,115.22226572036743,0.025102890135156302,189.43209382692993,0.04127060867689105,245.86955469423782,0.053566351785237
