loss,layer_idx,accuracy_score,f1_macro,f1_micro,balanced_accuracy_score,aic_rep,aic_rep_avg,bic_rep,bic_rep_avg,ebic_rep,ebic_rep_avg,aic_cls,aic_cls_avg,bic_cls,bic_cls_avg,ebic_cls,ebic_cls_avg,aic_pr,aic_pr_avg,bic_pr,bic_pr_avg,ebic_pr,ebic_pr_avg
9.125342059880495,62,0.9995642701525055,0.9995642462428342,0.9995642701525055,0.9995642701525055,9618.250684119761,2.0954794518779436,40490.100138781796,8.821372579255293,121863.26362898323,26.549730638122707,326486.25068411976,71.12990210983001,1376347.8077429328,299.8579101836455,5294923.634484401,1153.5781338745971,34.89936766773462,0.007603348075759177,88.43849809600032,0.019267646644008783,123.7201221779769,0.026954274984308694
