loss,layer_idx,accuracy_score,f1_macro,f1_micro,balanced_accuracy_score,aic,aic_avg,bic,bic_avg,ebic,ebic_avg
12.198221191763878,60,1.0,1.0,1.0,1.0,326492.3964423835,71.13124105498552,1376353.9535011966,299.859249128801,5294929.780242665,1153.5794728197527
