loss,layer_idx,accuracy_score,f1_macro,f1_micro,balanced_accuracy_score,aic,aic_avg,bic,bic_avg,ebic,ebic_avg
366.38614571094513,6,0.9810457516339869,0.9810093593001826,0.9810457516339869,0.9810457516339869,327200.7722914219,71.28557130532067,1377062.329350235,300.01357937913616,5295638.156091703,1153.7338030700878
