loss,layer_idx,accuracy_score,f1_macro,f1_micro,balanced_accuracy_score,aic,aic_avg,bic,bic_avg,ebic,ebic_avg
234.7321718931198,19,0.9915032679738562,0.9914826004287903,0.9915032679738562,0.9915032679738561,326937.46434378624,71.22820573938698,1376799.0214025993,299.95621381320245,5295374.848144067,1153.6764375041541
