loss,layer_idx,accuracy_score,f1_macro,f1_micro,balanced_accuracy_score,aic,aic_avg,bic,bic_avg,ebic,ebic_avg
172.59195679426193,17,0.9915032679738562,0.9915245976411465,0.9915032679738562,0.9915032679738561,326813.1839135885,71.20112939293868,1376674.7409724016,299.9291374667541,5295250.56771387,1153.649361157706
