loss,layer_idx,accuracy_score,f1_macro,f1_micro,balanced_accuracy_score,aic_rep,aic_rep_avg,bic_rep,bic_rep_avg,ebic_rep,ebic_rep_avg,aic_cls,aic_cls_avg,bic_cls,bic_cls_avg,ebic_cls,ebic_cls_avg,aic_pr,aic_pr_avg,bic_pr,bic_pr_avg,ebic_pr,ebic_pr_avg
104.32332870364189,63,0.9969498910675382,0.9969536652868212,0.9969498910675382,0.9969498910675382,9808.646657407284,2.136960056080018,40680.49611206932,8.862853183457368,122053.65960227075,26.591211242324782,326676.6466574073,71.17138271403209,1376538.2037162203,299.89939078784755,5295114.0304576885,1153.6196144787993,227.272378385067,0.04951467938672483,287.16930067784443,0.06256411779473735,328.73066365775804,0.07161888097118911
