loss,layer_idx,accuracy_score,f1_macro,f1_micro,balanced_accuracy_score,aic_rep,aic_rep_avg,bic_rep,bic_rep_avg,ebic_rep,ebic_rep_avg,aic_cls,aic_cls_avg,bic_cls,bic_cls_avg,ebic_cls,ebic_cls_avg,aic_pr,aic_pr_avg,bic_pr,bic_pr_avg,ebic_pr,ebic_pr_avg
35.31067709811032,69,0.9991285403050109,0.9991284566157494,0.9991285403050109,0.9991285403050109,9670.62135419622,2.106889183920745,40542.470808858256,8.832782311298095,121915.63429905969,26.56114037016551,326538.6213541962,71.14131184187282,1376400.1784130093,299.8693199156883,5294976.005154477,1153.58954360664,90.72471723333001,0.01976573360203268,155.3734669431277,0.03385042852791453,201.7668014169675,0.04395790880543954
