loss,layer_idx,accuracy_score,f1_macro,f1_micro,balanced_accuracy_score,aic_rep,aic_rep_avg,bic_rep,bic_rep_avg,ebic_rep,ebic_rep_avg,aic_cls,aic_cls_avg,bic_cls,bic_cls_avg,ebic_cls,ebic_cls_avg,aic_pr,aic_pr_avg,bic_pr,bic_pr_avg,ebic_pr,ebic_pr_avg
89.16056823730469,10,0.9967320261437909,0.9967315688232307,0.9967320261437909,0.9967320261437908,9778.32113647461,2.130353188774425,40650.170591136644,8.856246316151774,122023.33408133808,26.58460437501919,326646.3211364746,71.1647758467265,1376507.8781952877,299.892783920542,5295083.704936756,1153.6130076114937,193.94415855407715,0.04225362931461376,244.1849487274303,0.053199335234734274,276.29960943868673,0.060195993341761816
