loss,layer_idx,accuracy_score,f1_macro,f1_micro,balanced_accuracy_score,aic,aic_avg,bic,bic_avg,ebic,ebic_avg
18.617394529283047,59,1.0,1.0,1.0,1.0,326505.23478905857,71.13403808040492,1376366.7918478716,299.8620461542204,5294942.61858934,1153.582269845172
