loss,layer_idx,accuracy_score,f1_macro,f1_micro,balanced_accuracy_score,aic_rep,aic_rep_avg,bic_rep,bic_rep_avg,ebic_rep,ebic_rep_avg,aic_cls,aic_cls_avg,bic_cls,bic_cls_avg,ebic_cls,ebic_cls_avg,aic_pr,aic_pr_avg,bic_pr,bic_pr_avg,ebic_pr,ebic_pr_avg
26.950178384780884,42,1.0,1.0,1.0,1.0,9653.900356769562,2.103246265091408,40525.7498114316,8.829139392468758,121898.91330163303,26.55749745133617,326521.90035676956,71.13766892304348,1376383.4574155826,299.86567699685895,5294959.284157051,1153.5859006878106,75.93141222000122,0.016542791333333598,146.77926921930106,0.03197805429614402,199.63850879252954,0.043494228495104474
