loss,layer_idx,accuracy_score,f1_macro,f1_micro,balanced_accuracy_score,aic_rep,aic_rep_avg,bic_rep,bic_rep_avg,ebic_rep,ebic_rep_avg,aic_cls,aic_cls_avg,bic_cls,bic_cls_avg,ebic_cls,ebic_cls_avg,aic_pr,aic_pr_avg,bic_pr,bic_pr_avg,ebic_pr,ebic_pr_avg
54.554518431425095,36,0.9989106753812637,0.9989105707709167,0.9989106753812637,0.9989106753812635,9709.10903686285,2.1152742999701197,40580.958491524885,8.84116742734747,121954.12198172632,26.569525486214886,326577.10903686285,71.14969695792219,1376438.666095676,299.87770503173766,5295014.492837144,1153.5979287226894,131.70537132024765,0.028693980679792515,204.37106252816085,0.04452528595384768,259.15905371923947,0.05646166747695849
