loss,layer_idx,accuracy_score,f1_macro,f1_micro,balanced_accuracy_score,aic,aic_avg,bic,bic_avg,ebic,ebic_avg
2422.6671028137207,2,0.8553376906318083,0.8565719519010955,0.8553376906318083,0.8553376906318083,331313.33420562744,72.18155429316502,1381174.8912644405,300.9095623669805,5299750.718005909,1154.6297860579323
