loss,layer_idx,accuracy_score,f1_macro,f1_micro,balanced_accuracy_score,aic,aic_avg,bic,bic_avg,ebic,ebic_avg
73.53667044639587,48,0.998474945533769,0.9984742967005477,0.998474945533769,0.9984749455337691,9747.073340892792,2.1235453901727217,40618.92279555483,8.849438517550071,121992.08628575626,26.577796576417487
