loss,layer_idx,accuracy_score,f1_macro,f1_micro,balanced_accuracy_score,aic_rep,aic_rep_avg,bic_rep,bic_rep_avg,ebic_rep,ebic_rep_avg,aic_cls,aic_cls_avg,bic_cls,bic_cls_avg,ebic_cls,ebic_cls_avg,aic_pr,aic_pr_avg,bic_pr,bic_pr_avg,ebic_pr,ebic_pr_avg
47.80118628963828,21,0.9982570806100218,0.9982568952989995,0.9982570806100218,0.9982570806100216,9695.602372579277,2.112331671585899,40567.45182724131,8.838224798963248,121940.61531744275,26.566582857830664,326563.6023725793,71.14675432953797,1376425.1594313923,299.87476240335343,5295000.9861728605,1153.594986094305,112.22367041558027,0.024449601397729906,165.6747333888582,0.036094713156613986,200.87095879336428,0.043762736120558664
