loss,layer_idx,accuracy_score,f1_macro,f1_micro,balanced_accuracy_score,aic_rep,aic_rep_avg,bic_rep,bic_rep_avg,ebic_rep,ebic_rep_avg,aic_cls,aic_cls_avg,bic_cls,bic_cls_avg,ebic_cls,ebic_cls_avg,aic_pr,aic_pr_avg,bic_pr,bic_pr_avg,ebic_pr,ebic_pr_avg
2422.667095184326,2,0.8553376906318083,0.8565719519010955,0.8553376906318083,0.8553376906318083,14445.334190368652,3.147131631888595,45317.18364503069,9.873024759265945,126690.34713523212,27.60138281813336,331313.33419036865,72.18155428984066,1381174.8912491817,300.90956236365616,5299750.71799065,1154.6297860546078,4855.8444480896,1.0579181804116775,4889.643520390723,1.0652818127212904,4907.082187119143,1.0690810865183318
