loss,layer_idx,accuracy_score,f1_macro,f1_micro,balanced_accuracy_score,aic,aic_avg,bic,bic_avg,ebic,ebic_avg
16.033349685370922,41,1.0,1.0,1.0,1.0,326500.06669937074,71.13291213493916,1376361.6237581838,299.86092020875464,5294937.450499652,1153.5811438997064
