loss,layer_idx,accuracy_score,f1_macro,f1_micro,balanced_accuracy_score,aic_rep,aic_rep_avg,bic_rep,bic_rep_avg,ebic_rep,ebic_rep_avg,aic_cls,aic_cls_avg,bic_cls,bic_cls_avg,ebic_cls,ebic_cls_avg,aic_pr,aic_pr_avg,bic_pr,bic_pr_avg,ebic_pr,ebic_pr_avg
8.975849971175194,52,1.0,1.0,1.0,1.0,9617.95169994235,2.09541431371293,40489.801154604385,8.82130744109028,121862.96464480582,26.549665499957694,326485.95169994235,71.129836971665,1376347.5087587554,299.8578450454805,5294923.335500224,1153.5780687364322,35.20260402560234,0.00766941264174343,90.67836588132828,0.019755635268263242,127.84918985797681,0.027853853999559218
