loss,layer_idx,accuracy_score,f1_macro,f1_micro,balanced_accuracy_score,aic_rep,aic_rep_avg,bic_rep,bic_rep_avg,ebic_rep,ebic_rep_avg,aic_cls,aic_cls_avg,bic_cls,bic_cls_avg,ebic_cls,ebic_cls_avg,aic_pr,aic_pr_avg,bic_pr,bic_pr_avg,ebic_pr,ebic_pr_avg
342.005452811718,16,0.979520697167756,0.9796058898050106,0.979520697167756,0.979520697167756,10284.010905623436,2.2405252517698115,41155.86036028547,8.96641837914716,122529.0238504869,26.694776438014575,327152.01090562344,71.27494790972189,1377013.5679644365,300.00295598353733,5295589.394705905,1153.723179674489,701.1637204885483,0.1527589804985944,756.3240453051562,0.1647764804586397,793.1857049709597,0.17280734313092805
