loss,layer_idx,accuracy_score,f1_macro,f1_micro,balanced_accuracy_score,aic_rep,aic_rep_avg,bic_rep,bic_rep_avg,ebic_rep,ebic_rep_avg,aic_cls,aic_cls_avg,bic_cls,bic_cls_avg,ebic_cls,ebic_cls_avg,aic_pr,aic_pr_avg,bic_pr,bic_pr_avg,ebic_pr,ebic_pr_avg
30.755368188023567,44,1.0,1.0,1.0,1.0,9661.510736376047,2.1049042998640624,40533.36019103808,8.830797427241412,121906.52368123952,26.55915548610883,326529.51073637605,71.13932695781614,1376391.067795189,299.8673350316316,5294966.894536657,1153.5875587225833,81.2990702688694,0.017712215744851722,144.93474369572309,0.0315761968835998,190.28852567204908,0.04145719513552267
