loss,layer_idx,accuracy_score,f1_macro,f1_micro,balanced_accuracy_score,aic,aic_avg,bic,bic_avg,ebic,ebic_avg
342.005452811718,16,0.979520697167756,0.9796058898050106,0.979520697167756,0.979520697167756,10284.010905623436,2.2405252517698115,41155.86036028547,8.96641837914716,122529.0238504869,26.694776438014575
