loss,layer_idx,accuracy_score,f1_macro,f1_micro,balanced_accuracy_score,aic,aic_avg,bic,bic_avg,ebic,ebic_avg
86.69000512361526,26,0.9962962962962963,0.9962944706526007,0.9962962962962963,0.9962962962962962,326641.38001024723,71.16369934863773,1376502.9370690603,299.89170742245324,5295078.763810528,1153.6119311134048
