loss,layer_idx,accuracy_score,f1_macro,f1_micro,balanced_accuracy_score,aic,aic_avg,bic,bic_avg,ebic,ebic_avg
411.33652156591415,11,0.9830065359477124,0.9830443221165391,0.9830065359477124,0.9830065359477125,327290.6730431318,71.30515752573679,1377152.2301019449,300.03316559955226,5295728.056843413,1153.753389290504
