loss,layer_idx,accuracy_score,f1_macro,f1_micro,balanced_accuracy_score,aic,aic_avg,bic,bic_avg,ebic,ebic_avg
1420.6054639816284,3,0.9080610021786493,0.908032567103638,0.9080610021786493,0.9080610021786493,329309.21092796326,71.74492612809657,1379170.7679867763,300.47293420191204,5297746.5947282445,1154.1931578928636
