loss,layer_idx,accuracy_score,f1_macro,f1_micro,balanced_accuracy_score,aic,aic_avg,bic,bic_avg,ebic,ebic_avg
496.70003271102905,7,0.9690631808278867,0.9692812235027721,0.9690631808278867,0.9690631808278868,327461.40006542206,71.34235295542965,1377322.957124235,300.07036102924513,5295898.783865703,1153.7905847201969
