loss,layer_idx,accuracy_score,f1_macro,f1_micro,balanced_accuracy_score,aic_rep,aic_rep_avg,bic_rep,bic_rep_avg,ebic_rep,ebic_rep_avg,aic_cls,aic_cls_avg,bic_cls,bic_cls_avg,ebic_cls,ebic_cls_avg,aic_pr,aic_pr_avg,bic_pr,bic_pr_avg,ebic_pr,ebic_pr_avg
288.8106746673584,61,0.9906318082788671,0.9906383893257326,0.9906318082788671,0.9906318082788672,10177.621349334717,2.2173466992014634,41049.47080399675,8.943239826578813,122422.63429419819,26.67159788544623,327045.6213493347,71.25176935715353,1376907.1784081478,299.979777430969,5295483.005149616,1153.7000011219206,596.4128513336182,0.12993744037769459,656.8428951603956,0.14310302726806004,698.9406984798067,0.15227466197817138
