loss,layer_idx,accuracy_score,f1_macro,f1_micro,balanced_accuracy_score,aic_rep,aic_rep_avg,bic_rep,bic_rep_avg,ebic_rep,ebic_rep_avg,aic_cls,aic_cls_avg,bic_cls,bic_cls_avg,ebic_cls,ebic_cls_avg,aic_pr,aic_pr_avg,bic_pr,bic_pr_avg,ebic_pr,ebic_pr_avg
17.931819781661034,57,1.0,1.0,1.0,1.0,9635.863639563322,2.099316697072619,40507.71309422536,8.825209824449969,121880.87658442679,26.553567883317385,326503.8636395633,71.13373935502469,1376365.4206983764,299.86174742884015,5294941.2474398445,1153.581971119792,53.333162039518356,0.011619425280940818,109.51196078222321,0.023858814985233814,147.37384402595464,0.032107591291057655
