loss,layer_idx,accuracy_score,f1_macro,f1_micro,balanced_accuracy_score,aic,aic_avg,bic,bic_avg,ebic,ebic_avg
54.55451872944832,36,0.9989106753812637,0.9989105707709167,0.9989106753812637,0.9989106753812635,326577.1090374589,71.14969695805205,1376438.666096272,299.87770503186755,5295014.49283774,1153.5979287228192
