loss,layer_idx,accuracy_score,f1_macro,f1_micro,balanced_accuracy_score,aic_rep,aic_rep_avg,bic_rep,bic_rep_avg,ebic_rep,ebic_rep_avg,aic_cls,aic_cls_avg,bic_cls,bic_cls_avg,ebic_cls,ebic_cls_avg,aic_pr,aic_pr_avg,bic_pr,bic_pr_avg,ebic_pr,ebic_pr_avg
17.538003139197826,54,0.9995642701525055,0.9995642462428342,0.9995642701525055,0.9995642701525055,9635.076006278396,2.0991450994070577,40506.92546094043,8.825038226784407,121880.08895114186,26.55339628565182,326503.0760062784,71.13356775735913,1376364.6330650914,299.8615758311746,5294940.45980656,1153.5817995221262,53.79434810578823,0.011719901548102011,113.98912216163897,0.024834231407764484,155.8500119796563,0.03395425097595998
