loss,layer_idx,accuracy_score,f1_macro,f1_micro,balanced_accuracy_score,aic_rep,aic_rep_avg,bic_rep,bic_rep_avg,ebic_rep,ebic_rep_avg,aic_cls,aic_cls_avg,bic_cls,bic_cls_avg,ebic_cls,ebic_cls_avg,aic_pr,aic_pr_avg,bic_pr,bic_pr_avg,ebic_pr,ebic_pr_avg
398.1911635398865,5,0.983442265795207,0.9834919702344053,0.983442265795207,0.983442265795207,10396.382327079773,2.26500704293677,41268.23178174181,8.99090017031412,122641.39527194324,26.719258229181534,327264.3823270798,71.29942970088884,1377125.9393858928,300.0274377747043,5295701.766127361,1153.747661465656,810.5373582839966,0.176587659756862,856.0573574884586,0.18650487091251822,883.7576637304676,0.19253979601970972
