loss,layer_idx,accuracy_score,f1_macro,f1_micro,balanced_accuracy_score,aic_rep,aic_rep_avg,bic_rep,bic_rep_avg,ebic_rep,ebic_rep_avg,aic_cls,aic_cls_avg,bic_cls,bic_cls_avg,ebic_cls,ebic_cls_avg,aic_pr,aic_pr_avg,bic_pr,bic_pr_avg,ebic_pr,ebic_pr_avg
16.803361967206,51,1.0,1.0,1.0,1.0,9633.606723934412,2.0988249943212227,40505.45617859645,8.824718121698572,121878.61966879788,26.553076180565988,326501.6067239344,71.1332476522733,1376363.1637827475,299.86125572608876,5294938.990524216,1153.5814794170403,50.887046962976456,0.011086502606312953,106.45741478232765,0.02319333655388402,143.7210694368149,0.03131177983372874
