loss,layer_idx,accuracy_score,f1_macro,f1_micro,balanced_accuracy_score,aic_rep,aic_rep_avg,bic_rep,bic_rep_avg,ebic_rep,ebic_rep_avg,aic_cls,aic_cls_avg,bic_cls,bic_cls_avg,ebic_cls,ebic_cls_avg,aic_pr,aic_pr_avg,bic_pr,bic_pr_avg,ebic_pr,ebic_pr_avg
186.6132269501686,14,0.9904139433551198,0.9904056564354529,0.9904139433551198,0.9904139433551197,9973.226453900337,2.1728162208933197,40845.07590856237,8.89870934827067,122218.2393987638,26.627067407138085,326841.22645390034,71.20723887884539,1376702.7835127134,299.93524695266086,5295278.610254182,1153.6554706436125,390.5926457643509,0.08509643698569737,446.4391521004558,0.09726343183016466,483.97405966099575,0.10544097160370278
