loss,layer_idx,accuracy_score,f1_macro,f1_micro,balanced_accuracy_score,aic_rep,aic_rep_avg,bic_rep,bic_rep_avg,ebic_rep,ebic_rep_avg,aic_cls,aic_cls_avg,bic_cls,bic_cls_avg,ebic_cls,ebic_cls_avg,aic_pr,aic_pr_avg,bic_pr,bic_pr_avg,ebic_pr,ebic_pr_avg
366.3860958814621,6,0.9810457516339869,0.9810093593001826,0.9810457516339869,0.9810457516339869,10332.772191762924,2.2511486256564104,41204.62164642496,8.97704175303376,122577.7851366264,26.705399811901174,327200.7721917629,71.28557128360848,1377062.329250576,300.01357935742396,5295638.155992044,1153.7338030483756,747.7828605175018,0.16291565588616597,796.0544340597019,0.17343233857509843,826.3101486423209,0.18002399752556011
