loss,layer_idx,accuracy_score,f1_macro,f1_micro,balanced_accuracy_score,aic_rep,aic_rep_avg,bic_rep,bic_rep_avg,ebic_rep,ebic_rep_avg,aic_cls,aic_cls_avg,bic_cls,bic_cls_avg,ebic_cls,ebic_cls_avg,aic_pr,aic_pr_avg,bic_pr,bic_pr_avg,ebic_pr,ebic_pr_avg
93.81774741411209,22,0.9965141612200435,0.9965174077673344,0.9965141612200435,0.9965141612200435,9787.635494828224,2.1323824607468898,40659.48494949026,8.85827558812424,122032.6484396917,26.586633646991654,326655.6354948282,71.16680511869896,1376517.1925536413,299.89481319251445,5295093.019295109,1153.615036883466,205.11101591587067,0.04468649584223762,261.3091050991617,0.05693008825689797,299.18998894178833,0.06518300412675126
