loss,layer_idx,accuracy_score,f1_macro,f1_micro,balanced_accuracy_score,aic,aic_avg,bic,bic_avg,ebic,ebic_avg
288.8106691837311,61,0.9906318082788671,0.9906383893257326,0.9906318082788671,0.9906318082788672,327045.62133836746,71.25176935476415,1376907.1783971805,299.9797774285796,5295483.005138649,1153.7000011195314
