loss,layer_idx,accuracy_score,f1_macro,f1_micro,balanced_accuracy_score,aic,aic_avg,bic,bic_avg,ebic,ebic_avg
5019.322452545166,1,0.6586056644880174,0.6569003512823535,0.6586056644880174,0.6586056644880174,336506.64490509033,73.31299453269942,1386368.2019639034,302.0410026065149,5304944.028705372,1155.7612262974665
