loss,layer_idx,accuracy_score,f1_macro,f1_micro,balanced_accuracy_score,aic,aic_avg,bic,bic_avg,ebic,ebic_avg
5.83363251760602,55,1.0,1.0,1.0,1.0,326479.6672650352,71.12846781373317,1376341.2243238483,299.85647588754864,5294917.051065316,1153.5766995785002
