loss,layer_idx,accuracy_score,f1_macro,f1_micro,balanced_accuracy_score,aic_rep,aic_rep_avg,bic_rep,bic_rep_avg,ebic_rep,ebic_rep_avg,aic_cls,aic_cls_avg,bic_cls,bic_cls_avg,ebic_cls,ebic_cls_avg,aic_pr,aic_pr_avg,bic_pr,bic_pr_avg,ebic_pr,ebic_pr_avg
24.923574462532997,43,1.0,1.0,1.0,1.0,9649.847148925066,2.102363213273435,40521.6966035871,8.828256340650784,121894.86009378853,26.5566143995182,326517.84714892507,71.1367858712255,1376379.404207738,299.86479394504096,5294955.230949206,1153.5850176359927,70.62063220143318,0.015385758649549712,137.42436640528186,0.029939949107904543,186.04533048140812,0.04053275173886887
