loss,layer_idx,accuracy_score,f1_macro,f1_micro,balanced_accuracy_score,aic_rep,aic_rep_avg,bic_rep,bic_rep_avg,ebic_rep,ebic_rep_avg,aic_cls,aic_cls_avg,bic_cls,bic_cls_avg,ebic_cls,ebic_cls_avg,aic_pr,aic_pr_avg,bic_pr,bic_pr_avg,ebic_pr,ebic_pr_avg
16.03335127979517,41,1.0,1.0,1.0,1.0,9632.06670255959,2.098489477681828,40503.916157221625,8.824382605059178,121877.07964742306,26.552740663926592,326500.0667025596,71.1329121356339,1376361.6237613726,299.8609202094494,5294937.450502841,1153.581143900401,55.11813040077686,0.012008307276857704,129.24731894537223,0.02815845728657347,185.59839121005012,0.0404353793485948
