loss,layer_idx,accuracy_score,f1_macro,f1_micro,balanced_accuracy_score,aic_rep,aic_rep_avg,bic_rep,bic_rep_avg,ebic_rep,ebic_rep_avg,aic_cls,aic_cls_avg,bic_cls,bic_cls_avg,ebic_cls,ebic_cls_avg,aic_pr,aic_pr_avg,bic_pr,bic_pr_avg,ebic_pr,ebic_pr_avg
221.74070519208908,20,0.9891067538126361,0.9891114325216637,0.9891067538126361,0.989106753812636,10043.481410384178,2.18812231163054,40915.33086504621,8.914015439007889,122288.49435524765,26.642373497875305,326911.4814103842,71.22254496958261,1376773.0384691972,299.9505530433981,5295348.865210665,1153.6707767343498,460.2199395895004,0.10026578204564279,514.047997268581,0.11199302772735968,549.6101086169349,0.11974076440456098
