loss,layer_idx,accuracy_score,f1_macro,f1_micro,balanced_accuracy_score,aic,aic_avg,bic,bic_avg,ebic,ebic_avg
24.159171119332314,53,1.0,1.0,1.0,1.0,326516.31834223866,71.13645279787335,1376377.8754010517,299.86446087168883,5294953.70214252,1153.5846845626404
