loss,layer_idx,accuracy_score,f1_macro,f1_micro,balanced_accuracy_score,aic,aic_avg,bic,bic_avg,ebic,ebic_avg
239.28970623016357,67,0.9851851851851852,0.9852940846417326,0.9851851851851852,0.985185185185185,326946.5794124603,71.23019159312861,1376808.1364712734,299.9581996669441,5295383.963212742,1153.6784233578958
