loss,layer_idx,accuracy_score,f1_macro,f1_micro,balanced_accuracy_score,aic,aic_avg,bic,bic_avg,ebic,ebic_avg
78.70107105374336,24,0.998474945533769,0.9984748170137512,0.998474945533769,0.9984749455337691,9757.402142107487,2.125795673661762,40629.25159676952,8.851688801039112,122002.41508697096,26.580046859906528
