loss,layer_idx,accuracy_score,f1_macro,f1_micro,balanced_accuracy_score,aic,aic_avg,bic,bic_avg,ebic,ebic_avg
239.28970354795456,67,0.9851851851851852,0.9852940846417326,0.9851851851851852,0.985185185185185,10078.57940709591,2.1957689340078232,40950.428861757944,8.921662061385174,122323.59235195938,26.650020120252588
