loss,layer_idx,accuracy_score,f1_macro,f1_micro,balanced_accuracy_score,aic_rep,aic_rep_avg,bic_rep,bic_rep_avg,ebic_rep,ebic_rep_avg,aic_cls,aic_cls_avg,bic_cls,bic_cls_avg,ebic_cls,ebic_cls_avg,aic_pr,aic_pr_avg,bic_pr,bic_pr_avg,ebic_pr,ebic_pr_avg
10.91526047885418,58,1.0,1.0,1.0,1.0,9621.830520957708,2.096259372757671,40493.67997561974,8.82215250013502,121866.84346582118,26.550510559002436,326489.8305209577,71.13068203070974,1376351.3875797708,299.85869010452524,5294927.214321239,1153.5789137954769,39.40568193793297,0.008585115890617204,95.92419484657303,0.020898517395767546,134.12098408472565,0.029220257970528463
