loss,layer_idx,accuracy_score,f1_macro,f1_micro,balanced_accuracy_score,aic_rep,aic_rep_avg,bic_rep,bic_rep_avg,ebic_rep,ebic_rep_avg,aic_cls,aic_cls_avg,bic_cls,bic_cls_avg,ebic_cls,ebic_cls_avg,aic_pr,aic_pr_avg,bic_pr,bic_pr_avg,ebic_pr,ebic_pr_avg
86.68999534845352,26,0.9962962962962963,0.9962944706526007,0.9962962962962963,0.9962962962962962,9773.379990696907,2.1292766864263415,40645.22944535894,8.855169813803691,122018.39293556038,26.583527872671105,326641.3799906969,71.16369934437841,1376502.93704951,299.8917074181939,5295078.763790978,1153.6119311091456,193.38723289966583,0.042132294749382536,257.7268755336794,0.05614964608576893,303.80249483056866,0.06618790737049426
