loss,layer_idx,accuracy_score,f1_macro,f1_micro,balanced_accuracy_score,aic,aic_avg,bic,bic_avg,ebic,ebic_avg
24.92357449233532,43,1.0,1.0,1.0,1.0,326517.84714898467,71.13678587123849,1376379.4042077977,299.864793945054,5294955.230949266,1153.5850176360057
