loss,layer_idx,accuracy_score,f1_macro,f1_micro,balanced_accuracy_score,aic_rep,aic_rep_avg,bic_rep,bic_rep_avg,ebic_rep,ebic_rep_avg,aic_cls,aic_cls_avg,bic_cls,bic_cls_avg,ebic_cls,ebic_cls_avg,aic_pr,aic_pr_avg,bic_pr,bic_pr_avg,ebic_pr,ebic_pr_avg
27.087424710392952,25,0.9995642701525055,0.9995642462428342,0.9995642701525055,0.9995642701525055,9654.174849420786,2.103306067411936,40526.02430408282,8.829199194789286,121899.18779428425,26.5575572536567,326522.1748494208,71.137728725364,1376383.7319082338,299.8657367991795,5294959.558649702,1153.5859604901311,73.58589640259743,0.01603178570862689,136.00828392133258,0.02963143440551908,180.1236745945405,0.03924263063061884
