loss,layer_idx,accuracy_score,f1_macro,f1_micro,balanced_accuracy_score,aic,aic_avg,bic,bic_avg,ebic,ebic_avg
110.5867178440094,38,1.0,1.0,1.0,1.0,326689.173435688,71.17411185962702,1376550.730494501,299.9021199334425,5295126.557235969,1153.6223436243943
