loss,layer_idx,accuracy_score,f1_macro,f1_micro,balanced_accuracy_score,aic_rep,aic_rep_avg,bic_rep,bic_rep_avg,ebic_rep,ebic_rep_avg,aic_cls,aic_cls_avg,bic_cls,bic_cls_avg,ebic_cls,ebic_cls_avg,aic_pr,aic_pr_avg,bic_pr,bic_pr_avg,ebic_pr,ebic_pr_avg
100.77553260326385,39,1.0,1.0,1.0,1.0,9801.551065206528,2.1354141754262588,40673.40051986856,8.861307302803608,122046.56401007,26.589665361671024,326669.5510652065,71.16983683337833,1376531.1081240196,299.8978449071938,5295106.934865488,1153.6180685981456,225.38657546043396,0.04910382907634727,302.03723006810554,0.06580331809762648,361.10232169214663,0.0786715297804241
