loss,layer_idx,accuracy_score,f1_macro,f1_micro,balanced_accuracy_score,aic_rep,aic_rep_avg,bic_rep,bic_rep_avg,ebic_rep,ebic_rep_avg,aic_cls,aic_cls_avg,bic_cls,bic_cls_avg,ebic_cls,ebic_cls_avg,aic_pr,aic_pr_avg,bic_pr,bic_pr_avg,ebic_pr,ebic_pr_avg
105.41335433721542,2,0.9993464052287582,0.9993463245280826,0.9993464052287582,0.9993464052287581,2258.826708674431,0.49211910864366687,8844.821259002332,1.926976309150835,23040.475516870014,5.019711441583881,69910.82670867443,15.23111692999443,294053.3170201269,64.06390349022372,1023032.2636284772,222.88284610642205,227.4214390516281,0.04954715447747889,280.7870659209553,0.06117365270609047,315.90048566666115,0.0688236352214948
