loss,layer_idx,accuracy_score,f1_macro,f1_micro,balanced_accuracy_score,aic_rep,aic_rep_avg,bic_rep,bic_rep_avg,ebic_rep,ebic_rep_avg,aic_cls,aic_cls_avg,bic_cls,bic_cls_avg,ebic_cls,ebic_cls_avg,aic_pr,aic_pr_avg,bic_pr,bic_pr_avg,ebic_pr,ebic_pr_avg
412.0812337398529,12,0.9949891067538127,0.9949959964619197,0.9949891067538127,0.9949891067538126,2360.162467479706,0.5141966160086505,7299.658380225632,1.5903395163890266,17504.519410340457,3.8136207865665486,53116.162467479706,11.572148685725427,221277.69910114506,48.2086490416438,753163.2406317624,164.08785198949073,839.778217792511,0.18295821738398932,889.9956232902728,0.19389882860354526,922.0880649838969,0.2008906459659906
