loss,layer_idx,accuracy_score,f1_macro,f1_micro,balanced_accuracy_score,aic_rep,aic_rep_avg,bic_rep,bic_rep_avg,ebic_rep,ebic_rep_avg,aic_cls,aic_cls_avg,bic_cls,bic_cls_avg,ebic_cls,ebic_cls_avg,aic_pr,aic_pr_avg,bic_pr,bic_pr_avg,ebic_pr,ebic_pr_avg
548.8972768783569,0,0.9938997821350762,0.9938988294704555,0.9938997821350762,0.9938997821350762,3145.794553756714,0.6853582905788048,9731.789104084615,2.1202154910859727,23927.443361952297,5.212950623519019,70797.79455375671,15.424356111929567,294940.2848652092,64.25714267215886,1023919.2314735595,223.0760852883572,1109.7556533813477,0.24177683080203652,1148.2203686859216,0.25015694306882824,1169.6129444996122,0.2548176349672358
