loss,layer_idx,accuracy_score,f1_macro,f1_micro,balanced_accuracy_score,aic_rep,aic_rep_avg,bic_rep,bic_rep_avg,ebic_rep,ebic_rep_avg,aic_cls,aic_cls_avg,bic_cls,bic_cls_avg,ebic_cls,ebic_cls_avg,aic_pr,aic_pr_avg,bic_pr,bic_pr_avg,ebic_pr,ebic_pr_avg
108.47770816087723,7,1.0,1.0,1.0,1.0,2264.9554163217545,0.49345433906792036,8850.949966649656,1.9283115395750885,23046.604224517338,5.021046672008135,69916.95541632175,15.232452160418683,294059.44572777423,64.06523872064798,1023038.3923361246,222.8841813368463,238.17467558383942,0.05188990753460554,306.4119440711863,0.06675641483032382,356.5267852578843,0.07767468088407065
