loss,layer_idx,accuracy_score,f1_macro,f1_micro,balanced_accuracy_score,aic,aic_avg,bic,bic_avg,ebic,ebic_avg
158.6349960565567,5,0.9989106753812637,0.9989105707709167,0.9989106753812637,0.9989106753812635,70017.26999211311,15.254307187824208,294159.7603035656,64.0870937480535,1023138.7069119159,222.90603636425183
