loss,layer_idx,accuracy_score,f1_macro,f1_micro,balanced_accuracy_score,aic,aic_avg,bic,bic_avg,ebic,ebic_avg
67.9378342628479,3,1.0,1.0,1.0,1.0,2183.875668525696,0.47578990599688364,8769.870218853597,1.9106471065040516,22965.52447672128,5.003382238937098
