loss,layer_idx,accuracy_score,f1_macro,f1_micro,balanced_accuracy_score,aic_rep,aic_rep_avg,bic_rep,bic_rep_avg,ebic_rep,ebic_rep_avg,aic_cls,aic_cls_avg,bic_cls,bic_cls_avg,ebic_cls,ebic_cls_avg,aic_pr,aic_pr_avg,bic_pr,bic_pr_avg,ebic_pr,ebic_pr_avg
131.70581310987473,19,0.9993464052287582,0.9993463245280826,0.9993464052287582,0.9993464052287581,2311.4116262197495,0.5035755176949345,8897.40617654765,1.9384327182021026,23093.060434415333,5.031167850635149,69963.41162621975,15.242573339045697,294105.9019376722,64.075359899275,1023084.8485460225,222.89430251547333,282.8710206747055,0.061627673349609044,345.44888485098556,0.07526119495664174,389.722562934384,0.0849068764562928
