loss,layer_idx,accuracy_score,f1_macro,f1_micro,balanced_accuracy_score,aic,aic_avg,bic,bic_avg,ebic,ebic_avg
548.8972768783569,0,0.9938997821350762,0.9938988294704555,0.9938997821350762,0.9938997821350762,70797.79455375671,15.424356111929567,294940.2848652092,64.25714267215886,1023919.2314735595,223.0760852883572
