loss,layer_idx,accuracy_score,f1_macro,f1_micro,balanced_accuracy_score,aic_rep,aic_rep_avg,bic_rep,bic_rep_avg,ebic_rep,ebic_rep_avg,aic_cls,aic_cls_avg,bic_cls,bic_cls_avg,ebic_cls,ebic_cls_avg,aic_pr,aic_pr_avg,bic_pr,bic_pr_avg,ebic_pr,ebic_pr_avg
124.71545445919037,20,0.9986928104575163,0.9986926490561653,0.9986928104575163,0.9986928104575163,2297.4309089183807,0.5005296097861396,8883.425459246282,1.9353868102933076,23079.079717113964,5.0281219427263535,69949.43090891838,15.239527431136903,294091.92122037086,64.0723139913662,1023070.8678287212,222.89125660756451,269.3207709789276,0.05867554923288183,333.28294047967734,0.07261066241387305,378.97120418476493,0.08256453250212743
