loss,layer_idx,accuracy_score,f1_macro,f1_micro,balanced_accuracy_score,aic_rep,aic_rep_avg,bic_rep,bic_rep_avg,ebic_rep,ebic_rep_avg,aic_cls,aic_cls_avg,bic_cls,bic_cls_avg,ebic_cls,ebic_cls_avg,aic_pr,aic_pr_avg,bic_pr,bic_pr_avg,ebic_pr,ebic_pr_avg
129.82307213544846,21,0.9993464052287582,0.9993463245280826,0.9993464052287582,0.9993464052287581,2307.646144270897,0.502755151257276,8893.640694598798,1.9376123517644441,23089.29495246648,5.03034748419749,69959.6461442709,15.241752972608039,294102.1364557234,64.07453953283733,1023081.0830640737,222.89348214903566,279.85114228725433,0.06096974777500094,344.8267315573305,0.07512564957676046,391.55650272500156,0.0853064276089328
