loss,layer_idx,accuracy_score,f1_macro,f1_micro,balanced_accuracy_score,aic,aic_avg,bic,bic_avg,ebic,ebic_avg
119.45472854375839,9,1.0,1.0,1.0,1.0,2286.909457087517,0.49823735448529777,8872.904007415418,1.9330945549924659,23068.5582652831,5.025829687425512
