loss,layer_idx,accuracy_score,f1_macro,f1_micro,balanced_accuracy_score,aic,aic_avg,bic,bic_avg,ebic,ebic_avg
95.27845448255539,22,0.9993464052287582,0.9993463245280826,0.9993464052287582,0.9993464052287581,69890.55690896511,15.226700851626386,294033.0472204176,64.05948741185568,1023011.9938287679,222.878430028054
