loss,layer_idx,accuracy_score,f1_macro,f1_micro,balanced_accuracy_score,aic,aic_avg,bic,bic_avg,ebic,ebic_avg
146.84474301338196,15,1.0,1.0,1.0,1.0,69993.68948602676,15.249169822663783,294136.17979747924,64.08195638289308,1023115.1264058296,222.9008989990914
