loss,layer_idx,accuracy_score,f1_macro,f1_micro,balanced_accuracy_score,aic,aic_avg,bic,bic_avg,ebic,ebic_avg
131.70581310987473,19,0.9993464052287582,0.9993463245280826,0.9993464052287582,0.9993464052287581,2311.4116262197495,0.5035755176949345,8897.40617654765,1.9384327182021026,23093.060434415333,5.031167850635149
