loss,layer_idx,accuracy_score,f1_macro,f1_micro,balanced_accuracy_score,aic_rep,aic_rep_avg,bic_rep,bic_rep_avg,ebic_rep,ebic_rep_avg,aic_cls,aic_cls_avg,bic_cls,bic_cls_avg,ebic_cls,ebic_cls_avg,aic_pr,aic_pr_avg,bic_pr,bic_pr_avg,ebic_pr,ebic_pr_avg
119.45472854375839,9,1.0,1.0,1.0,1.0,2286.909457087517,0.49823735448529777,8872.904007415418,1.9330945549924659,23068.5582652831,5.025829687425512,69938.90945708752,15.23723517583606,294081.39976854,64.07002173606536,1023060.3463768903,222.88896435226368,260.38120543956757,0.056727931468315375,329.4304327992446,0.07177133612183978,380.39558028670365,0.08287485409296376
