loss,layer_idx,accuracy_score,f1_macro,f1_micro,balanced_accuracy_score,aic,aic_avg,bic,bic_avg,ebic,ebic_avg
385.5710883140564,0,0.9965141612200435,0.9965164102366356,0.9965141612200435,0.9965141612200435,53063.14217662811,11.560597424101985,221224.67881029347,48.197097780020364,753110.2203409108,164.07630072786728
