loss,layer_idx,accuracy_score,f1_macro,f1_micro,balanced_accuracy_score,aic_rep,aic_rep_avg,bic_rep,bic_rep_avg,ebic_rep,ebic_rep_avg,aic_cls,aic_cls_avg,bic_cls,bic_cls_avg,ebic_cls,ebic_cls_avg,aic_pr,aic_pr_avg,bic_pr,bic_pr_avg,ebic_pr,ebic_pr_avg
86.23130285739899,6,1.0,1.0,1.0,1.0,2220.462605714798,0.48376091627773377,8806.4571560427,1.918618116784902,23002.11141391038,5.011353249217948,69872.4626057148,15.222758737628496,294014.9529171673,64.05554529785779,1022993.8995255176,222.87448791405612,193.96683430671692,0.04225856956573353,263.1205121950878,0.05732473032572719,314.1952597141743,0.06845212629938438
