loss,layer_idx,accuracy_score,f1_macro,f1_micro,balanced_accuracy_score,aic,aic_avg,bic,bic_avg,ebic,ebic_avg
141.06001722812653,5,1.0,1.0,1.0,1.0,1818.120034456253,0.39610458267020765,6757.615947202179,1.4722474830505836,16962.476977317005,3.6955287532281056
