loss,layer_idx,accuracy_score,f1_macro,f1_micro,balanced_accuracy_score,aic_rep,aic_rep_avg,bic_rep,bic_rep_avg,ebic_rep,ebic_rep_avg,aic_cls,aic_cls_avg,bic_cls,bic_cls_avg,ebic_cls,ebic_cls_avg,aic_pr,aic_pr_avg,bic_pr,bic_pr_avg,ebic_pr,ebic_pr_avg
123.47232413291931,14,1.0,1.0,1.0,1.0,2294.9446482658386,0.49998794079865766,8880.93919859374,1.9348451413058256,23076.59345646142,5.027580273738872,69946.94464826584,15.23898576214942,294089.4349597183,64.07177232237872,1023068.3815680686,222.89071493857705,264.77128553390503,0.057684375933312645,322.0985003279273,0.07017396521305605,361.095102391322,0.07866995694800043
