loss,layer_idx,accuracy_score,f1_macro,f1_micro,balanced_accuracy_score,aic_rep,aic_rep_avg,bic_rep,bic_rep_avg,ebic_rep,ebic_rep_avg,aic_cls,aic_cls_avg,bic_cls,bic_cls_avg,ebic_cls,ebic_cls_avg,aic_pr,aic_pr_avg,bic_pr,bic_pr_avg,ebic_pr,ebic_pr_avg
159.60220658779144,2,1.0,1.0,1.0,1.0,1855.2044131755829,0.40418396801210954,6794.700325921509,1.4803268683924855,16999.561356036334,3.7036081385700075,52611.20441317558,11.462136037728886,220772.74104684094,48.09863639364726,752658.2825774583,163.9778393414942,336.95191264152527,0.07341000275414494,394.02463469457405,0.08584414699228193,432.769153969968,0.09428521872984053
