loss,layer_idx,accuracy_score,f1_macro,f1_micro,balanced_accuracy_score,aic_rep,aic_rep_avg,bic_rep,bic_rep_avg,ebic_rep,ebic_rep_avg,aic_cls,aic_cls_avg,bic_cls,bic_cls_avg,ebic_cls,ebic_cls_avg,aic_pr,aic_pr_avg,bic_pr,bic_pr_avg,ebic_pr,ebic_pr_avg
198.9493396282196,7,0.9993464052287582,0.9993463245280827,0.9993464052287582,0.9993464052287581,1933.8986792564392,0.4213286882911632,6873.394592002365,1.4974715886715393,17078.25562211719,3.7207528588490613,52689.89867925644,11.479280758007938,220851.4353129218,48.11578111392632,752736.9768435392,163.99498406177324,424.7348246574402,0.09253482018680614,511.0349747369322,0.11133659580325321,580.7177753621557,0.12651803384796423
