loss,layer_idx,accuracy_score,f1_macro,f1_micro,balanced_accuracy_score,aic,aic_avg,bic,bic_avg,ebic,ebic_avg
227.0746706724167,9,0.9986928104575163,0.9986927117584168,0.9986928104575163,0.9986928104575163,52746.14934134483,11.49153580421456,220907.6859750102,48.128036160132936,752793.2275056276,164.00723910797987
