loss,layer_idx,accuracy_score,f1_macro,f1_micro,balanced_accuracy_score,aic,aic_avg,bic,bic_avg,ebic,ebic_avg
159.60220658779144,2,1.0,1.0,1.0,1.0,1855.2044131755829,0.40418396801210954,6794.700325921509,1.4803268683924855,16999.561356036334,3.7036081385700075
