loss,layer_idx,accuracy_score,f1_macro,f1_micro,balanced_accuracy_score,aic,aic_avg,bic,bic_avg,ebic,ebic_avg
193.0630533695221,10,0.9995642701525055,0.9995642462428342,0.9995642701525055,0.9995642701525055,52678.126106739044,11.476715927394128,220839.6627404044,48.113216283312504,752725.2042710218,163.99241923115943
