loss,layer_idx,accuracy_score,f1_macro,f1_micro,balanced_accuracy_score,aic_rep,aic_rep_avg,bic_rep,bic_rep_avg,ebic_rep,ebic_rep_avg,aic_cls,aic_cls_avg,bic_cls,bic_cls_avg,ebic_cls,ebic_cls_avg,aic_pr,aic_pr_avg,bic_pr,bic_pr_avg,ebic_pr,ebic_pr_avg
147.97004878520966,24,0.9993464052287582,0.9993463245280826,0.9993464052287582,0.9993464052287581,2343.9400975704193,0.5106623306253637,8929.93464789832,1.9455195311325317,23125.588905766002,5.038254663565578,69995.94009757042,15.249660151976126,294138.4304090229,64.08244671220542,1023117.3770173732,222.90138932840375,318.4194619655609,0.06937243180077579,390.7089987825715,0.08512178622713976,445.0967086906911,0.09697096049906125
