loss,layer_idx,accuracy_score,f1_macro,f1_micro,balanced_accuracy_score,aic,aic_avg,bic,bic_avg,ebic,ebic_avg
141.06001722812653,5,1.0,1.0,1.0,1.0,52574.12003445625,11.454056652386983,220735.6566681216,48.09055700830536,752621.198198739,163.96975995615227
