loss,layer_idx,accuracy_score,f1_macro,f1_micro,balanced_accuracy_score,aic,aic_avg,bic,bic_avg,ebic,ebic_avg
66.97881937026978,4,1.0,1.0,1.0,1.0,69833.95763874054,15.214369855934757,293976.447950193,64.04715641616406,1022955.3945585433,222.86609903236237
