loss,layer_idx,accuracy_score,f1_macro,f1_micro,balanced_accuracy_score,aic,aic_avg,bic,bic_avg,ebic,ebic_avg
127.44765996932983,1,1.0,1.0,1.0,1.0,1790.8953199386597,0.39017327231779075,6730.391232684586,1.4663161726981668,16935.25226279941,3.6895974428756886
