loss,layer_idx,accuracy_score,f1_macro,f1_micro,balanced_accuracy_score,aic_rep,aic_rep_avg,bic_rep,bic_rep_avg,ebic_rep,ebic_rep_avg,aic_cls,aic_cls_avg,bic_cls,bic_cls_avg,ebic_cls,ebic_cls_avg,aic_pr,aic_pr_avg,bic_pr,bic_pr_avg,ebic_pr,ebic_pr_avg
227.0746706724167,9,0.9986928104575163,0.9986927117584168,0.9986928104575163,0.9986928104575163,1990.1493413448334,0.43358373449778503,6929.645254090759,1.509726634878161,17134.506284205585,3.733007905055683,52746.14934134483,11.49153580421456,220907.6859750102,48.128036160132936,752793.2275056276,164.00723910797987,476.51552176475525,0.10381601781367217,548.4410795563842,0.11948607397742576,602.4420518048526,0.13125099167861712
