loss,layer_idx,accuracy_score,f1_macro,f1_micro,balanced_accuracy_score,aic,aic_avg,bic,bic_avg,ebic,ebic_avg
218.365088224411,11,0.9993464052287582,0.9993463245280827,0.9993464052287582,0.9993464052287581,52728.73017644882,11.487740779182749,220890.26681011418,48.12424113510113,752775.8083407315,164.00344408294805
