loss,layer_idx,accuracy_score,f1_macro,f1_micro,balanced_accuracy_score,aic,aic_avg,bic,bic_avg,ebic,ebic_avg
198.9493396282196,7,0.9993464052287582,0.9993463245280827,0.9993464052287582,0.9993464052287581,52689.89867925644,11.479280758007938,220851.4353129218,48.11578111392632,752736.9768435392,163.99498406177324
