loss,layer_idx,accuracy_score,f1_macro,f1_micro,balanced_accuracy_score,aic_rep,aic_rep_avg,bic_rep,bic_rep_avg,ebic_rep,ebic_rep_avg,aic_cls,aic_cls_avg,bic_cls,bic_cls_avg,ebic_cls,ebic_cls_avg,aic_pr,aic_pr_avg,bic_pr,bic_pr_avg,ebic_pr,ebic_pr_avg
66.97881937026978,4,1.0,1.0,1.0,1.0,2181.9576387405396,0.4753720345839955,8767.952189068441,1.9102292350911636,22963.606446936123,5.00296436752421,69833.95763874054,15.214369855934757,293976.447950193,64.04715641616406,1022955.3945585433,222.86609903236237,155.36798763275146,0.03384923477837722,224.2197655256844,0.048849622118885494,274.9778641607625,0.05990803140757353
