loss,layer_idx,accuracy_score,f1_macro,f1_micro,balanced_accuracy_score,aic,aic_avg,bic,bic_avg,ebic,ebic_avg
108.47770816087723,7,1.0,1.0,1.0,1.0,69916.95541632175,15.232452160418683,294059.44572777423,64.06523872064798,1023038.3923361246,222.8841813368463
