loss,layer_idx,accuracy_score,f1_macro,f1_micro,balanced_accuracy_score,aic,aic_avg,bic,bic_avg,ebic,ebic_avg
151.04010426998138,17,1.0,1.0,1.0,1.0,70002.08020853996,15.250997866784306,294144.57051999244,64.0837844270136,1023123.5171283428,222.90272704321194
