loss,layer_idx,accuracy_score,f1_macro,f1_micro,balanced_accuracy_score,aic_rep,aic_rep_avg,bic_rep,bic_rep_avg,ebic_rep,ebic_rep_avg,aic_cls,aic_cls_avg,bic_cls,bic_cls_avg,ebic_cls,ebic_cls_avg,aic_pr,aic_pr_avg,bic_pr,bic_pr_avg,ebic_pr,ebic_pr_avg
229.82751441001892,8,0.9995642701525055,0.9995642462428342,0.9995642701525055,0.9995642701525055,1995.6550288200378,0.4347832306797468,6935.150941565964,1.5109261310601227,17140.01197168079,3.734207401237645,52751.65502882004,11.492735300396522,220913.1916624854,48.1292356563149,752798.7331931028,164.00843860416182,484.7192931175232,0.10560333183388305,565.3213966679219,0.12316370297776078,628.6912756789221,0.13696977683636646
