loss,layer_idx,accuracy_score,f1_macro,f1_micro,balanced_accuracy_score,aic,aic_avg,bic,bic_avg,ebic,ebic_avg
147.20922243595123,12,0.9995642701525055,0.9995642641753337,0.9995642701525055,0.9995642701525055,69994.4184448719,15.249328637226993,294136.9087563244,64.08211519745629,1023115.8553646747,222.90105781365463
