loss,layer_idx,accuracy_score,f1_macro,f1_micro,balanced_accuracy_score,aic,aic_avg,bic,bic_avg,ebic,ebic_avg
92.85517227649689,16,1.0,1.0,1.0,1.0,2233.710344552994,0.4866471338895411,8819.704894880895,1.921504334396709,23015.359152748577,5.014239466829755
