loss,layer_idx,accuracy_score,f1_macro,f1_micro,balanced_accuracy_score,aic,aic_avg,bic,bic_avg,ebic,ebic_avg
131.78615069389343,8,1.0,1.0,1.0,1.0,2311.572301387787,0.5036105231781671,8897.566851715688,1.9384677236853352,23093.22110958337,5.031202856118381
