loss,layer_idx,accuracy_score,f1_macro,f1_micro,balanced_accuracy_score,aic,aic_avg,bic,bic_avg,ebic,ebic_avg
105.74642932415009,1,0.9993464052287582,0.9993463245280826,0.9993464052287582,0.9993464052287581,69911.4928586483,15.23126206070769,294053.9831701008,64.06404862093699,1023032.9297784511,222.88299123713531
