loss,layer_idx,accuracy_score,f1_macro,f1_micro,balanced_accuracy_score,aic,aic_avg,bic,bic_avg,ebic,ebic_avg
95.27845448255539,22,0.9993464052287582,0.9993463245280826,0.9993464052287582,0.9993464052287581,2238.556908965111,0.4877030302756233,8824.551459293012,1.9225602307827914,23020.205717160694,5.015295363215837
