loss,layer_idx,accuracy_score,f1_macro,f1_micro,balanced_accuracy_score,aic_rep,aic_rep_avg,bic_rep,bic_rep_avg,ebic_rep,ebic_rep_avg,aic_cls,aic_cls_avg,bic_cls,bic_cls_avg,ebic_cls,ebic_cls_avg,aic_pr,aic_pr_avg,bic_pr,bic_pr_avg,ebic_pr,ebic_pr_avg
147.20922243595123,12,0.9995642701525055,0.9995642641753337,0.9995642701525055,0.9995642701525055,2342.4184448719025,0.5103308158762315,8928.412995199804,1.9451880163833994,23124.067253067486,5.0379231488164455,69994.4184448719,15.249328637226993,294136.9087563244,64.08211519745629,1023115.8553646747,222.90105781365463,312.48535084724426,0.06807959713447588,370.5852259912324,0.08073752200244715,410.34930534380305,0.08940072011847561
