loss,layer_idx,accuracy_score,f1_macro,f1_micro,balanced_accuracy_score,aic_rep,aic_rep_avg,bic_rep,bic_rep_avg,ebic_rep,ebic_rep_avg,aic_cls,aic_cls_avg,bic_cls,bic_cls_avg,ebic_cls,ebic_cls_avg,aic_pr,aic_pr_avg,bic_pr,bic_pr_avg,ebic_pr,ebic_pr_avg
218.365088224411,11,0.9993464052287582,0.9993463245280827,0.9993464052287582,0.9993464052287581,1972.730176448822,0.4297887094659743,6912.226089194748,1.5059316098463504,17117.087119309574,3.7292128800238724,52728.73017644882,11.487740779182749,220890.26681011418,48.12424113510113,752775.8083407315,164.00344408294805,450.85240507125854,0.09822492485212604,496.26691715419395,0.10811915406409454,523.8702652923156,0.11413295540137594
