loss,layer_idx,accuracy_score,f1_macro,f1_micro,balanced_accuracy_score,aic,aic_avg,bic,bic_avg,ebic,ebic_avg
129.82307213544846,21,0.9993464052287582,0.9993463245280826,0.9993464052287582,0.9993464052287581,2307.646144270897,0.502755151257276,8893.640694598798,1.9376123517644441,23089.29495246648,5.03034748419749
