loss,layer_idx,accuracy_score,f1_macro,f1_micro,balanced_accuracy_score,aic_rep,aic_rep_avg,bic_rep,bic_rep_avg,ebic_rep,ebic_rep_avg,aic_cls,aic_cls_avg,bic_cls,bic_cls_avg,ebic_cls,ebic_cls_avg,aic_pr,aic_pr_avg,bic_pr,bic_pr_avg,ebic_pr,ebic_pr_avg
95.27845448255539,22,0.9993464052287582,0.9993463245280826,0.9993464052287582,0.9993464052287581,2238.556908965111,0.4877030302756233,8824.551459293012,1.9225602307827914,23020.205717160694,5.015295363215837,69890.55690896511,15.226700851626386,294033.0472204176,64.05948741185568,1023011.9938287679,222.878430028054,209.74467599391937,0.0456960078418125,271.4490358985555,0.059139223507310566,314.8349910292278,0.06859150131355726
