loss,layer_idx,accuracy_score,f1_macro,f1_micro,balanced_accuracy_score,aic,aic_avg,bic,bic_avg,ebic,ebic_avg
123.47232413291931,14,1.0,1.0,1.0,1.0,69946.94464826584,15.23898576214942,294089.4349597183,64.07177232237872,1023068.3815680686,222.89071493857705
