loss,layer_idx,accuracy_score,f1_macro,f1_micro,balanced_accuracy_score,aic,aic_avg,bic,bic_avg,ebic,ebic_avg
130.30257773399353,23,0.9993464052287582,0.9993463245280826,0.9993464052287582,0.9993464052287581,69960.60515546799,15.241961907509365,294103.09546692047,64.07474846773866,1023082.0420752708,222.893691083937
