loss,layer_idx,accuracy_score,f1_macro,f1_micro,balanced_accuracy_score,aic,aic_avg,bic,bic_avg,ebic,ebic_avg
193.0630533695221,10,0.9995642701525055,0.9995642462428342,0.9995642701525055,0.9995642701525055,1922.1261067390442,0.4187638576773517,6861.62201948497,1.4949067580577278,17066.483049599796,3.7181880282352497
