loss,layer_idx,accuracy_score,f1_macro,f1_micro,balanced_accuracy_score,aic,aic_avg,bic,bic_avg,ebic,ebic_avg
147.97004878520966,24,0.9993464052287582,0.9993463245280826,0.9993464052287582,0.9993464052287581,69995.94009757042,15.249660151976126,294138.4304090229,64.08244671220542,1023117.3770173732,222.90138932840375
