loss,layer_idx,accuracy_score,f1_macro,f1_micro,balanced_accuracy_score,aic,aic_avg,bic,bic_avg,ebic,ebic_avg
11157.133445739746,25,0.2989106753812636,0.28823266749088183,0.2989106753812636,0.2989106753812636,161646.2668914795,35.217051610344114,609712.5719140806,132.83498298781714,2163468.865708322,471.34397945715074
