loss,layer_idx,accuracy_score,f1_macro,f1_micro,balanced_accuracy_score,aic,aic_avg,bic,bic_avg,ebic,ebic_avg
2695.5713901519775,16,0.8976034858387799,0.8970886522473343,0.8976034858387799,0.89760348583878,75091.14278030396,16.35972609592679,299233.63309175643,65.19251265615608,1028212.5797001068,224.01145527235443
