loss,layer_idx,accuracy_score,f1_macro,f1_micro,balanced_accuracy_score,aic,aic_avg,bic,bic_avg,ebic,ebic_avg
14272.92904663086,13,0.12788671023965142,0.12053053180337357,0.12788671023965142,0.1278867102396514,133061.85809326172,28.989511567159415,469166.25576028856,102.21487053601058,1604622.6729547512,349.59099628643816
