loss,layer_idx,accuracy_score,f1_macro,f1_micro,balanced_accuracy_score,aic,aic_avg,bic,bic_avg,ebic,ebic_avg
8416.895469665527,1,0.4651416122004357,0.4634980415379058,0.4651416122004357,0.4651416122004357,86533.79093933105,18.85267776456014,310676.28125078353,67.68546432478944,1039655.2278591339,226.50440694098776
