loss,layer_idx,accuracy_score,f1_macro,f1_micro,balanced_accuracy_score,aic,aic_avg,bic,bic_avg,ebic,ebic_avg
12040.469863891602,46,0.2383442265795207,0.2297198906972469,0.2383442265795207,0.23834422657952067,128596.9397277832,28.016762467926625,464701.33739481005,101.2421214367778,1600157.7545892727,348.6182471872054
