loss,layer_idx,accuracy_score,f1_macro,f1_micro,balanced_accuracy_score,aic_rep,aic_rep_avg,bic_rep,bic_rep_avg,ebic_rep,ebic_rep_avg,aic_cls,aic_cls_avg,bic_cls,bic_cls_avg,ebic_cls,ebic_cls_avg,aic_pr,aic_pr_avg,bic_pr,bic_pr_avg,ebic_pr,ebic_pr_avg
7465.133277893066,34,0.5464052287581699,0.5403725707984988,0.5464052287581699,0.5464052287581699,19026.266555786133,4.145156112371707,32198.255656441936,7.014870513386042,63428.69502375083,13.818887804738743,154262.26655578613,33.60833694025842,602328.5715783873,131.22626831773144,2156084.8653726284,469.73526478706503,14957.307886123657,3.2586727420748707,15044.26787354385,3.277618273103235,15114.689425154427,3.2929606590750384
