loss,layer_idx,accuracy_score,f1_macro,f1_micro,balanced_accuracy_score,aic_rep,aic_rep_avg,bic_rep,bic_rep_avg,ebic_rep,ebic_rep_avg,aic_cls,aic_cls_avg,bic_cls,bic_cls_avg,ebic_cls,ebic_cls_avg,aic_pr,aic_pr_avg,bic_pr,bic_pr_avg,ebic_pr,ebic_pr_avg
12040.469741821289,46,0.2383442265795207,0.2297198906972469,0.2383442265795207,0.23834422657952067,27152.939483642578,5.915673090118209,37031.93130913443,8.06795889087896,59571.00150804423,12.97843170109896,128596.93948364258,28.016762414736945,464701.3371506694,101.24212138358811,1600157.754345132,348.6182471340157,24100.77241897583,5.250712945310639,24164.5515225021,5.2646081748370595,24210.052180152907,5.274521172146603
