loss,layer_idx,accuracy_score,f1_macro,f1_micro,balanced_accuracy_score,aic,aic_avg,bic,bic_avg,ebic,ebic_avg
11157.133445739746,25,0.2989106753812636,0.28823266749088183,0.2989106753812636,0.2989106753812636,26410.266891479492,5.753870782457406,39582.255992135295,8.623585183471741,70812.69535944419,15.427602474824441
