loss,layer_idx,accuracy_score,f1_macro,f1_micro,balanced_accuracy_score,aic,aic_avg,bic,bic_avg,ebic,ebic_avg
7242.924674987793,2,0.5579520697167756,0.5590494077976246,0.5579520697167756,0.5579520697167757,84185.84934997559,18.341143649232155,308328.33966142806,67.17393020946145,1037307.2862697784,225.9928728256598
