loss,layer_idx,accuracy_score,f1_macro,f1_micro,balanced_accuracy_score,aic_rep,aic_rep_avg,bic_rep,bic_rep_avg,ebic_rep,ebic_rep_avg,aic_cls,aic_cls_avg,bic_cls,bic_cls_avg,ebic_cls,ebic_cls_avg,aic_pr,aic_pr_avg,bic_pr,bic_pr_avg,ebic_pr,ebic_pr_avg
4895.885936737061,22,0.7363834422657952,0.7352075440362622,0.7363834422657952,0.7363834422657952,11839.771873474121,2.5794709963995905,18425.766423802022,4.014328196906758,32621.420681669704,7.1070633293398044,79491.77187347412,17.318468817750354,303634.2621849266,66.15125537797965,1032613.2087932769,224.97019799417797,9805.481113433838,2.1362703950836246,9849.56752928532,2.1458752787113986,9875.95675981645,2.1516245664088127
