loss,layer_idx,accuracy_score,f1_macro,f1_micro,balanced_accuracy_score,aic_rep,aic_rep_avg,bic_rep,bic_rep_avg,ebic_rep,ebic_rep_avg,aic_cls,aic_cls_avg,bic_cls,bic_cls_avg,ebic_cls,ebic_cls_avg,aic_pr,aic_pr_avg,bic_pr,bic_pr_avg,ebic_pr,ebic_pr_avg
2766.467716217041,17,0.8803921568627451,0.8799195991139461,0.8803921568627451,0.8803921568627451,7580.935432434082,1.6516199199202792,14166.929982761983,3.0864771204274475,28362.584240629665,6.179212252860493,75232.93543243408,16.390617741271043,299375.42574388656,65.22340430150034,1028354.3723522369,224.04234691769867,5547.912111282349,1.2086954490811217,5596.07437948386,1.2191883179703398,5626.2276331429375,1.225757654279507
