loss,layer_idx,accuracy_score,f1_macro,f1_micro,balanced_accuracy_score,aic_rep,aic_rep_avg,bic_rep,bic_rep_avg,ebic_rep,ebic_rep_avg,aic_cls,aic_cls_avg,bic_cls,bic_cls_avg,ebic_cls,ebic_cls_avg,aic_pr,aic_pr_avg,bic_pr,bic_pr_avg,ebic_pr,ebic_pr_avg
14782.485321044922,8,0.10697167755991285,0.10099174870006922,0.10697167755991285,0.10697167755991285,32636.970642089844,7.110451120281012,42515.962467581696,9.262736921041764,65055.0326664915,14.173209731261764,134080.97064208984,29.211540444899747,470185.3683091167,102.43689941375091,1605641.7855035793,349.8130251641785,29589.20182609558,6.446449199585094,29667.12489533864,6.463425903123887,29727.569420185435,6.476594644920574
