loss,layer_idx,accuracy_score,f1_macro,f1_micro,balanced_accuracy_score,aic_rep,aic_rep_avg,bic_rep,bic_rep_avg,ebic_rep,ebic_rep_avg,aic_cls,aic_cls_avg,bic_cls,bic_cls_avg,ebic_cls,ebic_cls_avg,aic_pr,aic_pr_avg,bic_pr,bic_pr_avg,ebic_pr,ebic_pr_avg
11139.391174316406,28,0.3111111111111111,0.2955033278690022,0.3111111111111111,0.31111111111111117,25350.782348632812,5.523046263318696,35229.774174124665,7.675332064079448,57768.844373034466,12.585804874299448,126794.78234863281,27.62413558793743,462899.18001565966,100.8494945567886,1598355.5972101223,348.22562030721616,22297.484985351562,4.857839866089665,22357.629254641823,4.870943192732423,22399.43932189792,4.880052139847042
