loss,layer_idx,accuracy_score,f1_macro,f1_micro,balanced_accuracy_score,aic_rep,aic_rep_avg,bic_rep,bic_rep_avg,ebic_rep,ebic_rep_avg,aic_cls,aic_cls_avg,bic_cls,bic_cls_avg,ebic_cls,ebic_cls_avg,aic_pr,aic_pr_avg,bic_pr,bic_pr_avg,ebic_pr,ebic_pr_avg
7787.012283325195,35,0.5084967320261438,0.5034800750071293,0.5084967320261438,0.5084967320261439,19670.02456665039,4.285408402320346,32842.01366730619,7.155122803334683,64072.453034615086,13.959140094687383,154906.0245666504,33.74858923020706,602972.3295892515,131.3665206076801,2156728.6233834927,469.8755170770137,15601.324073791504,3.398981279693138,15689.114310733892,3.418107692970347,15760.467615958116,3.4336530753721384
