loss,layer_idx,accuracy_score,f1_macro,f1_micro,balanced_accuracy_score,aic,aic_avg,bic,bic_avg,ebic,ebic_avg
15105.388458251953,5,0.10544662309368191,0.09941387317872304,0.10544662309368191,0.10544662309368193,169542.7769165039,36.93742416481567,617609.0819391051,134.55535554228868,2171365.375733346,473.06435201162225
