loss,layer_idx,accuracy_score,f1_macro,f1_micro,balanced_accuracy_score,aic_rep,aic_rep_avg,bic_rep,bic_rep_avg,ebic_rep,ebic_rep_avg,aic_cls,aic_cls_avg,bic_cls,bic_cls_avg,ebic_cls,ebic_cls_avg,aic_pr,aic_pr_avg,bic_pr,bic_pr_avg,ebic_pr,ebic_pr_avg
8704.231048583984,38,0.44466230936819173,0.4370690355010153,0.44466230936819173,0.44466230936819173,21504.46209716797,4.685067995025701,34676.45119782377,7.5547823960400375,65906.89056513266,14.358799687392738,156740.46209716797,34.148248822912414,604806.7671197691,131.76618020038543,2158563.0609140103,470.27517666971903,17434.369634628296,3.7983376110301297,17517.68355090082,3.81648879104593,17584.042775985028,3.8309461385588297
