loss,layer_idx,accuracy_score,f1_macro,f1_micro,balanced_accuracy_score,aic,aic_avg,bic,bic_avg,ebic,ebic_avg
11764.636779785156,45,0.257516339869281,0.24906725997381246,0.257516339869281,0.257516339869281,128045.27355957031,27.89657376025497,464149.67122659716,101.12193272910613,1599606.0884210598,348.4980584795337
