loss,layer_idx,accuracy_score,f1_macro,f1_micro,balanced_accuracy_score,aic,aic_avg,bic,bic_avg,ebic,ebic_avg
8899.554733276367,39,0.4507625272331155,0.44560704426668224,0.4507625272331155,0.4507625272331155,21895.109466552734,4.770176354368788,35067.09856720854,7.6398907553831235,66297.53793451743,14.443908046735823
