loss,layer_idx,accuracy_score,f1_macro,f1_micro,balanced_accuracy_score,aic_rep,aic_rep_avg,bic_rep,bic_rep_avg,ebic_rep,ebic_rep_avg,aic_cls,aic_cls_avg,bic_cls,bic_cls_avg,ebic_cls,ebic_cls_avg,aic_pr,aic_pr_avg,bic_pr,bic_pr_avg,ebic_pr,ebic_pr_avg
3062.837236404419,14,0.8688453159041394,0.8685978915757936,0.8688453159041394,0.8688453159041395,8173.674472808838,1.7807569657535594,14759.66902313674,3.2156141662607274,28955.32328100442,6.3083492986937735,75825.67447280884,16.519754787104322,299968.1647842613,65.35254134733363,1028947.1113926116,224.17148396353195,6141.122052192688,1.3379350876236793,6190.798650648642,1.3487578759583099,6222.378215751534,1.3556379555014235
