loss,layer_idx,accuracy_score,f1_macro,f1_micro,balanced_accuracy_score,aic_rep,aic_rep_avg,bic_rep,bic_rep_avg,ebic_rep,ebic_rep_avg,aic_cls,aic_cls_avg,bic_cls,bic_cls_avg,ebic_cls,ebic_cls_avg,aic_pr,aic_pr_avg,bic_pr,bic_pr_avg,ebic_pr,ebic_pr_avg
11157.133445739746,25,0.2989106753812636,0.28823266749088183,0.2989106753812636,0.2989106753812636,26410.266891479492,5.753870782457406,39582.255992135295,8.623585183471741,70812.69535944419,15.427602474824441,161646.2668914795,35.217051610344114,609712.5719140806,132.83498298781714,2163468.865708322,471.34397945715074,22342.828689575195,4.867718668752766,22434.678224050716,4.887729460577498,22510.621843377892,4.904274911411306
