loss,layer_idx,accuracy_score,f1_macro,f1_micro,balanced_accuracy_score,aic,aic_avg,bic,bic_avg,ebic,ebic_avg
2766.467716217041,17,0.8803921568627451,0.8799195991139461,0.8803921568627451,0.8803921568627451,75232.93543243408,16.390617741271043,299375.42574388656,65.22340430150034,1028354.3723522369,224.04234691769867
