loss,layer_idx,accuracy_score,f1_macro,f1_micro,balanced_accuracy_score,aic,aic_avg,bic,bic_avg,ebic,ebic_avg
8710.012176513672,37,0.45446623093681915,0.4487799862255098,0.45446623093681915,0.45446623093681915,156752.02435302734,34.15076783290356,604818.3293756285,131.76869921037658,2158574.6231698697,470.2776956797102
