loss,layer_idx,accuracy_score,f1_macro,f1_micro,balanced_accuracy_score,aic_rep,aic_rep_avg,bic_rep,bic_rep_avg,ebic_rep,ebic_rep_avg,aic_cls,aic_cls_avg,bic_cls,bic_cls_avg,ebic_cls,ebic_cls_avg,aic_pr,aic_pr_avg,bic_pr,bic_pr_avg,ebic_pr,ebic_pr_avg
11415.00016784668,5,0.3065359477124183,0.2963981424334553,0.3065359477124183,0.30653594771241827,25902.00033569336,5.643137328037769,35780.99216118521,7.795423128798521,58320.06236009501,12.705895939018522,127346.00033569336,27.744226652656504,463450.3980027202,100.96958562150768,1598906.8151971828,348.34571137193524,22852.703285217285,4.9788024586530035,22925.711831038057,4.994708459921146,22980.86519046239,5.006724442366534
