loss,layer_idx,accuracy_score,f1_macro,f1_micro,balanced_accuracy_score,aic,aic_avg,bic,bic_avg,ebic,ebic_avg
2696.027645111084,9,0.8967320261437909,0.8966718711202801,0.8967320261437909,0.8967320261437909,75092.05529022217,16.35992489983054,299234.54560167465,65.19271146005984,1028213.492210025,224.01165407625817
