loss,layer_idx,accuracy_score,f1_macro,f1_micro,balanced_accuracy_score,aic,aic_avg,bic,bic_avg,ebic,ebic_avg
13983.690124511719,15,0.1514161220043573,0.14486269867125406,0.1514161220043573,0.15141612200435728,132483.38024902344,28.863481535734955,468587.7779160503,102.08884050458612,1604044.195110513,349.4649662550137
