loss,layer_idx,accuracy_score,f1_macro,f1_micro,balanced_accuracy_score,aic,aic_avg,bic,bic_avg,ebic,ebic_avg
8493.610412597656,31,0.4673202614379085,0.4574850019170878,0.4673202614379085,0.4673202614379085,21083.220825195312,4.593294297428173,34255.209925851115,7.463008698442509,65485.64929316001,14.267025989795208
