loss,layer_idx,accuracy_score,f1_macro,f1_micro,balanced_accuracy_score,aic_rep,aic_rep_avg,bic_rep,bic_rep_avg,ebic_rep,ebic_rep_avg,aic_cls,aic_cls_avg,bic_cls,bic_cls_avg,ebic_cls,ebic_cls_avg,aic_pr,aic_pr_avg,bic_pr,bic_pr_avg,ebic_pr,ebic_pr_avg
9889.622276306152,29,0.3690631808278867,0.3611585407621936,0.3690631808278867,0.36906318082788675,23875.244552612305,5.201578333902463,37047.23365326811,8.071292734916799,68277.673020577,14.8753100262695,159111.2445526123,34.66475916178917,607177.5495752135,132.2826905392622,2160933.8433694546,470.7916870085958,19805.523553848267,4.314928878834045,19890.03202988738,4.3333403115223055,19957.71683081884,4.348086455516087
