loss,layer_idx,accuracy_score,f1_macro,f1_micro,balanced_accuracy_score,aic,aic_avg,bic,bic_avg,ebic,ebic_avg
13899.492874145508,13,0.15076252723311548,0.14478236234717948,0.15076252723311548,0.15076252723311545,167130.98574829102,36.41197946585861,615197.2907708922,134.02991084333163,2168953.5845651333,472.53890731266523
