loss,layer_idx,accuracy_score,f1_macro,f1_micro,balanced_accuracy_score,aic,aic_avg,bic,bic_avg,ebic,ebic_avg
9272.75700378418,30,0.40980392156862744,0.3990020204396534,0.40980392156862744,0.40980392156862744,157877.51400756836,34.39597255066849,605943.8190301695,132.0139039281415,2159700.1128244107,470.5229003974751
