loss,layer_idx,accuracy_score,f1_macro,f1_micro,balanced_accuracy_score,aic,aic_avg,bic,bic_avg,ebic,ebic_avg
7465.133277893066,34,0.5464052287581699,0.5403725707984988,0.5464052287581699,0.5464052287581699,154262.26655578613,33.60833694025842,602328.5715783873,131.22626831773144,2156084.8653726284,469.73526478706503
