loss,layer_idx,accuracy_score,f1_macro,f1_micro,balanced_accuracy_score,aic_rep,aic_rep_avg,bic_rep,bic_rep_avg,ebic_rep,ebic_rep_avg,aic_cls,aic_cls_avg,bic_cls,bic_cls_avg,ebic_cls,ebic_cls_avg,aic_pr,aic_pr_avg,bic_pr,bic_pr_avg,ebic_pr,ebic_pr_avg
9118.322120666504,47,0.4241830065359477,0.4190728391275731,0.4241830065359477,0.42418300653594765,22332.644241333008,4.865499834713074,35504.63334198881,7.73521423572741,66735.0727092977,14.53923152708011,157568.644241333,34.32868066259979,605634.9492639342,131.9466120400728,2159391.2430581753,470.4556085094064,18258.851707458496,3.977963334958278,18330.266869020536,3.9935221936863914,18383.72648913831,4.0051691697469085
