loss,layer_idx,accuracy_score,f1_macro,f1_micro,balanced_accuracy_score,aic,aic_avg,bic,bic_avg,ebic,ebic_avg
10287.095802307129,28,0.34923747276688455,0.3399106932505377,0.34923747276688455,0.3492374727668845,24670.191604614258,5.374769412769991,37842.18070527006,8.244483813784328,69072.62007257895,15.048501105137026
