loss,layer_idx,accuracy_score,f1_macro,f1_micro,balanced_accuracy_score,aic,aic_avg,bic,bic_avg,ebic,ebic_avg
4208.8217849731445,0,0.7490196078431373,0.7479908791810032,0.7490196078431373,0.7490196078431373,12513.643569946289,2.7262840021669477,25685.632670602092,5.595998403181284,56916.072037910984,12.400015694533984
