loss,layer_idx,accuracy_score,f1_macro,f1_micro,balanced_accuracy_score,aic,aic_avg,bic,bic_avg,ebic,ebic_avg
11916.490798950195,44,0.25947712418300656,0.250107988400423,0.25947712418300656,0.25947712418300656,26904.98159790039,5.861651764248451,36783.97342339224,8.013937565009202,59323.043622302044,12.924410375229204
