loss,layer_idx,accuracy_score,f1_macro,f1_micro,balanced_accuracy_score,aic_rep,aic_rep_avg,bic_rep,bic_rep_avg,ebic_rep,ebic_rep_avg,aic_cls,aic_cls_avg,bic_cls,bic_cls_avg,ebic_cls,ebic_cls_avg,aic_pr,aic_pr_avg,bic_pr,bic_pr_avg,ebic_pr,ebic_pr_avg
5612.705600738525,3,0.6668845315904139,0.6640816667565693,0.6668845315904139,0.666884531590414,13273.41120147705,2.891810719276046,19859.405751804952,4.326667919783214,34055.060009672634,7.41940305221626,80925.41120147705,17.63080854062681,305067.90151292953,66.46359510085611,1034046.8481212799,225.28253771705442,11238.00522518158,2.448367151455682,11278.505308914357,2.4571906991098817,11301.679260286895,2.462239490258583
