loss,layer_idx,accuracy_score,f1_macro,f1_micro,balanced_accuracy_score,aic_rep,aic_rep_avg,bic_rep,bic_rep_avg,ebic_rep,ebic_rep_avg,aic_cls,aic_cls_avg,bic_cls,bic_cls_avg,ebic_cls,ebic_cls_avg,aic_pr,aic_pr_avg,bic_pr,bic_pr_avg,ebic_pr,ebic_pr_avg
2696.027645111084,9,0.8967320261437909,0.8966718711202801,0.8967320261437909,0.8967320261437909,7440.055290222168,1.6209270784797751,14026.04984055007,3.0557842789869434,28221.70409841775,6.148519411419989,75092.05529022217,16.35992489983054,299234.54560167465,65.19271146005984,1028213.492210025,224.01165407625817,5408.012517929077,1.1782162348429361,5459.328052458396,1.189396089860217,5492.467457812349,1.196616003880686
