loss,layer_idx,accuracy_score,f1_macro,f1_micro,balanced_accuracy_score,aic,aic_avg,bic,bic_avg,ebic,ebic_avg
3162.2767753601074,13,0.8586056644880175,0.8582941978351741,0.8586056644880175,0.8586056644880175,76024.55355072021,16.563083562248412,300167.0438621727,65.39587012247772,1029145.990470523,224.21481273867605
