loss,layer_idx,accuracy_score,f1_macro,f1_micro,balanced_accuracy_score,aic,aic_avg,bic,bic_avg,ebic,ebic_avg
9662.293319702148,41,0.3991285403050109,0.3950622485016295,0.3991285403050109,0.3991285403050109,23420.586639404297,5.1025243223103045,36592.5757400601,7.97223872332464,67823.01510736899,14.77625601467734
