loss,layer_idx,accuracy_score,f1_macro,f1_micro,balanced_accuracy_score,aic_rep,aic_rep_avg,bic_rep,bic_rep_avg,ebic_rep,ebic_rep_avg,aic_cls,aic_cls_avg,bic_cls,bic_cls_avg,ebic_cls,ebic_cls_avg,aic_pr,aic_pr_avg,bic_pr,bic_pr_avg,ebic_pr,ebic_pr_avg
14853.819763183594,4,0.10610021786492374,0.10077115542292235,0.10610021786492374,0.10610021786492375,33803.63952636719,7.364627347792416,46975.62862702299,10.234341748806752,78206.06799433188,17.038359040159452,169039.6395263672,36.827808175679124,617105.9445489683,134.44573955315215,2170862.2383432095,472.95473602248575,29734.448947906494,6.4780934527029395,29820.663158919833,6.496876505211293,29890.249863091994,6.512037007209585
