loss,layer_idx,accuracy_score,f1_macro,f1_micro,balanced_accuracy_score,aic_rep,aic_rep_avg,bic_rep,bic_rep_avg,ebic_rep,ebic_rep_avg,aic_cls,aic_cls_avg,bic_cls,bic_cls_avg,ebic_cls,ebic_cls_avg,aic_pr,aic_pr_avg,bic_pr,bic_pr_avg,ebic_pr,ebic_pr_avg
13995.383239746094,1,0.13965141612200435,0.11827350627534568,0.13965141612200435,0.13965141612200438,32086.766479492188,6.990580932351239,45258.75558014799,9.860295333365576,76489.19494745688,16.664312624718274,167322.7664794922,36.45376176023795,615389.0715020933,134.07169313771098,2169145.3652963345,472.5806896070446,28000.45675945282,6.100317376787107,28031.61893279846,6.1071065213068545,28046.90996305227,6.110437900447117
