loss,layer_idx,accuracy_score,f1_macro,f1_micro,balanced_accuracy_score,aic,aic_avg,bic,bic_avg,ebic,ebic_avg
10967.12622833252,38,0.3178649237472767,0.30677497026642725,0.3178649237472767,0.31786492374727665,25006.25245666504,5.447985284676479,34885.24428215689,7.600271085437231,57424.31448106669,12.510743895657232
