loss,layer_idx,accuracy_score,f1_macro,f1_micro,balanced_accuracy_score,aic,aic_avg,bic,bic_avg,ebic,ebic_avg
4208.8217849731445,0,0.7490196078431373,0.7479908791810032,0.7490196078431373,0.7490196078431373,147749.6435699463,32.18946483005366,595815.9485925474,129.80739620752666,2149572.2423867886,468.31639267686023
