loss,layer_idx,accuracy_score,f1_macro,f1_micro,balanced_accuracy_score,aic,aic_avg,bic,bic_avg,ebic,ebic_avg
13755.156997680664,14,0.16492374727668846,0.15837072987105055,0.16492374727668846,0.16492374727668846,166842.31399536133,36.34908801641859,614908.6190179625,133.9670193938916,2168664.9128122036,472.4760158632252
