loss,layer_idx,accuracy_score,f1_macro,f1_micro,balanced_accuracy_score,aic,aic_avg,bic,bic_avg,ebic,ebic_avg
9227.378623962402,40,0.4189542483660131,0.4128346988783247,0.4189542483660131,0.418954248366013,157786.7572479248,34.3761998361492,605853.062270526,131.9941312136222,2159609.356064767,470.5031276829558
