loss,layer_idx,accuracy_score,f1_macro,f1_micro,balanced_accuracy_score,aic,aic_avg,bic,bic_avg,ebic,ebic_avg
10826.911605834961,26,0.32222222222222224,0.31268207528533964,0.32222222222222224,0.32222222222222224,25749.823211669922,5.609983270516323,38921.812312325725,8.479697671530658,70152.25167963462,15.283714962883359
