loss,layer_idx,accuracy_score,f1_macro,f1_micro,balanced_accuracy_score,aic_rep,aic_rep_avg,bic_rep,bic_rep_avg,ebic_rep,ebic_rep_avg,aic_cls,aic_cls_avg,bic_cls,bic_cls_avg,ebic_cls,ebic_cls_avg,aic_pr,aic_pr_avg,bic_pr,bic_pr_avg,ebic_pr,ebic_pr_avg
13899.492874145508,13,0.15076252723311548,0.14478236234717948,0.15076252723311548,0.15076252723311545,31894.985748291016,6.9487986379718985,45066.97484894682,9.818513038986234,76297.41421625571,16.622530330338936,167130.98574829102,36.41197946585861,615197.2907708922,134.02991084333163,2168953.5845651333,472.53890731266523,27826.023975372314,6.062314591584382,27912.97398328636,6.081257948428401,27983.384352611552,6.096597898172451
