loss,layer_idx,accuracy_score,f1_macro,f1_micro,balanced_accuracy_score,aic_rep,aic_rep_avg,bic_rep,bic_rep_avg,ebic_rep,ebic_rep_avg,aic_cls,aic_cls_avg,bic_cls,bic_cls_avg,ebic_cls,ebic_cls_avg,aic_pr,aic_pr_avg,bic_pr,bic_pr_avg,ebic_pr,ebic_pr_avg
13850.101181030273,16,0.1494553376906318,0.13908656161823357,0.1494553376906318,0.1494553376906318,30772.202362060547,6.7041835211460885,40651.1941875524,8.856469321906841,63190.2643864622,13.766942132126841,132216.20236206055,28.805272845764826,468320.6000290874,102.03063181461599,1603777.01722355,349.40675756504356,27725.07023048401,6.040320311652289,27805.040760716034,6.057743085123319,27867.71846672914,6.071398358764519
