loss,layer_idx,accuracy_score,f1_macro,f1_micro,balanced_accuracy_score,aic,aic_avg,bic,bic_avg,ebic,ebic_avg
7787.012283325195,35,0.5084967320261438,0.5034800750071293,0.5084967320261438,0.5084967320261439,154906.0245666504,33.74858923020706,602972.3295892515,131.3665206076801,2156728.6233834927,469.8755170770137
