loss,layer_idx,accuracy_score,f1_macro,f1_micro,balanced_accuracy_score,aic,aic_avg,bic,bic_avg,ebic,ebic_avg
13995.383239746094,1,0.13965141612200435,0.11827350627534568,0.13965141612200435,0.13965141612200438,32086.766479492188,6.990580932351239,45258.75558014799,9.860295333365576,76489.19494745688,16.664312624718274
