loss,layer_idx,accuracy_score,f1_macro,f1_micro,balanced_accuracy_score,aic_rep,aic_rep_avg,bic_rep,bic_rep_avg,ebic_rep,ebic_rep_avg,aic_cls,aic_cls_avg,bic_cls,bic_cls_avg,ebic_cls,ebic_cls_avg,aic_pr,aic_pr_avg,bic_pr,bic_pr_avg,ebic_pr,ebic_pr_avg
2671.8947830200195,8,0.8893246187363835,0.888800059520725,0.8893246187363835,0.8893246187363835,7391.789566040039,1.6104116701612285,13977.78411636794,3.0452688706683966,28173.438374235622,6.138004003101443,75043.78956604004,16.34940949151199,299186.2798774925,65.18219605174129,1028165.2264858428,224.0011386679396,5359.141930580139,1.1675690480566752,5408.512335460875,1.1783251275513889,5439.802333761634,1.1851421206452362
