loss,layer_idx,accuracy_score,f1_macro,f1_micro,balanced_accuracy_score,aic,aic_avg,bic,bic_avg,ebic,ebic_avg
14782.485321044922,8,0.10697167755991285,0.10099174870006922,0.10697167755991285,0.10697167755991285,134080.97064208984,29.211540444899747,470185.3683091167,102.43689941375091,1605641.7855035793,349.8130251641785
