loss,layer_idx,accuracy_score,f1_macro,f1_micro,balanced_accuracy_score,aic_rep,aic_rep_avg,bic_rep,bic_rep_avg,ebic_rep,ebic_rep_avg,aic_cls,aic_cls_avg,bic_cls,bic_cls_avg,ebic_cls,ebic_cls_avg,aic_pr,aic_pr_avg,bic_pr,bic_pr_avg,ebic_pr,ebic_pr_avg
3155.4667778015137,4,0.8394335511982571,0.8389961872758689,0.8394335511982571,0.839433551198257,8358.933555603027,1.821118421700006,14944.928105930929,3.255975622207174,29140.58236379861,6.34871075464022,76010.93355560303,16.560116243050768,300153.4238670555,65.39290280328007,1029132.3704754058,224.2118454194784,6324.526832580566,1.3778925561177704,6368.240332627036,1.387416194472121,6394.290870450277,1.393091692908557
