loss,layer_idx,accuracy_score,f1_macro,f1_micro,balanced_accuracy_score,aic,aic_avg,bic,bic_avg,ebic,ebic_avg
7114.396110534668,0,0.5655773420479303,0.5630839369280457,0.5655773420479303,0.5655773420479303,23000.792221069336,5.0110658433702255,51209.944660266774,11.15685068851128,124773.45359326033,27.18375895278003
