loss,layer_idx,accuracy_score,f1_macro,f1_micro,balanced_accuracy_score,aic,aic_avg,bic,bic_avg,ebic,ebic_avg
11302.563354492188,6,0.31808278867102396,0.30881151628393794,0.31808278867102396,0.318082788671024,161937.12670898438,35.28041976230596,610003.4317315855,132.89835113977898,2163759.7255258267,471.40734760911255
