loss,layer_idx,accuracy_score,f1_macro,f1_micro,balanced_accuracy_score,aic,aic_avg,bic,bic_avg,ebic,ebic_avg
12178.67121887207,43,0.24357298474945535,0.2331394740778864,0.24357298474945535,0.24357298474945535,128873.34243774414,28.076980923255803,464977.740104771,101.30233989210697,1600434.1572992336,348.67846564253455
