loss,layer_idx,accuracy_score,f1_macro,f1_micro,balanced_accuracy_score,aic,aic_avg,bic,bic_avg,ebic,ebic_avg
14482.276977539062,11,0.11960784313725491,0.11248602306441803,0.11960784313725491,0.1196078431372549,133480.55395507812,29.080730709167348,469584.95162210497,102.30608967801851,1605041.3688165676,349.6822154284461
