loss,layer_idx,accuracy_score,f1_macro,f1_micro,balanced_accuracy_score,aic,aic_avg,bic,bic_avg,ebic,ebic_avg
12867.919158935547,16,0.2074074074074074,0.19948778799349873,0.2074074074074074,0.2074074074074074,165067.8383178711,35.962492008250784,613134.1433404722,133.5804233857238,2166890.4371347134,472.0894198550574
