loss,layer_idx,accuracy_score,f1_macro,f1_micro,balanced_accuracy_score,aic,aic_avg,bic,bic_avg,ebic,ebic_avg
13850.101257324219,16,0.1494553376906318,0.13908656161823357,0.1494553376906318,0.1494553376906318,132216.20251464844,28.805272879008374,468320.6001816753,102.03063184785954,1603777.017376138,349.40675759828713
