loss,layer_idx,accuracy_score,f1_macro,f1_micro,balanced_accuracy_score,aic_rep,aic_rep_avg,bic_rep,bic_rep_avg,ebic_rep,ebic_rep_avg,aic_cls,aic_cls_avg,bic_cls,bic_cls_avg,ebic_cls,ebic_cls_avg,aic_pr,aic_pr_avg,bic_pr,bic_pr_avg,ebic_pr,ebic_pr_avg
13755.156997680664,14,0.16492374727668846,0.15837072987105055,0.16492374727668846,0.16492374727668846,31606.313995361328,6.885907188531879,44778.30309601713,9.755621589546216,76008.74246332602,16.559638880898916,166842.31399536133,36.34908801641859,614908.6190179625,133.9670193938916,2168664.9128122036,472.4760158632252,27538.152877807617,5.999597576864405,27627.677647377186,6.019101883960171,27700.985400033718,6.0350730719027705
