loss,layer_idx,accuracy_score,f1_macro,f1_micro,balanced_accuracy_score,aic_rep,aic_rep_avg,bic_rep,bic_rep_avg,ebic_rep,ebic_rep_avg,aic_cls,aic_cls_avg,bic_cls,bic_cls_avg,ebic_cls,ebic_cls_avg,aic_pr,aic_pr_avg,bic_pr,bic_pr_avg,ebic_pr,ebic_pr_avg
14133.07504272461,14,0.14270152505446623,0.1341235032813047,0.14270152505446623,0.14270152505446623,31338.15008544922,6.8274836787471065,41217.14191094107,8.979769479507858,63756.21210985087,13.890242289727858,132782.15008544922,28.928573003365845,468886.54775247606,102.15393197221701,1604342.9649469387,349.5300577226446,28290.623723983765,6.16353458038862,28369.326482780256,6.180681150932518,28430.61947132909,6.194034743208952
