loss,layer_idx,accuracy_score,f1_macro,f1_micro,balanced_accuracy_score,aic_rep,aic_rep_avg,bic_rep,bic_rep_avg,ebic_rep,ebic_rep_avg,aic_cls,aic_cls_avg,bic_cls,bic_cls_avg,ebic_cls,ebic_cls_avg,aic_pr,aic_pr_avg,bic_pr,bic_pr_avg,ebic_pr,ebic_pr_avg
2756.1990547180176,10,0.8901960784313725,0.8898666210897936,0.8901960784313725,0.8901960784313725,7560.398109436035,1.6471455576113367,14146.392659763937,3.0820027581185045,28342.04691763162,6.174737890551551,75212.39810943604,16.3861433789621,299354.8884208885,65.2189299391914,1028333.8350292388,224.03787255538973,5528.414638519287,1.2044476336643326,5579.920875461409,1.2156690360482374,5613.242850003802,1.2229287254910244
