loss,layer_idx,accuracy_score,f1_macro,f1_micro,balanced_accuracy_score,aic,aic_avg,bic,bic_avg,ebic,ebic_avg
11851.205558776855,24,0.2586056644880174,0.24576628311704612,0.2586056644880174,0.2586056644880174,128218.41111755371,27.934294361122813,464322.80878458056,101.15965332997398,1599779.2259790432,348.53577908040154
