loss,layer_idx,accuracy_score,f1_macro,f1_micro,balanced_accuracy_score,aic,aic_avg,bic,bic_avg,ebic,ebic_avg
5538.049434661865,0,0.6494553376906318,0.6488719784978534,0.6494553376906318,0.6494553376906316,14148.09886932373,3.082374481334146,24027.090694815583,5.234660282094898,46566.160893725384,10.145133092314898
