loss,layer_idx,accuracy_score,f1_macro,f1_micro,balanced_accuracy_score,aic,aic_avg,bic,bic_avg,ebic,ebic_avg
9985.072364807129,43,0.37777777777777777,0.3699073678508308,0.37777777777777777,0.37777777777777777,159302.14472961426,34.70634961429504,607368.4497522154,132.32428099176806,2161124.7435464566,470.83327746110166
