loss,layer_idx,accuracy_score,f1_macro,f1_micro,balanced_accuracy_score,aic,aic_avg,bic,bic_avg,ebic,ebic_avg
14338.488418579102,12,0.1259259259259259,0.11798374696439887,0.1259259259259259,0.1259259259259259,31748.976837158203,6.916988417681526,41627.968662650055,9.069274218442278,64167.03886155986,13.979747028662278
