loss,layer_idx,accuracy_score,f1_macro,f1_micro,balanced_accuracy_score,aic_rep,aic_rep_avg,bic_rep,bic_rep_avg,ebic_rep,ebic_rep_avg,aic_cls,aic_cls_avg,bic_cls,bic_cls_avg,ebic_cls,ebic_cls_avg,aic_pr,aic_pr_avg,bic_pr,bic_pr_avg,ebic_pr,ebic_pr_avg
15105.388458251953,5,0.10544662309368191,0.09941387317872304,0.10544662309368191,0.10544662309368193,34306.776916503906,7.474243336928955,47478.76601715971,10.343957737943292,78709.2053844686,17.147975029295992,169542.7769165039,36.93742416481567,617609.0819391051,134.55535554228868,2171365.375733346,473.06435201162225,30237.57243156433,6.587706412105518,30323.741921877412,6.60647972154192,30393.27862243464,6.621629329506457
