loss,layer_idx,accuracy_score,f1_macro,f1_micro,balanced_accuracy_score,aic,aic_avg,bic,bic_avg,ebic,ebic_avg
10994.445999145508,29,0.3196078431372549,0.30602498754398766,0.3196078431372549,0.31960784313725493,126504.89199829102,27.560978648865145,462609.28966531786,100.78633761771631,1598065.7068597805,348.1624633681439
