loss,layer_idx,accuracy_score,f1_macro,f1_micro,balanced_accuracy_score,aic_rep,aic_rep_avg,bic_rep,bic_rep_avg,ebic_rep,ebic_rep_avg,aic_cls,aic_cls_avg,bic_cls,bic_cls_avg,ebic_cls,ebic_cls_avg,aic_pr,aic_pr_avg,bic_pr,bic_pr_avg,ebic_pr,ebic_pr_avg
14834.937240600586,7,0.10021786492374728,0.09472894252202693,0.10021786492374728,0.10021786492374729,32741.874481201172,7.1333059871897975,42620.866306693024,9.28559178795055,65159.936505602825,14.19606459817055,134185.87448120117,29.234395311808534,470290.272148228,102.4597542806597,1605746.6893426906,349.8358800310873,29693.799436569214,6.46923735001508,29770.737730353765,6.485999505523696,29830.114081844204,6.498935529813552
