loss,layer_idx,accuracy_score,f1_macro,f1_micro,balanced_accuracy_score,aic_rep,aic_rep_avg,bic_rep,bic_rep_avg,ebic_rep,ebic_rep_avg,aic_cls,aic_cls_avg,bic_cls,bic_cls_avg,ebic_cls,ebic_cls_avg,aic_pr,aic_pr_avg,bic_pr,bic_pr_avg,ebic_pr,ebic_pr_avg
3162.2767753601074,13,0.8586056644880175,0.8582941978351741,0.8586056644880175,0.8586056644880175,8372.553550720215,1.8240857408976503,14958.548101048116,3.2589429414048183,29154.202358915798,6.351678073837864,76024.55355072021,16.563083562248412,300167.0438621727,65.39587012247772,1029145.990470523,224.21481273867605,6340.206146240234,1.3813085285926436,6390.54203920573,1.3922749540753225,6422.747092226481,1.3992913054959655
