loss,layer_idx,accuracy_score,f1_macro,f1_micro,balanced_accuracy_score,aic,aic_avg,bic,bic_avg,ebic,ebic_avg
10586.484230041504,27,0.3318082788671024,0.3208620751616094,0.3318082788671024,0.3318082788671024,25268.968460083008,5.505221886728324,38440.95756073881,8.37493628774266,69671.3969280477,15.17895357909536
