loss,layer_idx,accuracy_score,f1_macro,f1_micro,balanced_accuracy_score,aic_rep,aic_rep_avg,bic_rep,bic_rep_avg,ebic_rep,ebic_rep_avg,aic_cls,aic_cls_avg,bic_cls,bic_cls_avg,ebic_cls,ebic_cls_avg,aic_pr,aic_pr_avg,bic_pr,bic_pr_avg,ebic_pr,ebic_pr_avg
2695.5713901519775,16,0.8976034858387799,0.8970886522473343,0.8976034858387799,0.89760348583878,7439.142780303955,1.620728274576025,14025.137330631856,3.055585475083193,28220.79158849954,6.148320607516239,75091.14278030396,16.35972609592679,299233.63309175643,65.19251265615608,1028212.5797001068,224.01145527235443,5406.865478515625,1.1779663351885894,5457.426808954349,1.1889818755891828,5489.846357234508,1.196044958003161
