loss,layer_idx,accuracy_score,f1_macro,f1_micro,balanced_accuracy_score,aic_rep,aic_rep_avg,bic_rep,bic_rep_avg,ebic_rep,ebic_rep_avg,aic_cls,aic_cls_avg,bic_cls,bic_cls_avg,ebic_cls,ebic_cls_avg,aic_pr,aic_pr_avg,bic_pr,bic_pr_avg,ebic_pr,ebic_pr_avg
12035.970138549805,19,0.2326797385620915,0.22491150327567916,0.2326797385620915,0.2326797385620915,28167.94027709961,6.13680616058815,41339.92937775541,9.006520561602485,72570.3687450643,15.810537852955186,163403.9402770996,35.59998698847486,611470.2452997008,133.21791836594787,2165226.539093942,471.7269148352815,24100.004388809204,5.250545618476951,24190.253454619353,5.270207724317942,24264.38043636651,5.286357393543902
