loss,layer_idx,accuracy_score,f1_macro,f1_micro,balanced_accuracy_score,aic,aic_avg,bic,bic_avg,ebic,ebic_avg
11959.609924316406,23,0.25620915032679736,0.24047646627976896,0.25620915032679736,0.25620915032679736,26991.219848632812,5.880440054168369,36870.211674124665,8.03272585492912,59409.281873034466,12.94319866514912
