loss,layer_idx,accuracy_score,f1_macro,f1_micro,balanced_accuracy_score,aic_rep,aic_rep_avg,bic_rep,bic_rep_avg,ebic_rep,ebic_rep_avg,aic_cls,aic_cls_avg,bic_cls,bic_cls_avg,ebic_cls,ebic_cls_avg,aic_pr,aic_pr_avg,bic_pr,bic_pr_avg,ebic_pr,ebic_pr_avg
4187.364326477051,21,0.7812636165577342,0.7797010957503305,0.7812636165577342,0.7812636165577342,10422.728652954102,2.2707469832144014,17008.723203282003,3.705604183721569,31204.377461149685,6.798339316154616,78074.7286529541,17.009744804565162,302217.2189644066,65.84253136479447,1031196.1655727569,224.66147398099278,8388.650656700134,1.8275927356645172,8433.421282091256,1.8373466845514719,8460.434472737275,1.8432319112717375
