loss,layer_idx,accuracy_score,f1_macro,f1_micro,balanced_accuracy_score,aic,aic_avg,bic,bic_avg,ebic,ebic_avg
14728.42301940918,3,0.10043572984749455,0.09087643638919893,0.10043572984749455,0.10043572984749455,32528.84603881836,7.0868945618340655,42407.83786431021,9.239180362594817,64946.90806322001,14.149653172814817
