loss,layer_idx,accuracy_score,f1_macro,f1_micro,balanced_accuracy_score,aic_rep,aic_rep_avg,bic_rep,bic_rep_avg,ebic_rep,ebic_rep_avg,aic_cls,aic_cls_avg,bic_cls,bic_cls_avg,ebic_cls,ebic_cls_avg,aic_pr,aic_pr_avg,bic_pr,bic_pr_avg,ebic_pr,ebic_pr_avg
916.2532811164856,48,0.9718954248366013,0.9718317333401406,0.9718954248366013,0.9718954248366013,4904.506562232971,1.0685199481989045,14783.498387724823,3.2208057489596564,37322.568586634625,8.131278559179657,106348.50656223297,23.16960927281764,442452.9042292598,96.3949682416688,1577909.3214237224,343.7710939920964,1854.2034788131714,0.40396589952356676,1923.9768061354944,0.4191670601602384,1975.70275323136,0.43043632968003487
