loss,layer_idx,accuracy_score,f1_macro,f1_micro,balanced_accuracy_score,aic_rep,aic_rep_avg,bic_rep,bic_rep_avg,ebic_rep,ebic_rep_avg,aic_cls,aic_cls_avg,bic_cls,bic_cls_avg,ebic_cls,ebic_cls_avg,aic_pr,aic_pr_avg,bic_pr,bic_pr_avg,ebic_pr,ebic_pr_avg
11894.6625289917,23,0.24793028322440086,0.24096507611373652,0.24793028322440086,0.24793028322440083,27885.3250579834,6.075234217425577,41057.3141586392,8.944948618439913,72287.7535259481,15.748965909792613,163121.3250579834,35.538415045312284,611187.6300805846,133.1563464227853,2164943.9238748257,471.6653428921189,23815.418495178223,5.188544334461486,23899.330231098356,5.206825758409228,23966.35218368686,5.221427490999316
