loss,layer_idx,accuracy_score,f1_macro,f1_micro,balanced_accuracy_score,aic,aic_avg,bic,bic_avg,ebic,ebic_avg
8704.231048583984,38,0.44466230936819173,0.4370690355010153,0.44466230936819173,0.44466230936819173,156740.46209716797,34.148248822912414,604806.7671197691,131.76618020038543,2158563.0609140103,470.27517666971903
