loss,layer_idx,accuracy_score,f1_macro,f1_micro,balanced_accuracy_score,aic,aic_avg,bic,bic_avg,ebic,ebic_avg
15001.05908203125,8,0.11394335511982571,0.10730119556846562,0.11394335511982571,0.1139433551198257,169334.1181640625,36.89196474162582,617400.4231866637,134.50989611909884,2171156.716980905,473.01889258843244
