loss,layer_idx,accuracy_score,f1_macro,f1_micro,balanced_accuracy_score,aic_rep,aic_rep_avg,bic_rep,bic_rep_avg,ebic_rep,ebic_rep_avg,aic_cls,aic_cls_avg,bic_cls,bic_cls_avg,ebic_cls,ebic_cls_avg,aic_pr,aic_pr_avg,bic_pr,bic_pr_avg,ebic_pr,ebic_pr_avg
15001.05908203125,8,0.11394335511982571,0.10730119556846562,0.11394335511982571,0.1139433551198257,34098.1181640625,7.428783913739107,47270.1072647183,10.298498314753443,78500.5466320272,17.10251560610614,169334.1181640625,36.89196474162582,617400.4231866637,134.50989611909884,2171156.716980905,473.01889258843244,30028.371294021606,6.542128822226929,30112.79657275194,6.560522129139856,30180.388882131363,6.5752481224687065
