loss,layer_idx,accuracy_score,f1_macro,f1_micro,balanced_accuracy_score,aic,aic_avg,bic,bic_avg,ebic,ebic_avg
11918.973114013672,40,0.2586056644880174,0.24676076557484386,0.2586056644880174,0.25860566448801736,26909.946228027344,5.862733383012493,36788.938053519196,8.015019183773246,59328.008252429,12.925491993993246
