loss,layer_idx,accuracy_score,f1_macro,f1_micro,balanced_accuracy_score,aic,aic_avg,bic,bic_avg,ebic,ebic_avg
5612.705600738525,3,0.6668845315904139,0.6640816667565693,0.6668845315904139,0.666884531590414,13273.41120147705,2.891810719276046,19859.405751804952,4.326667919783214,34055.060009672634,7.41940305221626
