loss,layer_idx,accuracy_score,f1_macro,f1_micro,balanced_accuracy_score,aic,aic_avg,bic,bic_avg,ebic,ebic_avg
13080.109420776367,19,0.1784313725490196,0.16711689257111326,0.1784313725490196,0.17843137254901964,130676.21884155273,28.469764453497326,466780.6165085796,101.69512342234849,1602237.0337030422,349.07124917277605
