loss,layer_idx,accuracy_score,f1_macro,f1_micro,balanced_accuracy_score,aic,aic_avg,bic,bic_avg,ebic,ebic_avg
14472.00375366211,2,0.11764705882352941,0.10858555910609533,0.11764705882352941,0.1176470588235294,168276.00750732422,36.66143954407935,616342.3125299254,134.27937092155236,2170098.6063241665,472.788367390886
