loss,layer_idx,accuracy_score,f1_macro,f1_micro,balanced_accuracy_score,aic_rep,aic_rep_avg,bic_rep,bic_rep_avg,ebic_rep,ebic_rep_avg,aic_cls,aic_cls_avg,bic_cls,bic_cls_avg,ebic_cls,ebic_cls_avg,aic_pr,aic_pr_avg,bic_pr,bic_pr_avg,ebic_pr,ebic_pr_avg
3414.764907836914,12,0.8457516339869281,0.8452168801804768,0.8457516339869281,0.845751633986928,8877.529815673828,1.9341023563559538,15463.52436600173,3.368959556863122,29659.17862386941,6.461694689296168,76529.52981567383,16.673100177706715,300672.0201271263,65.50588673793601,1029650.9667354766,224.32482935413435,6845.001200675964,1.4912856646352863,6894.7543536594085,1.502125131516211,6926.406409800139,1.5090210043137557
