loss,layer_idx,accuracy_score,f1_macro,f1_micro,balanced_accuracy_score,aic_rep,aic_rep_avg,bic_rep,bic_rep_avg,ebic_rep,ebic_rep_avg,aic_cls,aic_cls_avg,bic_cls,bic_cls_avg,ebic_cls,ebic_cls_avg,aic_pr,aic_pr_avg,bic_pr,bic_pr_avg,ebic_pr,ebic_pr_avg
8899.554733276367,39,0.4507625272331155,0.44560704426668224,0.4507625272331155,0.4507625272331155,21895.109466552734,4.770176354368788,35067.09856720854,7.6398907553831235,66297.53793451743,14.443908046735823,157131.10946655273,34.233357182255496,605197.4144891539,131.85128855972852,2158953.708283395,470.3602850290621,17825.33806037903,3.8835159172939058,17909.684435380364,3.901892033851931,17977.1890473244,3.9165989209857077
