loss,layer_idx,accuracy_score,f1_macro,f1_micro,balanced_accuracy_score,aic,aic_avg,bic,bic_avg,ebic,ebic_avg
2579.2467975616455,5,0.8947712418300654,0.8946208073980212,0.8947712418300654,0.8947712418300654,74858.49359512329,16.309039998937536,299000.98390657577,65.14182655916683,1027979.9305149261,223.96076917536516
