loss,layer_idx,accuracy_score,f1_macro,f1_micro,balanced_accuracy_score,aic,aic_avg,bic,bic_avg,ebic,ebic_avg
12573.614440917969,17,0.21241830065359477,0.2066900204153648,0.21241830065359477,0.21241830065359477,164479.22888183594,35.83425465835206,612545.5339044371,133.45218603582506,2166301.8276986782,471.96118250515866
