loss,layer_idx,accuracy_score,f1_macro,f1_micro,balanced_accuracy_score,aic_rep,aic_rep_avg,bic_rep,bic_rep_avg,ebic_rep,ebic_rep_avg,aic_cls,aic_cls_avg,bic_cls,bic_cls_avg,ebic_cls,ebic_cls_avg,aic_pr,aic_pr_avg,bic_pr,bic_pr_avg,ebic_pr,ebic_pr_avg
9459.566596984863,34,0.4206971677559913,0.4061805453645057,0.4206971677559913,0.4206971677559913,21991.133193969727,4.7910965564204195,31870.12501946158,6.9433823571811715,54409.19521837138,11.853855167401171,123435.13319396973,26.892185881039158,459539.5308609966,100.11754484989032,1594995.9480554592,347.4936706003179,18937.340785980225,4.125782306313774,18995.89308175939,4.1385387977689305,19036.108032893277,4.1473002250312145
