loss,layer_idx,accuracy_score,f1_macro,f1_micro,balanced_accuracy_score,aic_rep,aic_rep_avg,bic_rep,bic_rep_avg,ebic_rep,ebic_rep_avg,aic_cls,aic_cls_avg,bic_cls,bic_cls_avg,ebic_cls,ebic_cls_avg,aic_pr,aic_pr_avg,bic_pr,bic_pr_avg,ebic_pr,ebic_pr_avg
11764.636749267578,45,0.257516339869281,0.24906725997381246,0.257516339869281,0.257516339869281,26601.273498535156,5.795484422338814,36480.26532402701,7.947770223099566,59019.33552293681,12.858243033319566,128045.27349853516,27.89657374695755,464149.671165562,101.12193271580871,1599606.0883600246,348.4980584662363,23547.93323135376,5.13026867785485,23607.939529524607,5.143341945430198,23649.610828820914,5.152420659873838
