loss,layer_idx,accuracy_score,f1_macro,f1_micro,balanced_accuracy_score,aic,aic_avg,bic,bic_avg,ebic,ebic_avg
2517.7433223724365,15,0.8928104575163399,0.8923575779010138,0.8928104575163399,0.8928104575163398,74735.48664474487,16.28224109907296,298877.97695619735,65.11502765930226,1027856.9235645477,223.93397027550057
