loss,layer_idx,accuracy_score,f1_macro,f1_micro,balanced_accuracy_score,aic_rep,aic_rep_avg,bic_rep,bic_rep_avg,ebic_rep,ebic_rep_avg,aic_cls,aic_cls_avg,bic_cls,bic_cls_avg,ebic_cls,ebic_cls_avg,aic_pr,aic_pr_avg,bic_pr,bic_pr_avg,ebic_pr,ebic_pr_avg
9662.293319702148,41,0.3991285403050109,0.3950622485016295,0.3991285403050109,0.3991285403050109,23420.586639404297,5.1025243223103045,36592.5757400601,7.97223872332464,67823.01510736899,14.77625601467734,158656.5866394043,34.56570515019701,606722.8916620055,132.18363652767005,2160479.1854562466,470.6926329970036,19347.99521255493,4.215249501645955,19423.27291528981,4.231649872612159,19480.856956898053,4.244195415446199
