loss,layer_idx,accuracy_score,f1_macro,f1_micro,balanced_accuracy_score,aic,aic_avg,bic,bic_avg,ebic,ebic_avg
3531.583194732666,18,0.816557734204793,0.8150757823285744,0.816557734204793,0.8165577342047932,76763.16638946533,16.72400139204038,300905.6567009178,65.55678795226967,1029884.6033092681,224.37573056846801
