loss,layer_idx,accuracy_score,f1_macro,f1_micro,balanced_accuracy_score,aic_rep,aic_rep_avg,bic_rep,bic_rep_avg,ebic_rep,ebic_rep_avg,aic_cls,aic_cls_avg,bic_cls,bic_cls_avg,ebic_cls,ebic_cls_avg,aic_pr,aic_pr_avg,bic_pr,bic_pr_avg,ebic_pr,ebic_pr_avg
14543.077423095703,11,0.12919389978213508,0.12328520233590488,0.12919389978213508,0.12919389978213508,33182.154846191406,7.2292276353358185,46354.14394684721,10.098942036350154,77584.5833141561,16.902959327702856,168418.1548461914,36.69240846322253,616484.4598687926,134.31033984069555,2170240.7536630337,472.81933631002914,29112.454362869263,6.342582649862584,29197.02881282855,6.361008455953932,29264.786976475025,6.375770583110027
