loss,layer_idx,accuracy_score,f1_macro,f1_micro,balanced_accuracy_score,aic_rep,aic_rep_avg,bic_rep,bic_rep_avg,ebic_rep,ebic_rep_avg,aic_cls,aic_cls_avg,bic_cls,bic_cls_avg,ebic_cls,ebic_cls_avg,aic_pr,aic_pr_avg,bic_pr,bic_pr_avg,ebic_pr,ebic_pr_avg
13080.109451293945,19,0.1784313725490196,0.16711689257111326,0.1784313725490196,0.17843137254901964,29232.21890258789,6.368675142176011,39111.21072807974,8.520960942936764,61650.280926989544,13.431433753156764,130676.21890258789,28.469764466794746,466780.61656961474,101.69512343564591,1602237.0337640774,349.0712491860735,26187.957292556763,5.7054373186398175,26277.15889664361,5.724871219312333,26350.101712563177,5.740762900340561
