loss,layer_idx,accuracy_score,f1_macro,f1_micro,balanced_accuracy_score,aic,aic_avg,bic,bic_avg,ebic,ebic_avg
11959.609924316406,23,0.25620915032679736,0.24047646627976896,0.25620915032679736,0.25620915032679736,128435.21984863281,27.981529378787105,464539.61751565966,101.20688834763827,1599996.0347101223,348.58301409806586
