loss,layer_idx,accuracy_score,f1_macro,f1_micro,balanced_accuracy_score,aic_rep,aic_rep_avg,bic_rep,bic_rep_avg,ebic_rep,ebic_rep_avg,aic_cls,aic_cls_avg,bic_cls,bic_cls_avg,ebic_cls,ebic_cls_avg,aic_pr,aic_pr_avg,bic_pr,bic_pr_avg,ebic_pr,ebic_pr_avg
12185.041152954102,41,0.23943355119825707,0.22566088124282646,0.23943355119825707,0.23943355119825704,27442.082305908203,5.978667169043182,37321.074131400055,8.130952969803934,59860.14433030986,13.041425780023934,128886.0823059082,28.079756493661918,464990.47997293505,101.30511546251309,1600446.8971673977,348.6812412129407,24385.59800052643,5.312766448916433,24435.493645155424,5.323636959728851,24467.280724166314,5.330562249273707
