loss,layer_idx,accuracy_score,f1_macro,f1_micro,balanced_accuracy_score,aic,aic_avg,bic,bic_avg,ebic,ebic_avg
3414.764907836914,12,0.8457516339869281,0.8452168801804768,0.8457516339869281,0.845751633986928,76529.52981567383,16.673100177706715,300672.0201271263,65.50588673793601,1029650.9667354766,224.32482935413435
