loss,layer_idx,accuracy_score,f1_macro,f1_micro,balanced_accuracy_score,aic,aic_avg,bic,bic_avg,ebic,ebic_avg
10357.353713989258,30,0.3712418300653595,0.35714275112004584,0.3712418300653595,0.3712418300653595,125230.70742797852,27.283378524614054,461335.10509500536,100.50873749346522,1596791.522289468,347.8848632438928
