loss,layer_idx,accuracy_score,f1_macro,f1_micro,balanced_accuracy_score,aic,aic_avg,bic,bic_avg,ebic,ebic_avg
13242.004623413086,15,0.18518518518518517,0.1782250517778729,0.18518518518518517,0.1851851851851852,165816.00924682617,36.12549221063751,613882.3142694273,133.74342358811052,2167638.6080636685,472.2524200574441
