loss,layer_idx,accuracy_score,f1_macro,f1_micro,balanced_accuracy_score,aic,aic_avg,bic,bic_avg,ebic,ebic_avg
11110.900672912598,6,0.32527233115468407,0.31610785727050333,0.32527233115468407,0.3252723311546841,25293.801345825195,5.510632101486971,35172.79317131705,7.662917902247723,57711.86337022685,12.573390712467724
