loss,layer_idx,accuracy_score,f1_macro,f1_micro,balanced_accuracy_score,aic,aic_avg,bic,bic_avg,ebic,ebic_avg
10357.736450195312,36,0.3533769063180828,0.33923973234029997,0.3533769063180828,0.3533769063180828,23787.472900390625,5.182455969584014,33666.46472588248,7.334741770344766,56205.53492479228,12.245214580564767
