loss,layer_idx,accuracy_score,f1_macro,f1_micro,balanced_accuracy_score,aic,aic_avg,bic,bic_avg,ebic,ebic_avg
3666.6090812683105,19,0.8087145969498911,0.8080920739511532,0.8087145969498911,0.8087145969498911,77033.21816253662,16.78283620098837,301175.7084739891,65.61562276121767,1030154.6550823394,224.434565377416
