loss,layer_idx,accuracy_score,f1_macro,f1_micro,balanced_accuracy_score,aic_rep,aic_rep_avg,bic_rep,bic_rep_avg,ebic_rep,ebic_rep_avg,aic_cls,aic_cls_avg,bic_cls,bic_cls_avg,ebic_cls,ebic_cls_avg,aic_pr,aic_pr_avg,bic_pr,bic_pr_avg,ebic_pr,ebic_pr_avg
12193.28433227539,42,0.24183006535947713,0.2326565560699582,0.24183006535947713,0.24183006535947715,27458.56866455078,5.982258968311717,37337.56049004263,8.13454476907247,59876.630688952435,13.04501757929247,128902.56866455078,28.083348292930452,465006.9663315776,101.30870726178162,1600463.3835260402,348.6848330122092,24402.105907440186,5.316362942797426,24452.07084738,5.327248550627451,24483.923635561314,5.334188155895711
