loss,layer_idx,accuracy_score,f1_macro,f1_micro,balanced_accuracy_score,aic,aic_avg,bic,bic_avg,ebic,ebic_avg
10202.131240844727,44,0.3572984749455338,0.3488534828864635,0.3572984749455338,0.3572984749455338,159736.26248168945,34.80092864524825,607802.5675042906,132.41886002272128,2161558.8612985318,470.92785649205484
