loss,layer_idx,accuracy_score,f1_macro,f1_micro,balanced_accuracy_score,aic,aic_avg,bic,bic_avg,ebic,ebic_avg
4895.885936737061,22,0.7363834422657952,0.7352075440362622,0.7363834422657952,0.7363834422657952,79491.77187347412,17.318468817750354,303634.2621849266,66.15125537797965,1032613.2087932769,224.97019799417797
