loss,layer_idx,accuracy_score,f1_macro,f1_micro,balanced_accuracy_score,aic,aic_avg,bic,bic_avg,ebic,ebic_avg
8710.012176513672,37,0.45446623093681915,0.4487799862255098,0.45446623093681915,0.45446623093681915,21516.024353027344,4.687587005016851,34688.01345368315,7.557301406031186,65918.45282099204,14.361318697383886
