loss,layer_idx,accuracy_score,f1_macro,f1_micro,balanced_accuracy_score,aic_rep,aic_rep_avg,bic_rep,bic_rep_avg,ebic_rep,ebic_rep_avg,aic_cls,aic_cls_avg,bic_cls,bic_cls_avg,ebic_cls,ebic_cls_avg,aic_pr,aic_pr_avg,bic_pr,bic_pr_avg,ebic_pr,ebic_pr_avg
2579.2467975616455,5,0.8947712418300654,0.8946208073980212,0.8947712418300654,0.8947712418300654,7206.493595123291,1.5700421775867737,13792.488145451192,3.004899378093942,27988.142403318874,6.097634510526988,74858.49359512329,16.309039998937536,299000.98390657577,65.14182655916683,1027979.9305149261,223.96076917536516,5172.6198806762695,1.1269324358771828,5218.0474391080525,1.1368295074309482,5245.662775336683,1.1428459205526542
