loss,layer_idx,accuracy_score,f1_macro,f1_micro,balanced_accuracy_score,aic,aic_avg,bic,bic_avg,ebic,ebic_avg
10826.911605834961,26,0.32222222222222224,0.31268207528533964,0.32222222222222224,0.32222222222222224,160985.82321166992,35.07316409840303,609052.1282342711,132.69109547587604,2162808.422028512,471.20009194520964
