loss,layer_idx,accuracy_score,f1_macro,f1_micro,balanced_accuracy_score,aic,aic_avg,bic,bic_avg,ebic,ebic_avg
11232.819023132324,27,0.3028322440087146,0.2897612224013167,0.3028322440087146,0.30283224400871456,126981.63804626465,27.664844890253736,463086.0357132915,100.8902038591049,1598542.452907754,348.2663296095325
