loss,layer_idx,accuracy_score,f1_macro,f1_micro,balanced_accuracy_score,aic,aic_avg,bic,bic_avg,ebic,ebic_avg
14272.929138183594,13,0.12788671023965142,0.12053053180337357,0.12788671023965142,0.1278867102396514,31617.858276367188,6.888422282432939,41496.85010185904,9.04070808319369,64035.92030076884,13.95118089341369
