loss,layer_idx,accuracy_score,f1_macro,f1_micro,balanced_accuracy_score,aic,aic_avg,bic,bic_avg,ebic,ebic_avg
9272.75700378418,30,0.40980392156862744,0.3990020204396534,0.40980392156862744,0.40980392156862744,22641.51400756836,4.9327917227817775,35813.50310822416,7.802506123796114,67043.94247553305,14.606523415148814
