loss,layer_idx,accuracy_score,f1_macro,f1_micro,balanced_accuracy_score,aic,aic_avg,bic,bic_avg,ebic,ebic_avg
13995.383239746094,1,0.13965141612200435,0.11827350627534568,0.13965141612200435,0.13965141612200438,167322.7664794922,36.45376176023795,615389.0715020933,134.07169313771098,2169145.3652963345,472.5806896070446
