loss,layer_idx,accuracy_score,f1_macro,f1_micro,balanced_accuracy_score,aic,aic_avg,bic,bic_avg,ebic,ebic_avg
12193.284362792969,42,0.24183006535947713,0.2326565560699582,0.24183006535947713,0.24183006535947715,128902.56872558594,28.083348306227872,465006.9663926128,101.30870727507904,1600463.3835870754,348.68483302550663
