loss,layer_idx,accuracy_score,f1_macro,f1_micro,balanced_accuracy_score,aic,aic_avg,bic,bic_avg,ebic,ebic_avg
13480.717529296875,18,0.1721132897603486,0.1629423116947498,0.1721132897603486,0.17211328976034856,131477.43505859375,28.64432136352805,467581.8327256206,101.86968033237922,1603038.2499200832,349.2458060828068
