loss,layer_idx,accuracy_score,f1_macro,f1_micro,balanced_accuracy_score,aic,aic_avg,bic,bic_avg,ebic,ebic_avg
3062.837236404419,14,0.8688453159041394,0.8685978915757936,0.8688453159041394,0.8688453159041395,75825.67447280884,16.519754787104322,299968.1647842613,65.35254134733363,1028947.1113926116,224.17148396353195
