loss,layer_idx,accuracy_score,f1_macro,f1_micro,balanced_accuracy_score,aic_rep,aic_rep_avg,bic_rep,bic_rep_avg,ebic_rep,ebic_rep_avg,aic_cls,aic_cls_avg,bic_cls,bic_cls_avg,ebic_cls,ebic_cls_avg,aic_pr,aic_pr_avg,bic_pr,bic_pr_avg,ebic_pr,ebic_pr_avg
13774.674087524414,17,0.16100217864923747,0.1514994158019717,0.16100217864923747,0.1610021786492375,30621.348175048828,6.671317685195823,40500.34000054068,8.823603485956575,63039.41019945048,13.734076296176575,132065.34817504883,28.77240700981456,468169.7458420757,101.99776597866573,1603626.1630365383,349.3738917290933,27573.913869857788,6.007388642670542,27652.912664846473,6.024599709116878,27714.52843256209,6.038023623651871
