loss,layer_idx,accuracy_score,f1_macro,f1_micro,balanced_accuracy_score,aic,aic_avg,bic,bic_avg,ebic,ebic_avg
7812.376953125,32,0.5135076252723312,0.5054704015390835,0.5135076252723312,0.5135076252723312,154956.75390625,33.759641373910675,603023.0589288512,131.3775727513837,2156779.3527230923,469.88656922071726
