loss,layer_idx,accuracy_score,f1_macro,f1_micro,balanced_accuracy_score,aic_rep,aic_rep_avg,bic_rep,bic_rep_avg,ebic_rep,ebic_rep_avg,aic_cls,aic_cls_avg,bic_cls,bic_cls_avg,ebic_cls,ebic_cls_avg,aic_pr,aic_pr_avg,bic_pr,bic_pr_avg,ebic_pr,ebic_pr_avg
12098.789047241211,47,0.23333333333333334,0.2218876864259842,0.23333333333333334,0.23333333333333334,27269.578094482422,5.94108455217482,37148.569919974274,8.093370352935572,59687.640118884075,13.003843163155572,128713.57809448242,28.042173876793555,464817.97576150927,101.26753284564472,1600274.3929559719,348.6436585960723,24220.109746932983,5.276712363166228,24292.567432601576,5.29249835132932,24347.134000667305,5.30438649252011
