loss,layer_idx,accuracy_score,f1_macro,f1_micro,balanced_accuracy_score,aic,aic_avg,bic,bic_avg,ebic,ebic_avg
13135.173248291016,20,0.17930283224400873,0.16870696727512852,0.17930283224400873,0.17930283224400873,29342.34649658203,6.392668082044016,39221.33832207388,8.544953882804768,61760.408520983685,13.455426693024767
