loss,layer_idx,accuracy_score,f1_macro,f1_micro,balanced_accuracy_score,aic,aic_avg,bic,bic_avg,ebic,ebic_avg
6192.276069641113,0,0.6143790849673203,0.6128023087402834,0.6143790849673203,0.6143790849673203,14432.552139282227,3.144346871303317,21018.546689610128,4.579204071810485,35214.20094747781,7.6719392042435315
