loss,layer_idx,accuracy_score,f1_macro,f1_micro,balanced_accuracy_score,aic,aic_avg,bic,bic_avg,ebic,ebic_avg
8899.554733276367,39,0.4507625272331155,0.44560704426668224,0.4507625272331155,0.4507625272331155,157131.10946655273,34.233357182255496,605197.4144891539,131.85128855972852,2158953.708283395,470.3602850290621
