loss,layer_idx,accuracy_score,f1_macro,f1_micro,balanced_accuracy_score,aic,aic_avg,bic,bic_avg,ebic,ebic_avg
14338.488418579102,12,0.1259259259259259,0.11798374696439887,0.1259259259259259,0.1259259259259259,133192.9768371582,29.018077742300264,469297.37450418505,102.24343671115143,1604753.7916986477,349.619562461579
