loss,layer_idx,accuracy_score,f1_macro,f1_micro,balanced_accuracy_score,aic,aic_avg,bic,bic_avg,ebic,ebic_avg
916.2532811164856,48,0.9718954248366013,0.9718317333401406,0.9718954248366013,0.9718954248366013,4904.506562232971,1.0685199481989045,14783.498387724823,3.2208057489596564,37322.568586634625,8.131278559179657
