loss,layer_idx,accuracy_score,f1_macro,f1_micro,balanced_accuracy_score,aic,aic_avg,bic,bic_avg,ebic,ebic_avg
9048.77084350586,32,0.44901960784313727,0.4369055620996349,0.44901960784313727,0.4490196078431372,122613.54168701172,26.71318991002434,458717.93935403856,99.93854887887551,1594174.3565485012,347.3146746293031
