loss,layer_idx,accuracy_score,f1_macro,f1_micro,balanced_accuracy_score,aic_rep,aic_rep_avg,bic_rep,bic_rep_avg,ebic_rep,ebic_rep_avg,aic_cls,aic_cls_avg,bic_cls,bic_cls_avg,ebic_cls,ebic_cls_avg,aic_pr,aic_pr_avg,bic_pr,bic_pr_avg,ebic_pr,ebic_pr_avg
9536.645492553711,46,0.4017429193899782,0.39678705139272763,0.4017429193899782,0.40174291938997825,23169.290985107422,5.047775813748894,36341.280085763225,7.917490214763229,67571.71945307212,14.72150750611593,158405.29098510742,34.5109566416356,606471.5960077086,132.12888801910862,2160227.8898019497,470.6378844884422,19093.8898563385,4.159888857590087,19160.132070044943,4.174320712428092,19208.170474880873,4.184786595834613
