loss,layer_idx,accuracy_score,f1_macro,f1_micro,balanced_accuracy_score,aic,aic_avg,bic,bic_avg,ebic,ebic_avg
9023.3111038208,31,0.4459694989106754,0.4263732027441851,0.4459694989106754,0.4459694989106754,122562.6222076416,26.70209634153412,458667.01987466845,99.92745531038528,1594123.437069131,347.30358106081286
