loss,layer_idx,accuracy_score,f1_macro,f1_micro,balanced_accuracy_score,aic_rep,aic_rep_avg,bic_rep,bic_rep_avg,ebic_rep,ebic_rep_avg,aic_cls,aic_cls_avg,bic_cls,bic_cls_avg,ebic_cls,ebic_cls_avg,aic_pr,aic_pr_avg,bic_pr,bic_pr_avg,ebic_pr,ebic_pr_avg
14272.929138183594,13,0.12788671023965142,0.12053053180337357,0.12788671023965142,0.1278867102396514,31617.858276367188,6.888422282432939,41496.85010185904,9.04070808319369,64035.92030076884,13.95118089341369,133061.8582763672,28.989511607051675,469166.25594339403,102.21487057590284,1604622.6731378566,349.5909963263304,28570.357389450073,6.224478734084983,28649.14206974878,6.241643152450715,28710.524348328934,6.255016197893014
