loss,layer_idx,accuracy_score,f1_macro,f1_micro,balanced_accuracy_score,aic,aic_avg,bic,bic_avg,ebic,ebic_avg
10503.493606567383,37,0.34727668845315907,0.3377059224494534,0.34727668845315907,0.347276688453159,125522.98721313477,27.34705603771999,461627.3848801616,100.57241500657116,1597083.8020746242,347.94854075699874
