loss,layer_idx,accuracy_score,f1_macro,f1_micro,balanced_accuracy_score,aic_rep,aic_rep_avg,bic_rep,bic_rep_avg,ebic_rep,ebic_rep_avg,aic_cls,aic_cls_avg,bic_cls,bic_cls_avg,ebic_cls,ebic_cls_avg,aic_pr,aic_pr_avg,bic_pr,bic_pr_avg,ebic_pr,ebic_pr_avg
3818.5650329589844,20,0.80239651416122,0.8017775561585556,0.80239651416122,0.80239651416122,9685.130065917969,2.110050123293675,16271.12461624587,3.5449073238008433,30466.778874113552,6.637642456233889,77337.13006591797,16.849047944644436,301479.62037737045,65.68183450487373,1030458.5669857208,224.50077712107208,7651.148010253906,1.666916777833095,7696.227163087541,1.6767379440277868,7723.522779807835,1.6826847014831885
