loss,layer_idx,accuracy_score,f1_macro,f1_micro,balanced_accuracy_score,aic_rep,aic_rep_avg,bic_rep,bic_rep_avg,ebic_rep,ebic_rep_avg,aic_cls,aic_cls_avg,bic_cls,bic_cls_avg,ebic_cls,ebic_cls_avg,aic_pr,aic_pr_avg,bic_pr,bic_pr_avg,ebic_pr,ebic_pr_avg
11578.358192443848,24,0.2668845315904139,0.25762749422094333,0.2668845315904139,0.2668845315904139,27252.716384887695,5.937410977099716,40424.7054855435,8.807125378114051,71655.14485285239,15.611142669466751,162488.7163848877,35.400591804986426,610555.0214074888,133.01852318245943,2164311.31520173,471.52751965179306,23186.11215209961,5.051440556012987,23280.64357917987,5.0720356381655485,23359.65068881837,5.089248516082433
