loss,layer_idx,accuracy_score,f1_macro,f1_micro,balanced_accuracy_score,aic,aic_avg,bic,bic_avg,ebic,ebic_avg
11139.391227722168,28,0.3111111111111111,0.2955033278690022,0.3111111111111111,0.31111111111111117,126794.78245544434,27.624135611207915,462899.1801224712,100.84949458005909,1598355.5973169338,348.22562033048666
