loss,layer_idx,accuracy_score,f1_macro,f1_micro,balanced_accuracy_score,aic,aic_avg,bic,bic_avg,ebic,ebic_avg
2696.027645111084,9,0.8967320261437909,0.8966718711202801,0.8967320261437909,0.8967320261437909,7440.055290222168,1.6209270784797751,14026.04984055007,3.0557842789869434,28221.70409841775,6.148519411419989
