loss,layer_idx,accuracy_score,f1_macro,f1_micro,balanced_accuracy_score,aic,aic_avg,bic,bic_avg,ebic,ebic_avg
11862.500183105469,21,0.25010893246187366,0.24294520541220313,0.25010893246187366,0.2501089324618736,27821.000366210938,6.0612201233575025,40992.98946686674,8.930934524371839,72223.42883417563,15.73495181572454
