loss,layer_idx,accuracy_score,f1_macro,f1_micro,balanced_accuracy_score,aic_rep,aic_rep_avg,bic_rep,bic_rep_avg,ebic_rep,ebic_rep_avg,aic_cls,aic_cls_avg,bic_cls,bic_cls_avg,ebic_cls,ebic_cls_avg,aic_pr,aic_pr_avg,bic_pr,bic_pr_avg,ebic_pr,ebic_pr_avg
14472.00375366211,2,0.11764705882352941,0.10858555910609533,0.11764705882352941,0.1176470588235294,33040.00750732422,7.19825871619264,46211.99660798002,10.067973117206977,77442.43597528891,16.871990408559675,168276.00750732422,36.66143954407935,616342.3125299254,134.27937092155236,2170098.6063241665,472.788367390886,28967.535903930664,6.311010000856354,29043.198937049805,6.327494321797343,29101.197868724597,6.340130254624095
