loss,layer_idx,accuracy_score,f1_macro,f1_micro,balanced_accuracy_score,aic_rep,aic_rep_avg,bic_rep,bic_rep_avg,ebic_rep,ebic_rep_avg,aic_cls,aic_cls_avg,bic_cls,bic_cls_avg,ebic_cls,ebic_cls_avg,aic_pr,aic_pr_avg,bic_pr,bic_pr_avg,ebic_pr,ebic_pr_avg
14186.448654174805,1,0.13246187363834422,0.11220282467572798,0.13246187363834422,0.13246187363834425,31444.89730834961,6.850740154324534,41323.88913384146,9.003025955085286,63862.95933275126,13.913498765305286,132888.8973083496,28.95182947894327,468993.29497537646,102.17718844779444,1604449.712169839,349.55331419822204,28381.923762321472,6.183425656279188,28410.951192334887,6.1897497151056395,28424.554170102885,6.192713326819801
