loss,layer_idx,accuracy_score,f1_macro,f1_micro,balanced_accuracy_score,aic_rep,aic_rep_avg,bic_rep,bic_rep_avg,ebic_rep,ebic_rep_avg,aic_cls,aic_cls_avg,bic_cls,bic_cls_avg,ebic_cls,ebic_cls_avg,aic_pr,aic_pr_avg,bic_pr,bic_pr_avg,ebic_pr,ebic_pr_avg
10994.44603729248,29,0.3196078431372549,0.30602498754398766,0.3196078431372549,0.31960784313725493,25060.89207458496,5.459889340868183,34939.88390007681,7.612175141628935,57478.954098986615,12.522647951848935,126504.89207458496,27.56097866548692,462609.2897416118,100.78633763433808,1598065.7069360744,348.16246338476566,22006.924657821655,4.794536962488378,22064.91415729685,4.807170840369684,22104.56840760429,4.81581011058917
