loss,layer_idx,accuracy_score,f1_macro,f1_micro,balanced_accuracy_score,aic,aic_avg,bic,bic_avg,ebic,ebic_avg
9536.645492553711,46,0.4017429193899782,0.39678705139272763,0.4017429193899782,0.40174291938997825,158405.29098510742,34.5109566416356,606471.5960077086,132.12888801910862,2160227.8898019497,470.6378844884422
