loss,layer_idx,accuracy_score,f1_macro,f1_micro,balanced_accuracy_score,aic_rep,aic_rep_avg,bic_rep,bic_rep_avg,ebic_rep,ebic_rep_avg,aic_cls,aic_cls_avg,bic_cls,bic_cls_avg,ebic_cls,ebic_cls_avg,aic_pr,aic_pr_avg,bic_pr,bic_pr_avg,ebic_pr,ebic_pr_avg
3531.583194732666,18,0.816557734204793,0.8150757823285744,0.816557734204793,0.8165577342047932,9111.166389465332,1.9850035706896147,15697.160939793233,3.419860771196783,29892.815197660915,6.512595903629829,76763.16638946533,16.72400139204038,300905.6567009178,65.55678795226967,1029884.6033092681,224.37573056846801,7076.316032409668,1.5416810528125637,7118.602886301345,1.5508938750111863,7143.3669184324335,1.556289088983101
