loss,layer_idx,accuracy_score,f1_macro,f1_micro,balanced_accuracy_score,aic,aic_avg,bic,bic_avg,ebic,ebic_avg
12098.789031982422,47,0.23333333333333334,0.2218876864259842,0.23333333333333334,0.23333333333333334,128713.57806396484,28.042173870144847,464817.9757309917,101.267532838996,1600274.3929254543,348.6436585894236
