loss,layer_idx,accuracy_score,f1_macro,f1_micro,balanced_accuracy_score,aic_rep,aic_rep_avg,bic_rep,bic_rep_avg,ebic_rep,ebic_rep_avg,aic_cls,aic_cls_avg,bic_cls,bic_cls_avg,ebic_cls,ebic_cls_avg,aic_pr,aic_pr_avg,bic_pr,bic_pr_avg,ebic_pr,ebic_pr_avg
2757.338119506836,6,0.8830065359477124,0.8826143137980227,0.8830065359477124,0.8830065359477123,7562.676239013672,1.647641882138055,14148.670789341573,3.082499082645223,28344.325047209255,6.175234215078269,75214.67623901367,16.386639703488818,299357.16655046615,65.21942626371812,1028336.1131588165,224.03836887991645,5528.610827445984,1.2044903763498875,5573.421922893381,1.2142531422425666,5600.472121623939,1.2201464317263482
