loss,layer_idx,accuracy_score,f1_macro,f1_micro,balanced_accuracy_score,aic,aic_avg,bic,bic_avg,ebic,ebic_avg
10586.484230041504,27,0.3318082788671024,0.3208620751616094,0.3318082788671024,0.3318082788671024,160504.968460083,34.96840271461503,608571.2734826842,132.58633409208807,2162327.5672769253,471.09533056142163
