loss,layer_idx,accuracy_score,f1_macro,f1_micro,balanced_accuracy_score,aic,aic_avg,bic,bic_avg,ebic,ebic_avg
13774.67414855957,17,0.16100217864923747,0.1514994158019717,0.16100217864923747,0.1610021786492375,132065.34829711914,28.772407036409398,468169.745964146,101.99776600526056,1603626.1631586086,349.37389175568813
