loss,layer_idx,accuracy_score,f1_macro,f1_micro,balanced_accuracy_score,aic,aic_avg,bic,bic_avg,ebic,ebic_avg
11156.44889831543,25,0.32113289760348585,0.30960490932842294,0.32113289760348585,0.32113289760348585,126828.89779663086,27.631568147414132,462933.2954636577,100.8569271162653,1598389.7126581203,348.2330528666929
