loss,layer_idx,accuracy_score,f1_macro,f1_micro,balanced_accuracy_score,aic_rep,aic_rep_avg,bic_rep,bic_rep_avg,ebic_rep,ebic_rep_avg,aic_cls,aic_cls_avg,bic_cls,bic_cls_avg,ebic_cls,ebic_cls_avg,aic_pr,aic_pr_avg,bic_pr,bic_pr_avg,ebic_pr,ebic_pr_avg
11393.143585205078,39,0.28932461873638343,0.27815707047597615,0.28932461873638343,0.2893246187363834,25858.287170410156,5.633613762616592,35737.27899590201,7.785899563377344,58276.34919481181,12.696372373597343,127302.28717041016,27.734703087235328,463406.684837437,100.9600620560865,1598863.1020318996,348.3361878065141,22802.36167907715,4.967834788469967,22854.05436778809,4.979096812154268,22887.55505214174,4.9863954361964575
