loss,layer_idx,accuracy_score,f1_macro,f1_micro,balanced_accuracy_score,aic_rep,aic_rep_avg,bic_rep,bic_rep_avg,ebic_rep,ebic_rep_avg,aic_cls,aic_cls_avg,bic_cls,bic_cls_avg,ebic_cls,ebic_cls_avg,aic_pr,aic_pr_avg,bic_pr,bic_pr_avg,ebic_pr,ebic_pr_avg
13480.717468261719,18,0.1721132897603486,0.1629423116947498,0.1721132897603486,0.17211328976034856,30033.434936523438,6.5432320123144745,39912.42676201529,8.695517813075227,62451.49696092509,13.605990623295227,131477.43493652344,28.64432133693321,467581.8326035503,101.86968030578437,1603038.249798013,349.24580605621196,26986.079105377197,5.87932006653098,27065.330258584338,5.896586112981337,27127.221453465027,5.910070033434646
