loss,layer_idx,accuracy_score,f1_macro,f1_micro,balanced_accuracy_score,aic,aic_avg,bic,bic_avg,ebic,ebic_avg
2756.1990547180176,10,0.8901960784313725,0.8898666210897936,0.8901960784313725,0.8901960784313725,75212.39810943604,16.3861433789621,299354.8884208885,65.2189299391914,1028333.8350292388,224.03787255538973
