loss,layer_idx,accuracy_score,f1_macro,f1_micro,balanced_accuracy_score,aic_rep,aic_rep_avg,bic_rep,bic_rep_avg,ebic_rep,ebic_rep_avg,aic_cls,aic_cls_avg,bic_cls,bic_cls_avg,ebic_cls,ebic_cls_avg,aic_pr,aic_pr_avg,bic_pr,bic_pr_avg,ebic_pr,ebic_pr_avg
3590.323787689209,11,0.8291938997821351,0.8297252603425623,0.8291938997821351,0.8291938997821352,9228.647575378418,2.010598600300309,15814.64212570632,3.445455800807477,30010.296383574,6.538190933240523,76880.64757537842,16.74959642165107,301023.1378868309,65.58238298188037,1030002.0844951812,224.4013255980787,7195.906143188477,1.5677355431783173,7244.97491488909,1.5784259073832438,7275.980234720493,1.5851808790240727
