loss,layer_idx,accuracy_score,f1_macro,f1_micro,balanced_accuracy_score,aic_rep,aic_rep_avg,bic_rep,bic_rep_avg,ebic_rep,ebic_rep_avg,aic_cls,aic_cls_avg,bic_cls,bic_cls_avg,ebic_cls,ebic_cls_avg,aic_pr,aic_pr_avg,bic_pr,bic_pr_avg,ebic_pr,ebic_pr_avg
12573.614440917969,17,0.21241830065359477,0.2066900204153648,0.21241830065359477,0.21241830065359477,29243.228881835938,6.371073830465346,42415.21798249174,9.240788231479682,73645.65734980063,16.04480552283238,164479.22888183594,35.83425465835206,612545.5339044371,133.45218603582506,2166301.8276986782,471.96118250515866,25175.327127456665,5.4848207249360925,25265.68596170075,5.504506745468573,25339.93726179403,5.520683499301532
