loss,layer_idx,accuracy_score,f1_macro,f1_micro,balanced_accuracy_score,aic,aic_avg,bic,bic_avg,ebic,ebic_avg
916.253360748291,48,0.9718954248366013,0.9718317333401406,0.9718954248366013,0.9718954248366013,106348.50672149658,23.169609307515596,442452.9043885234,96.39496827636675,1577909.321582986,343.77109402679434
