loss,layer_idx,accuracy_score,f1_macro,f1_micro,balanced_accuracy_score,aic,aic_avg,bic,bic_avg,ebic,ebic_avg
14186.448608398438,1,0.13246187363834422,0.11220282467572798,0.13246187363834422,0.13246187363834425,132888.89721679688,28.95182945899714,468993.2948838237,102.17718842784831,1604449.7120782863,349.5533141782759
