loss,layer_idx,accuracy_score,f1_macro,f1_micro,balanced_accuracy_score,aic,aic_avg,bic,bic_avg,ebic,ebic_avg
3414.764907836914,12,0.8457516339869281,0.8452168801804768,0.8457516339869281,0.845751633986928,8877.529815673828,1.9341023563559538,15463.52436600173,3.368959556863122,29659.17862386941,6.461694689296168
