loss,layer_idx,accuracy_score,f1_macro,f1_micro,balanced_accuracy_score,aic,aic_avg,bic,bic_avg,ebic,ebic_avg
1160.4880828857422,19,0.9736383442265795,0.9736056336843656,0.9736383442265795,0.9736383442265795,72020.97616577148,15.690844480560235,296163.46647722396,64.52363104078954,1025142.4130855743,223.34257365698787
