loss,layer_idx,accuracy_score,f1_macro,f1_micro,balanced_accuracy_score,aic_rep,aic_rep_avg,bic_rep,bic_rep_avg,ebic_rep,ebic_rep_avg,aic_cls,aic_cls_avg,bic_cls,bic_cls_avg,ebic_cls,ebic_cls_avg,aic_pr,aic_pr_avg,bic_pr,bic_pr_avg,ebic_pr,ebic_pr_avg
5977.6435623168945,11,0.6320261437908496,0.6297772586254418,0.6320261437908496,0.6320261437908498,13491.287124633789,2.9392782406609563,18430.783037379715,4.015421141041332,28635.64406749454,6.2387024112188545,64247.28712463379,13.997230310377732,232408.82375829914,50.63373066629611,764294.3652889165,166.51293361414304,11983.33920288086,2.6107492816733897,12073.549571269812,2.6304029567036626,12147.632743229542,2.646543081313626
