loss,layer_idx,accuracy_score,f1_macro,f1_micro,balanced_accuracy_score,aic,aic_avg,bic,bic_avg,ebic,ebic_avg
6205.7077560424805,0,0.6148148148148148,0.6111079576556452,0.6148148148148148,0.6148148148148148,13947.415512084961,3.038652617011974,18886.911424830887,4.11479551739235,29091.772454945713,6.338076787569872
