loss,layer_idx,accuracy_score,f1_macro,f1_micro,balanced_accuracy_score,aic,aic_avg,bic,bic_avg,ebic,ebic_avg
1325.6960134506226,5,0.9557734204793028,0.9557779523476547,0.9557734204793028,0.9557734204793027,4699.392026901245,1.0238326855993998,11285.386577229146,2.458689886106568,25481.04083509683,5.551425018539614
