loss,layer_idx,accuracy_score,f1_macro,f1_micro,balanced_accuracy_score,aic,aic_avg,bic,bic_avg,ebic,ebic_avg
1415.2163696289062,21,0.9555555555555556,0.9555935574478288,0.9555555555555556,0.9555555555555555,72530.43273925781,15.801837198095384,296672.9230507103,64.63462375832468,1025651.8696590606,223.453566374523
