loss,layer_idx,accuracy_score,f1_macro,f1_micro,balanced_accuracy_score,aic,aic_avg,bic,bic_avg,ebic,ebic_avg
1325.6960134506226,5,0.9557734204793028,0.9557779523476547,0.9557734204793028,0.9557734204793027,72351.39202690125,15.762830506950163,296493.8823383537,64.59561706717946,1025472.828946704,223.41455968337777
