loss,layer_idx,accuracy_score,f1_macro,f1_micro,balanced_accuracy_score,aic_rep,aic_rep_avg,bic_rep,bic_rep_avg,ebic_rep,ebic_rep_avg,aic_cls,aic_cls_avg,bic_cls,bic_cls_avg,ebic_cls,ebic_cls_avg,aic_pr,aic_pr_avg,bic_pr,bic_pr_avg,ebic_pr,ebic_pr_avg
1180.2015676498413,20,0.9723311546840958,0.9722200451899676,0.9723311546840958,0.9723311546840958,4408.403135299683,0.9604364129193208,10994.397685627584,2.395293613426489,25190.051943495266,5.488028745859535,72060.40313529968,15.699434234270083,296202.89344675216,64.53222079449938,1025181.8400551025,223.35116341069772,2413.4009685516357,0.5257954179851059,2583.8323362159667,0.5629264349054394,2757.5117423056895,0.6007650854696491
