loss,layer_idx,accuracy_score,f1_macro,f1_micro,balanced_accuracy_score,aic_rep,aic_rep_avg,bic_rep,bic_rep_avg,ebic_rep,ebic_rep_avg,aic_cls,aic_cls_avg,bic_cls,bic_cls_avg,ebic_cls,ebic_cls_avg,aic_pr,aic_pr_avg,bic_pr,bic_pr_avg,ebic_pr,ebic_pr_avg
2754.3736724853516,7,0.8729847494553377,0.8725508756295146,0.8729847494553377,0.8729847494553378,7044.747344970703,1.534803343130872,11984.24325771663,2.6109462435112483,22189.104287831455,4.83422751368877,57800.7473449707,12.592755412847648,225962.28397863606,49.22925576876602,757847.8255092534,165.10845871661294,5553.079875946045,1.2098213237355218,5695.64521159343,1.2408813097153442,5833.0127303221425,1.2708088737085277
