loss,layer_idx,accuracy_score,f1_macro,f1_micro,balanced_accuracy_score,aic_rep,aic_rep_avg,bic_rep,bic_rep_avg,ebic_rep,ebic_rep_avg,aic_cls,aic_cls_avg,bic_cls,bic_cls_avg,ebic_cls,ebic_cls_avg,aic_pr,aic_pr_avg,bic_pr,bic_pr_avg,ebic_pr,ebic_pr_avg
2411.644588470459,5,0.8945533769063181,0.8943367583120034,0.8945533769063181,0.894553376906318,6359.289176940918,1.385466051621115,11298.785089686844,2.461608952001491,21503.64611980167,4.684890222179013,57115.28917694092,12.44341812133789,225276.82581060627,49.07991847725627,757162.3673412236,164.95912142510318,4856.5969161987305,1.0580821168188956,4963.708532036472,1.0814179808358326,5057.391297527022,1.1018281693958654
