loss,layer_idx,accuracy_score,f1_macro,f1_micro,balanced_accuracy_score,aic_rep,aic_rep_avg,bic_rep,bic_rep_avg,ebic_rep,ebic_rep_avg,aic_cls,aic_cls_avg,bic_cls,bic_cls_avg,ebic_cls,ebic_cls_avg,aic_pr,aic_pr_avg,bic_pr,bic_pr_avg,ebic_pr,ebic_pr_avg
4893.532360076904,10,0.7076252723311547,0.7060394309245638,0.7076252723311547,0.7076252723311547,11323.064720153809,2.4668986318417883,16262.560632899735,3.5430415322221642,26467.42166301456,5.766322802399686,62079.06472015381,13.524850701558565,230240.60135381916,50.16135105747694,762126.1428844365,166.04055400532386,9817.593927383423,2.1389093523711162,9915.77029087955,2.160298538317985,9998.978762090457,2.1784267455534767
