loss,layer_idx,accuracy_score,f1_macro,f1_micro,balanced_accuracy_score,aic,aic_avg,bic,bic_avg,ebic,ebic_avg
3161.8282432556152,1,0.840958605664488,0.8401466964816492,0.840958605664488,0.8409586056644881,58615.65648651123,12.770295530830333,226777.19312017658,49.40679588674871,758662.734650794,165.28599883459563
