loss,layer_idx,accuracy_score,f1_macro,f1_micro,balanced_accuracy_score,aic,aic_avg,bic,bic_avg,ebic,ebic_avg
1109.4101362228394,18,0.973202614379085,0.9731626039007186,0.973202614379085,0.9732026143790847,4266.820272445679,0.9295904732997121,10852.81482277358,2.3644476738068803,25048.469080641262,5.457182806239926
