loss,layer_idx,accuracy_score,f1_macro,f1_micro,balanced_accuracy_score,aic_rep,aic_rep_avg,bic_rep,bic_rep_avg,ebic_rep,ebic_rep_avg,aic_cls,aic_cls_avg,bic_cls,bic_cls_avg,ebic_cls,ebic_cls_avg,aic_pr,aic_pr_avg,bic_pr,bic_pr_avg,ebic_pr,ebic_pr_avg
952.7120032310486,15,0.9810457516339869,0.981058068621522,0.9810457516339869,0.9810457516339869,3953.424006462097,0.8613124197085179,10539.418556789999,2.296169620215686,24735.07281465768,5.388904752648732,71605.4240064621,15.60031024105928,295747.9143179146,64.43309680128858,1024726.8609262649,223.2520394174869,1989.9598951339722,0.43354246081350156,2261.811898112534,0.4927694767129704,2578.316720653795,0.5617247757415675
