loss,layer_idx,accuracy_score,f1_macro,f1_micro,balanced_accuracy_score,aic,aic_avg,bic,bic_avg,ebic,ebic_avg
952.7120032310486,15,0.9810457516339869,0.981058068621522,0.9810457516339869,0.9810457516339869,71605.4240064621,15.60031024105928,295747.9143179146,64.43309680128858,1024726.8609262649,223.2520394174869
