loss,layer_idx,accuracy_score,f1_macro,f1_micro,balanced_accuracy_score,aic,aic_avg,bic,bic_avg,ebic,ebic_avg
2147.3403396606445,1,0.9034858387799565,0.9032384300153898,0.9034858387799565,0.9034858387799565,6342.680679321289,1.3818476425536577,12928.67522964919,2.8167048430608257,27124.329487516872,5.909439975493872
