loss,layer_idx,accuracy_score,f1_macro,f1_micro,balanced_accuracy_score,aic,aic_avg,bic,bic_avg,ebic,ebic_avg
2576.5086708068848,22,0.8849673202614379,0.8845614786604644,0.8849673202614379,0.884967320261438,74853.01734161377,16.307846915384264,298995.50765306625,65.14063347561355,1027974.4542614166,223.9595760918119
