loss,layer_idx,accuracy_score,f1_macro,f1_micro,balanced_accuracy_score,aic,aic_avg,bic,bic_avg,ebic,ebic_avg
1236.5993947982788,12,0.9660130718954248,0.9661176037729388,0.9660130718954248,0.9660130718954247,4521.198789596558,0.9850106295417337,11107.193339924459,2.4198678300489016,25302.84759779214,5.512602962481948
