loss,layer_idx,accuracy_score,f1_macro,f1_micro,balanced_accuracy_score,aic,aic_avg,bic,bic_avg,ebic,ebic_avg
1195.039026260376,11,0.9649237472766885,0.9649291342771709,0.9649237472766885,0.9649237472766885,72090.07805252075,15.705899357847658,296232.56836397323,64.53868591807695,1025211.5149723236,223.35762853427528
