loss,layer_idx,accuracy_score,f1_macro,f1_micro,balanced_accuracy_score,aic_rep,aic_rep_avg,bic_rep,bic_rep_avg,ebic_rep,ebic_rep_avg,aic_cls,aic_cls_avg,bic_cls,bic_cls_avg,ebic_cls,ebic_cls_avg,aic_pr,aic_pr_avg,bic_pr,bic_pr_avg,ebic_pr,ebic_pr_avg
1053.210217475891,4,0.9725490196078431,0.9725838619406547,0.9725490196078431,0.9725490196078432,4154.420434951782,0.9051024912748981,10740.414985279684,2.339959691782066,24936.069243147365,5.432694824215112,71806.42043495178,15.64410031262566,295948.91074640426,64.47688687285496,1024927.8573547546,223.2958294890533,2132.4998779296875,0.4645969232962282,2216.366611000035,0.4828685427015327,2283.3386288245656,0.4974593962580753
