loss,layer_idx,accuracy_score,f1_macro,f1_micro,balanced_accuracy_score,aic_rep,aic_rep_avg,bic_rep,bic_rep_avg,ebic_rep,ebic_rep_avg,aic_cls,aic_cls_avg,bic_cls,bic_cls_avg,ebic_cls,ebic_cls_avg,aic_pr,aic_pr_avg,bic_pr,bic_pr_avg,ebic_pr,ebic_pr_avg
1109.4101362228394,18,0.973202614379085,0.9731626039007186,0.973202614379085,0.9732026143790847,4266.820272445679,0.9295904732997121,10852.81482277358,2.3644476738068803,25048.469080641262,5.457182806239926,71918.82027244568,15.668588294650474,296061.31058389816,64.50137485487977,1025040.2571922485,223.3203174710781,2301.602476119995,0.501438447956426,2567.8149479281897,0.5594368078274923,2876.0185436739707,0.6265835607132834
