loss,layer_idx,accuracy_score,f1_macro,f1_micro,balanced_accuracy_score,aic_rep,aic_rep_avg,bic_rep,bic_rep_avg,ebic_rep,ebic_rep_avg,aic_cls,aic_cls_avg,bic_cls,bic_cls_avg,ebic_cls,ebic_cls_avg,aic_pr,aic_pr_avg,bic_pr,bic_pr_avg,ebic_pr,ebic_pr_avg
2147.3403396606445,1,0.9034858387799565,0.9032384300153898,0.9034858387799565,0.9034858387799565,6342.680679321289,1.3818476425536577,12928.67522964919,2.8167048430608257,27124.329487516872,5.909439975493872,73994.68067932129,16.12084546390442,298137.17099077377,64.95363202413373,1027116.1175991241,223.77257464033204,4315.525959014893,0.9402017339901727,4382.560577404606,0.9548062260140754,4431.421502611788,0.9654513077585595
