loss,layer_idx,accuracy_score,f1_macro,f1_micro,balanced_accuracy_score,aic,aic_avg,bic,bic_avg,ebic,ebic_avg
2147.3403396606445,1,0.9034858387799565,0.9032384300153898,0.9034858387799565,0.9034858387799565,73994.68067932129,16.12084546390442,298137.17099077377,64.95363202413373,1027116.1175991241,223.77257464033204
