loss,layer_idx,accuracy_score,f1_macro,f1_micro,balanced_accuracy_score,aic,aic_avg,bic,bic_avg,ebic,ebic_avg
952.7120032310486,15,0.9810457516339869,0.981058068621522,0.9810457516339869,0.9810457516339869,3953.424006462097,0.8613124197085179,10539.418556789999,2.296169620215686,24735.07281465768,5.388904752648732
