loss,layer_idx,accuracy_score,f1_macro,f1_micro,balanced_accuracy_score,aic,aic_avg,bic,bic_avg,ebic,ebic_avg
1138.0194211006165,3,0.9618736383442266,0.9619362607584352,0.9618736383442266,0.9618736383442266,71976.03884220123,15.681054213987197,296118.5291536537,64.51384077421649,1025097.475762004,223.33278339041482
