loss,layer_idx,accuracy_score,f1_macro,f1_micro,balanced_accuracy_score,aic,aic_avg,bic,bic_avg,ebic,ebic_avg
4562.847324371338,0,0.7145969498910676,0.7129962142935761,0.7145969498910676,0.7145969498910676,78825.69464874268,17.173353953974438,302968.18496019515,66.00614051420374,1031947.1315685455,224.82508313040208
