loss,layer_idx,accuracy_score,f1_macro,f1_micro,balanced_accuracy_score,aic_rep,aic_rep_avg,bic_rep,bic_rep_avg,ebic_rep,ebic_rep_avg,aic_cls,aic_cls_avg,bic_cls,bic_cls_avg,ebic_cls,ebic_cls_avg,aic_pr,aic_pr_avg,bic_pr,bic_pr_avg,ebic_pr,ebic_pr_avg
2576.5086708068848,22,0.8849673202614379,0.8845614786604644,0.8849673202614379,0.884967320261438,7201.0173416137695,1.568849094033501,13787.011891941671,3.003706294540669,27982.666149809353,6.0964414269737155,74853.01734161377,16.307846915384264,298995.50765306625,65.14063347561355,1027974.4542614166,223.9595760918119,5185.454727172852,1.1297286987304687,5289.767444223144,1.152454780876502,5380.143337059841,1.1721445178779608
