loss,layer_idx,accuracy_score,f1_macro,f1_micro,balanced_accuracy_score,aic_rep,aic_rep_avg,bic_rep,bic_rep_avg,ebic_rep,ebic_rep_avg,aic_cls,aic_cls_avg,bic_cls,bic_cls_avg,ebic_cls,ebic_cls_avg,aic_pr,aic_pr_avg,bic_pr,bic_pr_avg,ebic_pr,ebic_pr_avg
3161.8282432556152,1,0.840958605664488,0.8401466964816492,0.840958605664488,0.8409586056644881,7859.6564865112305,1.7123434611135577,12799.152399257157,2.7884863614939337,23004.013429371982,5.0117676316714554,58615.65648651123,12.770295530830333,226777.19312017658,49.40679588674871,758662.734650794,165.28599883459563,6342.440670013428,1.3817953529441018,6402.847178889321,1.3949558123941876,6444.921273503801,1.404122281809107
