loss,layer_idx,accuracy_score,f1_macro,f1_micro,balanced_accuracy_score,aic,aic_avg,bic,bic_avg,ebic,ebic_avg
1243.9813442230225,9,0.9599128540305011,0.9598571098336687,0.9599128540305011,0.9599128540305012,4535.962688446045,0.9882271652387897,11121.957238773946,2.4230843657459578,25317.611496641628,5.515819498179004
