loss,layer_idx,accuracy_score,f1_macro,f1_micro,balanced_accuracy_score,aic,aic_avg,bic,bic_avg,ebic,ebic_avg
1138.0194211006165,3,0.9618736383442266,0.9619362607584352,0.9618736383442266,0.9618736383442266,4324.038842201233,0.9420563926364341,10910.033392529134,2.3769135931436023,25105.687650396816,5.469648725576648
