loss,layer_idx,accuracy_score,f1_macro,f1_micro,balanced_accuracy_score,aic,aic_avg,bic,bic_avg,ebic,ebic_avg
1053.210217475891,4,0.9725490196078431,0.9725838619406547,0.9725490196078431,0.9725490196078432,71806.42043495178,15.64410031262566,295948.91074640426,64.47688687285496,1024927.8573547546,223.2958294890533
