loss,layer_idx,accuracy_score,f1_macro,f1_micro,balanced_accuracy_score,aic,aic_avg,bic,bic_avg,ebic,ebic_avg
1093.015700340271,17,0.9806100217864924,0.9806269695993672,0.9806100217864924,0.9806100217864924,71886.03140068054,15.661444749603604,296028.521712133,64.4942313098329,1025007.4683204833,223.31317392603123
