loss,layer_idx,accuracy_score,f1_macro,f1_micro,balanced_accuracy_score,aic,aic_avg,bic,bic_avg,ebic,ebic_avg
1093.015700340271,17,0.9806100217864924,0.9806269695993672,0.9806100217864924,0.9806100217864924,4234.031400680542,0.9224469282528414,10820.025951008443,2.3573041287600094,25015.680208876125,5.450039261193056
