loss,layer_idx,accuracy_score,f1_macro,f1_micro,balanced_accuracy_score,aic,aic_avg,bic,bic_avg,ebic,ebic_avg
1385.4978370666504,2,0.9509803921568627,0.9509016130895305,0.9509803921568627,0.9509803921568628,4818.995674133301,1.0498901250835078,11404.990224461202,2.484747325590676,25600.644482328884,5.577482458023722
