loss,layer_idx,accuracy_score,f1_macro,f1_micro,balanced_accuracy_score,aic,aic_avg,bic,bic_avg,ebic,ebic_avg
1053.210217475891,4,0.9725490196078431,0.9725838619406547,0.9725490196078431,0.9725490196078432,4154.420434951782,0.9051024912748981,10740.414985279684,2.339959691782066,24936.069243147365,5.432694824215112
