loss,layer_idx,accuracy_score,f1_macro,f1_micro,balanced_accuracy_score,aic_rep,aic_rep_avg,bic_rep,bic_rep_avg,ebic_rep,ebic_rep_avg,aic_cls,aic_cls_avg,bic_cls,bic_cls_avg,ebic_cls,ebic_cls_avg,aic_pr,aic_pr_avg,bic_pr,bic_pr_avg,ebic_pr,ebic_pr_avg
6929.73371887207,12,0.5599128540305011,0.556811283915029,0.5599128540305011,0.5599128540305012,15395.46743774414,3.3541323393778084,20334.963350490067,4.430275239758185,30539.824380604892,6.653556509935706,66151.46743774414,14.412084409094584,234313.0040714095,51.04858476501296,766198.5456020269,166.9277877128599,13888.604377746582,3.0258397337138523,13982.303463717924,3.0462534779341883,14060.357238383354,3.0632586575998593
