loss,layer_idx,accuracy_score,f1_macro,f1_micro,balanced_accuracy_score,aic,aic_avg,bic,bic_avg,ebic,ebic_avg
5977.6435623168945,11,0.6320261437908496,0.6297772586254418,0.6320261437908496,0.6320261437908498,64247.28712463379,13.997230310377732,232408.82375829914,50.63373066629611,764294.3652889165,166.51293361414304
