loss,layer_idx,accuracy_score,f1_macro,f1_micro,balanced_accuracy_score,aic_rep,aic_rep_avg,bic_rep,bic_rep_avg,ebic_rep,ebic_rep_avg,aic_cls,aic_cls_avg,bic_cls,bic_cls_avg,ebic_cls,ebic_cls_avg,aic_pr,aic_pr_avg,bic_pr,bic_pr_avg,ebic_pr,ebic_pr_avg
1325.6960134506226,5,0.9557734204793028,0.9557779523476547,0.9557734204793028,0.9557734204793027,4699.392026901245,1.0238326855993998,11285.386577229146,2.458689886106568,25481.04083509683,5.551425018539614,72351.39202690125,15.762830506950163,296493.8823383537,64.59561706717946,1025472.828946704,223.41455968337777,2677.3701877593994,0.5833050517994334,2760.9112160012673,0.6015057115471171,2827.522054320958,0.6160178767583786
