loss,layer_idx,accuracy_score,f1_macro,f1_micro,balanced_accuracy_score,aic_rep,aic_rep_avg,bic_rep,bic_rep_avg,ebic_rep,ebic_rep_avg,aic_cls,aic_cls_avg,bic_cls,bic_cls_avg,ebic_cls,ebic_cls_avg,aic_pr,aic_pr_avg,bic_pr,bic_pr_avg,ebic_pr,ebic_pr_avg
3029.122766494751,8,0.8710239651416122,0.8705857694194427,0.8710239651416122,0.8710239651416123,7594.245532989502,1.6545197239628544,12533.741445735428,2.7306626243432306,22738.602475850254,4.953943894520752,58350.2455329895,12.71247179367963,226511.78216665486,49.348972149598005,758397.3236972722,165.22817509744493,6107.446556091309,1.3305983782334005,6265.668074655301,1.3650692973105232,6423.247506121248,1.3994003281309908
