loss,layer_idx,accuracy_score,f1_macro,f1_micro,balanced_accuracy_score,aic,aic_avg,bic,bic_avg,ebic,ebic_avg
1121.4599571228027,7,0.9647058823529412,0.9646065928613756,0.9647058823529412,0.9647058823529411,4290.9199142456055,0.9348409399227898,10876.914464573507,2.369698140429958,25072.56872244119,5.462433272863004
