loss,layer_idx,accuracy_score,f1_macro,f1_micro,balanced_accuracy_score,aic,aic_avg,bic,bic_avg,ebic,ebic_avg
1109.4101362228394,18,0.973202614379085,0.9731626039007186,0.973202614379085,0.9732026143790847,71918.82027244568,15.668588294650474,296061.31058389816,64.50137485487977,1025040.2571922485,223.3203174710781
