loss,layer_idx,accuracy_score,f1_macro,f1_micro,balanced_accuracy_score,aic_rep,aic_rep_avg,bic_rep,bic_rep_avg,ebic_rep,ebic_rep_avg,aic_cls,aic_cls_avg,bic_cls,bic_cls_avg,ebic_cls,ebic_cls_avg,aic_pr,aic_pr_avg,bic_pr,bic_pr_avg,ebic_pr,ebic_pr_avg
1138.0194211006165,3,0.9618736383442266,0.9619362607584352,0.9618736383442266,0.9618736383442266,4324.038842201233,0.9420563926364341,10910.033392529134,2.3769135931436023,25105.687650396816,5.469648725576648,71976.03884220123,15.681054213987197,296118.5291536537,64.51384077421649,1025097.475762004,223.33278339041482,2300.134970664978,0.50111872999237,2377.623725912159,0.5180008117455684,2437.5966764139102,0.5310668140335316
