loss,layer_idx,accuracy_score,f1_macro,f1_micro,balanced_accuracy_score,aic_rep,aic_rep_avg,bic_rep,bic_rep_avg,ebic_rep,ebic_rep_avg,aic_cls,aic_cls_avg,bic_cls,bic_cls_avg,ebic_cls,ebic_cls_avg,aic_pr,aic_pr_avg,bic_pr,bic_pr_avg,ebic_pr,ebic_pr_avg
1195.039026260376,11,0.9649237472766885,0.9649291342771709,0.9649237472766885,0.9649237472766885,4438.078052520752,0.9669015364968958,11024.072602848653,2.401758737004064,25219.726860716335,5.49449386943711,72090.07805252075,15.705899357847658,296232.56836397323,64.53868591807695,1025211.5149723236,223.35762853427528,2428.5537033081055,0.5290966673873868,2552.284380264077,0.5560532418875984,2666.0522019146642,0.5808392596763975
