loss,layer_idx,accuracy_score,f1_macro,f1_micro,balanced_accuracy_score,aic_rep,aic_rep_avg,bic_rep,bic_rep_avg,ebic_rep,ebic_rep_avg,aic_cls,aic_cls_avg,bic_cls,bic_cls_avg,ebic_cls,ebic_cls_avg,aic_pr,aic_pr_avg,bic_pr,bic_pr_avg,ebic_pr,ebic_pr_avg
2241.5709133148193,4,0.9056644880174292,0.9058691437782269,0.9056644880174292,0.9056644880174292,6019.141826629639,1.31135987508271,10958.637739375565,2.387502775463086,21163.49876949039,4.6107840456406075,56775.14182662964,12.369311944799486,224936.678460295,49.005812300717864,756822.2199909124,164.8850152485648,4516.069774627686,0.9838931970866417,4621.960051028377,1.0069629740802564,4714.19698392933,1.027058166433405
