loss,layer_idx,accuracy_score,f1_macro,f1_micro,balanced_accuracy_score,aic_rep,aic_rep_avg,bic_rep,bic_rep_avg,ebic_rep,ebic_rep_avg,aic_cls,aic_cls_avg,bic_cls,bic_cls_avg,ebic_cls,ebic_cls_avg,aic_pr,aic_pr_avg,bic_pr,bic_pr_avg,ebic_pr,ebic_pr_avg
1247.865689277649,6,0.9603485838779956,0.9603680611141212,0.9603485838779956,0.9603485838779956,4543.731378555298,0.9899196903170584,11129.7259288832,2.4247768908242264,25325.38018675088,5.5175120232572725,72195.7313785553,15.72891751166782,296338.2216900078,64.56170407189713,1025317.1682983581,223.38064668809545,2523.8019275665283,0.5498479145025116,2614.0716945649056,0.5695145304062975,2688.222117665977,0.5856693066810407
