loss,layer_idx,accuracy_score,f1_macro,f1_micro,balanced_accuracy_score,aic,aic_avg,bic,bic_avg,ebic,ebic_avg
1236.5993947982788,12,0.9660130718954248,0.9661176037729388,0.9660130718954248,0.9660130718954247,72173.19878959656,15.724008450892496,296315.68910104904,64.55679501112179,1025294.6357093994,223.37573762732012
