loss,layer_idx,accuracy_score,f1_macro,f1_micro,balanced_accuracy_score,aic_rep,aic_rep_avg,bic_rep,bic_rep_avg,ebic_rep,ebic_rep_avg,aic_cls,aic_cls_avg,bic_cls,bic_cls_avg,ebic_cls,ebic_cls_avg,aic_pr,aic_pr_avg,bic_pr,bic_pr_avg,ebic_pr,ebic_pr_avg
1121.4599571228027,7,0.9647058823529412,0.9646065928613756,0.9647058823529412,0.9647058823529411,4290.9199142456055,0.9348409399227898,10876.914464573507,2.369698140429958,25072.56872244119,5.462433272863004,71942.9199142456,15.673838761273553,296085.4102256981,64.50662532150285,1025064.3568340484,223.32556793770118,2274.3012561798096,0.4954904697559498,2375.2179295004366,0.5174766730937771,2461.6128444705046,0.5362990946558833
