loss,layer_idx,accuracy_score,f1_macro,f1_micro,balanced_accuracy_score,aic,aic_avg,bic,bic_avg,ebic,ebic_avg
1121.4599571228027,7,0.9647058823529412,0.9646065928613756,0.9647058823529412,0.9647058823529411,71942.9199142456,15.673838761273553,296085.4102256981,64.50662532150285,1025064.3568340484,223.32556793770118
