loss,layer_idx,accuracy_score,f1_macro,f1_micro,balanced_accuracy_score,aic,aic_avg,bic,bic_avg,ebic,ebic_avg
1247.865689277649,6,0.9603485838779956,0.9603680611141212,0.9603485838779956,0.9603485838779956,72195.7313785553,15.72891751166782,296338.2216900078,64.56170407189713,1025317.1682983581,223.38064668809545
