loss,layer_idx,accuracy_score,f1_macro,f1_micro,balanced_accuracy_score,aic_rep,aic_rep_avg,bic_rep,bic_rep_avg,ebic_rep,ebic_rep_avg,aic_cls,aic_cls_avg,bic_cls,bic_cls_avg,ebic_cls,ebic_cls_avg,aic_pr,aic_pr_avg,bic_pr,bic_pr_avg,ebic_pr,ebic_pr_avg
1385.4978370666504,2,0.9509803921568627,0.9509016130895305,0.9509803921568627,0.9509803921568628,4818.995674133301,1.0498901250835078,11404.990224461202,2.484747325590676,25600.644482328884,5.577482458023722,72470.9956741333,15.78888794643427,296613.4859855858,64.62167450666357,1025592.4325939361,223.4406171228619,2793.7242469787598,0.6086545200389455,2866.8151927292106,0.6245784733614838,2922.0564369944873,0.636613602831043
