loss,layer_idx,accuracy_score,f1_macro,f1_micro,balanced_accuracy_score,aic,aic_avg,bic,bic_avg,ebic,ebic_avg
1394.2767391204834,10,0.9531590413943355,0.9528640457241626,0.9531590413943355,0.9531590413943354,4836.553478240967,1.053715354736594,11422.548028568868,2.488572555243762,25618.20228643655,5.581307687676809
