loss,layer_idx,accuracy_score,f1_macro,f1_micro,balanced_accuracy_score,aic,aic_avg,bic,bic_avg,ebic,ebic_avg
2241.5709133148193,4,0.9056644880174292,0.9058691437782269,0.9056644880174292,0.9056644880174292,56775.14182662964,12.369311944799486,224936.678460295,49.005812300717864,756822.2199909124,164.8850152485648
