loss,layer_idx,accuracy_score,f1_macro,f1_micro,balanced_accuracy_score,aic,aic_avg,bic,bic_avg,ebic,ebic_avg
19747.461585998535,0,0.4358490566037736,0.4348330509061525,0.4358490566037736,0.43584355615748765,39734.92317199707,2.1420443758488985,40674.31018016134,2.1926851849143576,41823.308198429026,2.2546257788910524
