loss,layer_idx,accuracy_score,f1_macro,f1_micro,balanced_accuracy_score,aic,aic_avg,bic,bic_avg,ebic,ebic_avg
15535.424087524414,0,0.6027493261455525,0.5976498478815632,0.6027493261455525,0.6027282743973273,31508.848175048828,1.6985901981158398,33223.22946494862,1.791009674660303,35583.64288260825,1.9182556810031401
