loss,layer_idx,accuracy_score,f1_macro,f1_micro,balanced_accuracy_score,aic_rep,aic_rep_avg,bic_rep,bic_rep_avg,ebic_rep,ebic_rep_avg,aic_cls,aic_cls_avg,bic_cls,bic_cls_avg,ebic_cls,ebic_cls_avg,aic_pr,aic_pr_avg,bic_pr,bic_pr_avg,ebic_pr,ebic_pr_avg
19747.461585998535,0,0.4358490566037736,0.4348330509061525,0.4358490566037736,0.43584355615748765,39734.92317199707,2.1420443758488985,40674.31018016134,2.1926851849143576,41823.308198429026,2.2546257788910524,40220.92317199707,2.168243836765341,43062.568871693984,2.321432284188355,47341.90532937027,2.5521242765159173,39524.53819847107,2.130702867842106,39640.454744788214,2.1369517382635155,39720.271228495105,2.1412545136655043
