loss,layer_idx,accuracy_score,f1_macro,f1_micro,balanced_accuracy_score,aic_rep,aic_rep_avg,bic_rep,bic_rep_avg,ebic_rep,ebic_rep_avg,aic_cls,aic_cls_avg,bic_cls,bic_cls_avg,ebic_cls,ebic_cls_avg,aic_pr,aic_pr_avg,bic_pr,bic_pr_avg,ebic_pr,ebic_pr_avg
11333.011856079102,0,0.7331536388140162,0.7314694734501169,0.7331536388140162,0.7331408152785096,24586.023712158203,1.3253921138629758,32101.119777472362,1.7305185863866503,45285.63168363918,2.4412739452096592,28432.023712158203,1.5327236502511161,51000.79658330478,2.749369088048775,96936.1354818878,5.225667680964302,22717.990924835205,1.2246895377269653,22921.396443332225,1.2356547947887992,23090.677863395664,1.244780477811087
