loss,layer_idx,accuracy_score,f1_macro,f1_micro,balanced_accuracy_score,aic,aic_avg,bic,bic_avg,ebic,ebic_avg
18725.407371520996,0,0.48355795148247976,0.46241022962378747,0.48355795148247976,0.4835295030195888,42064.81474304199,2.2676449996249053,60124.52997500008,3.24121455390836,95853.97680821377,5.1673302861570765
