loss,layer_idx,accuracy_score,f1_macro,f1_micro,balanced_accuracy_score,aic,aic_avg,bic,bic_avg,ebic,ebic_avg
6404.849843978882,19,0.8624258760107817,0.8622611637551647,0.8624258760107817,0.8624205133656685,41615.699687957764,2.243433945442467,154365.62534287423,8.321597053524217,430188.60025299,23.19076012145499
