loss,layer_idx,accuracy_score,f1_macro,f1_micro,balanced_accuracy_score,aic_rep,aic_rep_avg,bic_rep,bic_rep_avg,ebic_rep,ebic_rep_avg,aic_cls,aic_cls_avg,bic_cls,bic_cls_avg,ebic_cls,ebic_cls_avg,aic_pr,aic_pr_avg,bic_pr,bic_pr_avg,ebic_pr,ebic_pr_avg
4514.344521045685,69,0.9145013477088949,0.9145796480288512,0.9145013477088949,0.9144980265844348,18628.68904209137,1.004241996878241,56204.16936866216,3.0298743594966124,137577.33285886358,7.4165678091031575,37834.68904209137,2.039605878279858,150584.61469700784,8.11776898636161,426407.58960712363,22.986932054292378,9057.123030662537,0.4882546108173874,9168.41686172106,0.49425427825989543,9243.893122010457,0.49832307935366343
