loss,layer_idx,accuracy_score,f1_macro,f1_micro,balanced_accuracy_score,aic_rep,aic_rep_avg,bic_rep,bic_rep_avg,ebic_rep,ebic_rep_avg,aic_cls,aic_cls_avg,bic_cls,bic_cls_avg,ebic_cls,ebic_cls_avg,aic_pr,aic_pr_avg,bic_pr,bic_pr_avg,ebic_pr,ebic_pr_avg
2538.451606154442,64,0.9552021563342318,0.955103902699137,0.9552021563342318,0.9551987896533342,14676.903212308884,0.7912077203401016,52252.38353887967,2.816840082958473,133625.5470290811,7.203533532565018,33882.903212308884,1.8265716017417188,146632.82886722535,7.904734709823469,422455.80377734115,22.77389777775424,5111.097643613815,0.27553087027567735,5244.9384957780585,0.2827460105540732,5342.01359978016,0.2879791697994695
