loss,layer_idx,accuracy_score,f1_macro,f1_micro,balanced_accuracy_score,aic,aic_avg,bic,bic_avg,ebic,ebic_avg
21968.755798339844,5,0.39789757412398924,0.3967676189335971,0.39789757412398924,0.39789377595989084,53537.51159667969,2.886119223540684,91112.99192325048,4.911751586159055,172486.1554134519,9.298445035765601
