loss,layer_idx,accuracy_score,f1_macro,f1_micro,balanced_accuracy_score,aic_rep,aic_rep_avg,bic_rep,bic_rep_avg,ebic_rep,ebic_rep_avg,aic_cls,aic_cls_avg,bic_cls,bic_cls_avg,ebic_cls,ebic_cls_avg,aic_pr,aic_pr_avg,bic_pr,bic_pr_avg,ebic_pr,ebic_pr_avg
24109.331169128418,3,0.37601078167115903,0.37607270521009495,0.37601078167115903,0.3760118716037561,57818.662338256836,3.1169090209302874,95394.14266482762,5.142541383548659,176767.30615502904,9.529234833155204,77024.66233825684,4.152272902331905,189774.5879931733,10.230436010413655,465597.5629032891,25.099599078344426,48236.53543663025,2.60035231464314,48306.49275499536,2.604123598652041,48345.637513277594,2.6062338282090347
