loss,layer_idx,accuracy_score,f1_macro,f1_micro,balanced_accuracy_score,aic_rep,aic_rep_avg,bic_rep,bic_rep_avg,ebic_rep,ebic_rep_avg,aic_cls,aic_cls_avg,bic_cls,bic_cls_avg,ebic_cls,ebic_cls_avg,aic_pr,aic_pr_avg,bic_pr,bic_pr_avg,ebic_pr,ebic_pr_avg
3675.8080353736877,66,0.9338544474393531,0.9338736470368039,0.9338544474393531,0.9338513592788199,16951.616070747375,0.9138337504446025,54527.096397318164,2.939466113062974,135900.25988751958,7.3261595626695195,36157.616070747375,1.9491976318462196,148907.54172566385,8.02736073992797,424730.51663577964,22.896523807858742,7386.764512062073,0.3982083294912169,7524.339466763118,0.4056247690977422,7625.090123893999,0.41105607136894873
