loss,layer_idx,accuracy_score,f1_macro,f1_micro,balanced_accuracy_score,aic,aic_avg,bic,bic_avg,ebic,ebic_avg
2508.0195302963257,61,0.9542857142857143,0.9542225663266101,0.9542857142857143,0.9542840681866661,14616.039060592651,0.787926633994213,52191.51938716344,2.8135589966125845,133564.68287736486,7.20025244621913
