loss,layer_idx,accuracy_score,f1_macro,f1_micro,balanced_accuracy_score,aic,aic_avg,bic,bic_avg,ebic,ebic_avg
2654.5035433769226,28,0.947654986522911,0.9475822654387747,0.947654986522911,0.9476522067642305,14909.007086753845,0.803720058585113,52484.487413324634,2.829352421203484,133857.65090352605,7.21604587081003
