loss,layer_idx,accuracy_score,f1_macro,f1_micro,balanced_accuracy_score,aic,aic_avg,bic,bic_avg,ebic,ebic_avg
20488.00845336914,7,0.5041509433962265,0.5036571784082239,0.5041509433962265,0.5041445319208391,50576.01690673828,2.7264699141098805,88151.49723330907,4.752102276728252,169524.6607235105,9.138795726334797
