loss,layer_idx,accuracy_score,f1_macro,f1_micro,balanced_accuracy_score,aic,aic_avg,bic,bic_avg,ebic,ebic_avg
6303.288687705994,20,0.8596765498652291,0.8598004616880535,0.8596765498652291,0.8596707686310978,41412.57737541199,2.232483955547816,154162.50303032846,8.310647063629567,429985.47794044425,23.179810131560338
