loss,layer_idx,accuracy_score,f1_macro,f1_micro,balanced_accuracy_score,aic,aic_avg,bic,bic_avg,ebic,ebic_avg
1050.2827847599983,41,0.9807008086253369,0.9807078504962409,0.9807008086253369,0.9806996804839936,30906.565569519997,1.6661221331277627,143656.49122443647,7.744285241209513,419479.46613455226,22.613448309140285
