loss,layer_idx,accuracy_score,f1_macro,f1_micro,balanced_accuracy_score,aic,aic_avg,bic,bic_avg,ebic,ebic_avg
24778.09065246582,2,0.3562264150943396,0.3537230185985678,0.3562264150943396,0.3562207267855641,78362.18130493164,4.22437635067017,191112.1069598481,10.30253945875192,466935.0818699639,25.17170252668269
