loss,layer_idx,accuracy_score,f1_macro,f1_micro,balanced_accuracy_score,aic,aic_avg,bic,bic_avg,ebic,ebic_avg
5779.46814250946,21,0.8745013477088949,0.8747294651917636,0.8745013477088949,0.8744967758919501,40364.93628501892,2.1760073469012897,153114.8619399354,8.25417045498304,428937.8368500512,23.12333352291381
