loss,layer_idx,accuracy_score,f1_macro,f1_micro,balanced_accuracy_score,aic_rep,aic_rep_avg,bic_rep,bic_rep_avg,ebic_rep,ebic_rep_avg,aic_cls,aic_cls_avg,bic_cls,bic_cls_avg,ebic_cls,ebic_cls_avg,aic_pr,aic_pr_avg,bic_pr,bic_pr_avg,ebic_pr,ebic_pr_avg
6948.881488800049,70,0.8569811320754717,0.8566690645868595,0.8569811320754717,0.8569741242676333,23497.762977600098,1.2667257669865282,61073.24330417089,3.2923581296048994,142446.4067943723,7.679051579211445,42703.7629776001,2.3020896483881454,155453.68863251657,8.380252756469895,431276.66354263236,23.249415824400668,13926.226211547852,0.7507399574958411,14037.634512301436,0.7567457958113982,14113.217664568601,0.7608203592759354
