loss,layer_idx,accuracy_score,f1_macro,f1_micro,balanced_accuracy_score,aic,aic_avg,bic,bic_avg,ebic,ebic_avg
2821.5601353645325,62,0.9460377358490566,0.9459359595873225,0.9460377358490566,0.9460347119131353,34449.120270729065,1.857095432384316,147199.04592564554,7.935258540466067,423022.02083576133,22.804421608396837
