loss,layer_idx,accuracy_score,f1_macro,f1_micro,balanced_accuracy_score,aic,aic_avg,bic,bic_avg,ebic,ebic_avg
1050.2827847599983,41,0.9807008086253369,0.9807078504962409,0.9807008086253369,0.9806996804839936,11700.565569519997,0.6307582517261454,49276.045896090785,2.6563906143445166,130649.20938629222,7.0430840639510635
