loss,layer_idx,accuracy_score,f1_macro,f1_micro,balanced_accuracy_score,aic_rep,aic_rep_avg,bic_rep,bic_rep_avg,ebic_rep,ebic_rep_avg,aic_cls,aic_cls_avg,bic_cls,bic_cls_avg,ebic_cls,ebic_cls_avg,aic_pr,aic_pr_avg,bic_pr,bic_pr_avg,ebic_pr,ebic_pr_avg
2164.522165417671,25,0.9561185983827494,0.9560602504538029,0.9561185983827494,0.9561161094632848,13929.044330835342,0.7508918776730643,51504.52465740613,2.776524240291436,132877.68814760755,7.163217689897981,33135.04433083534,1.7862557590746815,145884.9699857518,7.864418867156432,421707.9448958676,22.7335819350872,4361.969398736954,0.2351465983146606,4490.841819694037,0.24209389863579717,4583.067804011011,0.2470656498119143
