loss,layer_idx,accuracy_score,f1_macro,f1_micro,balanced_accuracy_score,aic_rep,aic_rep_avg,bic_rep,bic_rep_avg,ebic_rep,ebic_rep_avg,aic_cls,aic_cls_avg,bic_cls,bic_cls_avg,ebic_cls,ebic_cls_avg,aic_pr,aic_pr_avg,bic_pr,bic_pr_avg,ebic_pr,ebic_pr_avg
10272.546598434448,16,0.7824797843665768,0.7826367401014439,0.7824797843665768,0.7824726295052656,30145.093196868896,1.6250724095347113,67720.57352343969,3.650704772153083,149093.7370136411,8.037398221759629,49351.0931968689,2.6604362909363286,162101.01885178537,8.73859939901808,437923.99376190116,23.60776246694885,20571.540201187134,1.1089779084197915,20675.05675227637,1.1145583154865968,20743.342804381824,1.1182395042793436
