loss,layer_idx,accuracy_score,f1_macro,f1_micro,balanced_accuracy_score,aic_rep,aic_rep_avg,bic_rep,bic_rep_avg,ebic_rep,ebic_rep_avg,aic_cls,aic_cls_avg,bic_cls,bic_cls_avg,ebic_cls,ebic_cls_avg,aic_pr,aic_pr_avg,bic_pr,bic_pr_avg,ebic_pr,ebic_pr_avg
17203.38920211792,13,0.6492183288409703,0.6469252372127393,0.6492183288409703,0.649205538230942,44006.77840423584,2.3723330676137917,81582.25873080663,4.397965430232163,162955.42222100805,8.784658879838709,63212.77840423584,3.407696949015409,175962.7040591523,9.48586005709716,451785.6789692681,24.35502312502793,34429.944955825806,1.8560617226860272,34520.62144577406,1.860949943168413,34577.36935742867,1.8640091297805215
