loss,layer_idx,accuracy_score,f1_macro,f1_micro,balanced_accuracy_score,aic_rep,aic_rep_avg,bic_rep,bic_rep_avg,ebic_rep,ebic_rep_avg,aic_cls,aic_cls_avg,bic_cls,bic_cls_avg,ebic_cls,ebic_cls_avg,aic_pr,aic_pr_avg,bic_pr,bic_pr_avg,ebic_pr,ebic_pr_avg
3111.635810613632,65,0.9441509433962264,0.944093009520623,0.9441509433962264,0.9441472509388564,15823.271621227264,0.8530065564003916,53398.75194779805,2.878638919018763,134771.91543799947,7.265332368625309,35029.271621227264,1.888370437802009,147779.19727614374,7.96653354588376,423602.17218625953,22.83569661381453,6257.191424846649,0.3373149016089838,6389.957353344706,0.3444720945199302,6485.979290248658,0.34964847925868775
