loss,layer_idx,accuracy_score,f1_macro,f1_micro,balanced_accuracy_score,aic,aic_avg,bic,bic_avg,ebic,ebic_avg
2164.522165417671,25,0.9561185983827494,0.9560602504538029,0.9561185983827494,0.9561161094632848,33135.04433083534,1.7862557590746815,145884.9699857518,7.864418867156432,421707.9448958676,22.7335819350872
