loss,layer_idx,accuracy_score,f1_macro,f1_micro,balanced_accuracy_score,aic_rep,aic_rep_avg,bic_rep,bic_rep_avg,ebic_rep,ebic_rep_avg,aic_cls,aic_cls_avg,bic_cls,bic_cls_avg,ebic_cls,ebic_cls_avg,aic_pr,aic_pr_avg,bic_pr,bic_pr_avg,ebic_pr,ebic_pr_avg
5779.46814250946,21,0.8745013477088949,0.8747294651917636,0.8745013477088949,0.8744967758919501,21158.93628501892,1.1406434654996722,58734.41661158971,3.1662758281180436,140107.58010179113,7.552969277724589,40364.93628501892,2.1760073469012897,153114.8619399354,8.25417045498304,428937.8368500512,23.12333352291381,11593.160749435425,0.6249682344709124,11727.11915457811,0.6321897118370948,11824.30956424155,0.6374290870211078
