loss,layer_idx,accuracy_score,f1_macro,f1_micro,balanced_accuracy_score,aic,aic_avg,bic,bic_avg,ebic,ebic_avg
1233.0821292996407,60,0.9771428571428571,0.9771129970154272,0.9771428571428571,0.9771420079355148,31272.16425859928,1.6858309573368884,144022.08991351575,7.763994065418639,419845.06482363155,22.63315713334941
