loss,layer_idx,accuracy_score,f1_macro,f1_micro,balanced_accuracy_score,aic,aic_avg,bic,bic_avg,ebic,ebic_avg
20488.00845336914,7,0.5041509433962265,0.5036571784082239,0.5041509433962265,0.5041445319208391,69782.01690673828,3.7618337955114978,182531.94256165475,9.839996903593248,458354.91747177055,24.70915997152402
