loss,layer_idx,accuracy_score,f1_macro,f1_micro,balanced_accuracy_score,aic_rep,aic_rep_avg,bic_rep,bic_rep_avg,ebic_rep,ebic_rep_avg,aic_cls,aic_cls_avg,bic_cls,bic_cls_avg,ebic_cls,ebic_cls_avg,aic_pr,aic_pr_avg,bic_pr,bic_pr_avg,ebic_pr,ebic_pr_avg
1980.6751828193665,49,0.9623719676549866,0.9623483305162067,0.9623719676549866,0.9623697985875895,13561.350365638733,0.7310701005735166,51136.83069220952,2.756702463191888,132509.99418241094,7.143395912798433,32767.350365638733,1.7664339819751338,145517.2760205552,7.844597090056884,421340.250930671,22.713760157987654,3989.1219453811646,0.21504700514184175,4097.823033740491,0.2209069020884362,4170.886340059724,0.22484562480106327
