loss,layer_idx,accuracy_score,f1_macro,f1_micro,balanced_accuracy_score,aic_rep,aic_rep_avg,bic_rep,bic_rep_avg,ebic_rep,ebic_rep_avg,aic_cls,aic_cls_avg,bic_cls,bic_cls_avg,ebic_cls,ebic_cls_avg,aic_pr,aic_pr_avg,bic_pr,bic_pr_avg,ebic_pr,ebic_pr_avg
1440.4951711893082,38,0.9729919137466307,0.9729610636566313,0.9729919137466307,0.9729898379317383,12480.990342378616,0.6728296680527556,50056.470668949405,2.698462030671127,131429.63415915082,7.085155480277672,31686.990342378616,1.7081935494543727,144436.9159972951,7.786356657536123,420259.8909074109,22.655519725466895,2913.6681072711945,0.15707105699575172,3041.572556420921,0.16396617554829762,3132.859449100412,0.16888730183829714
