loss,layer_idx,accuracy_score,f1_macro,f1_micro,balanced_accuracy_score,aic,aic_avg,bic,bic_avg,ebic,ebic_avg
1799.557415485382,42,0.9644204851752022,0.9643996355311509,0.9644204851752022,0.9644181998984659,32405.114830970764,1.7469064598906072,145155.04048588724,7.825069567972358,420978.01539600303,22.694232635903127
