loss,layer_idx,accuracy_score,f1_macro,f1_micro,balanced_accuracy_score,aic,aic_avg,bic,bic_avg,ebic,ebic_avg
1568.273069858551,59,0.9705121293800539,0.9705135440363638,0.9705121293800539,0.9705098849348963,12736.546139717102,0.6866062609011915,50312.02646628789,2.712238623519563,131685.1899564893,7.098932073126108
