loss,layer_idx,accuracy_score,f1_macro,f1_micro,balanced_accuracy_score,aic,aic_avg,bic,bic_avg,ebic,ebic_avg
21968.755798339844,5,0.39789757412398924,0.3967676189335971,0.39789757412398924,0.39789377595989084,72743.51159667969,3.9214831049423013,185493.43725159616,9.999646213024052,461316.41216171195,24.86880928095482
