loss,layer_idx,accuracy_score,f1_macro,f1_micro,balanced_accuracy_score,aic,aic_avg,bic,bic_avg,ebic,ebic_avg
2654.5035433769226,28,0.947654986522911,0.9475822654387747,0.947654986522911,0.9476522067642305,34115.007086753845,1.8390839399867303,146864.93274167032,7.9172470480684805,422687.9076517861,22.786410115999253
