loss,layer_idx,accuracy_score,f1_macro,f1_micro,balanced_accuracy_score,aic_rep,aic_rep_avg,bic_rep,bic_rep_avg,ebic_rep,ebic_rep_avg,aic_cls,aic_cls_avg,bic_cls,bic_cls_avg,ebic_cls,ebic_cls_avg,aic_pr,aic_pr_avg,bic_pr,bic_pr_avg,ebic_pr,ebic_pr_avg
1676.5908617973328,53,0.9693261455525607,0.9692431655306213,0.9693261455525607,0.9693240289624944,12953.181723594666,0.6982847290347528,50528.662050165454,2.7239170916531243,131901.82554036687,7.110610541259669,32159.181723594666,1.7336486104363702,144909.10737851114,7.81181171851812,420732.08228862693,22.680974786448893,3387.75355052948,0.18262822374821994,3523.071571658931,0.18992299577676178,3621.597541243794,0.1952343688002045
