loss,layer_idx,accuracy_score,f1_macro,f1_micro,balanced_accuracy_score,aic_rep,aic_rep_avg,bic_rep,bic_rep_avg,ebic_rep,ebic_rep_avg,aic_cls,aic_cls_avg,bic_cls,bic_cls_avg,ebic_cls,ebic_cls_avg,aic_pr,aic_pr_avg,bic_pr,bic_pr_avg,ebic_pr,ebic_pr_avg
3986.344551563263,68,0.9213477088948787,0.9212886596609945,0.9213477088948787,0.9213439112760287,17572.689103126526,0.9473147764488693,55148.169429697315,2.972947139067241,136521.33291989873,7.359640588673786,36778.689103126526,1.9826786578504865,149528.614758043,8.060841765932237,425351.5896681588,22.93000483386301,8007.069001197815,0.4316479245928741,8141.635791156901,0.4389021989841995,8239.423388797475,0.44417376759016036
