loss,layer_idx,accuracy_score,f1_macro,f1_micro,balanced_accuracy_score,aic,aic_avg,bic,bic_avg,ebic,ebic_avg
1618.8239394426346,45,0.96911051212938,0.9690786358178718,0.96911051212938,0.9691081397689657,12837.64787888527,0.6920564894277773,50413.12820545606,2.7176888520461486,131786.29169565748,7.104382301652694
