loss,layer_idx,accuracy_score,f1_macro,f1_micro,balanced_accuracy_score,aic,aic_avg,bic,bic_avg,ebic,ebic_avg
21861.343780517578,6,0.47902964959568733,0.4762123254311741,0.47902964959568733,0.4790202439192141,72528.68756103516,3.909902294395426,185278.61321595163,9.988065402477178,461101.5881260674,24.857228470407946
