loss,layer_idx,accuracy_score,f1_macro,f1_micro,balanced_accuracy_score,aic,aic_avg,bic,bic_avg,ebic,ebic_avg
1451.4861089587212,33,0.9714824797843665,0.9714819397391063,0.9714824797843665,0.9714809503421372,31708.972217917442,1.7093785562219646,144458.8978728339,7.787541664303715,420281.8727829497,22.656704732234484
