loss,layer_idx,accuracy_score,f1_macro,f1_micro,balanced_accuracy_score,aic,aic_avg,bic,bic_avg,ebic,ebic_avg
1414.9812408089638,58,0.9737466307277628,0.9737696430195754,0.9737466307277628,0.973744926952723,31635.962481617928,1.7054427213810204,144385.8881365344,7.783605829462771,420208.8630466502,22.652768897393543
