loss,layer_idx,accuracy_score,f1_macro,f1_micro,balanced_accuracy_score,aic,aic_avg,bic,bic_avg,ebic,ebic_avg
1953.0240259170532,31,0.9616172506738544,0.9616227761797629,0.9616172506738544,0.9616151629687882,13506.048051834106,0.7280888437646419,51081.528378404895,2.7537212063830134,132454.6918686063,7.1404146559895585
