loss,layer_idx,accuracy_score,f1_macro,f1_micro,balanced_accuracy_score,aic_rep,aic_rep_avg,bic_rep,bic_rep_avg,ebic_rep,ebic_rep_avg,aic_cls,aic_cls_avg,bic_cls,bic_cls_avg,ebic_cls,ebic_cls_avg,aic_pr,aic_pr_avg,bic_pr,bic_pr_avg,ebic_pr,ebic_pr_avg
24372.25846862793,1,0.35509433962264153,0.3506897852703658,0.35509433962264153,0.35508490200025694,58344.51693725586,3.145256977749642,95919.99726382665,5.170889340368014,177293.16075402807,9.557582789974559,77550.51693725586,4.18062085915126,190300.44259217233,10.25878396723301,466123.4175022881,25.127947035163782,48760.1374502182,2.6285788382866953,48821.277895791885,2.6318748191801555,48853.38488864113,2.633605654374185
