loss,layer_idx,accuracy_score,f1_macro,f1_micro,balanced_accuracy_score,aic,aic_avg,bic,bic_avg,ebic,ebic_avg
1986.9750549793243,47,0.9619407008086254,0.9618552576577887,0.9619407008086254,0.9619385956725344,32779.95010995865,1.7671132134748597,145529.87576487512,7.84527632155661,421352.8506749909,22.71443938948738
