loss,layer_idx,accuracy_score,f1_macro,f1_micro,balanced_accuracy_score,aic_rep,aic_rep_avg,bic_rep,bic_rep_avg,ebic_rep,ebic_rep_avg,aic_cls,aic_cls_avg,bic_cls,bic_cls_avg,ebic_cls,ebic_cls_avg,aic_pr,aic_pr_avg,bic_pr,bic_pr_avg,ebic_pr,ebic_pr_avg
2654.5035433769226,28,0.947654986522911,0.9475822654387747,0.947654986522911,0.9476522067642305,14909.007086753845,0.803720058585113,52484.487413324634,2.829352421203484,133857.65090352605,7.21604587081003,34115.007086753845,1.8390839399867303,146864.93274167032,7.9172470480684805,422687.9076517861,22.786410115999253,5340.2983293533325,0.2878867023910152,5462.775774216977,0.2944892600656052,5548.832674617273,0.299128446071012
