loss,layer_idx,accuracy_score,f1_macro,f1_micro,balanced_accuracy_score,aic,aic_avg,bic,bic_avg,ebic,ebic_avg
4132.148495197296,24,0.9138544474393531,0.9137163758725375,0.9138544474393531,0.9138502020569392,17864.296990394592,0.9630348781883877,55439.77731696538,2.988667240806759,136812.9408071668,7.375360690413305
