loss,layer_idx,accuracy_score,f1_macro,f1_micro,balanced_accuracy_score,aic_rep,aic_rep_avg,bic_rep,bic_rep_avg,ebic_rep,ebic_rep_avg,aic_cls,aic_cls_avg,bic_cls,bic_cls_avg,ebic_cls,ebic_cls_avg,aic_pr,aic_pr_avg,bic_pr,bic_pr_avg,ebic_pr,ebic_pr_avg
1865.779230594635,27,0.963288409703504,0.9632511426015412,0.963288409703504,0.9632863336629915,13331.55846118927,0.7186823968296102,50907.03878776006,2.7443147594479815,132280.20227796148,7.131008209054527,32537.55846118927,1.7540462782312274,145287.48411610574,7.832209386312978,421110.45902622154,22.70137245424375,3763.673550605774,0.20289345286284496,3889.375624622014,0.20966984499310048,3978.532856202775,0.21447616475486656
