loss,layer_idx,accuracy_score,f1_macro,f1_micro,balanced_accuracy_score,aic,aic_avg,bic,bic_avg,ebic,ebic_avg
1298.223776936531,34,0.9742318059299191,0.9742560568261487,0.9742318059299191,0.9742308694621631,31402.447553873062,1.6928543155726719,144152.37320878953,7.771017423654422,419975.3481189053,22.64018049158519
