loss,layer_idx,accuracy_score,f1_macro,f1_micro,balanced_accuracy_score,aic,aic_avg,bic,bic_avg,ebic,ebic_avg
1424.6823128461838,35,0.9726145552560647,0.9725806265752528,0.9726145552560647,0.972612834016157,31655.364625692368,1.706488659066974,144405.29028060884,7.784651767148724,420228.26519072463,22.653814835079494
