loss,layer_idx,accuracy_score,f1_macro,f1_micro,balanced_accuracy_score,aic_rep,aic_rep_avg,bic_rep,bic_rep_avg,ebic_rep,ebic_rep_avg,aic_cls,aic_cls_avg,bic_cls,bic_cls_avg,ebic_cls,ebic_cls_avg,aic_pr,aic_pr_avg,bic_pr,bic_pr_avg,ebic_pr,ebic_pr_avg
1374.8277395963669,57,0.9744474393530997,0.9744103334546326,0.9744474393530997,0.9744457995356882,12349.655479192734,0.665749621519824,49925.13580576352,2.691381984138195,131298.29929596494,7.078075433744741,31555.655479192734,1.7011135029214413,144305.5811341092,7.7792766110031915,420128.556044225,22.64843967893396,2794.028747320175,0.15062149581240836,2967.710712273126,0.1599844049742925,3105.2452204545634,0.16739866417544816
