loss,layer_idx,accuracy_score,f1_macro,f1_micro,balanced_accuracy_score,aic,aic_avg,bic,bic_avg,ebic,ebic_avg
1368.7708804607391,44,0.9760646900269542,0.9760841530757233,0.9760646900269542,0.9760637129118758,12337.541760921478,0.6650965908852549,49913.02208749227,2.6907289535036263,131286.1855776937,7.077422403110171
