loss,layer_idx,accuracy_score,f1_macro,f1_micro,balanced_accuracy_score,aic_rep,aic_rep_avg,bic_rep,bic_rep_avg,ebic_rep,ebic_rep_avg,aic_cls,aic_cls_avg,bic_cls,bic_cls_avg,ebic_cls,ebic_cls_avg,aic_pr,aic_pr_avg,bic_pr,bic_pr_avg,ebic_pr,ebic_pr_avg
21861.343780517578,6,0.47902964959568733,0.4762123254311741,0.47902964959568733,0.4790202439192141,53322.687561035156,2.8745384129938087,90898.16788760594,4.90017077561218,172271.33137780736,9.286864225218725,72528.68756103516,3.909902294395426,185278.61321595163,9.988065402477178,461101.5881260674,24.857228470407946,43740.560510635376,2.3579816986865434,43810.517246685464,2.3617529513037985,43849.66152998865,2.3638631552554528
