loss,layer_idx,accuracy_score,f1_macro,f1_micro,balanced_accuracy_score,aic_rep,aic_rep_avg,bic_rep,bic_rep_avg,ebic_rep,ebic_rep_avg,aic_cls,aic_cls_avg,bic_cls,bic_cls_avg,ebic_cls,ebic_cls_avg,aic_pr,aic_pr_avg,bic_pr,bic_pr_avg,ebic_pr,ebic_pr_avg
1609.448318362236,52,0.9706199460916443,0.9706285764650477,0.9706199460916443,0.9706184398807537,12818.896636724472,0.6910456407937721,50394.37696329526,2.7166780034121434,131767.54045349668,7.103371453018689,32024.896636724472,1.7264095221953892,144774.82229164094,7.80457263027714,420597.79720175674,22.67373569820791,3252.706493139267,0.17534805892934055,3385.0420759057574,0.18248205260947478,3480.6430033213705,0.18763574141894182
