loss,layer_idx,accuracy_score,f1_macro,f1_micro,balanced_accuracy_score,aic_rep,aic_rep_avg,bic_rep,bic_rep_avg,ebic_rep,ebic_rep_avg,aic_cls,aic_cls_avg,bic_cls,bic_cls_avg,ebic_cls,ebic_cls_avg,aic_pr,aic_pr_avg,bic_pr,bic_pr_avg,ebic_pr,ebic_pr_avg
1698.1837817430496,30,0.9665229110512129,0.9665362649651206,0.9665229110512129,0.9665211664182719,12996.3675634861,0.7006128066569326,50571.84789005689,2.726245169275304,131945.0113802583,7.1129386188818495,32202.3675634861,1.7359766880585499,144952.29321840257,7.8141397961403,420775.26812851836,22.68330286407107,3428.6223928928375,0.18483139584327965,3554.8714249563573,0.19163727358255295,3644.556645073174,0.1964720563381765
