loss,layer_idx,accuracy_score,f1_macro,f1_micro,balanced_accuracy_score,aic,aic_avg,bic,bic_avg,ebic,ebic_avg
1618.8239394426346,45,0.96911051212938,0.9690786358178718,0.96911051212938,0.9691081397689657,32043.64787888527,1.7274203708293945,144793.57353380174,7.805583478911145,420616.54844391753,22.674746546841916
