loss,layer_idx,accuracy_score,f1_macro,f1_micro,balanced_accuracy_score,aic,aic_avg,bic,bic_avg,ebic,ebic_avg
1698.1837817430496,30,0.9665229110512129,0.9665362649651206,0.9665229110512129,0.9665211664182719,32202.3675634861,1.7359766880585499,144952.29321840257,7.8141397961403,420775.26812851836,22.68330286407107
