loss,layer_idx,accuracy_score,f1_macro,f1_micro,balanced_accuracy_score,aic_rep,aic_rep_avg,bic_rep,bic_rep_avg,ebic_rep,ebic_rep_avg,aic_cls,aic_cls_avg,bic_cls,bic_cls_avg,ebic_cls,ebic_cls_avg,aic_pr,aic_pr_avg,bic_pr,bic_pr_avg,ebic_pr,ebic_pr_avg
1889.2896826267242,51,0.9638814016172507,0.9638698384674794,0.9638814016172507,0.9638792965262836,13378.579365253448,0.7212172164557115,50954.05969182424,2.746849579074083,132327.22318202566,7.133543028680628,32584.57936525345,1.7565810978573289,145334.50502016992,7.834744205939079,421157.4799302857,22.70390727386985,3813.3303112983704,0.20557036718589597,3949.349424781775,0.2129029339505,4048.565447720643,0.21825150661566808
