loss,layer_idx,accuracy_score,f1_macro,f1_micro,balanced_accuracy_score,aic,aic_avg,bic,bic_avg,ebic,ebic_avg
2538.451606154442,64,0.9552021563342318,0.955103902699137,0.9552021563342318,0.9551987896533342,14676.903212308884,0.7912077203401016,52252.38353887967,2.816840082958473,133625.5470290811,7.203533532565018
