loss,layer_idx,accuracy_score,f1_macro,f1_micro,balanced_accuracy_score,aic_rep,aic_rep_avg,bic_rep,bic_rep_avg,ebic_rep,ebic_rep_avg,aic_cls,aic_cls_avg,bic_cls,bic_cls_avg,ebic_cls,ebic_cls_avg,aic_pr,aic_pr_avg,bic_pr,bic_pr_avg,ebic_pr,ebic_pr_avg
1618.8239394426346,45,0.96911051212938,0.9690786358178718,0.96911051212938,0.9691081397689657,12837.64787888527,0.6920564894277773,50413.12820545606,2.7176888520461486,131786.29169565748,7.104382301652694,32043.64787888527,1.7274203708293945,144793.57353380174,7.805583478911145,420616.54844391753,22.674746546841916,3267.4712030887604,0.17614400016651,3384.2030501597214,0.1824368221110362,3464.7899568485495,0.18678112974924796
