loss,layer_idx,accuracy_score,f1_macro,f1_micro,balanced_accuracy_score,aic,aic_avg,bic,bic_avg,ebic,ebic_avg
1414.9812408089638,58,0.9737466307277628,0.9737696430195754,0.9737466307277628,0.973744926952723,12429.962481617928,0.6700788399794031,50005.442808188716,2.6957112025977743,131378.60629839014,7.08240465220432
