loss,layer_idx,accuracy_score,f1_macro,f1_micro,balanced_accuracy_score,aic,aic_avg,bic,bic_avg,ebic,ebic_avg
1433.027210533619,39,0.9728840970350404,0.9728683551350498,0.9728840970350404,0.9728815271255181,31672.054421067238,1.7073883784941908,144421.9800759837,7.785551486575941,420244.9549860995,22.65471455450671
