loss,layer_idx,accuracy_score,f1_macro,f1_micro,balanced_accuracy_score,aic,aic_avg,bic,bic_avg,ebic,ebic_avg
24778.09065246582,2,0.3562264150943396,0.3537230185985678,0.3562264150943396,0.3562207267855641,59156.18130493164,3.189012469268552,96731.66163150243,5.214644831886924,178104.82512170385,9.601338281493469
