loss,layer_idx,accuracy_score,f1_macro,f1_micro,balanced_accuracy_score,aic_rep,aic_rep_avg,bic_rep,bic_rep_avg,ebic_rep,ebic_rep_avg,aic_cls,aic_cls_avg,bic_cls,bic_cls_avg,ebic_cls,ebic_cls_avg,aic_pr,aic_pr_avg,bic_pr,bic_pr_avg,ebic_pr,ebic_pr_avg
24778.09065246582,2,0.3562264150943396,0.3537230185985678,0.3562264150943396,0.3562207267855641,59156.18130493164,3.189012469268552,96731.66163150243,5.214644831886924,178104.82512170385,9.601338281493469,78362.18130493164,4.22437635067017,191112.1069598481,10.30253945875192,466935.0818699639,25.17170252668269,49572.075885772705,2.672349104354324,49634.289063865675,2.6757029144941065,49667.23584621074,2.6774790213590696
