loss,layer_idx,accuracy_score,f1_macro,f1_micro,balanced_accuracy_score,aic,aic_avg,bic,bic_avg,ebic,ebic_avg
5287.025614738464,67,0.8966037735849056,0.8962417741136001,0.8966037735849056,0.8965980745892629,39380.05122947693,2.1229138129098075,152129.9768843934,8.201076920991557,427952.9517945092,23.070239988922328
