loss,layer_idx,accuracy_score,f1_macro,f1_micro,balanced_accuracy_score,aic,aic_avg,bic,bic_avg,ebic,ebic_avg
1451.4861089587212,33,0.9714824797843665,0.9714819397391063,0.9714824797843665,0.9714809503421372,12502.972217917442,0.6740146748203473,50078.45254448823,2.6996470374387185,131451.61603468965,7.086340487045264
