loss,layer_idx,accuracy_score,f1_macro,f1_micro,balanced_accuracy_score,aic,aic_avg,bic,bic_avg,ebic,ebic_avg
1676.5908617973328,53,0.9693261455525607,0.9692431655306213,0.9693261455525607,0.9693240289624944,32159.181723594666,1.7336486104363702,144909.10737851114,7.81181171851812,420732.08228862693,22.680974786448893
