loss,layer_idx,accuracy_score,f1_macro,f1_micro,balanced_accuracy_score,aic,aic_avg,bic,bic_avg,ebic,ebic_avg
2705.127288579941,63,0.9510512129380054,0.951122176218299,0.9510512129380054,0.9510487994677477,34216.25457715988,1.8445420257229046,146966.18023207635,7.922705133804655,422789.15514219215,22.791868201735426
