loss,layer_idx,accuracy_score,f1_macro,f1_micro,balanced_accuracy_score,aic,aic_avg,bic,bic_avg,ebic,ebic_avg
1293.3829528093338,43,0.9777897574123989,0.9777660595179328,0.9777897574123989,0.9777879665386399,31392.765905618668,1.6923323938338903,144142.69156053514,7.770495501915641,419965.66647065093,22.63965856984641
