loss,layer_idx,accuracy_score,f1_macro,f1_micro,balanced_accuracy_score,aic_rep,aic_rep_avg,bic_rep,bic_rep_avg,ebic_rep,ebic_rep_avg,aic_cls,aic_cls_avg,bic_cls,bic_cls_avg,ebic_cls,ebic_cls_avg,aic_pr,aic_pr_avg,bic_pr,bic_pr_avg,ebic_pr,ebic_pr_avg
1050.2827847599983,41,0.9807008086253369,0.9807078504962409,0.9807008086253369,0.9806996804839936,11700.565569519997,0.6307582517261454,49276.045896090785,2.6563906143445166,130649.20938629222,7.0430840639510635,30906.565569519997,1.6661221331277627,143656.49122443647,7.744285241209513,419479.46613455226,22.613448309140285,2132.2406870126724,0.11494558959637048,2256.220661407241,0.12162914616750625,2343.7195047500036,0.12634606494609182
