loss,layer_idx,accuracy_score,f1_macro,f1_micro,balanced_accuracy_score,aic_rep,aic_rep_avg,bic_rep,bic_rep_avg,ebic_rep,ebic_rep_avg,aic_cls,aic_cls_avg,bic_cls,bic_cls_avg,ebic_cls,ebic_cls_avg,aic_pr,aic_pr_avg,bic_pr,bic_pr_avg,ebic_pr,ebic_pr_avg
4441.184287548065,22,0.9060377358490566,0.9060295021827515,0.9060377358490566,0.9060339146228342,18482.36857509613,0.9963541010833493,56057.84890166692,3.0219864637017206,137431.01239186834,7.408679913308267,37688.36857509613,2.0317179824849667,150438.2942300126,8.109881090566716,426261.2691401284,22.979044158497487,8916.29692363739,0.4806629069346302,9049.09629792126,0.4878219028528981,9145.15097446275,0.4930000525316846
