loss,layer_idx,accuracy_score,f1_macro,f1_micro,balanced_accuracy_score,aic_rep,aic_rep_avg,bic_rep,bic_rep_avg,ebic_rep,ebic_rep_avg,aic_cls,aic_cls_avg,bic_cls,bic_cls_avg,ebic_cls,ebic_cls_avg,aic_pr,aic_pr_avg,bic_pr,bic_pr_avg,ebic_pr,ebic_pr_avg
11984.913391113281,15,0.740754716981132,0.740116512264446,0.740754716981132,0.7407447012281899,33569.82678222656,1.8096941661577661,71145.30710879735,3.8353265287761373,152518.47059899877,8.222019978382683,52775.82678222656,2.8450580475593834,165525.75243714303,8.923221155641134,441348.7273472588,23.792384223571904,23996.09901046753,1.2935902431518884,24098.931468322073,1.2991337718772007,24166.592053417506,1.3027812427718333
