loss,layer_idx,accuracy_score,f1_macro,f1_micro,balanced_accuracy_score,aic_rep,aic_rep_avg,bic_rep,bic_rep_avg,ebic_rep,ebic_rep_avg,aic_cls,aic_cls_avg,bic_cls,bic_cls_avg,ebic_cls,ebic_cls_avg,aic_pr,aic_pr_avg,bic_pr,bic_pr_avg,ebic_pr,ebic_pr_avg
2552.0286951065063,29,0.9506199460916442,0.9505993884225389,0.9506199460916442,0.9506168466952353,14704.057390213013,0.7926715574238821,52279.5377167838,2.8183039200422533,133652.70120698522,7.204997369648799,33910.05739021301,1.8280354388254993,146659.98304512948,7.90619854690725,422482.9579552453,22.77536161483802,5136.489240646362,0.27689968952271493,5263.431152928926,0.2837429192953599,5353.786087628002,0.28861380526296504
