loss,layer_idx,accuracy_score,f1_macro,f1_micro,balanced_accuracy_score,aic,aic_avg,bic,bic_avg,ebic,ebic_avg
2263.1645550727844,50,0.9554716981132075,0.9554547495719939,0.9554716981132075,0.9554694707568845,33332.32911014557,1.7968910571507046,146082.25476506204,7.875054165232455,421905.22967517783,22.744217233163226
