loss,layer_idx,accuracy_score,f1_macro,f1_micro,balanced_accuracy_score,aic_rep,aic_rep_avg,bic_rep,bic_rep_avg,ebic_rep,ebic_rep_avg,aic_cls,aic_cls_avg,bic_cls,bic_cls_avg,ebic_cls,ebic_cls_avg,aic_pr,aic_pr_avg,bic_pr,bic_pr_avg,ebic_pr,ebic_pr_avg
19588.236400604248,9,0.5240431266846362,0.5243885443965514,0.5240431266846362,0.524037395775045,48776.472801208496,2.629459450199919,86351.95312777928,4.6550918128182905,167725.1166179807,9.041785262424836,67982.4728012085,3.664823331601536,180732.39845612497,9.742986439683287,456555.37336624076,24.612149507614056,39196.34317588806,2.1130104137945045,39274.118058476975,2.1172031298370335,39319.74208271793,2.1196626459686216
