loss,layer_idx,accuracy_score,f1_macro,f1_micro,balanced_accuracy_score,aic,aic_avg,bic,bic_avg,ebic,ebic_avg
2950.108195543289,32,0.9386522911051213,0.9384914085909721,0.9386522911051213,0.9386476219613509,34706.21639108658,1.8709550615141013,147456.14204600305,7.9491181695958515,423279.11695611884,22.818281237526623
