loss,layer_idx,accuracy_score,f1_macro,f1_micro,balanced_accuracy_score,aic_rep,aic_rep_avg,bic_rep,bic_rep_avg,ebic_rep,ebic_rep_avg,aic_cls,aic_cls_avg,bic_cls,bic_cls_avg,ebic_cls,ebic_cls_avg,aic_pr,aic_pr_avg,bic_pr,bic_pr_avg,ebic_pr,ebic_pr_avg
19925.143047332764,8,0.513854447439353,0.5134519403402175,0.513854447439353,0.513847338647765,49450.28609466553,2.6657836169631013,87025.76642123632,4.691415979581473,168398.92991143774,9.078109429188018,68656.28609466553,3.7011474983647186,181406.211749582,9.779310606446469,457229.1866596978,24.64847367437724,39870.43383026123,2.1493495326286376,39949.29433468845,2.1536007727594852,39995.83448832774,2.1561096759206326
