loss,layer_idx,accuracy_score,f1_macro,f1_micro,balanced_accuracy_score,aic,aic_avg,bic,bic_avg,ebic,ebic_avg
2112.9174094200134,48,0.9588140161725067,0.9588135808798542,0.9588140161725067,0.9588122829860203,13825.834818840027,0.7453280225789772,51401.315145410816,2.7709603851973483,132774.47863561223,7.157653834803894
