loss,layer_idx,accuracy_score,f1_macro,f1_micro,balanced_accuracy_score,aic,aic_avg,bic,bic_avg,ebic,ebic_avg
21869.91851043701,4,0.4360646900269542,0.4363970230540491,0.4360646900269542,0.4360642409510341,72545.83702087402,3.9108267935781145,185295.7626757905,9.988989901659865,461118.7375859063,24.858152969590634
