loss,layer_idx,accuracy_score,f1_macro,f1_micro,balanced_accuracy_score,aic,aic_avg,bic,bic_avg,ebic,ebic_avg
16609.09815979004,10,0.5833423180592991,0.5836926083659986,0.5833423180592991,0.5833351818191584,42818.19631958008,2.3082585617024303,80393.67664615087,4.3338909243208015,161766.8401363523,8.720584373927347
