loss,layer_idx,accuracy_score,f1_macro,f1_micro,balanced_accuracy_score,aic,aic_avg,bic,bic_avg,ebic,ebic_avg
2765.321455478668,26,0.945822102425876,0.9460177978140191,0.945822102425876,0.945820479381431,34336.64291095734,1.8510319628548428,147086.5685658738,7.9291950709365935,422909.5434759896,22.798358138867364
