loss,layer_idx,accuracy_score,f1_macro,f1_micro,balanced_accuracy_score,aic,aic_avg,bic,bic_avg,ebic,ebic_avg
19925.143047332764,8,0.513854447439353,0.5134519403402175,0.513854447439353,0.513847338647765,68656.28609466553,3.7011474983647186,181406.211749582,9.779310606446469,457229.1866596978,24.64847367437724
