loss,layer_idx,accuracy_score,f1_macro,f1_micro,balanced_accuracy_score,aic,aic_avg,bic,bic_avg,ebic,ebic_avg
12708.621328353882,14,0.7128840970350404,0.713405547067644,0.7128840970350404,0.7128769114912901,54223.242656707764,2.9230858575044616,166973.16831162423,9.001248965586212,442796.14322174,23.87041203351698
