loss,layer_idx,accuracy_score,f1_macro,f1_micro,balanced_accuracy_score,aic,aic_avg,bic,bic_avg,ebic,ebic_avg
4132.148495197296,24,0.9138544474393531,0.9137163758725375,0.9138544474393531,0.9138502020569392,37070.29699039459,1.998398759590005,149820.22264531106,8.076561867671755,425643.19755542686,22.945724935602527
