loss,layer_idx,accuracy_score,f1_macro,f1_micro,balanced_accuracy_score,aic,aic_avg,bic,bic_avg,ebic,ebic_avg
24057.902641296387,0,0.3438274932614555,0.33110393239331715,0.3438274932614555,0.34380901639767364,76921.80528259277,4.146728047579125,189671.73093750924,10.224891155660876,465494.70584762504,25.094054223591645
