loss,layer_idx,accuracy_score,f1_macro,f1_micro,balanced_accuracy_score,aic,aic_avg,bic,bic_avg,ebic,ebic_avg
1865.779230594635,27,0.963288409703504,0.9632511426015412,0.963288409703504,0.9632863336629915,13331.55846118927,0.7186823968296102,50907.03878776006,2.7443147594479815,132280.20227796148,7.131008209054527
