loss,layer_idx,accuracy_score,f1_macro,f1_micro,balanced_accuracy_score,aic_rep,aic_rep_avg,bic_rep,bic_rep_avg,ebic_rep,ebic_rep_avg,aic_cls,aic_cls_avg,bic_cls,bic_cls_avg,ebic_cls,ebic_cls_avg,aic_pr,aic_pr_avg,bic_pr,bic_pr_avg,ebic_pr,ebic_pr_avg
1568.273069858551,59,0.9705121293800539,0.9705135440363638,0.9705121293800539,0.9705098849348963,12736.546139717102,0.6866062609011915,50312.02646628789,2.712238623519563,131685.1899564893,7.098932073126108,31942.546139717102,1.7219701423028086,144692.47179463357,7.800133250384559,420515.44670474937,22.66929631831533,3181.576783180237,0.17151357321726343,3357.831789174179,0.18101519079106088,3498.0660417203626,0.1885749887719872
