loss,layer_idx,accuracy_score,f1_macro,f1_micro,balanced_accuracy_score,aic_rep,aic_rep_avg,bic_rep,bic_rep_avg,ebic_rep,ebic_rep_avg,aic_cls,aic_cls_avg,bic_cls,bic_cls_avg,ebic_cls,ebic_cls_avg,aic_pr,aic_pr_avg,bic_pr,bic_pr_avg,ebic_pr,ebic_pr_avg
1799.557415485382,42,0.9644204851752022,0.9643996355311509,0.9644204851752022,0.9644181998984659,13199.114830970764,0.7115425784889899,50774.59515754155,2.7371749411073614,132147.75864774297,7.123868390713906,32405.114830970764,1.7469064598906072,145155.04048588724,7.825069567972358,420978.01539600303,22.694232635903127,3630.4807863235474,0.19571324993657938,3753.2506653113187,0.20233157225397944,3839.587837290658,0.20698586723938858
