loss,layer_idx,accuracy_score,f1_macro,f1_micro,balanced_accuracy_score,aic,aic_avg,bic,bic_avg,ebic,ebic_avg
17203.38920211792,13,0.6492183288409703,0.6469252372127393,0.6492183288409703,0.649205538230942,63212.77840423584,3.407696949015409,175962.7040591523,9.48586005709716,451785.6789692681,24.35502312502793
