loss,layer_idx,accuracy_score,f1_macro,f1_micro,balanced_accuracy_score,aic,aic_avg,bic,bic_avg,ebic,ebic_avg
1568.273069858551,59,0.9705121293800539,0.9705135440363638,0.9705121293800539,0.9705098849348963,31942.546139717102,1.7219701423028086,144692.47179463357,7.800133250384559,420515.44670474937,22.66929631831533
