loss,layer_idx,accuracy_score,f1_macro,f1_micro,balanced_accuracy_score,aic,aic_avg,bic,bic_avg,ebic,ebic_avg
4514.344521045685,69,0.9145013477088949,0.9145796480288512,0.9145013477088949,0.9144980265844348,37834.68904209137,2.039605878279858,150584.61469700784,8.11776898636161,426407.58960712363,22.986932054292378
