loss,layer_idx,accuracy_score,f1_macro,f1_micro,balanced_accuracy_score,aic_rep,aic_rep_avg,bic_rep,bic_rep_avg,ebic_rep,ebic_rep_avg,aic_cls,aic_cls_avg,bic_cls,bic_cls_avg,ebic_cls,ebic_cls_avg,aic_pr,aic_pr_avg,bic_pr,bic_pr_avg,ebic_pr,ebic_pr_avg
2112.9174094200134,48,0.9588140161725067,0.9588135808798542,0.9588140161725067,0.9588122829860203,13825.834818840027,0.7453280225789772,51401.315145410816,2.7709603851973483,132774.47863561223,7.157653834803894,33031.83481884003,1.7806919039805944,145781.7604737565,7.858855012062345,421604.7353838723,22.728018079993117,4253.72821521759,0.2293114940818108,4362.906107595338,0.2351970947490748,4436.411976793606,0.2391596752988467
