loss,layer_idx,accuracy_score,f1_macro,f1_micro,balanced_accuracy_score,aic,aic_avg,bic,bic_avg,ebic,ebic_avg
16940.347187042236,12,0.604690026954178,0.6054111041585614,0.604690026954178,0.6046828040176735,43480.69437408447,2.3439727425382464,81056.17470065526,4.369605105156618,162429.33819085668,8.756298554763163
