loss,layer_idx,accuracy_score,f1_macro,f1_micro,balanced_accuracy_score,aic,aic_avg,bic,bic_avg,ebic,ebic_avg
2765.321455478668,26,0.945822102425876,0.9460177978140191,0.945822102425876,0.945820479381431,15130.642910957336,0.8156680814532257,52706.123237528125,2.841300444071597,134079.28672772954,7.227993893678143
