loss,layer_idx,accuracy_score,f1_macro,f1_micro,balanced_accuracy_score,aic_rep,aic_rep_avg,bic_rep,bic_rep_avg,ebic_rep,ebic_rep_avg,aic_cls,aic_cls_avg,bic_cls,bic_cls_avg,ebic_cls,ebic_cls_avg,aic_pr,aic_pr_avg,bic_pr,bic_pr_avg,ebic_pr,ebic_pr_avg
8235.85602092743,6,0.8197843665768194,0.820066420930685,0.8197843665768194,0.8197785088481088,18007.71204185486,0.9707661478088873,24019.788894106183,1.2948673258278265,34224.64992422101,1.8449946050792998,21085.71204185486,1.1366960669463535,39145.427273812944,2.110265621229808,74874.87410702664,4.036381353478525,16511.89119911194,0.8901289056125035,16669.156942138146,0.8986068432419486,16789.702498971586,0.90510525600925
