loss,layer_idx,accuracy_score,f1_macro,f1_micro,balanced_accuracy_score,aic,aic_avg,bic,bic_avg,ebic,ebic_avg
5162.43748664856,15,0.8939622641509434,0.8942470208951625,0.8939622641509434,0.8939585763394652,16474.87497329712,0.8881334217410846,40546.66705750653,2.1858041540434785,89937.68716598632,4.8483928391367295
