loss,layer_idx,accuracy_score,f1_macro,f1_micro,balanced_accuracy_score,aic,aic_avg,bic,bic_avg,ebic,ebic_avg
15224.518562316895,1,0.6264150943396226,0.6254378708359848,0.6264150943396226,0.62640525031358,36599.03712463379,1.9729939150745979,60670.8292088432,3.270664647376992,110061.849317323,5.933253332470242
