loss,layer_idx,accuracy_score,f1_macro,f1_micro,balanced_accuracy_score,aic,aic_avg,bic,bic_avg,ebic,ebic_avg
4638.0598220825195,13,0.9038814016172507,0.9040367759935477,0.9038814016172507,0.9038770281202825,15426.119644165039,0.8315967463161746,39497.91172837445,2.129267478618569,88888.93183685424,4.791856163711819
