loss,layer_idx,accuracy_score,f1_macro,f1_micro,balanced_accuracy_score,aic_rep,aic_rep_avg,bic_rep,bic_rep_avg,ebic_rep,ebic_rep_avg,aic_cls,aic_cls_avg,bic_cls,bic_cls_avg,ebic_cls,ebic_cls_avg,aic_pr,aic_pr_avg,bic_pr,bic_pr_avg,ebic_pr,ebic_pr_avg
5468.843148231506,2,0.8840970350404312,0.8843362451026476,0.8840970350404312,0.8840922658097504,12985.686296463013,0.700036997113909,21001.788766131445,1.1321719011391616,35197.44302399913,1.8974362816172037,17087.686296463013,0.9211690725856072,41159.47838067242,2.218839804888001,90550.49848915222,4.881428489981252,10988.527666091919,0.5923734590885131,11187.526508203053,0.6031011594718627,11352.026976787645,0.6119691092607895
