loss,layer_idx,accuracy_score,f1_macro,f1_micro,balanced_accuracy_score,aic,aic_avg,bic,bic_avg,ebic,ebic_avg
11767.919456481934,12,0.7290026954177897,0.7289421164371332,0.7290026954177897,0.7289940861009351,28149.838912963867,1.5175115316961654,46209.55414492195,2.49108108597962,81939.00097813565,4.417196818228337
