loss,layer_idx,accuracy_score,f1_macro,f1_micro,balanced_accuracy_score,aic,aic_avg,bic,bic_avg,ebic,ebic_avg
4104.272475719452,3,0.918544474393531,0.9187387396050148,0.918544474393531,0.9185417462736268,14358.544951438904,0.7740455499427981,38430.337035648314,2.071716282245192,87821.35714412811,4.734304967338443
