loss,layer_idx,accuracy_score,f1_macro,f1_micro,balanced_accuracy_score,aic,aic_avg,bic,bic_avg,ebic,ebic_avg
6886.175384521484,20,0.8520754716981133,0.8523849501053627,0.8520754716981133,0.8520695682174276,19922.35076904297,1.0739811735333136,43994.14285325238,2.3716519058357077,93385.16296173217,5.034240590928958
