loss,layer_idx,accuracy_score,f1_macro,f1_micro,balanced_accuracy_score,aic,aic_avg,bic,bic_avg,ebic,ebic_avg
5162.43748664856,15,0.8939622641509434,0.8942470208951625,0.8939622641509434,0.8939585763394652,12372.87497329712,0.6670013462693865,20388.97744296555,1.099136250294639,34584.63170083323,1.864400630772681
