loss,layer_idx,accuracy_score,f1_macro,f1_micro,balanced_accuracy_score,aic,aic_avg,bic,bic_avg,ebic,ebic_avg
8423.14973449707,23,0.8147169811320755,0.8150626224150127,0.8147169811320755,0.8147099258387486,18894.29946899414,1.0185606182746167,26910.401938662573,1.4506955222998692,41106.056196530255,2.2159599027779113
