loss,layer_idx,accuracy_score,f1_macro,f1_micro,balanced_accuracy_score,aic,aic_avg,bic,bic_avg,ebic,ebic_avg
4557.381485939026,10,0.9067385444743935,0.906843030068811,0.9067385444743935,0.90673463025889,15264.762971878052,0.8228982734166066,39336.55505608746,2.1205690057190005,88727.57516456726,4.783157690812251
