loss,layer_idx,accuracy_score,f1_macro,f1_micro,balanced_accuracy_score,aic,aic_avg,bic,bic_avg,ebic,ebic_avg
8003.896898269653,5,0.8269541778975741,0.826853542387108,0.8269541778975741,0.8269471635787188,17543.793796539307,0.9457570779805556,23555.87064879063,1.2698582559994949,33760.73167890546,1.8199855352509682
