loss,layer_idx,accuracy_score,f1_macro,f1_micro,balanced_accuracy_score,aic_rep,aic_rep_avg,bic_rep,bic_rep_avg,ebic_rep,ebic_rep_avg,aic_cls,aic_cls_avg,bic_cls,bic_cls_avg,ebic_cls,ebic_cls_avg,aic_pr,aic_pr_avg,bic_pr,bic_pr_avg,ebic_pr,ebic_pr_avg
4638.0598220825195,13,0.9038814016172507,0.9040367759935477,0.9038814016172507,0.9038770281202825,11324.119644165039,0.6104646708444765,19340.22211383347,1.042599574869729,33535.87637170115,1.8078639553477711,15426.119644165039,0.8315967463161746,39497.91172837445,2.129267478618569,88888.93183685424,4.791856163711819,9332.144287109375,0.5030805545611523,9551.431044271672,0.5149019430874217,9738.14126034844,0.5249671838462772
