loss,layer_idx,accuracy_score,f1_macro,f1_micro,balanced_accuracy_score,aic,aic_avg,bic,bic_avg,ebic,ebic_avg
3557.716609477997,7,0.9277628032345013,0.9278608134279304,0.9277628032345013,0.9277597091194804,13265.433218955994,0.7151176937442584,37337.2253031654,2.0127884260466526,86728.2454116452,4.675377111139903
