loss,layer_idx,accuracy_score,f1_macro,f1_micro,balanced_accuracy_score,aic,aic_avg,bic,bic_avg,ebic,ebic_avg
4903.838411331177,12,0.8988679245283019,0.8988936262641752,0.8988679245283019,0.8988624697249411,11855.676822662354,0.6391200443483749,19871.779292330786,1.0712549483736273,34067.43355019847,1.8365193288516695
