loss,layer_idx,accuracy_score,f1_macro,f1_micro,balanced_accuracy_score,aic_rep,aic_rep_avg,bic_rep,bic_rep_avg,ebic_rep,ebic_rep_avg,aic_cls,aic_cls_avg,bic_cls,bic_cls_avg,ebic_cls,ebic_cls_avg,aic_pr,aic_pr_avg,bic_pr,bic_pr_avg,ebic_pr,ebic_pr_avg
8003.896898269653,5,0.8269541778975741,0.826853542387108,0.8269541778975741,0.8269471635787188,17543.793796539307,0.9457570779805556,23555.87064879063,1.2698582559994949,33760.73167890546,1.8199855352509682,20621.793796539307,1.1116869971180219,38681.50902849739,2.0852565514014767,74410.95586171109,4.011372283650194,16050.476612091064,0.8652548038863107,16217.54195542937,0.8742610218560307,16348.179078847908,0.881303454385332
