loss,layer_idx,accuracy_score,f1_macro,f1_micro,balanced_accuracy_score,aic,aic_avg,bic,bic_avg,ebic,ebic_avg
10683.95975112915,10,0.757466307277628,0.7575791277709113,0.757466307277628,0.7574583264102307,25981.9195022583,1.4006425607686415,44041.634734216386,2.3742121150520963,79771.08156743008,4.300327847300813
