loss,layer_idx,accuracy_score,f1_macro,f1_micro,balanced_accuracy_score,aic_rep,aic_rep_avg,bic_rep,bic_rep_avg,ebic_rep,ebic_rep_avg,aic_cls,aic_cls_avg,bic_cls,bic_cls_avg,ebic_cls,ebic_cls_avg,aic_pr,aic_pr_avg,bic_pr,bic_pr_avg,ebic_pr,ebic_pr_avg
11156.929069519043,11,0.7452291105121294,0.7444929647781077,0.7452291105121294,0.7452191355531624,23849.858139038086,1.2857066382230775,29861.93499128941,1.6098078162420166,40066.79602140424,2.15993509549349,26927.858139038086,1.4516365573605436,44987.57337099617,2.4252061116439982,80717.02020420987,4.351321843892715,22381.434288024902,1.206546322804577,22645.934939774856,1.220805118047162,22883.810281388003,1.233628586597736
