loss,layer_idx,accuracy_score,f1_macro,f1_micro,balanced_accuracy_score,aic,aic_avg,bic,bic_avg,ebic,ebic_avg
4903.838411331177,12,0.8988679245283019,0.8988936262641752,0.8988679245283019,0.8988624697249411,15957.676822662354,0.860252119820073,40029.46890687176,2.157922852122467,89420.48901535156,4.820511537215718
