loss,layer_idx,accuracy_score,f1_macro,f1_micro,balanced_accuracy_score,aic,aic_avg,bic,bic_avg,ebic,ebic_avg
3935.729163646698,9,0.9175741239892183,0.9176893974269111,0.9175741239892183,0.9175701925871115,14021.458327293396,0.7558737642745766,38093.250411502806,2.0535444965769707,87484.2705199826,4.716133181670221
