loss,layer_idx,accuracy_score,f1_macro,f1_micro,balanced_accuracy_score,aic_rep,aic_rep_avg,bic_rep,bic_rep_avg,ebic_rep,ebic_rep_avg,aic_cls,aic_cls_avg,bic_cls,bic_cls_avg,ebic_cls,ebic_cls_avg,aic_pr,aic_pr_avg,bic_pr,bic_pr_avg,ebic_pr,ebic_pr_avg
5746.479827880859,18,0.8760646900269542,0.8764276880274383,0.8760646900269542,0.8760596183413879,13540.959655761719,0.7299708709305509,21557.06212543015,1.1621057749558033,35752.71638329783,1.9273701554338454,17642.95965576172,0.951102946402249,41714.75173997113,2.248773678704643,91105.77184845092,4.911362363797894,11542.643856048584,0.622244951808549,11737.113407134053,0.6327284855597872,11896.72587166951,0.6413329310873052
