loss,layer_idx,accuracy_score,f1_macro,f1_micro,balanced_accuracy_score,aic,aic_avg,bic,bic_avg,ebic,ebic_avg
5176.117036819458,16,0.8950404312668464,0.8953019277121276,0.8950404312668464,0.8950365574692848,16502.234073638916,0.8896083058565454,40574.026157848326,2.1872790381589393,89965.04626632812,4.849867723252189
