loss,layer_idx,accuracy_score,f1_macro,f1_micro,balanced_accuracy_score,aic,aic_avg,bic,bic_avg,ebic,ebic_avg
3020.309533596039,4,0.9411859838274933,0.9412785294220337,0.9411859838274933,0.9411837793904013,8088.619067192078,0.43604415456561063,16104.721536860512,0.8681790585908632,30300.375794728192,1.6334434390689052
