loss,layer_idx,accuracy_score,f1_macro,f1_micro,balanced_accuracy_score,aic_rep,aic_rep_avg,bic_rep,bic_rep_avg,ebic_rep,ebic_rep_avg,aic_cls,aic_cls_avg,bic_cls,bic_cls_avg,ebic_cls,ebic_cls_avg,aic_pr,aic_pr_avg,bic_pr,bic_pr_avg,ebic_pr,ebic_pr_avg
3935.729163646698,9,0.9175741239892183,0.9176893974269111,0.9175741239892183,0.9175701925871115,9919.458327293396,0.5347416888028785,17935.56079696183,0.9668765928281309,32131.21505482951,1.732140973306173,14021.458327293396,0.7558737642745766,38093.250411502806,2.0535444965769707,87484.2705199826,4.716133181670221,7922.937197685242,0.4271125173954308,8124.431289523042,0.43797473258884323,8291.63590764349,0.4469884586330722
