loss,layer_idx,accuracy_score,f1_macro,f1_micro,balanced_accuracy_score,aic_rep,aic_rep_avg,bic_rep,bic_rep_avg,ebic_rep,ebic_rep_avg,aic_cls,aic_cls_avg,bic_cls,bic_cls_avg,ebic_cls,ebic_cls_avg,aic_pr,aic_pr_avg,bic_pr,bic_pr_avg,ebic_pr,ebic_pr_avg
8591.478494644165,7,0.8088409703504044,0.8086071084112879,0.8088409703504044,0.8088332755071163,18718.95698928833,1.0091081934926323,24731.033841539655,1.3332093715115716,34935.894871654484,1.883336650763045,21796.95698928833,1.1750381126300986,39856.672221246416,2.1486076669135534,75586.11905446011,4.07472339916227,17219.715061187744,0.9282865262095819,17363.590291135566,0.9360426032957179,17470.600786131163,0.9418113631337554
