loss,layer_idx,accuracy_score,f1_macro,f1_micro,balanced_accuracy_score,aic_rep,aic_rep_avg,bic_rep,bic_rep_avg,ebic_rep,ebic_rep_avg,aic_cls,aic_cls_avg,bic_cls,bic_cls_avg,ebic_cls,ebic_cls_avg,aic_pr,aic_pr_avg,bic_pr,bic_pr_avg,ebic_pr,ebic_pr_avg
5977.977832794189,14,0.8768194070080862,0.8770179906811127,0.8768194070080862,0.8768139051892788,14003.955665588379,0.7549302245600205,22020.05813525681,1.187065128585273,36215.71239312449,1.952329509063315,18105.95566558838,0.9760623000317186,42177.74774979779,2.2737330323341127,91568.76785827758,4.936321717427363,12010.675521850586,0.6474757693719992,12224.855197106142,0.6590218435097651,12405.92754670746,0.6687831561567364
