loss,layer_idx,accuracy_score,f1_macro,f1_micro,balanced_accuracy_score,aic,aic_avg,bic,bic_avg,ebic,ebic_avg
7978.695497512817,24,0.8225876010781671,0.82305893477012,0.8225876010781671,0.8225809528672388,22107.390995025635,1.1917730994622984,46179.183079235045,2.4894438317646923,95570.20318771484,5.152032516857943
