loss,layer_idx,accuracy_score,f1_macro,f1_micro,balanced_accuracy_score,aic_rep,aic_rep_avg,bic_rep,bic_rep_avg,ebic_rep,ebic_rep_avg,aic_cls,aic_cls_avg,bic_cls,bic_cls_avg,ebic_cls,ebic_cls_avg,aic_pr,aic_pr_avg,bic_pr,bic_pr_avg,ebic_pr,ebic_pr_avg
11257.89511680603,3,0.7422641509433963,0.7411054451525413,0.7422641509433963,0.7422529087145154,24051.79023361206,1.2965924654238308,30063.867085863385,1.6206936434427701,40268.728115978214,2.170820922694243,27129.79023361206,1.4625223845612971,45189.505465570146,2.436091938844752,80918.95229878384,4.3622076710934685,22566.15149307251,1.2165041236157688,22763.271129955578,1.2271305191350717,22925.740326745894,1.235888966401396
