loss,layer_idx,accuracy_score,f1_macro,f1_micro,balanced_accuracy_score,aic_rep,aic_rep_avg,bic_rep,bic_rep_avg,ebic_rep,ebic_rep_avg,aic_cls,aic_cls_avg,bic_cls,bic_cls_avg,ebic_cls,ebic_cls_avg,aic_pr,aic_pr_avg,bic_pr,bic_pr_avg,ebic_pr,ebic_pr_avg
6886.175384521484,20,0.8520754716981133,0.8523849501053627,0.8520754716981133,0.8520695682174276,15820.350769042969,0.8528490980616156,23836.4532387114,1.284984002086868,38032.10749657908,2.0502483825649103,19922.35076904297,1.0739811735333136,43994.14285325238,2.3716519058357077,93385.16296173217,5.034240590928958,13812.73568725586,0.7446218699329304,13970.806801818218,0.7531432238176937,14092.175964224845,0.7596860358072692
