loss,layer_idx,accuracy_score,f1_macro,f1_micro,balanced_accuracy_score,aic_rep,aic_rep_avg,bic_rep,bic_rep_avg,ebic_rep,ebic_rep_avg,aic_cls,aic_cls_avg,bic_cls,bic_cls_avg,ebic_cls,ebic_cls_avg,aic_pr,aic_pr_avg,bic_pr,bic_pr_avg,ebic_pr,ebic_pr_avg
5963.330009460449,17,0.8740161725067386,0.8742023957698993,0.8740161725067386,0.8740106589970549,13974.660018920898,0.753350944416221,21990.76248858933,1.1854858484414734,36186.41674645701,1.9507502289195155,18076.6600189209,0.9744830198879191,42148.45210313031,2.272153752190313,91539.4722116101,4.934742437283564,11979.008281707764,0.6457686405233296,12183.90527321589,0.6568143004429051,12354.810400101658,0.6660275148302781
