loss,layer_idx,accuracy_score,f1_macro,f1_micro,balanced_accuracy_score,aic,aic_avg,bic,bic_avg,ebic,ebic_avg
6180.776124954224,19,0.8667385444743936,0.8671154311073042,0.8667385444743936,0.8667336237060425,18511.552249908447,0.9979273450085416,42583.34433411786,2.295598077310936,91974.36444259765,4.958186762404186
