loss,layer_idx,accuracy_score,f1_macro,f1_micro,balanced_accuracy_score,aic,aic_avg,bic,bic_avg,ebic,ebic_avg
11609.828483581543,2,0.7342857142857143,0.7326553246116898,0.7342857142857143,0.7342733616172591,27833.656967163086,1.5004666828659345,45893.37219912117,2.4740362371493894,81622.81903233487,4.400151969398106
