loss,layer_idx,accuracy_score,f1_macro,f1_micro,balanced_accuracy_score,aic_rep,aic_rep_avg,bic_rep,bic_rep_avg,ebic_rep,ebic_rep_avg,aic_cls,aic_cls_avg,bic_cls,bic_cls_avg,ebic_cls,ebic_cls_avg,aic_pr,aic_pr_avg,bic_pr,bic_pr_avg,ebic_pr,ebic_pr_avg
8423.14973449707,23,0.8147169811320755,0.8150626224150127,0.8147169811320755,0.8147099258387486,18894.29946899414,1.0185606182746167,26910.401938662573,1.4506955222998692,41106.056196530255,2.2159599027779113,22996.29946899414,1.2396926937463149,47068.09155320355,2.537363426048709,96459.11166168335,5.199952111141959,16880.059341430664,0.9099762448210601,17012.1992812813,0.9170996917132777,17107.608921762712,0.9222430685586368
