loss,layer_idx,accuracy_score,f1_macro,f1_micro,balanced_accuracy_score,aic_rep,aic_rep_avg,bic_rep,bic_rep_avg,ebic_rep,ebic_rep_avg,aic_cls,aic_cls_avg,bic_cls,bic_cls_avg,ebic_cls,ebic_cls_avg,aic_pr,aic_pr_avg,bic_pr,bic_pr_avg,ebic_pr,ebic_pr_avg
7978.695497512817,24,0.8225876010781671,0.82305893477012,0.8225876010781671,0.8225809528672388,18005.390995025635,0.9706410239906003,26021.493464694067,1.4027759280158527,40217.14772256175,2.168040308493895,22107.390995025635,1.1917730994622984,46179.183079235045,2.4894438317646923,95570.20318771484,5.152032516857943,16011.713138580322,0.8631651287644379,16224.336121542437,0.8746272841801853,16403.69614692501,0.8842962882439358
