loss,layer_idx,accuracy_score,f1_macro,f1_micro,balanced_accuracy_score,aic_rep,aic_rep_avg,bic_rep,bic_rep_avg,ebic_rep,ebic_rep_avg,aic_cls,aic_cls_avg,bic_cls,bic_cls_avg,ebic_cls,ebic_cls_avg,aic_pr,aic_pr_avg,bic_pr,bic_pr_avg,ebic_pr,ebic_pr_avg
8899.313831329346,8,0.8011320754716981,0.8011683635609542,0.8011320754716981,0.801124671091593,19334.62766265869,1.0422979872053202,25346.704514910016,1.3663991652242595,35551.565545024845,1.9165264444757328,22412.62766265869,1.2082279063427865,40472.34289461678,2.181797460626241,76201.78972783047,4.107913192874958,17846.451862335205,0.9620728766757523,18033.641161718417,0.972163944027947,18185.453564390184,0.9803479010452929
