loss,layer_idx,accuracy_score,f1_macro,f1_micro,balanced_accuracy_score,aic_rep,aic_rep_avg,bic_rep,bic_rep_avg,ebic_rep,ebic_rep_avg,aic_cls,aic_cls_avg,bic_cls,bic_cls_avg,ebic_cls,ebic_cls_avg,aic_pr,aic_pr_avg,bic_pr,bic_pr_avg,ebic_pr,ebic_pr_avg
3557.716609477997,7,0.9277628032345013,0.9278608134279304,0.9277628032345013,0.9277597091194804,9163.433218955994,0.4939856182725603,17179.535688624426,0.9261205222978127,31375.189946492108,1.691384902775855,13265.433218955994,0.7151176937442584,37337.2253031654,2.0127884260466526,86728.2454116452,4.675377111139903,7159.800364494324,0.3859730654713921,7333.458364944493,0.3953346827463339,7470.9677715871,0.40274758876480327
