loss,layer_idx,accuracy_score,f1_macro,f1_micro,balanced_accuracy_score,aic_rep,aic_rep_avg,bic_rep,bic_rep_avg,ebic_rep,ebic_rep_avg,aic_cls,aic_cls_avg,bic_cls,bic_cls_avg,ebic_cls,ebic_cls_avg,aic_pr,aic_pr_avg,bic_pr,bic_pr_avg,ebic_pr,ebic_pr_avg
15729.407821655273,1,0.6080323450134771,0.6053375797380175,0.6080323450134771,0.608018152549327,32994.81564331055,1.7786962610949082,39006.89249556187,2.1027974391138473,49211.7535256767,2.6529247183653206,36072.81564331055,1.9446261802323745,54132.53087526863,2.9181957345158294,89861.97770848233,4.844311466764546,31501.158710479736,1.698175671723975,31666.89424041542,1.707110201639645,31796.153126395337,1.714078335654735
