loss,layer_idx,accuracy_score,f1_macro,f1_micro,balanced_accuracy_score,aic,aic_avg,bic,bic_avg,ebic,ebic_avg
5176.117036819458,16,0.8950404312668464,0.8953019277121276,0.8950404312668464,0.8950365574692848,12400.234073638916,0.6684762303848473,20416.33654330735,1.1006111344100997,34611.99080117503,1.8658755148881419
