loss,layer_idx,accuracy_score,f1_macro,f1_micro,balanced_accuracy_score,aic_rep,aic_rep_avg,bic_rep,bic_rep_avg,ebic_rep,ebic_rep_avg,aic_cls,aic_cls_avg,bic_cls,bic_cls_avg,ebic_cls,ebic_cls_avg,aic_pr,aic_pr_avg,bic_pr,bic_pr_avg,ebic_pr,ebic_pr_avg
3020.309533596039,4,0.9411859838274933,0.9412785294220337,0.9411859838274933,0.9411837793904013,8088.619067192078,0.43604415456561063,16104.721536860512,0.8681790585908632,30300.375794728192,1.6334434390689052,12190.619067192078,0.6571762300373087,36262.41115140149,1.954846962339703,85653.43125988128,4.617435647432953,6088.845931053162,0.32823967283305455,6277.6113033682,0.3384157036856173,6431.106273532596,0.3466903651500052
