loss,layer_idx,accuracy_score,f1_macro,f1_micro,balanced_accuracy_score,aic,aic_avg,bic,bic_avg,ebic,ebic_avg
8899.313831329346,8,0.8011320754716981,0.8011683635609542,0.8011320754716981,0.801124671091593,22412.62766265869,1.2082279063427865,40472.34289461678,2.181797460626241,76201.78972783047,4.107913192874958
