loss,layer_idx,accuracy_score,f1_macro,f1_micro,balanced_accuracy_score,aic,aic_avg,bic,bic_avg,ebic,ebic_avg
7795.504224777222,22,0.8302425876010782,0.8306676775210055,0.8302425876010782,0.8302364220345648,17639.008449554443,0.9508899433722072,25655.110919222876,1.3830248473974596,39850.76517709056,2.1482892278755017
