loss,layer_idx,accuracy_score,f1_macro,f1_micro,balanced_accuracy_score,aic,aic_avg,bic,bic_avg,ebic,ebic_avg
8591.478494644165,7,0.8088409703504044,0.8086071084112879,0.8088409703504044,0.8088332755071163,21796.95698928833,1.1750381126300986,39856.672221246416,2.1486076669135534,75586.11905446011,4.07472339916227
