loss,layer_idx,accuracy_score,f1_macro,f1_micro,balanced_accuracy_score,aic,aic_avg,bic,bic_avg,ebic,ebic_avg
15161.133144378662,36,0.6340700808625337,0.6234788915545697,0.6340700808625337,0.6340453386837582,33394.266288757324,1.8002299886122546,45418.41999325997,2.4484323446501333,67957.49019216977,3.663476560224786
