loss,layer_idx,accuracy_score,f1_macro,f1_micro,balanced_accuracy_score,aic_rep,aic_rep_avg,bic_rep,bic_rep_avg,ebic_rep,ebic_rep_avg,aic_cls,aic_cls_avg,bic_cls,bic_cls_avg,ebic_cls,ebic_cls_avg,aic_pr,aic_pr_avg,bic_pr,bic_pr_avg,ebic_pr,ebic_pr_avg
20284.965114593506,10,0.40161725067385445,0.4016210514389762,0.40161725067385445,0.4016143070849741,43641.93022918701,2.3526647023820493,55666.08393368966,3.000867058419928,78205.15413259946,4.21591127399458,49791.93022918701,2.684201090522211,85887.87601789908,4.630074178862484,163686.51271490933,8.82407076630239,40661.15547180176,2.191976036215728,41018.221337338946,2.2112248699374093,41366.7185923769,2.230011783955628
