loss,layer_idx,accuracy_score,f1_macro,f1_micro,balanced_accuracy_score,aic_rep,aic_rep_avg,bic_rep,bic_rep_avg,ebic_rep,ebic_rep_avg,aic_cls,aic_cls_avg,bic_cls,bic_cls_avg,ebic_cls,ebic_cls_avg,aic_pr,aic_pr_avg,bic_pr,bic_pr_avg,ebic_pr,ebic_pr_avg
17827.13214492798,18,0.5225336927223719,0.5169702148836711,0.5225336927223719,0.5225156734159419,38726.26428985596,2.087669233954499,50750.417994358606,2.7358715899923776,73289.48819326841,3.95091580556703,44876.26428985596,2.419205622094661,80972.21007856802,4.365078710434934,158770.84677557828,8.55907529787484,35739.06265258789,1.9266341052608027,36070.97298702114,1.9445268456615168,36388.72338806884,1.9616562473352477
