loss,layer_idx,accuracy_score,f1_macro,f1_micro,balanced_accuracy_score,aic,aic_avg,bic,bic_avg,ebic,ebic_avg
21206.29446029663,10,0.3630727762803235,0.3629213574708547,0.3630727762803235,0.36307337763281927,54706.58892059326,2.9491422598702566,102826.68841380798,5.543217704248408,210076.09517114275,11.324856882541388
