loss,layer_idx,accuracy_score,f1_macro,f1_micro,balanced_accuracy_score,aic_rep,aic_rep_avg,bic_rep,bic_rep_avg,ebic_rep,ebic_rep_avg,aic_cls,aic_cls_avg,bic_cls,bic_cls_avg,ebic_cls,ebic_cls_avg,aic_pr,aic_pr_avg,bic_pr,bic_pr_avg,ebic_pr,ebic_pr_avg
19984.076545715332,16,0.4197304582210243,0.4188931039552946,0.4197304582210243,0.4197236262576505,44064.153091430664,2.375426042664726,60096.35803076753,3.2396958507152305,91326.79739807642,4.923277487766923,52262.153091430664,2.817366743473351,100382.25258464538,5.411442187851503,207631.65934198015,11.193081366144483,40060.73043060303,2.1596081094664705,40423.08855422359,2.1791422401198703,40778.113140381196,2.1982810318264794
