loss,layer_idx,accuracy_score,f1_macro,f1_micro,balanced_accuracy_score,aic,aic_avg,bic,bic_avg,ebic,ebic_avg
13656.04836654663,44,0.6598382749326146,0.6540855464229378,0.6598382749326146,0.659817660475425,39606.09673309326,2.13509955434465,87726.19622630798,4.729174998722802,194975.60298364275,10.510814177015781
