loss,layer_idx,accuracy_score,f1_macro,f1_micro,balanced_accuracy_score,aic,aic_avg,bic,bic_avg,ebic,ebic_avg
13292.640274047852,31,0.6692722371967655,0.6570003708039432,0.6692722371967655,0.6692449904987828,38879.2805480957,2.0959180888461297,86999.38004131042,4.689993533224281,194248.7867986452,10.47163271151726
