loss,layer_idx,accuracy_score,f1_macro,f1_micro,balanced_accuracy_score,aic,aic_avg,bic,bic_avg,ebic,ebic_avg
14657.200649261475,28,0.6336388140161725,0.6174778929856005,0.6336388140161725,0.6336088518894106,38536.40129852295,2.077434032265388,74632.34708723502,4.023307120605661,152430.98378424527,8.217303708045566
