loss,layer_idx,accuracy_score,f1_macro,f1_micro,balanced_accuracy_score,aic_rep,aic_rep_avg,bic_rep,bic_rep_avg,ebic_rep,ebic_rep_avg,aic_cls,aic_cls_avg,bic_cls,bic_cls_avg,ebic_cls,ebic_cls_avg,aic_pr,aic_pr_avg,bic_pr,bic_pr_avg,ebic_pr,ebic_pr_avg
15211.530769348145,27,0.6169272237196766,0.6114292345605329,0.6169272237196766,0.6169070849183228,34519.06153869629,1.860865851142657,50551.266478033154,2.725135659193162,81781.70584534205,4.408717296244855,42717.06153869629,2.3028065519512824,90837.161031911,4.8968819963294345,198086.56778924578,10.678521174622414,30484.005546569824,1.6433426170657588,30722.547251660908,1.6562020081757902,30930.781247668034,1.667427560521188
