loss,layer_idx,accuracy_score,f1_macro,f1_micro,balanced_accuracy_score,aic_rep,aic_rep_avg,bic_rep,bic_rep_avg,ebic_rep,ebic_rep_avg,aic_cls,aic_cls_avg,bic_cls,bic_cls_avg,ebic_cls,ebic_cls_avg,aic_pr,aic_pr_avg,bic_pr,bic_pr_avg,ebic_pr,ebic_pr_avg
15563.23422241211,37,0.6159029649595688,0.6047312176880855,0.6159029649595688,0.6158779142774115,34198.46844482422,1.843583204572734,46222.62214932687,2.4917855606106127,68761.69234823667,3.7068297761852653,40348.46844482422,2.1751195927128957,76444.41423353628,4.120992681053169,154243.05093054654,8.314989268493076,31166.92332458496,1.6801575916218308,31325.268276518666,1.6886937076290385,31446.917719117384,1.6952516290629318
