loss,layer_idx,accuracy_score,f1_macro,f1_micro,balanced_accuracy_score,aic,aic_avg,bic,bic_avg,ebic,ebic_avg
17645.895957946777,21,0.5342857142857143,0.5303933792966622,0.5342857142857143,0.5342681719061125,47585.791915893555,2.565271801395879,95705.89140910827,5.159347245774031,202955.29816644304,10.94098642406701
