loss,layer_idx,accuracy_score,f1_macro,f1_micro,balanced_accuracy_score,aic_rep,aic_rep_avg,bic_rep,bic_rep_avg,ebic_rep,ebic_rep_avg,aic_cls,aic_cls_avg,bic_cls,bic_cls_avg,ebic_cls,ebic_cls_avg,aic_pr,aic_pr_avg,bic_pr,bic_pr_avg,ebic_pr,ebic_pr_avg
10321.67119216919,15,0.7610242587601078,0.759090282653896,0.7610242587601078,0.7610103139928702,22691.34238433838,1.223252958724441,30707.44485400681,1.6553878627496934,44903.09911187449,2.4206522432277353,26793.34238433838,1.444385034196139,50865.13446854779,2.742055766498533,100256.15457702758,5.404644451591784,20685.034103393555,1.115096178080515,20848.220183512167,1.1238932713483647,20974.844412750026,1.1307193753504057
