loss,layer_idx,accuracy_score,f1_macro,f1_micro,balanced_accuracy_score,aic,aic_avg,bic,bic_avg,ebic,ebic_avg
10691.260103225708,7,0.7528840970350404,0.7512955704973537,0.7528840970350404,0.7528708205561111,27532.520206451416,1.4842328952264914,51604.312290660826,2.7819036275288855,100995.33239914062,5.444492312622136
