loss,layer_idx,accuracy_score,f1_macro,f1_micro,balanced_accuracy_score,aic,aic_avg,bic,bic_avg,ebic,ebic_avg
13768.188953399658,30,0.6649595687331536,0.652426511936779,0.6649595687331536,0.6649325428231386,36758.37790679932,1.9815837146522544,72854.32369551138,3.9274568029925274,150652.96039252164,8.121453390432434
