loss,layer_idx,accuracy_score,f1_macro,f1_micro,balanced_accuracy_score,aic,aic_avg,bic,bic_avg,ebic,ebic_avg
21250.881786346436,9,0.35962264150943396,0.3594666482164334,0.35962264150943396,0.35962378918946897,46597.76357269287,2.512008817934926,62629.968512029736,3.3762786259854307,93860.40787933863,5.059860263037123
