loss,layer_idx,accuracy_score,f1_macro,f1_micro,balanced_accuracy_score,aic_rep,aic_rep_avg,bic_rep,bic_rep_avg,ebic_rep,ebic_rep_avg,aic_cls,aic_cls_avg,bic_cls,bic_cls_avg,ebic_cls,ebic_cls_avg,aic_pr,aic_pr_avg,bic_pr,bic_pr_avg,ebic_pr,ebic_pr_avg
15657.351051330566,38,0.6115902964959569,0.6011151405471273,0.6115902964959569,0.6115656758643135,34386.70210266113,1.8537305715720287,46410.85580716378,2.501932927609907,68949.92600607358,3.7169771431845597,40536.70210266113,2.1852669597121905,76632.6478913732,4.131140048052464,154431.28458838345,8.325136635492369,31356.84531402588,1.690395973801934,31521.798585852393,1.6992883334691318,31650.24799344472,1.7062128298352948
