loss,layer_idx,accuracy_score,f1_macro,f1_micro,balanced_accuracy_score,aic,aic_avg,bic,bic_avg,ebic,ebic_avg
18576.9549407959,11,0.49223719676549865,0.4857045189347576,0.49223719676549865,0.4922198626707565,46375.9098815918,2.500049050220582,82471.85567030386,4.445922138560855,160270.49236731412,8.639918726000761
