loss,layer_idx,accuracy_score,f1_macro,f1_micro,balanced_accuracy_score,aic_rep,aic_rep_avg,bic_rep,bic_rep_avg,ebic_rep,ebic_rep_avg,aic_cls,aic_cls_avg,bic_cls,bic_cls_avg,ebic_cls,ebic_cls_avg,aic_pr,aic_pr_avg,bic_pr,bic_pr_avg,ebic_pr,ebic_pr_avg
20380.961101531982,2,0.3493800539083558,0.339935862104822,0.3493800539083558,0.3493837880678217,44857.922203063965,2.4182168303538525,60890.12714240083,3.2824866384043574,92120.56650970972,4.96606827545605,53055.922203063965,2.860157531162478,101176.02169627868,5.45423297554063,208425.42845361345,11.23587215383361,40770.18603515625,2.1978536946175877,40802.53160392768,2.1995973910473143,40814.25584320337,2.2002294255096158
