loss,layer_idx,accuracy_score,f1_macro,f1_micro,balanced_accuracy_score,aic,aic_avg,bic,bic_avg,ebic,ebic_avg
16460.00047302246,23,0.5721832884097034,0.5677529966954397,0.5721832884097034,0.572164607592966,45214.00094604492,2.4374124499215593,93334.10043925964,5.031487894299711,200583.5071965944,10.81312707259269
