loss,layer_idx,accuracy_score,f1_macro,f1_micro,balanced_accuracy_score,aic_rep,aic_rep_avg,bic_rep,bic_rep_avg,ebic_rep,ebic_rep_avg,aic_cls,aic_cls_avg,bic_cls,bic_cls_avg,ebic_cls,ebic_cls_avg,aic_pr,aic_pr_avg,bic_pr,bic_pr_avg,ebic_pr,ebic_pr_avg
20336.26234436035,17,0.41881401617250674,0.41856746115379445,0.41881401617250674,0.41880775384697805,44768.5246887207,2.4133975573434343,60800.72962805757,3.277667365393939,92031.16899536646,4.961249002445632,52966.5246887207,2.8553382581520594,101086.62418193542,5.449413702530212,208336.0309392702,11.23105288082319,40761.23011016846,2.197370895426871,41108.43311209244,2.2160880383877326,41444.81949276487,2.2342220750816644
