loss,layer_idx,accuracy_score,f1_macro,f1_micro,balanced_accuracy_score,aic_rep,aic_rep_avg,bic_rep,bic_rep_avg,ebic_rep,ebic_rep_avg,aic_cls,aic_cls_avg,bic_cls,bic_cls_avg,ebic_cls,ebic_cls_avg,aic_pr,aic_pr_avg,bic_pr,bic_pr_avg,ebic_pr,ebic_pr_avg
19125.050144195557,19,0.46824797843665766,0.4666214558764567,0.46824797843665766,0.4682371018588234,42346.10028839111,2.282808640883618,58378.30522772798,3.147078448934123,89608.74459503687,4.830660085985815,50544.10028839111,2.7247493416922435,98664.19978160583,5.318824786070395,205913.6065389406,11.100463964363374,38332.95050048828,2.0664663342581284,38657.23555410384,2.083948008307485,38965.760398874285,2.100580075411013
