loss,layer_idx,accuracy_score,f1_macro,f1_micro,balanced_accuracy_score,aic,aic_avg,bic,bic_avg,ebic,ebic_avg
17203.550449371338,46,0.5463072776280323,0.5361291790737296,0.5463072776280323,0.5462834169616222,37479.100898742676,2.020436706131681,49503.254603245325,2.6686390621695595,72042.32480215513,3.8836832777442116
