loss,layer_idx,accuracy_score,f1_macro,f1_micro,balanced_accuracy_score,aic,aic_avg,bic,bic_avg,ebic,ebic_avg
21272.00926208496,8,0.35962264150943396,0.3595610898517534,0.35962264150943396,0.3596236845581959,54838.01852416992,2.9562274137018827,102958.11801738464,5.550302858080034,210207.5247747194,11.331942036373015
