loss,layer_idx,accuracy_score,f1_macro,f1_micro,balanced_accuracy_score,aic_rep,aic_rep_avg,bic_rep,bic_rep_avg,ebic_rep,ebic_rep_avg,aic_cls,aic_cls_avg,bic_cls,bic_cls_avg,ebic_cls,ebic_cls_avg,aic_pr,aic_pr_avg,bic_pr,bic_pr_avg,ebic_pr,ebic_pr_avg
20459.300247192383,8,0.3973584905660377,0.3970615875829469,0.3973584905660377,0.39735525623570994,43990.600494384766,2.3714609430935183,56014.754198887415,3.019663299131397,78553.82439779722,4.23470751470605,50140.600494384766,2.70299733123368,86236.54628309683,4.648870419573953,164035.18298010709,8.84286700701386,41020.836585998535,2.2113658536926435,41421.00015361298,2.2329380136718586,41823.21100394714,2.2546205392963414
