loss,layer_idx,accuracy_score,f1_macro,f1_micro,balanced_accuracy_score,aic_rep,aic_rep_avg,bic_rep,bic_rep_avg,ebic_rep,ebic_rep_avg,aic_cls,aic_cls_avg,bic_cls,bic_cls_avg,ebic_cls,ebic_cls_avg,aic_pr,aic_pr_avg,bic_pr,bic_pr_avg,ebic_pr,ebic_pr_avg
18576.9549407959,11,0.49223719676549865,0.4857045189347576,0.49223719676549865,0.4922198626707565,40225.9098815918,2.1685126620804205,52250.063586094446,2.816715018118299,74789.13378500425,4.031759233692951,46375.9098815918,2.500049050220582,82471.85567030386,4.445922138560855,160270.49236731412,8.639918726000761,37210.69576263428,2.005967426557104,37432.96209137789,2.017949438888296,37622.97563475224,2.028192756590417
