loss,layer_idx,accuracy_score,f1_macro,f1_micro,balanced_accuracy_score,aic_rep,aic_rep_avg,bic_rep,bic_rep_avg,ebic_rep,ebic_rep_avg,aic_cls,aic_cls_avg,bic_cls,bic_cls_avg,ebic_cls,ebic_cls_avg,aic_pr,aic_pr_avg,bic_pr,bic_pr_avg,ebic_pr,ebic_pr_avg
20006.944038391113,0,0.4344474393530997,0.4322341688880045,0.4344474393530997,0.4344395788577306,44109.88807678223,2.3778915405273438,60142.09301611909,3.2421613485778487,91372.53238342798,4.925742985629541,52307.88807678223,2.819832241335969,100427.98756999694,5.413907685714121,207677.3943273317,11.1955468640071,40042.17153930664,2.1586076301513013,40152.87619447887,2.164575536090505,40227.80276655343,2.1686147043964112
