loss,layer_idx,accuracy_score,f1_macro,f1_micro,balanced_accuracy_score,aic_rep,aic_rep_avg,bic_rep,bic_rep_avg,ebic_rep,ebic_rep_avg,aic_cls,aic_cls_avg,bic_cls,bic_cls_avg,ebic_cls,ebic_cls_avg,aic_pr,aic_pr_avg,bic_pr,bic_pr_avg,ebic_pr,ebic_pr_avg
16878.052158355713,45,0.5645822102425876,0.5546923052960602,0.5645822102425876,0.5645583674396407,36828.104316711426,1.9853425507661147,48852.258021214075,2.6335449068039933,71391.32822012388,3.8485891223786455,42978.104316711426,2.3168789389062763,79074.05010542349,4.26275202724655,156872.68680243375,8.456748614686456,33804.606788635254,1.8223507702768331,33994.450921923155,1.8325849553597389,34149.09947744776,1.8409218047141649
