loss,layer_idx,accuracy_score,f1_macro,f1_micro,balanced_accuracy_score,aic,aic_avg,bic,bic_avg,ebic,ebic_avg
20977.559059143066,14,0.3728301886792453,0.37272096140943245,0.3728301886792453,0.3728299125184901,54249.11811828613,2.924480761093592,102369.21761150085,5.518556205471744,209618.62436883562,11.300195383764724
