loss,layer_idx,accuracy_score,f1_macro,f1_micro,balanced_accuracy_score,aic,aic_avg,bic,bic_avg,ebic,ebic_avg
16855.10737991333,22,0.5619946091644205,0.5552465296840164,0.5619946091644205,0.5619739052395016,42932.21475982666,2.3144051083464507,79028.16054853873,4.260278196686723,156826.79724554898,8.45427478412663
