loss,layer_idx,accuracy_score,f1_macro,f1_micro,balanced_accuracy_score,aic_rep,aic_rep_avg,bic_rep,bic_rep_avg,ebic_rep,ebic_rep_avg,aic_cls,aic_cls_avg,bic_cls,bic_cls_avg,ebic_cls,ebic_cls_avg,aic_pr,aic_pr_avg,bic_pr,bic_pr_avg,ebic_pr,ebic_pr_avg
19642.244594573975,14,0.4364420485175202,0.4343364527764244,0.4364420485175202,0.4364315315967611,42356.48918914795,2.283368689441938,54380.6428936506,2.9315710454798167,76919.7130925604,4.146615261054469,48506.48918914795,2.6149050775820997,84602.43497786002,4.560778165922373,162401.07167487027,8.754774753362279,39370.54755401611,2.122401485391704,39707.38967860367,2.140560090490764,40031.13079032434,2.158012441526919
