loss,layer_idx,accuracy_score,f1_macro,f1_micro,balanced_accuracy_score,aic,aic_avg,bic,bic_avg,ebic,ebic_avg
15395.888614654541,26,0.6046361185983827,0.597622551335902,0.6046361185983827,0.6046142705337827,43085.77722930908,2.3226834085880905,91205.8767225238,4.916758852966242,198455.28347985857,10.698398031259222
