loss,layer_idx,accuracy_score,f1_macro,f1_micro,balanced_accuracy_score,aic_rep,aic_rep_avg,bic_rep,bic_rep_avg,ebic_rep,ebic_rep_avg,aic_cls,aic_cls_avg,bic_cls,bic_cls_avg,ebic_cls,ebic_cls_avg,aic_pr,aic_pr_avg,bic_pr,bic_pr_avg,ebic_pr,ebic_pr_avg
13292.640274047852,31,0.6692722371967655,0.6570003708039432,0.6692722371967655,0.6692449904987828,30681.280548095703,1.6539773880375042,46713.48548743257,2.518247196088009,77943.92485474146,4.201828833139701,38879.2805480957,2.0959180888461297,86999.38004131042,4.689993533224281,194248.7867986452,10.47163271151726,26640.673336029053,1.4361548968209732,26857.486941573166,1.4478429618098743,27041.46312864442,1.457760815560346
