loss,layer_idx,accuracy_score,f1_macro,f1_micro,balanced_accuracy_score,aic_rep,aic_rep_avg,bic_rep,bic_rep_avg,ebic_rep,ebic_rep_avg,aic_cls,aic_cls_avg,bic_cls,bic_cls_avg,ebic_cls,ebic_cls_avg,aic_pr,aic_pr_avg,bic_pr,bic_pr_avg,ebic_pr,ebic_pr_avg
20636.81265258789,12,0.3870080862533693,0.3870584380805202,0.3870080862533693,0.3870078511122095,45369.62530517578,2.4458019032439773,61401.83024451265,3.310071711294482,92632.26961182154,4.993653348346174,53567.62530517578,2.887742604052603,101687.7247983905,5.481818048430754,208937.13155572527,11.263457226723734,41351.83069610596,2.229209201946413,41657.93539697352,2.2457108030713484,41944.651323903374,2.2611671872724193
