loss,layer_idx,accuracy_score,f1_macro,f1_micro,balanced_accuracy_score,aic_rep,aic_rep_avg,bic_rep,bic_rep_avg,ebic_rep,ebic_rep_avg,aic_cls,aic_cls_avg,bic_cls,bic_cls_avg,ebic_cls,ebic_cls_avg,aic_pr,aic_pr_avg,bic_pr,bic_pr_avg,ebic_pr,ebic_pr_avg
14317.684356689453,46,0.6410781671159029,0.6340809243519056,0.6410781671159029,0.6410561048232366,32731.368713378906,1.7644942702630138,48763.57365271577,2.6287640783135187,79994.01302002466,4.312345715365211,40929.368713378906,2.2064349710716393,89049.46820659362,4.800510415449791,196298.8749639284,10.58214959374277,28686.26322555542,1.5464292843965186,28885.47007357823,1.5571681980365624,29050.19566029084,1.5660482835736302
