loss,layer_idx,accuracy_score,f1_macro,f1_micro,balanced_accuracy_score,aic,aic_avg,bic,bic_avg,ebic,ebic_avg
15657.351051330566,38,0.6115902964959569,0.6011151405471273,0.6115902964959569,0.6115656758643135,40536.70210266113,2.1852669597121905,76632.6478913732,4.131140048052464,154431.28458838345,8.325136635492369
