loss,layer_idx,accuracy_score,f1_macro,f1_micro,balanced_accuracy_score,aic_rep,aic_rep_avg,bic_rep,bic_rep_avg,ebic_rep,ebic_rep_avg,aic_cls,aic_cls_avg,bic_cls,bic_cls_avg,ebic_cls,ebic_cls_avg,aic_pr,aic_pr_avg,bic_pr,bic_pr_avg,ebic_pr,ebic_pr_avg
20125.774883270264,15,0.41536388140161723,0.4150853398064754,0.41536388140161723,0.4153590896465402,44347.54976654053,2.3907034914577103,60379.75470587739,3.2549732995082152,91610.19407318629,4.938554936559908,52545.54976654053,2.832644192266336,100665.64925975524,5.426719636644488,207915.05601709,11.208358814937467,40341.87073516846,2.17476392103334,40695.39717055966,2.1938219498953995,41039.54014726967,2.212374131928284
