loss,layer_idx,accuracy_score,f1_macro,f1_micro,balanced_accuracy_score,aic,aic_avg,bic,bic_avg,ebic,ebic_avg
13632.64807510376,31,0.669433962264151,0.6575618678845513,0.669433962264151,0.6694075177430224,36487.29615020752,1.96697014286833,72583.24193891959,3.912843231208603,150381.87863592984,8.106839818648508
