loss,layer_idx,accuracy_score,f1_macro,f1_micro,balanced_accuracy_score,aic_rep,aic_rep_avg,bic_rep,bic_rep_avg,ebic_rep,ebic_rep_avg,aic_cls,aic_cls_avg,bic_cls,bic_cls_avg,ebic_cls,ebic_cls_avg,aic_pr,aic_pr_avg,bic_pr,bic_pr_avg,ebic_pr,ebic_pr_avg
12982.552352905273,36,0.6813477088948787,0.6764467805500423,0.6813477088948787,0.6813284377058184,30061.104705810547,1.6205447280760403,46093.30964514741,2.484814536126545,77323.7490124563,4.1683961731782375,38259.10470581055,2.0624854288846657,86379.20419902526,4.656560873262817,193628.61095636003,10.438200051555796,26019.097442626953,1.4026467624057657,26230.43109054597,1.4140394118892707,26408.375085955064,1.4236320801053943
