loss,layer_idx,accuracy_score,f1_macro,f1_micro,balanced_accuracy_score,aic,aic_avg,bic,bic_avg,ebic,ebic_avg
15139.236862182617,27,0.6191374663072776,0.6029364839113209,0.6191374663072776,0.6191076201003093,39500.473724365234,2.1294055916099857,75596.4195130773,4.075278679950259,153395.05621008755,8.269275267390165
