loss,layer_idx,accuracy_score,f1_macro,f1_micro,balanced_accuracy_score,aic_rep,aic_rep_avg,bic_rep,bic_rep_avg,ebic_rep,ebic_rep_avg,aic_cls,aic_cls_avg,bic_cls,bic_cls_avg,ebic_cls,ebic_cls_avg,aic_pr,aic_pr_avg,bic_pr,bic_pr_avg,ebic_pr,ebic_pr_avg
21272.00926208496,8,0.35962264150943396,0.3595610898517534,0.35962264150943396,0.3596236845581959,46640.01852416992,2.514286712893257,62672.22346350679,3.378556520943762,93902.66283081568,5.062138157995454,54838.01852416992,2.9562274137018827,102958.11801738464,5.550302858080034,210207.5247747194,11.331942036373015,42639.7043838501,2.2986363549245334,43014.229606552544,2.318826393884234,43384.33516883725,2.3387781762176414
