loss,layer_idx,accuracy_score,f1_macro,f1_micro,balanced_accuracy_score,aic,aic_avg,bic,bic_avg,ebic,ebic_avg
10804.736738204956,48,0.7415633423180593,0.7408284827818258,0.7415633423180593,0.7415511642042744,25705.473476409912,1.385739810049052,41737.67841574678,2.250009618099557,72968.11778305567,3.933591255151249
