loss,layer_idx,accuracy_score,f1_macro,f1_micro,balanced_accuracy_score,aic_rep,aic_rep_avg,bic_rep,bic_rep_avg,ebic_rep,ebic_rep_avg,aic_cls,aic_cls_avg,bic_cls,bic_cls_avg,ebic_cls,ebic_cls_avg,aic_pr,aic_pr_avg,bic_pr,bic_pr_avg,ebic_pr,ebic_pr_avg
14015.675079345703,30,0.6488948787061994,0.6368092301520776,0.6488948787061994,0.6488676315344148,32127.350158691406,1.731932623110049,48159.55509802827,2.596202431160554,79389.99446533716,4.279784068212246,40325.350158691406,2.173873323918674,88445.44965190612,4.767948768296826,195694.8564092409,10.549587946589806,28086.333114624023,1.5140880385242061,28301.542591597226,1.5256896275793652,28483.749298030914,1.5355120915380547
