loss,layer_idx,accuracy_score,f1_macro,f1_micro,balanced_accuracy_score,aic,aic_avg,bic,bic_avg,ebic,ebic_avg
21260.852394104004,3,0.3546091644204852,0.35382190774083994,0.3546091644204852,0.354611358296681,46617.70478820801,2.5130838160759033,62649.90972754487,3.377353624126408,93880.34909485377,5.0609352611781
