loss,layer_idx,accuracy_score,f1_macro,f1_micro,balanced_accuracy_score,aic,aic_avg,bic,bic_avg,ebic,ebic_avg
14871.971012115479,35,0.6383827493261456,0.6268007479922121,0.6383827493261456,0.6383567400466711,32815.94202423096,1.7690534783951999,44840.095728733606,2.4172558344330786,67379.16592764341,3.6323000500077307
