loss,layer_idx,accuracy_score,f1_macro,f1_micro,balanced_accuracy_score,aic_rep,aic_rep_avg,bic_rep,bic_rep_avg,ebic_rep,ebic_rep_avg,aic_cls,aic_cls_avg,bic_cls,bic_cls_avg,ebic_cls,ebic_cls_avg,aic_pr,aic_pr_avg,bic_pr,bic_pr_avg,ebic_pr,ebic_pr_avg
14491.346809387207,24,0.6357412398921833,0.6309119331504823,0.6357412398921833,0.635722403606347,31030.693618774414,1.6728136721711275,39046.79608844285,2.1049485761963798,53242.45034631053,2.870212956674422,35132.693618774414,1.8939457476428256,59204.485702983824,3.19161647994522,108595.50581146362,5.85420516503847,29010.345462799072,1.5639000249487371,29118.577892084693,1.5697346572552395,29191.20671002472,1.5736499574137315
