loss,layer_idx,accuracy_score,f1_macro,f1_micro,balanced_accuracy_score,aic_rep,aic_rep_avg,bic_rep,bic_rep_avg,ebic_rep,ebic_rep_avg,aic_cls,aic_cls_avg,bic_cls,bic_cls_avg,ebic_cls,ebic_cls_avg,aic_pr,aic_pr_avg,bic_pr,bic_pr_avg,ebic_pr,ebic_pr_avg
13081.269222259521,33,0.6745013477088949,0.6613027080036699,0.6745013477088949,0.6744730315683712,30258.538444519043,1.631188056308304,46290.74338385591,2.495457864358809,77521.1827511648,4.179039501410501,38456.53844451904,2.0731287571169297,86576.63793773376,4.667204201495081,193826.04469506853,10.44884337978806,26222.395820617676,1.4136062436990662,26456.684326658753,1.4262363518414423,26660.12862639418,1.4372036995360744
