loss,layer_idx,accuracy_score,f1_macro,f1_micro,balanced_accuracy_score,aic,aic_avg,bic,bic_avg,ebic,ebic_avg
16485.407676696777,47,0.5705121293800539,0.563195449025509,0.5705121293800539,0.5704903502762056,42192.815353393555,2.2745453020697335,78288.76114210562,4.220418390410006,156087.39783911587,8.414414977849912
