loss,layer_idx,accuracy_score,f1_macro,f1_micro,balanced_accuracy_score,aic_rep,aic_rep_avg,bic_rep,bic_rep_avg,ebic_rep,ebic_rep_avg,aic_cls,aic_cls_avg,bic_cls,bic_cls_avg,ebic_cls,ebic_cls_avg,aic_pr,aic_pr_avg,bic_pr,bic_pr_avg,ebic_pr,ebic_pr_avg
13296.265151977539,34,0.6798921832884097,0.6775463130401166,0.6798921832884097,0.6798760510036997,30688.530303955078,1.6543682104557993,46720.73524329194,2.518638018506304,77951.17461060084,4.202219655557997,38886.53030395508,2.096308911264425,87006.6297971698,4.690384355642577,194256.03655450456,10.472023533935555,26640.95436859131,1.4361700468243292,26830.491606932064,1.4463876877052326,26984.811817663493,1.4547068365317246
