loss,layer_idx,accuracy_score,f1_macro,f1_micro,balanced_accuracy_score,aic,aic_avg,bic,bic_avg,ebic,ebic_avg
20336.26234436035,17,0.41881401617250674,0.41856746115379445,0.41881401617250674,0.41880775384697805,52966.5246887207,2.8553382581520594,101086.62418193542,5.449413702530212,208336.0309392702,11.23105288082319
