loss,layer_idx,accuracy_score,f1_macro,f1_micro,balanced_accuracy_score,aic,aic_avg,bic,bic_avg,ebic,ebic_avg
21250.881786346436,9,0.35962264150943396,0.3594666482164334,0.35962264150943396,0.35962378918946897,54795.76357269287,2.953949518743551,102915.86306590759,5.548024963121703,210165.26982324236,11.329664141414682
