loss,layer_idx,accuracy_score,f1_macro,f1_micro,balanced_accuracy_score,aic_rep,aic_rep_avg,bic_rep,bic_rep_avg,ebic_rep,ebic_rep_avg,aic_cls,aic_cls_avg,bic_cls,bic_cls_avg,ebic_cls,ebic_cls_avg,aic_pr,aic_pr_avg,bic_pr,bic_pr_avg,ebic_pr,ebic_pr_avg
13000.066097259521,35,0.6810242587601079,0.6766199767301276,0.6810242587601079,0.68100559791262,30096.132194519043,1.6224330023999485,46128.33713385591,2.486702810450453,77358.7765011648,4.170284447502145,38294.13219451904,2.064373703208574,86414.23168773376,4.658449147586725,193663.63844506853,10.440088325879705,26046.354751586914,1.4041161591151976,26227.27504156062,1.4138692744776615,26372.428697928204,1.4216942694300918
