loss,layer_idx,accuracy_score,f1_macro,f1_micro,balanced_accuracy_score,aic,aic_avg,bic,bic_avg,ebic,ebic_avg
12389.833148956299,19,0.7060377358490566,0.7034004939302166,0.7060377358490566,0.7060222377727544,26827.666297912598,1.4462353799413799,34843.76876758103,1.8783702839666323,49039.42302544871,2.6436346644446744
