loss,layer_idx,accuracy_score,f1_macro,f1_micro,balanced_accuracy_score,aic,aic_avg,bic,bic_avg,ebic,ebic_avg
13432.85549545288,48,0.6659299191374664,0.6636272870396916,0.6659299191374664,0.6659135656398711,36087.71099090576,1.9454291639302297,72183.65677961783,3.8913022522705027,149982.29347662808,8.08529883971041
