loss,layer_idx,accuracy_score,f1_macro,f1_micro,balanced_accuracy_score,aic,aic_avg,bic,bic_avg,ebic,ebic_avg
16782.977142333984,22,0.5636657681940701,0.558897672822475,0.5636657681940701,0.563646488455892,45859.95428466797,2.4722347323271143,93980.05377788268,5.066310176705266,201229.46053521745,10.847949354998246
