loss,layer_idx,accuracy_score,f1_macro,f1_micro,balanced_accuracy_score,aic_rep,aic_rep_avg,bic_rep,bic_rep_avg,ebic_rep,ebic_rep_avg,aic_cls,aic_cls_avg,bic_cls,bic_cls_avg,ebic_cls,ebic_cls_avg,aic_pr,aic_pr_avg,bic_pr,bic_pr_avg,ebic_pr,ebic_pr_avg
10804.736738204956,48,0.7415633423180593,0.7408284827818258,0.7415633423180593,0.7415511642042744,25705.473476409912,1.385739810049052,41737.67841574678,2.250009618099557,72968.11778305567,3.933591255151249,33903.47347640991,1.8276805108576772,82023.57296962463,4.421755955235829,189272.9797269594,10.203395133528808,21650.14589691162,1.1671237680275806,21809.342327786202,1.1757057858644853,21931.864049783304,1.1823107304465392
