loss,layer_idx,accuracy_score,f1_macro,f1_micro,balanced_accuracy_score,aic,aic_avg,bic,bic_avg,ebic,ebic_avg
13878.037942886353,40,0.6615633423180592,0.6507448360137232,0.6615633423180592,0.6615376765356279,40050.075885772705,2.159033740472922,88170.17537898742,4.753109184851074,195419.5821363222,10.534748363144054
