loss,layer_idx,accuracy_score,f1_macro,f1_micro,balanced_accuracy_score,aic,aic_avg,bic,bic_avg,ebic,ebic_avg
14217.420906066895,23,0.6461994609164421,0.6427685051442179,0.6461994609164421,0.6461823745411744,30482.84181213379,1.64327988205573,38498.94428180222,2.0754147860809824,52694.5985396699,2.8406791665590245
