loss,layer_idx,accuracy_score,f1_macro,f1_micro,balanced_accuracy_score,aic,aic_avg,bic,bic_avg,ebic,ebic_avg
17827.13214492798,18,0.5225336927223719,0.5169702148836711,0.5225336927223719,0.5225156734159419,44876.26428985596,2.419205622094661,80972.21007856802,4.365078710434934,158770.84677557828,8.55907529787484
