loss,layer_idx,accuracy_score,f1_macro,f1_micro,balanced_accuracy_score,aic,aic_avg,bic,bic_avg,ebic,ebic_avg
12737.302501678467,4,0.6859838274932615,0.681871917668991,0.6859838274932615,0.6859652597666667,31624.605003356934,1.704830458401991,55696.39708756634,3.0025011907043853,105087.41719604614,5.665089875797635
