loss,layer_idx,accuracy_score,f1_macro,f1_micro,balanced_accuracy_score,aic,aic_avg,bic,bic_avg,ebic,ebic_avg
16974.526489257812,20,0.5546091644204851,0.5481458347074736,0.5546091644204851,0.5545888555975429,43171.052978515625,2.327280484017015,79266.99876722769,4.2731535723572875,157065.63546423794,8.467150159797194
