loss,layer_idx,accuracy_score,f1_macro,f1_micro,balanced_accuracy_score,aic,aic_avg,bic,bic_avg,ebic,ebic_avg
17203.550449371338,46,0.5463072776280323,0.5361291790737296,0.5463072776280323,0.5462834169616222,43629.100898742676,2.3519730942718424,79725.04668745474,4.2978461826121155,157523.683384465,8.49184277005202
