loss,layer_idx,accuracy_score,f1_macro,f1_micro,balanced_accuracy_score,aic,aic_avg,bic,bic_avg,ebic,ebic_avg
20006.944038391113,0,0.4344474393530997,0.4322341688880045,0.4344474393530997,0.4344395788577306,52307.88807678223,2.819832241335969,100427.98756999694,5.413907685714121,207677.3943273317,11.1955468640071
