loss,layer_idx,accuracy_score,f1_macro,f1_micro,balanced_accuracy_score,aic,aic_avg,bic,bic_avg,ebic,ebic_avg
16460.00047302246,23,0.5721832884097034,0.5677529966954397,0.5721832884097034,0.572164607592966,37016.00094604492,1.995471749112934,53048.20588538179,2.8597415571634386,84278.64525269068,4.543323194215131
