loss,layer_idx,accuracy_score,f1_macro,f1_micro,balanced_accuracy_score,aic_rep,aic_rep_avg,bic_rep,bic_rep_avg,ebic_rep,ebic_rep_avg,aic_cls,aic_cls_avg,bic_cls,bic_cls_avg,ebic_cls,ebic_cls_avg,aic_pr,aic_pr_avg,bic_pr,bic_pr_avg,ebic_pr,ebic_pr_avg
16492.718048095703,40,0.582911051212938,0.5718870909108383,0.582911051212938,0.5828864357273108,36057.436096191406,1.9437970941343077,48081.589800694055,2.591999450172186,70620.65999960386,3.8070436657468387,42207.436096191406,2.2753334822744695,78303.38188490347,4.221206570614743,156102.01858191373,8.415203158054648,33028.8623008728,1.78053166042441,33198.83735292108,1.7896947360065272,33332.499559086515,1.796900245772858
