loss,layer_idx,accuracy_score,f1_macro,f1_micro,balanced_accuracy_score,aic,aic_avg,bic,bic_avg,ebic,ebic_avg
20376.73003768921,0,0.3945013477088949,0.32709155985355437,0.3945013477088949,0.39446166093915075,41009.46007537842,2.2107525647104267,42011.47288408697,2.2647694277135835,43253.5926316504,2.331730061005412
