loss,layer_idx,accuracy_score,f1_macro,f1_micro,balanced_accuracy_score,aic,aic_avg,bic,bic_avg,ebic,ebic_avg
10188.99852180481,13,0.7686792452830189,0.7682106145561299,0.7686792452830189,0.7686681373638417,22425.99704360962,1.20894862768785,30442.09951327805,1.6410835317131025,44637.75377114573,2.4063479121911446
