loss,layer_idx,accuracy_score,f1_macro,f1_micro,balanced_accuracy_score,aic_rep,aic_rep_avg,bic_rep,bic_rep_avg,ebic_rep,ebic_rep_avg,aic_cls,aic_cls_avg,bic_cls,bic_cls_avg,ebic_cls,ebic_cls_avg,aic_pr,aic_pr_avg,bic_pr,bic_pr_avg,ebic_pr,ebic_pr_avg
15161.133144378662,36,0.6340700808625337,0.6234788915545697,0.6340700808625337,0.6340453386837582,33394.266288757324,1.8002299886122546,45418.41999325997,2.4484323446501333,67957.49019216977,3.663476560224786,39544.266288757324,2.131766376752416,75640.21207746939,4.077639465092689,153438.84877447964,8.271636052532596,30363.972888946533,1.6368718538515652,30527.217215498385,1.6456720870888617,30653.901526664333,1.652501430008859
