loss,layer_idx,accuracy_score,f1_macro,f1_micro,balanced_accuracy_score,aic_rep,aic_rep_avg,bic_rep,bic_rep_avg,ebic_rep,ebic_rep_avg,aic_cls,aic_cls_avg,bic_cls,bic_cls_avg,ebic_cls,ebic_cls_avg,aic_pr,aic_pr_avg,bic_pr,bic_pr_avg,ebic_pr,ebic_pr_avg
20274.361598968506,1,0.4142857142857143,0.41264750510652365,0.4142857142857143,0.4142822420221793,42596.72319793701,2.2963193098618335,50612.825667605444,2.728454213887086,64808.479925473126,3.493718594365128,46698.72319793701,2.5174513853335316,70770.51528214643,3.815122117635926,120161.53539062623,6.4777108027291765,40572.39462661743,2.1871910849928535,40665.04726231357,2.1921858362433193,40723.542239835726,2.1953392043038127
