loss,layer_idx,accuracy_score,f1_macro,f1_micro,balanced_accuracy_score,aic,aic_avg,bic,bic_avg,ebic,ebic_avg
10227.63501548767,11,0.7597304582210243,0.7590658813834525,0.7597304582210243,0.7597184665408022,22503.27003097534,1.2131142873841154,30519.372500643774,1.6452491914093679,44715.026758511456,2.4105135718874102
