loss,layer_idx,accuracy_score,f1_macro,f1_micro,balanced_accuracy_score,aic,aic_avg,bic,bic_avg,ebic,ebic_avg
13647.1426486969,22,0.6681940700808625,0.6636952961131753,0.6681940700808625,0.6681761994824518,33444.2852973938,1.8029264311263504,57516.07738160321,3.1005971634287444,106907.097490083,5.763185848521995
