loss,layer_idx,accuracy_score,f1_macro,f1_micro,balanced_accuracy_score,aic,aic_avg,bic,bic_avg,ebic,ebic_avg
10321.67119216919,15,0.7610242587601078,0.759090282653896,0.7610242587601078,0.7610103139928702,26793.34238433838,1.444385034196139,50865.13446854779,2.742055766498533,100256.15457702758,5.404644451591784
