loss,layer_idx,accuracy_score,f1_macro,f1_micro,balanced_accuracy_score,aic_rep,aic_rep_avg,bic_rep,bic_rep_avg,ebic_rep,ebic_rep_avg,aic_cls,aic_cls_avg,bic_cls,bic_cls_avg,ebic_cls,ebic_cls_avg,aic_pr,aic_pr_avg,bic_pr,bic_pr_avg,ebic_pr,ebic_pr_avg
10922.783847808838,5,0.7454986522911051,0.7433149382658665,0.7454986522911051,0.7454844804617838,23893.567695617676,1.2880629485508182,31909.67016528611,1.7201978525760706,46105.32442315379,2.4854622330541125,27995.567695617676,1.5091950240225163,52067.359779827086,2.8068657563249104,101458.37988830688,5.4694544414181605,21891.82194519043,1.18015212642536,22072.866283194733,1.1899119290131932,22218.151169327226,1.1977439983464813
