loss,layer_idx,accuracy_score,f1_macro,f1_micro,balanced_accuracy_score,aic_rep,aic_rep_avg,bic_rep,bic_rep_avg,ebic_rep,ebic_rep_avg,aic_cls,aic_cls_avg,bic_cls,bic_cls_avg,ebic_cls,ebic_cls_avg,aic_pr,aic_pr_avg,bic_pr,bic_pr_avg,ebic_pr,ebic_pr_avg
15984.27456665039,24,0.5918598382749326,0.5867600813268903,0.5918598382749326,0.5918402743627293,36064.54913330078,1.9441805462695838,52096.75407263765,2.808450354320089,83327.19343994654,4.492031991371781,44262.54913330078,2.386121247078209,92382.6486265155,4.980196691456361,199632.05538385027,10.76183586974934,32037.364784240723,1.7270816595278018,32306.71698612134,1.7416019938609888,32550.206307150453,1.754728102811345
