loss,layer_idx,accuracy_score,f1_macro,f1_micro,balanced_accuracy_score,aic_rep,aic_rep_avg,bic_rep,bic_rep_avg,ebic_rep,ebic_rep_avg,aic_cls,aic_cls_avg,bic_cls,bic_cls_avg,ebic_cls,ebic_cls_avg,aic_pr,aic_pr_avg,bic_pr,bic_pr_avg,ebic_pr,ebic_pr_avg
13468.47370147705,21,0.6719137466307278,0.6691169160242474,0.6719137466307278,0.6718976548504477,28984.9474029541,1.562530857302108,37001.049872622534,1.9946657613273604,51196.704130490216,2.7599301418054023,33086.9474029541,1.783662932773806,57158.73948716351,3.0813336650762,106549.7595956433,5.74392235016945,26970.969570159912,1.4539606237282972,27104.136161254624,1.461139415701058,27200.550395761147,1.4663369485585525
