loss,layer_idx,accuracy_score,f1_macro,f1_micro,balanced_accuracy_score,aic_rep,aic_rep_avg,bic_rep,bic_rep_avg,ebic_rep,ebic_rep_avg,aic_cls,aic_cls_avg,bic_cls,bic_cls_avg,ebic_cls,ebic_cls_avg,aic_pr,aic_pr_avg,bic_pr,bic_pr_avg,ebic_pr,ebic_pr_avg
21265.56092453003,7,0.35654986522911053,0.3564356656514896,0.35654986522911053,0.35655090820642604,46627.12184906006,2.5135914743428605,62659.326788396924,3.3778612823933654,93889.76615570582,5.061442919445057,54825.12184906006,2.9555321751514856,102945.22134227477,5.549607619529637,210194.62809960954,11.331246797822617,42627.30325317383,2.297967830359775,43003.768092554965,2.318262430865497,43376.287215123244,2.338344324265404
