loss,layer_idx,accuracy_score,f1_macro,f1_micro,balanced_accuracy_score,aic_rep,aic_rep_avg,bic_rep,bic_rep_avg,ebic_rep,ebic_rep_avg,aic_cls,aic_cls_avg,bic_cls,bic_cls_avg,ebic_cls,ebic_cls_avg,aic_pr,aic_pr_avg,bic_pr,bic_pr_avg,ebic_pr,ebic_pr_avg
14356.414417266846,29,0.6411859838274933,0.6367321818088331,0.6411859838274933,0.6411667523945564,32808.82883453369,1.7686700180341612,48841.03377387056,2.632939826084666,80071.47314117945,4.316521463136358,41006.82883453369,2.2106107188427866,89126.9283277484,4.804686163220938,196376.33508508318,10.586325341513918,28767.668014526367,1.5508176827237934,28982.31473629096,1.5623889345709412,29163.901400937164,1.572177973096343
