loss,layer_idx,accuracy_score,f1_macro,f1_micro,balanced_accuracy_score,aic_rep,aic_rep_avg,bic_rep,bic_rep_avg,ebic_rep,ebic_rep_avg,aic_cls,aic_cls_avg,bic_cls,bic_cls_avg,ebic_cls,ebic_cls_avg,aic_pr,aic_pr_avg,bic_pr,bic_pr_avg,ebic_pr,ebic_pr_avg
15807.536167144775,25,0.5934231805929919,0.5875826215961545,0.5934231805929919,0.5934026110943469,35711.07233428955,1.9251251932231563,51743.277273626416,2.789395001273661,82973.71664093531,4.4729766383253535,43909.07233428955,2.3670658940317817,92029.17182750427,4.961141338409933,199278.57858483904,10.742780516702913,31682.219955444336,1.707936385738239,31945.04330103576,1.7221047601636528,32180.983003843496,1.7348238816088137
