loss,layer_idx,accuracy_score,f1_macro,f1_micro,balanced_accuracy_score,aic,aic_avg,bic,bic_avg,ebic,ebic_avg
14871.971012115479,35,0.6383827493261456,0.6268007479922121,0.6383827493261456,0.6383567400466711,38965.94202423096,2.1005898665353615,75061.88781294302,4.046462954875635,152860.52450995328,8.240459542315541
