loss,layer_idx,accuracy_score,f1_macro,f1_micro,balanced_accuracy_score,aic,aic_avg,bic,bic_avg,ebic,ebic_avg
17012.306858062744,43,0.5607547169811321,0.5525212851149844,0.5607547169811321,0.5607326470079851,43246.61371612549,2.331353839144231,79342.55950483755,4.277226927484504,157141.1962018478,8.47122351492441
