loss,layer_idx,accuracy_score,f1_macro,f1_micro,balanced_accuracy_score,aic_rep,aic_rep_avg,bic_rep,bic_rep_avg,ebic_rep,ebic_rep_avg,aic_cls,aic_cls_avg,bic_cls,bic_cls_avg,ebic_cls,ebic_cls_avg,aic_pr,aic_pr_avg,bic_pr,bic_pr_avg,ebic_pr,ebic_pr_avg
20674.3180809021,6,0.3625876010781671,0.3622331928416798,0.3625876010781671,0.3625851855510071,44420.6361618042,2.3946434588573693,56444.78986630685,3.042845814895248,78983.86006521665,4.2578900304699,50570.6361618042,2.726179846997531,86666.58195051627,4.672052935337804,164465.21864752652,8.86604952277771,41446.19960021973,2.234296474405376,41828.07387738382,2.254882688807753,42207.33765274893,2.2753281753503467
