loss,layer_idx,accuracy_score,f1_macro,f1_micro,balanced_accuracy_score,aic,aic_avg,bic,bic_avg,ebic,ebic_avg
16464.961250305176,3,0.5563881401617251,0.5499416347276317,0.5563881401617251,0.5563687033074224,34977.92250061035,1.8856022911380244,42994.024970278784,2.317737195163277,57189.679228146466,3.083001575641319
