loss,layer_idx,accuracy_score,f1_macro,f1_micro,balanced_accuracy_score,aic_rep,aic_rep_avg,bic_rep,bic_rep_avg,ebic_rep,ebic_rep_avg,aic_cls,aic_cls_avg,bic_cls,bic_cls_avg,ebic_cls,ebic_cls_avg,aic_pr,aic_pr_avg,bic_pr,bic_pr_avg,ebic_pr,ebic_pr_avg
21260.852394104004,3,0.3546091644204852,0.35382190774083994,0.3546091644204852,0.354611358296681,46617.70478820801,2.5130838160759033,62649.90972754487,3.377353624126408,93880.34909485377,5.0609352611781,54815.70478820801,2.955024516884529,102935.80428142272,5.54909996126268,210185.2110387575,11.33073913955566,42587.09566497803,2.295800305389651,42843.04291535397,2.3095980008277075,43071.07630521782,2.3218909059416615
