loss,layer_idx,accuracy_score,f1_macro,f1_micro,balanced_accuracy_score,aic_rep,aic_rep_avg,bic_rep,bic_rep_avg,ebic_rep,ebic_rep_avg,aic_cls,aic_cls_avg,bic_cls,bic_cls_avg,ebic_cls,ebic_cls_avg,aic_pr,aic_pr_avg,bic_pr,bic_pr_avg,ebic_pr,ebic_pr_avg
20347.396492004395,0,0.4114824797843666,0.4087597084842394,0.4114824797843666,0.41147781000886013,42742.79298400879,2.304193691860312,50758.89545367722,2.7363285958855643,64954.5497115449,3.5015929763636064,46844.79298400879,2.52532576733201,70916.5850682182,3.822996499634405,120307.60517669801,6.485585184727656,40722.332750320435,2.195274002712692,40830.12649482477,2.201084986243923,40902.34908391377,2.204978387272979
