loss,layer_idx,accuracy_score,f1_macro,f1_micro,balanced_accuracy_score,aic,aic_avg,bic,bic_avg,ebic,ebic_avg
17012.306858062744,43,0.5607547169811321,0.5525212851149844,0.5607547169811321,0.5607326470079851,37096.61371612549,1.9998174510040694,49120.76742062814,2.648019807041948,71659.83761953794,3.8630640226166006
