loss,layer_idx,accuracy_score,f1_macro,f1_micro,balanced_accuracy_score,aic,aic_avg,bic,bic_avg,ebic,ebic_avg
20363.067127227783,9,0.3978436657681941,0.39763218583683474,0.3978436657681941,0.3978405012033294,43798.13425445557,2.3610854045528606,55822.287958958215,3.0092877605907393,78361.35815786802,4.2243319761653915
