loss,layer_idx,accuracy_score,f1_macro,f1_micro,balanced_accuracy_score,aic,aic_avg,bic,bic_avg,ebic,ebic_avg
14174.834972381592,41,0.6526145552560647,0.6416797984967374,0.6526145552560647,0.6525889648325921,40643.66994476318,2.191033420202867,88763.7694379779,4.7851088645810185,196013.17619531267,10.566748042873998
