loss,layer_idx,accuracy_score,f1_macro,f1_micro,balanced_accuracy_score,aic_rep,aic_rep_avg,bic_rep,bic_rep_avg,ebic_rep,ebic_rep_avg,aic_cls,aic_cls_avg,bic_cls,bic_cls_avg,ebic_cls,ebic_cls_avg,aic_pr,aic_pr_avg,bic_pr,bic_pr_avg,ebic_pr,ebic_pr_avg
14217.420906066895,23,0.6461994609164421,0.6427685051442179,0.6461994609164421,0.6461823745411744,30482.84181213379,1.64327988205573,38498.94428180222,2.0754147860809824,52694.5985396699,2.8406791665590245,34584.84181213379,1.864411957527428,58656.6338963432,3.162082689829822,108047.654004823,5.8246713749230725,28467.560592651367,1.5346393850485913,28595.625581572996,1.5415431580362802,28687.068093180023,1.5464726734867937
