loss,layer_idx,accuracy_score,f1_macro,f1_micro,balanced_accuracy_score,aic_rep,aic_rep_avg,bic_rep,bic_rep_avg,ebic_rep,ebic_rep_avg,aic_cls,aic_cls_avg,bic_cls,bic_cls_avg,ebic_cls,ebic_cls_avg,aic_pr,aic_pr_avg,bic_pr,bic_pr_avg,ebic_pr,ebic_pr_avg
16835.654342651367,44,0.5693261455525607,0.5609777440427064,0.5693261455525607,0.569303866516165,36743.308685302734,1.9807713576982606,48767.46238980538,2.6289737137361393,71306.53258871518,3.8440179293107914,42893.308685302734,2.3123077458384222,78989.2544740148,4.258180834178695,156787.89117102505,8.452177421618602,33716.94223022461,1.8176249180714075,33895.55706037499,1.827253749885444,34038.275778891395,1.8349474813418543
