loss,layer_idx,accuracy_score,f1_macro,f1_micro,balanced_accuracy_score,aic,aic_avg,bic,bic_avg,ebic,ebic_avg
12982.552352905273,36,0.6813477088948787,0.6764467805500423,0.6813477088948787,0.6813284377058184,38259.10470581055,2.0624854288846657,86379.20419902526,4.656560873262817,193628.61095636003,10.438200051555796
