loss,layer_idx,accuracy_score,f1_macro,f1_micro,balanced_accuracy_score,aic,aic_avg,bic,bic_avg,ebic,ebic_avg
20972.053871154785,5,0.35692722371967656,0.35674186533256874,0.35692722371967656,0.3569294815911041,45016.10774230957,2.426744352685152,57040.26144681222,3.0749467087230307,79579.33164572202,4.289990924297683
