loss,layer_idx,accuracy_score,f1_macro,f1_micro,balanced_accuracy_score,aic,aic_avg,bic,bic_avg,ebic,ebic_avg
18641.03176498413,20,0.4886253369272237,0.48555861228246,0.4886253369272237,0.4886115660246353,49576.06352996826,2.672564071696402,97696.16302318298,5.266639516074554,204945.56978051775,11.048278694367534
