loss,layer_idx,accuracy_score,f1_macro,f1_micro,balanced_accuracy_score,aic,aic_avg,bic,bic_avg,ebic,ebic_avg
20363.067127227783,9,0.3978436657681941,0.39763218583683474,0.3978436657681941,0.3978405012033294,49948.13425445557,2.6926217926930223,86044.08004316763,4.638494881033296,163842.7167401779,8.8324914684732
