loss,layer_idx,accuracy_score,f1_macro,f1_micro,balanced_accuracy_score,aic,aic_avg,bic,bic_avg,ebic,ebic_avg
10188.99852180481,13,0.7686792452830189,0.7682106145561299,0.7686792452830189,0.7686681373638417,26527.99704360962,1.4300807031595482,50599.78912781903,2.727751435461942,99990.80923629882,5.390340120555193
