loss,layer_idx,accuracy_score,f1_macro,f1_micro,balanced_accuracy_score,aic,aic_avg,bic,bic_avg,ebic,ebic_avg
18205.75132369995,17,0.5083018867924528,0.5036070295173701,0.5083018867924528,0.5082850704147542,39483.5026473999,2.1284907087547116,51507.65635190255,2.7766930647925903,74046.72655081235,3.991737280367243
