loss,layer_idx,accuracy_score,f1_macro,f1_micro,balanced_accuracy_score,aic,aic_avg,bic,bic_avg,ebic,ebic_avg
10334.086297988892,12,0.7572506738544474,0.756601741977872,0.7572506738544474,0.7572390541388714,26818.172595977783,1.4457235900796648,50889.96468018719,2.7433943223820587,100280.98478866699,5.405983007475309
