loss,layer_idx,accuracy_score,f1_macro,f1_micro,balanced_accuracy_score,aic,aic_avg,bic,bic_avg,ebic,ebic_avg
13296.265151977539,34,0.6798921832884097,0.6775463130401166,0.6798921832884097,0.6798760510036997,38886.53030395508,2.096308911264425,87006.6297971698,4.690384355642577,194256.03655450456,10.472023533935555
