loss,layer_idx,accuracy_score,f1_macro,f1_micro,balanced_accuracy_score,aic,aic_avg,bic,bic_avg,ebic,ebic_avg
14345.239418029785,34,0.6529919137466307,0.6416676077517645,0.6529919137466307,0.652966160572174,37912.47883605957,2.0437993981703273,74008.42462477164,3.9896724865106004,151807.0613217819,8.183669073950506
