loss,layer_idx,accuracy_score,f1_macro,f1_micro,balanced_accuracy_score,aic,aic_avg,bic,bic_avg,ebic,ebic_avg
14217.420906066895,23,0.6461994609164421,0.6427685051442179,0.6461994609164421,0.6461823745411744,34584.84181213379,1.864411957527428,58656.6338963432,3.162082689829822,108047.654004823,5.8246713749230725
