loss,layer_idx,accuracy_score,f1_macro,f1_micro,balanced_accuracy_score,aic_rep,aic_rep_avg,bic_rep,bic_rep_avg,ebic_rep,ebic_rep_avg,aic_cls,aic_cls_avg,bic_cls,bic_cls_avg,ebic_cls,ebic_cls_avg,aic_pr,aic_pr_avg,bic_pr,bic_pr_avg,ebic_pr,ebic_pr_avg
19140.63640975952,16,0.4650134770889488,0.46223461633869967,0.4650134770889488,0.4650006473188097,41353.27281951904,2.2292869444484658,53377.42652402169,2.8774893004863444,75916.4967229315,4.092533516060997,47503.27281951904,2.560823332588628,83599.21860823111,4.5066964209289,161397.85530524136,8.700693008368807,38359.33242034912,2.0678885401805456,38664.86648235856,2.0843593791028874,38950.90226630262,2.099779097913888
