loss,layer_idx,accuracy_score,f1_macro,f1_micro,balanced_accuracy_score,aic,aic_avg,bic,bic_avg,ebic,ebic_avg
16835.654342651367,44,0.5693261455525607,0.5609777440427064,0.5693261455525607,0.569303866516165,36743.308685302734,1.9807713576982606,48767.46238980538,2.6289737137361393,71306.53258871518,3.8440179293107914
