loss,layer_idx,accuracy_score,f1_macro,f1_micro,balanced_accuracy_score,aic,aic_avg,bic,bic_avg,ebic,ebic_avg
10321.67119216919,15,0.7610242587601078,0.759090282653896,0.7610242587601078,0.7610103139928702,22691.34238433838,1.223252958724441,30707.44485400681,1.6553878627496934,44903.09911187449,2.4206522432277353
