loss,layer_idx,accuracy_score,f1_macro,f1_micro,balanced_accuracy_score,aic,aic_avg,bic,bic_avg,ebic,ebic_avg
21075.546501159668,13,0.3699191374663073,0.3695645658643152,0.3699191374663073,0.36992039582987174,54445.093002319336,2.9350454448689667,102565.19249553405,5.529120889247118,209814.59925286882,11.310760067540098
