loss,layer_idx,accuracy_score,f1_macro,f1_micro,balanced_accuracy_score,aic_rep,aic_rep_avg,bic_rep,bic_rep_avg,ebic_rep,ebic_rep_avg,aic_cls,aic_cls_avg,bic_cls,bic_cls_avg,ebic_cls,ebic_cls_avg,aic_pr,aic_pr_avg,bic_pr,bic_pr_avg,ebic_pr,ebic_pr_avg
13878.037942886353,40,0.6615633423180592,0.6507448360137232,0.6615633423180592,0.6615376765356279,31852.075885772705,1.7170930396642967,47884.28082510957,2.581362847714802,79114.72019241846,4.264944484766494,40050.075885772705,2.159033740472922,88170.17537898742,4.753109184851074,195419.5821363222,10.534748363144054,27837.22687149048,1.5006591305385704,28154.860961836315,1.517782262093602,28455.37639822639,1.5339825551604525
