loss,layer_idx,accuracy_score,f1_macro,f1_micro,balanced_accuracy_score,aic,aic_avg,bic,bic_avg,ebic,ebic_avg
15161.133144378662,36,0.6340700808625337,0.6234788915545697,0.6340700808625337,0.6340453386837582,39544.266288757324,2.131766376752416,75640.21207746939,4.077639465092689,153438.84877447964,8.271636052532596
