loss,layer_idx,accuracy_score,f1_macro,f1_micro,balanced_accuracy_score,aic_rep,aic_rep_avg,bic_rep,bic_rep_avg,ebic_rep,ebic_rep_avg,aic_cls,aic_cls_avg,bic_cls,bic_cls_avg,ebic_cls,ebic_cls_avg,aic_pr,aic_pr_avg,bic_pr,bic_pr_avg,ebic_pr,ebic_pr_avg
20456.193614959717,2,0.3997843665768194,0.3987505713860693,0.3997843665768194,0.39978216117708226,42960.38722991943,2.31592383988784,50976.489699587866,2.7480587439130923,65172.14395745555,3.5133231243911345,47062.38722991943,2.537055915359538,71134.17931412885,3.834726647661933,120525.19942260865,6.497315332755184,40941.65411949158,2.207097257115449,41056.20801879762,2.2132726694769604,41134.740143233255,2.2175062071823857
