loss,layer_idx,accuracy_score,f1_macro,f1_micro,balanced_accuracy_score,aic,aic_avg,bic,bic_avg,ebic,ebic_avg
13432.85549545288,48,0.6659299191374664,0.6636272870396916,0.6659299191374664,0.6659135656398711,29937.71099090576,1.613892775790068,41961.86469540841,2.2620951318279467,64500.93489431821,3.477139347402599
