loss,layer_idx,accuracy_score,f1_macro,f1_micro,balanced_accuracy_score,aic_rep,aic_rep_avg,bic_rep,bic_rep_avg,ebic_rep,ebic_rep_avg,aic_cls,aic_cls_avg,bic_cls,bic_cls_avg,ebic_cls,ebic_cls_avg,aic_pr,aic_pr_avg,bic_pr,bic_pr_avg,ebic_pr,ebic_pr_avg
13600.085865020752,38,0.6695417789757412,0.6666604104765946,0.6695417789757412,0.6695249314700038,31296.171730041504,1.6871251606491378,47328.37666937837,2.5513949686996424,78558.81603668726,4.234976605751335,39494.171730041504,2.129065861457763,87614.27122325622,4.723141305835915,194863.677980591,10.504780484128894,27261.48749923706,1.4696219676138578,27501.48431997833,1.4825598016160826,27711.36145000502,1.4938739326148258
