loss,layer_idx,accuracy_score,f1_macro,f1_micro,balanced_accuracy_score,aic_rep,aic_rep_avg,bic_rep,bic_rep_avg,ebic_rep,ebic_rep_avg,aic_cls,aic_cls_avg,bic_cls,bic_cls_avg,ebic_cls,ebic_cls_avg,aic_pr,aic_pr_avg,bic_pr,bic_pr_avg,ebic_pr,ebic_pr_avg
13798.91759109497,39,0.6602156334231806,0.6563282041922086,0.6602156334231806,0.6601978556448361,31693.83518218994,1.7085625435142826,47726.04012152681,2.5728323515647875,78956.4794888357,4.25641398861648,39891.83518218994,2.1505032443229077,88011.93467540466,4.7445786887010595,195261.34143273943,10.52621786699404,27666.87759399414,1.4914758810778512,27937.117363415775,1.5060440627178315,28181.63615758843,1.5192256688726915
