loss,layer_idx,accuracy_score,f1_macro,f1_micro,balanced_accuracy_score,aic,aic_avg,bic,bic_avg,ebic,ebic_avg
16974.526489257812,20,0.5546091644204851,0.5481458347074736,0.5546091644204851,0.5545888555975429,37021.052978515625,1.995744095876853,49045.206683018274,2.6439464519147315,71584.27688192808,3.858990667489384
