loss,layer_idx,accuracy_score,f1_macro,f1_micro,balanced_accuracy_score,aic_rep,aic_rep_avg,bic_rep,bic_rep_avg,ebic_rep,ebic_rep_avg,aic_cls,aic_cls_avg,bic_cls,bic_cls_avg,ebic_cls,ebic_cls_avg,aic_pr,aic_pr_avg,bic_pr,bic_pr_avg,ebic_pr,ebic_pr_avg
12737.302501678467,4,0.6859838274932615,0.681871917668991,0.6859838274932615,0.6859652597666667,27522.605003356934,1.483698382930293,35538.707473025366,1.9158332869555454,49734.36173089305,2.6810976674335874,31624.605003356934,1.704830458401991,55696.39708756634,3.0025011907043853,105087.41719604614,5.665089875797635,25518.418460845947,1.3756559817167626,25689.909263962352,1.3849007689467576,25825.152377257025,1.3921915028170904
