loss,layer_idx,accuracy_score,f1_macro,f1_micro,balanced_accuracy_score,aic,aic_avg,bic,bic_avg,ebic,ebic_avg
10334.086297988892,12,0.7572506738544474,0.756601741977872,0.7572506738544474,0.7572390541388714,22716.172595977783,1.2245915146079667,30732.275065646216,1.6567264186332191,44927.9293235139,2.4219907991112612
