loss,layer_idx,accuracy_score,f1_macro,f1_micro,balanced_accuracy_score,aic,aic_avg,bic,bic_avg,ebic,ebic_avg
16878.052158355713,45,0.5645822102425876,0.5546923052960602,0.5645822102425876,0.5645583674396407,42978.104316711426,2.3168789389062763,79074.05010542349,4.26275202724655,156872.68680243375,8.456748614686456
