loss,layer_idx,accuracy_score,f1_macro,f1_micro,balanced_accuracy_score,aic,aic_avg,bic,bic_avg,ebic,ebic_avg
16571.84180831909,24,0.5710512129380054,0.5595592906161276,0.5710512129380054,0.5710260100789212,42365.68361663818,2.2838643459104144,78461.62940535025,4.229737434250687,156260.2661023605,8.423734021690594
