loss,layer_idx,accuracy_score,f1_macro,f1_micro,balanced_accuracy_score,aic,aic_avg,bic,bic_avg,ebic,ebic_avg
10804.736738204956,48,0.7415633423180593,0.7408284827818258,0.7415633423180593,0.7415511642042744,33903.47347640991,1.8276805108576772,82023.57296962463,4.421755955235829,189272.9797269594,10.203395133528808
