loss,layer_idx,accuracy_score,f1_macro,f1_micro,balanced_accuracy_score,aic,aic_avg,bic,bic_avg,ebic,ebic_avg
14409.611434936523,42,0.643611859838275,0.6399294391949719,0.643611859838275,0.6435939363526569,41113.22286987305,2.216346246354342,89233.32236308776,4.810421690732494,196482.72912042253,10.592060869025474
