loss,layer_idx,accuracy_score,f1_macro,f1_micro,balanced_accuracy_score,aic,aic_avg,bic,bic_avg,ebic,ebic_avg
20125.774883270264,15,0.41536388140161723,0.4150853398064754,0.41536388140161723,0.4153590896465402,52545.54976654053,2.832644192266336,100665.64925975524,5.426719636644488,207915.05601709,11.208358814937467
