loss,layer_idx,accuracy_score,f1_macro,f1_micro,balanced_accuracy_score,aic_rep,aic_rep_avg,bic_rep,bic_rep_avg,ebic_rep,ebic_rep_avg,aic_cls,aic_cls_avg,bic_cls,bic_cls_avg,ebic_cls,ebic_cls_avg,aic_pr,aic_pr_avg,bic_pr,bic_pr_avg,ebic_pr,ebic_pr_avg
9875.218528747559,10,0.7710512129380054,0.7708689006556506,0.7710512129380054,0.7710410002526497,21798.437057495117,1.1751179006735912,29814.53952716355,1.6072528046988437,44010.19378503123,2.3725171851768856,25900.437057495117,1.3962499761452893,49972.22914170453,2.6939207084476835,99363.24925018432,5.356509393540934,19794.57612991333,1.0670930528255165,19967.341426505376,1.0764065459032548,20103.91646612009,1.083769081731541
