loss,layer_idx,accuracy_score,f1_macro,f1_micro,balanced_accuracy_score,aic,aic_avg,bic,bic_avg,ebic,ebic_avg
10699.87094116211,6,0.751266846361186,0.7501070774250831,0.751266846361186,0.7512541278781099,27549.74188232422,1.4851612874568312,51621.53396653363,2.7828320197592253,101012.55407501342,5.445420704852475
