loss,layer_idx,accuracy_score,f1_macro,f1_micro,balanced_accuracy_score,aic_rep,aic_rep_avg,bic_rep,bic_rep_avg,ebic_rep,ebic_rep_avg,aic_cls,aic_cls_avg,bic_cls,bic_cls_avg,ebic_cls,ebic_cls_avg,aic_pr,aic_pr_avg,bic_pr,bic_pr_avg,ebic_pr,ebic_pr_avg
21277.20835876465,5,0.35342318059299194,0.35315497147945424,0.35342318059299194,0.3534255023242791,46650.4167175293,2.5148472624005014,62682.62165686616,3.379117070451006,93913.06102417505,5.062698707502698,54848.4167175293,2.9567879632091265,102968.51621074401,5.550863407587278,210217.92296807878,11.332502585880258,42647.21356964111,2.2990411627838876,43010.43089160937,2.3186216114075133,43366.517049936534,2.3378176307243415
