loss,layer_idx,accuracy_score,f1_macro,f1_micro,balanced_accuracy_score,aic_rep,aic_rep_avg,bic_rep,bic_rep_avg,ebic_rep,ebic_rep_avg,aic_cls,aic_cls_avg,bic_cls,bic_cls_avg,ebic_cls,ebic_cls_avg,aic_pr,aic_pr_avg,bic_pr,bic_pr_avg,ebic_pr,ebic_pr_avg
21075.546501159668,13,0.3699191374663073,0.3695645658643152,0.3699191374663073,0.36992039582987174,46247.093002319336,2.4931047440603415,62279.2979416562,3.3573745521108465,93509.7373089651,5.0409561891625385,54445.093002319336,2.9350454448689667,102565.19249553405,5.529120889247118,209814.59925286882,11.310760067540098,42227.73319244385,2.2764276653608544,42527.7115212197,2.292599003839337,42807.139692245415,2.3076625171021785
