loss,layer_idx,accuracy_score,f1_macro,f1_micro,balanced_accuracy_score,aic,aic_avg,bic,bic_avg,ebic,ebic_avg
16835.654342651367,44,0.5693261455525607,0.5609777440427064,0.5693261455525607,0.569303866516165,42893.308685302734,2.3123077458384222,78989.2544740148,4.258180834178695,156787.89117102505,8.452177421618602
