loss,layer_idx,accuracy_score,f1_macro,f1_micro,balanced_accuracy_score,aic,aic_avg,bic,bic_avg,ebic,ebic_avg
13600.085865020752,38,0.6695417789757412,0.6666604104765946,0.6695417789757412,0.6695249314700038,39494.171730041504,2.129065861457763,87614.27122325622,4.723141305835915,194863.677980591,10.504780484128894
