loss,layer_idx,accuracy_score,f1_macro,f1_micro,balanced_accuracy_score,aic,aic_avg,bic,bic_avg,ebic,ebic_avg
20674.3180809021,6,0.3625876010781671,0.3622331928416798,0.3625876010781671,0.3625851855510071,44420.6361618042,2.3946434588573693,56444.78986630685,3.042845814895248,78983.86006521665,4.2578900304699
