loss,layer_idx,accuracy_score,f1_macro,f1_micro,balanced_accuracy_score,aic,aic_avg,bic,bic_avg,ebic,ebic_avg
17645.895957946777,21,0.5342857142857143,0.5303933792966622,0.5342857142857143,0.5342681719061125,39387.791915893555,2.1233311005872535,55419.99685523042,2.9876009086377584,86650.43622253931,4.671182545689451
