loss,layer_idx,accuracy_score,f1_macro,f1_micro,balanced_accuracy_score,aic_rep,aic_rep_avg,bic_rep,bic_rep_avg,ebic_rep,ebic_rep_avg,aic_cls,aic_cls_avg,bic_cls,bic_cls_avg,ebic_cls,ebic_cls_avg,aic_pr,aic_pr_avg,bic_pr,bic_pr_avg,ebic_pr,ebic_pr_avg
20274.340141296387,1,0.38280323450134773,0.3819870193829971,0.38280323450134773,0.3827976107518538,44644.68028259277,2.406721309034651,60676.88522192964,3.2709911170851558,91907.32458923853,4.954572754136848,52842.68028259277,2.848662009843276,100962.77977580749,5.442737454221428,208212.18653314226,11.224376632514408,40553.504765987396,2.186172763665089,40572.38833691245,2.1871907459251996,40576.636567239555,2.1874197610371726
