loss,layer_idx,accuracy_score,f1_macro,f1_micro,balanced_accuracy_score,aic,aic_avg,bic,bic_avg,ebic,ebic_avg
19140.63640975952,16,0.4650134770889488,0.46223461633869967,0.4650134770889488,0.4650006473188097,41353.27281951904,2.2292869444484658,53377.42652402169,2.8774893004863444,75916.4967229315,4.092533516060997
