loss,layer_idx,accuracy_score,f1_macro,f1_micro,balanced_accuracy_score,aic_rep,aic_rep_avg,bic_rep,bic_rep_avg,ebic_rep,ebic_rep_avg,aic_cls,aic_cls_avg,bic_cls,bic_cls_avg,ebic_cls,ebic_cls_avg,aic_pr,aic_pr_avg,bic_pr,bic_pr_avg,ebic_pr,ebic_pr_avg
20242.57956314087,1,0.38566037735849057,0.3848190698241001,0.38566037735849057,0.3856550908206426,43557.15912628174,2.3480948316054846,55581.31283078439,2.9962971876433633,78120.38302969419,4.211341403218015,49707.15912628174,2.679631219745646,85803.1049149938,4.62550430808592,163601.74161200406,8.819500895525826,40491.53137111664,2.1828318798445627,40516.47305449475,2.18417644498624,40523.85724147271,2.1845745143651056
