loss,layer_idx,accuracy_score,f1_macro,f1_micro,balanced_accuracy_score,aic,aic_avg,bic,bic_avg,ebic,ebic_avg
21066.50789642334,4,0.35175202156334234,0.3515804384052699,0.35175202156334234,0.35175236107443203,51355.01579284668,2.7684644632262363,87450.96158155875,4.714337551566509,165249.598278569,8.908334139006415
