loss,layer_idx,accuracy_score,f1_macro,f1_micro,balanced_accuracy_score,aic,aic_avg,bic,bic_avg,ebic,ebic_avg
21216.733322143555,11,0.36231805929919136,0.3621888967386986,0.36231805929919136,0.3623168760896475,54727.46664428711,2.9502677436273372,102847.56613750182,5.544343188005489,210096.9728948366,11.325982366298469
