loss,layer_idx,accuracy_score,f1_macro,f1_micro,balanced_accuracy_score,aic_rep,aic_rep_avg,bic_rep,bic_rep_avg,ebic_rep,ebic_rep_avg,aic_cls,aic_cls_avg,bic_cls,bic_cls_avg,ebic_cls,ebic_cls_avg,aic_pr,aic_pr_avg,bic_pr,bic_pr_avg,ebic_pr,ebic_pr_avg
14724.541172027588,28,0.631266846361186,0.6255212474518121,0.631266846361186,0.6312463649351865,33545.082344055176,1.808360234180872,49577.28728339204,2.672630042231377,80807.72665070093,4.356211679283069,41743.082344055176,2.250300934989497,89863.18183726989,4.844376379367649,197112.58859460466,10.62601555766063,29512.01798248291,1.590944365632502,29758.355153689317,1.6042239975034673,29975.417987455385,1.6159254979760316
