loss,layer_idx,accuracy_score,f1_macro,f1_micro,balanced_accuracy_score,aic_rep,aic_rep_avg,bic_rep,bic_rep_avg,ebic_rep,ebic_rep_avg,aic_cls,aic_cls_avg,bic_cls,bic_cls_avg,ebic_cls,ebic_cls_avg,aic_pr,aic_pr_avg,bic_pr,bic_pr_avg,ebic_pr,ebic_pr_avg
16485.407676696777,47,0.5705121293800539,0.563195449025509,0.5705121293800539,0.5704903502762056,36042.815353393555,1.9430089139295716,48066.9690578962,2.5912112699674505,70606.039256806,3.8062554855421027,42192.815353393555,2.2745453020697335,78288.76114210562,4.220418390410006,156087.39783911587,8.414414977849912,33011.82490539551,1.7796132024471971,33172.340906900805,1.7882663561671592,33296.216729119034,1.7949442980657162
