loss,layer_idx,accuracy_score,f1_macro,f1_micro,balanced_accuracy_score,aic,aic_avg,bic,bic_avg,ebic,ebic_avg
14356.414417266846,29,0.6411859838274933,0.6367321818088331,0.6411859838274933,0.6411667523945564,41006.82883453369,2.2106107188427866,89126.9283277484,4.804686163220938,196376.33508508318,10.586325341513918
