loss,layer_idx,accuracy_score,f1_macro,f1_micro,balanced_accuracy_score,aic,aic_avg,bic,bic_avg,ebic,ebic_avg
14491.346809387207,24,0.6357412398921833,0.6309119331504823,0.6357412398921833,0.635722403606347,35132.693618774414,1.8939457476428256,59204.485702983824,3.19161647994522,108595.50581146362,5.85420516503847
