loss,layer_idx,accuracy_score,f1_macro,f1_micro,balanced_accuracy_score,aic_rep,aic_rep_avg,bic_rep,bic_rep_avg,ebic_rep,ebic_rep_avg,aic_cls,aic_cls_avg,bic_cls,bic_cls_avg,ebic_cls,ebic_cls_avg,aic_pr,aic_pr_avg,bic_pr,bic_pr_avg,ebic_pr,ebic_pr_avg
13632.64807510376,31,0.669433962264151,0.6575618678845513,0.669433962264151,0.6694075177430224,30337.29615020752,1.635433754728168,42361.44985471017,2.283636110766047,64900.52005361997,3.498680326340699,36487.29615020752,1.96697014286833,72583.24193891959,3.912843231208603,150381.87863592984,8.106839818648508,27313.93789291382,1.47244948209778,27504.327147717013,1.4827130537852837,27659.559241869327,1.4910813607476725
