loss,layer_idx,accuracy_score,f1_macro,f1_micro,balanced_accuracy_score,aic,aic_avg,bic,bic_avg,ebic,ebic_avg
17005.60243988037,23,0.555633423180593,0.545874225689703,0.555633423180593,0.5556100045075153,43233.20487976074,2.3306309908226814,79329.15066847281,4.2765040791629545,157127.78736548306,8.470500666602861
