loss,layer_idx,accuracy_score,f1_macro,f1_micro,balanced_accuracy_score,aic,aic_avg,bic,bic_avg,ebic,ebic_avg
21260.852394104004,3,0.3546091644204852,0.35382190774083994,0.3546091644204852,0.354611358296681,54815.70478820801,2.955024516884529,102935.80428142272,5.54909996126268,210185.2110387575,11.33073913955566
