loss,layer_idx,accuracy_score,f1_macro,f1_micro,balanced_accuracy_score,aic,aic_avg,bic,bic_avg,ebic,ebic_avg
20284.965114593506,10,0.40161725067385445,0.4016210514389762,0.40161725067385445,0.4016143070849741,49791.93022918701,2.684201090522211,85887.87601789908,4.630074178862484,163686.51271490933,8.82407076630239
