loss,layer_idx,accuracy_score,f1_macro,f1_micro,balanced_accuracy_score,aic,aic_avg,bic,bic_avg,ebic,ebic_avg
19140.63640975952,16,0.4650134770889488,0.46223461633869967,0.4650134770889488,0.4650006473188097,47503.27281951904,2.560823332588628,83599.21860823111,4.5066964209289,161397.85530524136,8.700693008368807
