loss,layer_idx,accuracy_score,f1_macro,f1_micro,balanced_accuracy_score,aic_rep,aic_rep_avg,bic_rep,bic_rep_avg,ebic_rep,ebic_rep_avg,aic_cls,aic_cls_avg,bic_cls,bic_cls_avg,ebic_cls,ebic_cls_avg,aic_pr,aic_pr_avg,bic_pr,bic_pr_avg,ebic_pr,ebic_pr_avg
13656.04836654663,44,0.6598382749326146,0.6540855464229378,0.6598382749326146,0.659817660475425,31408.09673309326,1.693158853536025,47440.30167243013,2.55742866158653,78670.74103973902,4.241010298638222,39606.09673309326,2.13509955434465,87726.19622630798,4.729174998722802,194975.60298364275,10.510814177015781,27371.96835708618,1.4755778090073413,27606.31263098887,1.488210923503443,27809.8196026758,1.4991816497399353
