loss,layer_idx,accuracy_score,f1_macro,f1_micro,balanced_accuracy_score,aic,aic_avg,bic,bic_avg,ebic,ebic_avg
10699.87094116211,6,0.751266846361186,0.7501070774250831,0.751266846361186,0.7512541278781099,23447.74188232422,1.264029211985133,31463.84435199265,1.6961641160103855,45659.49860986033,2.461428496488428
