loss,layer_idx,accuracy_score,f1_macro,f1_micro,balanced_accuracy_score,aic,aic_avg,bic,bic_avg,ebic,ebic_avg
20674.3180809021,6,0.3625876010781671,0.3622331928416798,0.3625876010781671,0.3625851855510071,50570.6361618042,2.726179846997531,86666.58195051627,4.672052935337804,164465.21864752652,8.86604952277771
