loss,layer_idx,accuracy_score,f1_macro,f1_micro,balanced_accuracy_score,aic_rep,aic_rep_avg,bic_rep,bic_rep_avg,ebic_rep,ebic_rep_avg,aic_cls,aic_cls_avg,bic_cls,bic_cls_avg,ebic_cls,ebic_cls_avg,aic_pr,aic_pr_avg,bic_pr,bic_pr_avg,ebic_pr,ebic_pr_avg
10691.260103225708,7,0.7528840970350404,0.7512955704973537,0.7528840970350404,0.7528708205561111,23430.520206451416,1.2631008197547933,31446.62267611985,1.6952357237800457,45642.27693398753,2.460500104258088,27532.520206451416,1.4842328952264914,51604.312290660826,2.7819036275288855,100995.33239914062,5.444492312622136,21423.055530548096,1.154881699760005,21581.71535066538,1.163434789793282,21703.68721616924,1.170010092515862
