loss,layer_idx,accuracy_score,f1_macro,f1_micro,balanced_accuracy_score,aic,aic_avg,bic,bic_avg,ebic,ebic_avg
14379.282493591309,43,0.6432884097035041,0.6395339172865775,0.6432884097035041,0.6432703815790924,32854.56498718262,1.7711355788238607,48886.76992651948,2.6354053868743654,80117.20929382837,4.318987023926058
