loss,layer_idx,accuracy_score,f1_macro,f1_micro,balanced_accuracy_score,aic_rep,aic_rep_avg,bic_rep,bic_rep_avg,ebic_rep,ebic_rep_avg,aic_cls,aic_cls_avg,bic_cls,bic_cls_avg,ebic_cls,ebic_cls_avg,aic_pr,aic_pr_avg,bic_pr,bic_pr_avg,ebic_pr,ebic_pr_avg
14073.80905532837,33,0.6571428571428571,0.6465791141625195,0.6571428571428571,0.6571176853497663,31219.61811065674,1.6829982808979373,43243.77181515939,2.331200636935816,65782.84201406919,3.5462448525104686,37369.61811065674,2.014534669038099,73465.5638993688,3.960407757378372,151264.20059637906,8.154404344818278,28195.752075195312,1.5199866347814184,28384.153829107712,1.530143063563758,28537.260315516527,1.5383967825076295
