loss,layer_idx,accuracy_score,f1_macro,f1_micro,balanced_accuracy_score,aic,aic_avg,bic,bic_avg,ebic,ebic_avg
13798.91759109497,39,0.6602156334231806,0.6563282041922086,0.6602156334231806,0.6601978556448361,39891.83518218994,2.1505032443229077,88011.93467540466,4.7445786887010595,195261.34143273943,10.52621786699404
