loss,layer_idx,accuracy_score,f1_macro,f1_micro,balanced_accuracy_score,aic,aic_avg,bic,bic_avg,ebic,ebic_avg
15984.27456665039,24,0.5918598382749326,0.5867600813268903,0.5918598382749326,0.5918402743627293,44262.54913330078,2.386121247078209,92382.6486265155,4.980196691456361,199632.05538385027,10.76183586974934
