loss,layer_idx,accuracy_score,f1_macro,f1_micro,balanced_accuracy_score,aic,aic_avg,bic,bic_avg,ebic,ebic_avg
20941.330486297607,6,0.36501347708894877,0.3649257292905281,0.36501347708894877,0.36501402617093204,45978.660972595215,2.4786340146951598,62010.86591193208,3.3429038227456647,93241.30527924097,5.026485459797357
