loss,layer_idx,accuracy_score,f1_macro,f1_micro,balanced_accuracy_score,aic_rep,aic_rep_avg,bic_rep,bic_rep_avg,ebic_rep,ebic_rep_avg,aic_cls,aic_cls_avg,bic_cls,bic_cls_avg,ebic_cls,ebic_cls_avg,aic_pr,aic_pr_avg,bic_pr,bic_pr_avg,ebic_pr,ebic_pr_avg
12887.431308746338,32,0.6811320754716981,0.6700088779363579,0.6811320754716981,0.6811057823566283,29870.862617492676,1.6102890898917885,45903.06755682954,2.4745588979422934,77133.50692413843,4.1581405349939855,38068.862617492676,2.0522297907004137,86188.96211070739,4.646305235078565,193438.36886804216,10.427944413371545,25836.88422393799,1.3928239473821018,26079.643771105504,1.4059107154234773,26292.646788826503,1.4173933578882212
