loss,layer_idx,accuracy_score,f1_macro,f1_micro,balanced_accuracy_score,aic_rep,aic_rep_avg,bic_rep,bic_rep_avg,ebic_rep,ebic_rep_avg,aic_cls,aic_cls_avg,bic_cls,bic_cls_avg,ebic_cls,ebic_cls_avg,aic_pr,aic_pr_avg,bic_pr,bic_pr_avg,ebic_pr,ebic_pr_avg
20520.387088775635,7,0.3693800539083558,0.3685963627213067,0.3693800539083558,0.3693754935980309,44112.77417755127,2.378047125474462,56136.92788205392,3.0262494815123406,78675.99808096372,4.241293697086993,50262.77417755127,2.7095835136146236,86358.71996626334,4.655456601954897,164157.3566632736,8.849453189394803,41133.39328765869,2.2174336004128676,41495.91490741973,2.236976544874379,41851.141460187224,2.256126224268853
