loss,layer_idx,accuracy_score,f1_macro,f1_micro,balanced_accuracy_score,aic,aic_avg,bic,bic_avg,ebic,ebic_avg
13292.640274047852,31,0.6692722371967655,0.6570003708039432,0.6692722371967655,0.6692449904987828,30681.280548095703,1.6539773880375042,46713.48548743257,2.518247196088009,77943.92485474146,4.201828833139701
