loss,layer_idx,accuracy_score,f1_macro,f1_micro,balanced_accuracy_score,aic_rep,aic_rep_avg,bic_rep,bic_rep_avg,ebic_rep,ebic_rep_avg,aic_cls,aic_cls_avg,bic_cls,bic_cls_avg,ebic_cls,ebic_cls_avg,aic_pr,aic_pr_avg,bic_pr,bic_pr_avg,ebic_pr,ebic_pr_avg
13768.188953399658,30,0.6649595687331536,0.652426511936779,0.6649595687331536,0.6649325428231386,30608.377906799316,1.6500473265120925,42632.531611301965,2.298249682549971,65171.60181021177,3.5132938981246236,36758.37790679932,1.9815837146522544,72854.32369551138,3.9274568029925274,150652.96039252164,8.121453390432434,27586.198455810547,1.4871266013914042,27781.201691147053,1.4976389051831296,27941.388720639967,1.5062743245628014
