loss,layer_idx,accuracy_score,f1_macro,f1_micro,balanced_accuracy_score,aic_rep,aic_rep_avg,bic_rep,bic_rep_avg,ebic_rep,ebic_rep_avg,aic_cls,aic_cls_avg,bic_cls,bic_cls_avg,ebic_cls,ebic_cls_avg,aic_pr,aic_pr_avg,bic_pr,bic_pr_avg,ebic_pr,ebic_pr_avg
15261.461711883545,7,0.6267385444743935,0.6259189950351832,0.6267385444743935,0.6267296770144206,32570.92342376709,1.7558449285049644,40587.02589343552,2.1879798325302167,54782.680151303204,2.953244213008259,36672.92342376709,1.9769770039766625,60744.7155079765,3.2746477362790567,110135.7356164563,5.937236421372307,30550.160787582397,1.6469089373359782,30656.770894685495,1.6526561129210509,30727.899705936183,1.656490550185239
