loss,layer_idx,accuracy_score,f1_macro,f1_micro,balanced_accuracy_score,aic_rep,aic_rep_avg,bic_rep,bic_rep_avg,ebic_rep,ebic_rep_avg,aic_cls,aic_cls_avg,bic_cls,bic_cls_avg,ebic_cls,ebic_cls_avg,aic_pr,aic_pr_avg,bic_pr,bic_pr_avg,ebic_pr,ebic_pr_avg
19204.470291137695,17,0.46140161725067386,0.46059348106036424,0.46140161725067386,0.4613974776050711,40456.94058227539,2.180967147292474,48473.04305194382,2.613102051317726,62668.697309811505,3.3783664317957687,44558.94058227539,2.402099222764172,68630.73266648481,3.6997699550665666,118021.75277496461,6.362358640159817,38524.42614746094,2.0767884715612364,38976.44964565182,2.101156315129478,39444.85890464625,2.126407488121092
