loss,layer_idx,accuracy_score,f1_macro,f1_micro,balanced_accuracy_score,aic,aic_avg,bic,bic_avg,ebic,ebic_avg
19515.8918800354,21,0.4510512129380054,0.4500583497211199,0.4510512129380054,0.4510431493789994,45181.7837600708,2.4356756743973476,69253.57584428022,3.7333464066997424,118644.59595276002,6.395935091792993
