loss,layer_idx,accuracy_score,f1_macro,f1_micro,balanced_accuracy_score,aic_rep,aic_rep_avg,bic_rep,bic_rep_avg,ebic_rep,ebic_rep_avg,aic_cls,aic_cls_avg,bic_cls,bic_cls_avg,ebic_cls,ebic_cls_avg,aic_pr,aic_pr_avg,bic_pr,bic_pr_avg,ebic_pr,ebic_pr_avg
19534.465351104736,23,0.4362264150943396,0.43370985724636824,0.4362264150943396,0.43621738625778433,41116.93070220947,2.216546129499163,49133.033171877905,2.6486810335244155,63328.68742974559,3.4139454140024577,45218.93070220947,2.437678204970861,69290.72278641889,3.7353489372732556,118681.74289489869,6.3979376223665065,39084.01786327362,2.106955140877284,39143.070709497544,2.1101385827222394,39173.557288764285,2.111782064084328
