loss,layer_idx,accuracy_score,f1_macro,f1_micro,balanced_accuracy_score,aic,aic_avg,bic,bic_avg,ebic,ebic_avg
19844.54550552368,0,0.4444743935309973,0.4427376146027013,0.4444743935309973,0.44446573109567494,45839.09101104736,2.4711100275497233,69910.88309525678,3.7687807598521177,119301.90320373658,6.431369444945369
