loss,layer_idx,accuracy_score,f1_macro,f1_micro,balanced_accuracy_score,aic,aic_avg,bic,bic_avg,ebic,ebic_avg
17832.155612945557,5,0.5302964959568733,0.5285761460762742,0.5302964959568733,0.5302864636847869,37200.31122589111,2.005407613255586,43212.38807814244,2.329508791274525,53417.24910825727,2.879636070525998
