loss,layer_idx,accuracy_score,f1_macro,f1_micro,balanced_accuracy_score,aic,aic_avg,bic,bic_avg,ebic,ebic_avg
19439.7296333313,22,0.4484636118598383,0.44831212608344934,0.4484636118598383,0.4484587569330425,45029.4592666626,2.4274641114103828,69101.25135087201,3.725134843712777,118492.27145935182,6.387723528806028
