loss,layer_idx,accuracy_score,f1_macro,f1_micro,balanced_accuracy_score,aic_rep,aic_rep_avg,bic_rep,bic_rep_avg,ebic_rep,ebic_rep_avg,aic_cls,aic_cls_avg,bic_cls,bic_cls_avg,ebic_cls,ebic_cls_avg,aic_pr,aic_pr_avg,bic_pr,bic_pr_avg,ebic_pr,ebic_pr_avg
15834.709293365479,5,0.6088948787061995,0.6078047654555226,0.6088948787061995,0.6088855806805469,33717.41858673096,1.817650597667437,41733.52105639939,2.2497855016926893,55929.17531426707,3.0150498821707314,37819.41858673096,2.038782673139135,61891.21067094037,3.3364534054415294,111282.23077942016,5.99904209053478,31693.395822525024,1.7085388583571441,31787.245421677682,1.7135981359394976,31846.803862771212,1.7168088335725722
