loss,layer_idx,accuracy_score,f1_macro,f1_micro,balanced_accuracy_score,aic,aic_avg,bic,bic_avg,ebic,ebic_avg
17126.966751098633,1,0.5631805929919137,0.5613691568678706,0.5631805929919137,0.5631718112468573,35789.933502197266,1.9293764691211464,41802.01035444859,2.2534776471400857,52006.87138456342,2.803604926391559
