loss,layer_idx,accuracy_score,f1_macro,f1_micro,balanced_accuracy_score,aic,aic_avg,bic,bic_avg,ebic,ebic_avg
17434.31818008423,12,0.5416172506738545,0.5395241849858855,0.5416172506738545,0.5416066606315347,41018.63636016846,2.211247243135766,65090.42844437787,3.50891797543816,114481.44855285766,6.17150666053141
