loss,layer_idx,accuracy_score,f1_macro,f1_micro,balanced_accuracy_score,aic_rep,aic_rep_avg,bic_rep,bic_rep_avg,ebic_rep,ebic_rep_avg,aic_cls,aic_cls_avg,bic_cls,bic_cls_avg,ebic_cls,ebic_cls_avg,aic_pr,aic_pr_avg,bic_pr,bic_pr_avg,ebic_pr,ebic_pr_avg
19543.69556427002,16,0.45110512129380054,0.4500160849320412,0.45110512129380054,0.4510981505515672,41135.39112854004,2.217541300729921,49151.49359820847,2.6496762047551736,63347.14785607615,3.4149405852332158,45237.39112854004,2.4386733762016193,69309.18321274946,3.7363441085040137,118700.20332122926,6.398932793597265,39202.10045623779,2.1133207793120103,39651.085673548325,2.1375248341535484,40115.572870749995,2.1625645752425875
