loss,layer_idx,accuracy_score,f1_macro,f1_micro,balanced_accuracy_score,aic_rep,aic_rep_avg,bic_rep,bic_rep_avg,ebic_rep,ebic_rep_avg,aic_cls,aic_cls_avg,bic_cls,bic_cls_avg,ebic_cls,ebic_cls_avg,aic_pr,aic_pr_avg,bic_pr,bic_pr_avg,ebic_pr,ebic_pr_avg
17334.58006286621,11,0.5459838274932615,0.5443596207871101,0.5459838274932615,0.5459723133095583,36717.16012573242,1.9793617318454135,44733.262595400854,2.411496635870666,58928.916853268536,3.176761016348708,40819.16012573242,2.2004938073171116,64890.95220994183,3.4981645396195056,114281.97231842163,6.1607532247127565,34705.31642913818,1.870906546045185,34846.836269482425,1.878535647950535,34951.498069317386,1.8841777934941988
