loss,layer_idx,accuracy_score,f1_macro,f1_micro,balanced_accuracy_score,aic_rep,aic_rep_avg,bic_rep,bic_rep_avg,ebic_rep,ebic_rep_avg,aic_cls,aic_cls_avg,bic_cls,bic_cls_avg,ebic_cls,ebic_cls_avg,aic_pr,aic_pr_avg,bic_pr,bic_pr_avg,ebic_pr,ebic_pr_avg
15168.773120880127,2,0.6350943396226415,0.6340141649682312,0.6350943396226415,0.6350866291138052,32385.546241760254,1.745851549421038,40401.64871142869,2.1779864534462905,54597.30296929637,2.9432508339243326,36487.546241760254,1.9669836248927361,60559.338325969664,3.26465435719513,109950.35843444946,5.927243042288381,30363.064226150513,1.6368228693342595,30462.944488695295,1.6422072500644365,30527.919306256164,1.6457099356472327
