loss,layer_idx,accuracy_score,f1_macro,f1_micro,balanced_accuracy_score,aic,aic_avg,bic,bic_avg,ebic,ebic_avg
19810.32650756836,11,0.4201078167115903,0.418723123360073,0.4201078167115903,0.42010106613686965,44234.65301513672,2.3846174132149174,62294.368247094804,3.358186967498372,98023.8150803085,5.284302699747089
