loss,layer_idx,accuracy_score,f1_macro,f1_micro,balanced_accuracy_score,aic,aic_avg,bic,bic_avg,ebic,ebic_avg
19810.32650756836,11,0.4201078167115903,0.418723123360073,0.4201078167115903,0.42010106613686965,41156.65301513672,2.218687494077451,47168.72986738804,2.5427886720963904,57373.59089750287,3.0929159513478637
