loss,layer_idx,accuracy_score,f1_macro,f1_micro,balanced_accuracy_score,aic_rep,aic_rep_avg,bic_rep,bic_rep_avg,ebic_rep,ebic_rep_avg,aic_cls,aic_cls_avg,bic_cls,bic_cls_avg,ebic_cls,ebic_cls_avg,aic_pr,aic_pr_avg,bic_pr,bic_pr_avg,ebic_pr,ebic_pr_avg
19454.23433303833,18,0.4478167115902965,0.4460375425302885,0.4478167115902965,0.4478078806600811,40956.46866607666,2.207895884963701,48972.57113574509,2.6400307889889536,63168.225393612774,3.4052951694669957,45058.46866607666,2.4290279604353993,69130.26075028608,3.726698692737794,118521.28085876588,6.389287377831045,39015.423278808594,2.103257319612323,39434.05566907367,2.125825103454106,39859.65559739019,2.148768495816183
