loss,layer_idx,accuracy_score,f1_macro,f1_micro,balanced_accuracy_score,aic,aic_avg,bic,bic_avg,ebic,ebic_avg
19737.519660949707,0,0.44183288409703503,0.43941747834892575,0.44183288409703503,0.44182318110041136,44089.039321899414,2.376767618431235,62148.7545538575,3.35033717271469,97878.2013870712,5.276452904963407
