loss,layer_idx,accuracy_score,f1_macro,f1_micro,balanced_accuracy_score,aic_rep,aic_rep_avg,bic_rep,bic_rep_avg,ebic_rep,ebic_rep_avg,aic_cls,aic_cls_avg,bic_cls,bic_cls_avg,ebic_cls,ebic_cls_avg,aic_pr,aic_pr_avg,bic_pr,bic_pr_avg,ebic_pr,ebic_pr_avg
16391.776416778564,3,0.5921832884097035,0.5909791718411718,0.5921832884097035,0.5921740132468772,34319.55283355713,1.850110664881786,40331.62968580845,2.1742118429007253,50536.49071592328,2.7243391221521986,37397.55283355713,2.0160405840192523,55457.268065515214,2.989610138302707,91186.71489872891,4.915725870551424,32814.441551208496,1.768972590361644,32935.34346812745,1.7754902139152264,33019.89342181214,1.7800481629009242
