loss,layer_idx,accuracy_score,f1_macro,f1_micro,balanced_accuracy_score,aic,aic_avg,bic,bic_avg,ebic,ebic_avg
19454.23433303833,18,0.4478167115902965,0.4460375425302885,0.4478167115902965,0.4478078806600811,40956.46866607666,2.207895884963701,48972.57113574509,2.6400307889889536,63168.225393612774,3.4052951694669957
