loss,layer_idx,accuracy_score,f1_macro,f1_micro,balanced_accuracy_score,aic_rep,aic_rep_avg,bic_rep,bic_rep_avg,ebic_rep,ebic_rep_avg,aic_cls,aic_cls_avg,bic_cls,bic_cls_avg,ebic_cls,ebic_cls_avg,aic_pr,aic_pr_avg,bic_pr,bic_pr_avg,ebic_pr,ebic_pr_avg
19131.093280792236,14,0.46652291105121296,0.46539317363164096,0.46652291105121296,0.46651565583788795,40310.18656158447,2.1730558793306995,48326.289031252905,2.6051907833559516,62521.94328912059,3.370455163833994,44412.18656158447,2.3941879548023977,68483.97864579389,3.691858687104792,117874.99875427369,6.354447372198043,38342.9543838501,2.0670056271617305,38659.0887293253,2.084047909936674,38957.80298672078,2.100151104405433
