loss,layer_idx,accuracy_score,f1_macro,f1_micro,balanced_accuracy_score,aic_rep,aic_rep_avg,bic_rep,bic_rep_avg,ebic_rep,ebic_rep_avg,aic_cls,aic_cls_avg,bic_cls,bic_cls_avg,ebic_cls,ebic_cls_avg,aic_pr,aic_pr_avg,bic_pr,bic_pr_avg,ebic_pr,ebic_pr_avg
15943.777774810791,8,0.6058760107816712,0.6040126164999008,0.6058760107816712,0.6058652071580625,33935.55554962158,1.829410002675018,41951.658019290015,2.26154490670027,56147.3122771577,3.0268092871783123,38037.55554962158,2.050542078146716,62109.34763383099,3.3482128104491102,111500.36774231079,6.010801495542361,31916.31413459778,1.720556018037616,32028.878472513723,1.726624176415834,32105.542795661233,1.7307570240248644
