loss,layer_idx,accuracy_score,f1_macro,f1_micro,balanced_accuracy_score,aic,aic_avg,bic,bic_avg,ebic,ebic_avg
16391.776416778564,3,0.5921832884097035,0.5909791718411718,0.5921832884097035,0.5921740132468772,34319.55283355713,1.850110664881786,40331.62968580845,2.1742118429007253,50536.49071592328,2.7243391221521986
