loss,layer_idx,accuracy_score,f1_macro,f1_micro,balanced_accuracy_score,aic,aic_avg,bic,bic_avg,ebic,ebic_avg
19534.465351104736,23,0.4362264150943396,0.43370985724636824,0.4362264150943396,0.43621738625778433,45218.93070220947,2.437678204970861,69290.72278641889,3.7353489372732556,118681.74289489869,6.3979376223665065
