loss,layer_idx,accuracy_score,f1_macro,f1_micro,balanced_accuracy_score,aic_rep,aic_rep_avg,bic_rep,bic_rep_avg,ebic_rep,ebic_rep_avg,aic_cls,aic_cls_avg,bic_cls,bic_cls_avg,ebic_cls,ebic_cls_avg,aic_pr,aic_pr_avg,bic_pr,bic_pr_avg,ebic_pr,ebic_pr_avg
17434.31818008423,12,0.5416172506738545,0.5395241849858855,0.5416172506738545,0.5416066606315347,36916.63636016846,1.9901151676640678,44932.73882983689,2.4222500716893203,59128.39308770457,3.1875144521673624,41018.63636016846,2.211247243135766,65090.42844437787,3.50891797543816,114481.44855285766,6.17150666053141,34907.12892913818,1.8817859260990935,35057.793175809136,1.889907987914239,35171.627945489745,1.8960446331800402
