loss,layer_idx,accuracy_score,f1_macro,f1_micro,balanced_accuracy_score,aic_rep,aic_rep_avg,bic_rep,bic_rep_avg,ebic_rep,ebic_rep_avg,aic_cls,aic_cls_avg,bic_cls,bic_cls_avg,ebic_cls,ebic_cls_avg,aic_pr,aic_pr_avg,bic_pr,bic_pr_avg,ebic_pr,ebic_pr_avg
19810.32650756836,11,0.4201078167115903,0.418723123360073,0.4201078167115903,0.42010106613686965,41156.65301513672,2.218687494077451,47168.72986738804,2.5427886720963904,57373.59089750287,3.0929159513478637,44234.65301513672,2.3846174132149174,62294.368247094804,3.358186967498372,98023.8150803085,5.284302699747089,39634.93318748474,2.136654080187857,39690.82738906007,2.139667244693265,39718.898278362125,2.1411805001812465
