loss,layer_idx,accuracy_score,f1_macro,f1_micro,balanced_accuracy_score,aic,aic_avg,bic,bic_avg,ebic,ebic_avg
18721.188457489014,7,0.4867385444743935,0.48229419718074545,0.4867385444743935,0.4867252908714516,42056.37691497803,2.267190130187495,60116.09214693611,3.2407596844709494,95845.53898014981,5.166875416719666
