loss,layer_idx,accuracy_score,f1_macro,f1_micro,balanced_accuracy_score,aic_rep,aic_rep_avg,bic_rep,bic_rep_avg,ebic_rep,ebic_rep_avg,aic_cls,aic_cls_avg,bic_cls,bic_cls_avg,ebic_cls,ebic_cls_avg,aic_pr,aic_pr_avg,bic_pr,bic_pr_avg,ebic_pr,ebic_pr_avg
18458.850093841553,13,0.49703504043126684,0.4952932244439581,0.49703504043126684,0.4970270070056915,38965.700187683105,2.100576829524696,46981.80265735154,2.5327117335499483,61177.45691521922,3.2979761140279904,43067.700187683105,2.321708904996394,67139.49227189252,3.6193796372987883,116530.51238037233,6.281968322392039,36976.391902923584,1.9933364907236433,37206.11788118934,2.0057206404953822,37404.44606964344,2.016412187042773
