loss,layer_idx,accuracy_score,f1_macro,f1_micro,balanced_accuracy_score,aic,aic_avg,bic,bic_avg,ebic,ebic_avg
19441.353046417236,19,0.44506738544474395,0.4429521485938981,0.44506738544474395,0.44505736862950757,45032.70609283447,2.427639142470861,69104.49817704389,3.7253098747732554,118495.51828552369,6.387898559866506
