loss,layer_idx,accuracy_score,f1_macro,f1_micro,balanced_accuracy_score,aic,aic_avg,bic,bic_avg,ebic,ebic_avg
15834.709293365479,5,0.6088948787061995,0.6078047654555226,0.6088948787061995,0.6088855806805469,33717.41858673096,1.817650597667437,41733.52105639939,2.2497855016926893,55929.17531426707,3.0150498821707314
