loss,layer_idx,accuracy_score,f1_macro,f1_micro,balanced_accuracy_score,aic_rep,aic_rep_avg,bic_rep,bic_rep_avg,ebic_rep,ebic_rep_avg,aic_cls,aic_cls_avg,bic_cls,bic_cls_avg,ebic_cls,ebic_cls_avg,aic_pr,aic_pr_avg,bic_pr,bic_pr_avg,ebic_pr,ebic_pr_avg
18307.266510009766,6,0.5106199460916442,0.5108126833686355,0.5106199460916442,0.5106148252190387,38150.53302001953,2.0566325078177643,44162.609872270856,2.3807336858367036,54367.470902385685,2.930860965088177,41228.53302001953,2.2225624269552307,59288.24825197762,3.1961319812386857,95017.69508519131,5.122247713487402,36642.71092033386,1.975348297592122,36753.00239313649,1.981293929549137,36827.54394995364,1.9853123423155599
