loss,layer_idx,accuracy_score,f1_macro,f1_micro,balanced_accuracy_score,aic,aic_avg,bic,bic_avg,ebic,ebic_avg
15834.709293365479,5,0.6088948787061995,0.6078047654555226,0.6088948787061995,0.6088855806805469,37819.41858673096,2.038782673139135,61891.21067094037,3.3364534054415294,111282.23077942016,5.99904209053478
