loss,layer_idx,accuracy_score,f1_macro,f1_micro,balanced_accuracy_score,aic_rep,aic_rep_avg,bic_rep,bic_rep_avg,ebic_rep,ebic_rep_avg,aic_cls,aic_cls_avg,bic_cls,bic_cls_avg,ebic_cls,ebic_cls_avg,aic_pr,aic_pr_avg,bic_pr,bic_pr_avg,ebic_pr,ebic_pr_avg
19515.8918800354,21,0.4510512129380054,0.4500583497211199,0.4510512129380054,0.4510431493789994,41079.7837600708,2.2145435989256494,49095.88622973923,2.646678502950902,63291.540487606915,3.411942883428944,45181.7837600708,2.4356756743973476,69253.57584428022,3.7333464066997424,118644.59595276002,6.395935091792993,39081.583683013916,2.1068239182217745,39276.506185598686,2.117331869843595,39436.606272706165,2.125962602302219
