loss,layer_idx,accuracy_score,f1_macro,f1_micro,balanced_accuracy_score,aic,aic_avg,bic,bic_avg,ebic,ebic_avg
18721.188457489014,7,0.4867385444743935,0.48229419718074545,0.4867385444743935,0.4867252908714516,38978.37691497803,2.1012602110500285,44990.45376722935,2.425361389068968,55195.31479734418,2.975488668320441
