loss,layer_idx,accuracy_score,f1_macro,f1_micro,balanced_accuracy_score,aic,aic_avg,bic,bic_avg,ebic,ebic_avg
19534.465351104736,23,0.4362264150943396,0.43370985724636824,0.4362264150943396,0.43621738625778433,41116.93070220947,2.216546129499163,49133.033171877905,2.6486810335244155,63328.68742974559,3.4139454140024577
