loss,layer_idx,accuracy_score,f1_macro,f1_micro,balanced_accuracy_score,aic_rep,aic_rep_avg,bic_rep,bic_rep_avg,ebic_rep,ebic_rep_avg,aic_cls,aic_cls_avg,bic_cls,bic_cls_avg,ebic_cls,ebic_cls_avg,aic_pr,aic_pr_avg,bic_pr,bic_pr_avg,ebic_pr,ebic_pr_avg
19949.211849212646,24,0.41590296495956874,0.4098953283948846,0.41590296495956874,0.41588847157286896,41946.42369842529,2.261262733068749,49962.526168093726,2.6933976370940016,64158.18042596141,3.4586620175720437,46048.42369842529,2.4823948085404473,70120.21578263471,3.7800655408428416,119511.23589111451,6.442654225936092,39914.81724739075,2.1517421696706602,39978.98344287347,2.155201263766764,40013.47121892066,2.157060443068499
