loss,layer_idx,accuracy_score,f1_macro,f1_micro,balanced_accuracy_score,aic,aic_avg,bic,bic_avg,ebic,ebic_avg
19286.966903686523,15,0.4548787061994609,0.45427784376276076,0.4548787061994609,0.4548736130950363,44723.93380737305,2.4109937362465255,68795.72589158246,3.70866446854892,118186.74600006227,6.37125315364217
