loss,layer_idx,accuracy_score,f1_macro,f1_micro,balanced_accuracy_score,aic,aic_avg,bic,bic_avg,ebic,ebic_avg
43.507180768297985,15,0.9924643257976591,0.9903653238793073,0.9924643257976591,0.9918325640115203,9687.014361536596,1.55315285578589,42030.63632886198,6.738918763646302,123403.79981906342,19.785762356752194
