loss,layer_idx,accuracy_score,f1_macro,f1_micro,balanced_accuracy_score,aic,aic_avg,bic,bic_avg,ebic,ebic_avg
3.6421815181935244,42,0.9993586660253327,0.9995518204525945,0.9993586660253327,0.9995518207282913,9607.284363036388,1.5403694665763008,41950.90633036177,6.726135374436712,123324.0698205632,19.772978967542603
