loss,layer_idx,accuracy_score,f1_macro,f1_micro,balanced_accuracy_score,aic,aic_avg,bic,bic_avg,ebic,ebic_avg
9.493031040299684,58,0.9985569985569985,0.9986574730788489,0.9985569985569985,0.9987682960508147,9618.9860620806,1.5422456408658969,41962.60802940599,6.728011548726308,123335.77151960743,19.774855141832198
