loss,layer_idx,accuracy_score,f1_macro,f1_micro,balanced_accuracy_score,aic,aic_avg,bic,bic_avg,ebic,ebic_avg
4.9868654262973,54,0.9995189995189995,0.9991595511552015,0.9995189995189995,0.9996638655462184,9609.973730852595,1.5408006623140282,41953.59569817798,6.72656657017444,123326.75918837942,19.77341016328033
