loss,layer_idx,accuracy_score,f1_macro,f1_micro,balanced_accuracy_score,aic,aic_avg,bic,bic_avg,ebic,ebic_avg
1.1637673346938016,46,0.9998396665063332,0.9998880867759272,0.9998396665063332,0.9998882181980774,9602.327534669388,1.5395747209667128,41945.94950199477,6.725340628827124,123319.1129921962,19.772184221933014
