loss,layer_idx,accuracy_score,f1_macro,f1_micro,balanced_accuracy_score,aic,aic_avg,bic,bic_avg,ebic,ebic_avg
14.094509475136874,10,0.9959916626583293,0.9951669023602986,0.9959916626583293,0.996529240804303,9628.189018950274,1.543721183092877,41971.81098627566,6.729487090953288,123344.9744764771,19.77633068405918
