loss,layer_idx,accuracy_score,f1_macro,f1_micro,balanced_accuracy_score,aic,aic_avg,bic,bic_avg,ebic,ebic_avg
2.830900364946501,59,0.9996793330126663,0.9996644346602673,0.9996793330126663,0.9997759103641456,9605.661800729893,1.5401093154930083,41949.28376805528,6.72587522335342,123322.44725825671,19.77271881645931
