loss,layer_idx,accuracy_score,f1_macro,f1_micro,balanced_accuracy_score,aic,aic_avg,bic,bic_avg,ebic,ebic_avg
6.71213893546701,38,0.9985569985569985,0.9983754969151447,0.9985569985569985,0.9989915966386554,9613.424277870934,1.5413539005725403,41957.046245196325,6.727119808432953,123330.20973539776,19.773963401538843
