loss,layer_idx,accuracy_score,f1_macro,f1_micro,balanced_accuracy_score,aic,aic_avg,bic,bic_avg,ebic,ebic_avg
191.23402535915375,11,0.9696969696969697,0.9621518374843098,0.9696969696969697,0.9739829660762516,1918.4680507183075,0.3075946850598537,7093.447565490369,1.1373172303175194,17298.308595605195,2.7734982516602846
