loss,layer_idx,accuracy_score,f1_macro,f1_micro,balanced_accuracy_score,aic,aic_avg,bic,bic_avg,ebic,ebic_avg
227.83131408691406,4,0.9685746352413019,0.9610459050902016,0.9685746352413019,0.9761020860247006,1991.6626281738281,0.3193302273807645,7166.64214294589,1.1490527726384303,17371.503173060715,2.7852337939811953
