loss,layer_idx,accuracy_score,f1_macro,f1_micro,balanced_accuracy_score,aic,aic_avg,bic,bic_avg,ebic,ebic_avg
32.258553207386285,15,0.9956709956709957,0.9942418031284809,0.9956709956709957,0.9969787351560342,2112.5171064147726,0.33870724810241665,9012.489792777522,1.4450039751126378,23208.1440506452,3.7210428171629313
