loss,layer_idx,accuracy_score,f1_macro,f1_micro,balanced_accuracy_score,aic,aic_avg,bic,bic_avg,ebic,ebic_avg
141.7927634716034,5,0.9789963123296457,0.9734700342273994,0.9789963123296457,0.9827640016150302,1819.5855269432068,0.29174050456039874,6994.565041715268,1.1214630498180644,17199.426071830094,2.7576440711608297
