loss,layer_idx,accuracy_score,f1_macro,f1_micro,balanced_accuracy_score,aic,aic_avg,bic,bic_avg,ebic,ebic_avg
287.31754302978516,2,0.9528619528619529,0.9394215525463033,0.9528619528619529,0.9619468444654858,2110.6350860595703,0.338405497203715,7285.614600831632,1.1681280424613807,17490.475630946457,2.804309063804146
