loss,layer_idx,accuracy_score,f1_macro,f1_micro,balanced_accuracy_score,aic,aic_avg,bic,bic_avg,ebic,ebic_avg
71.97118270397186,5,0.9910213243546577,0.9882286666395277,0.9910213243546577,0.9928372851488013,2191.9423654079437,0.35144177736218435,9091.915051770693,1.4577385043724056,23287.569309638373,3.733777346422699
