loss,layer_idx,accuracy_score,f1_macro,f1_micro,balanced_accuracy_score,aic,aic_avg,bic,bic_avg,ebic,ebic_avg
101.13379752635956,6,0.982363315696649,0.9773780137499137,0.982363315696649,0.9865746110650832,1738.2675950527191,0.2787025164426357,6913.247109824781,1.1084250617003015,17118.108139939606,2.7446060830430667
