loss,layer_idx,accuracy_score,f1_macro,f1_micro,balanced_accuracy_score,aic,aic_avg,bic,bic_avg,ebic,ebic_avg
112.29094716906548,10,0.9820426487093153,0.977000993400022,0.9820426487093153,0.9859012900935022,1760.581894338131,0.282280246005793,6935.5614091101925,1.1120027912634587,17140.422439225018,2.7481838126062237
