loss,layer_idx,accuracy_score,f1_macro,f1_micro,balanced_accuracy_score,aic,aic_avg,bic,bic_avg,ebic,ebic_avg
305.96107399463654,8,0.9493346160012827,0.9381490934439398,0.9493346160012827,0.9584073541513298,2659.922147989273,0.426474610868891,9559.894834352022,1.5327713378791121,23755.549092219702,3.8088101799294054
