loss,layer_idx,accuracy_score,f1_macro,f1_micro,balanced_accuracy_score,aic,aic_avg,bic,bic_avg,ebic,ebic_avg
502.1883749961853,41,0.9139009139009139,0.886144972165846,0.9139009139009139,0.9280473495961167,5100.376749992371,0.8177612233433335,18900.32212271787,3.0303546773637757,50130.761490026765,8.037640129874422
