loss,layer_idx,accuracy_score,f1_macro,f1_micro,balanced_accuracy_score,aic,aic_avg,bic,bic_avg,ebic,ebic_avg
2382.7050018310547,1,0.5481802148468815,0.4995373325072044,0.5481802148468815,0.5282517745885689,8861.41000366211,1.4207808247013163,22661.355376387608,3.6333742787217584,53891.794743696504,8.640659731232404
