loss,layer_idx,accuracy_score,f1_macro,f1_micro,balanced_accuracy_score,aic,aic_avg,bic,bic_avg,ebic,ebic_avg
746.5974888801575,20,0.8741382074715408,0.8453395051364134,0.8741382074715408,0.8906717009049149,5589.194977760315,0.8961351575693948,19389.140350485814,3.108728611589837,50619.57971779471,8.116014064100483
