loss,layer_idx,accuracy_score,f1_macro,f1_micro,balanced_accuracy_score,aic,aic_avg,bic,bic_avg,ebic,ebic_avg
339.3188819885254,7,0.9424402757736091,0.9288593392055086,0.9424402757736091,0.9504010966088563,2726.637763977051,0.4371713586623458,9626.6104503398,1.5434680856725669,23822.26470820748,3.8195069277228604
