loss,layer_idx,accuracy_score,f1_macro,f1_micro,balanced_accuracy_score,aic,aic_avg,bic,bic_avg,ebic,ebic_avg
94.97888225317001,32,0.9881353214686548,0.9863483827314956,0.9881353214686548,0.9914935363816888,3261.95776450634,0.5230010845769344,13611.916794050463,2.182446175092266,36150.986992960265,5.79621404408534
