loss,layer_idx,accuracy_score,f1_macro,f1_micro,balanced_accuracy_score,aic,aic_avg,bic,bic_avg,ebic,ebic_avg
895.9922642707825,10,0.8385441718775052,0.8086984836007028,0.8385441718775052,0.8466769298869282,5887.984528541565,0.9440411301172944,19687.929901267064,3.156634584137737,50918.36926857596,8.163920036648383
