loss,layer_idx,accuracy_score,f1_macro,f1_micro,balanced_accuracy_score,aic,aic_avg,bic,bic_avg,ebic,ebic_avg
1377.0187301635742,2,0.7726471059804393,0.726288674411348,0.7726471059804393,0.7592683118597553,4802.037460327148,0.7699274427332289,11702.010146689898,1.87622416974345,25897.664404557578,4.152263011793743
