loss,layer_idx,accuracy_score,f1_macro,f1_micro,balanced_accuracy_score,aic,aic_avg,bic,bic_avg,ebic,ebic_avg
125.55223000049591,26,0.9844476511143178,0.9810267992662541,0.9844476511143178,0.9873544535184966,3323.104460000992,0.5328049478917736,13673.063489545115,2.192250038407105,36212.13368845492,5.806017907400179
