loss,layer_idx,accuracy_score,f1_macro,f1_micro,balanced_accuracy_score,aic,aic_avg,bic,bic_avg,ebic,ebic_avg
1144.4891090393066,8,0.7934904601571269,0.7580361500046735,0.7934904601571269,0.794140003419208,5360.978218078613,0.8595443671763049,15710.937247622736,2.5189894576916365,38250.00744653254,6.13275732668471
