loss,layer_idx,accuracy_score,f1_macro,f1_micro,balanced_accuracy_score,aic,aic_avg,bic,bic_avg,ebic,ebic_avg
585.2455728054047,42,0.8993105659772327,0.8683511117767176,0.8993105659772327,0.9155038197478572,5266.491145610809,0.8443949247411912,19066.436518336308,3.0569883787616337,50296.875885645204,8.06427383127228
