loss,layer_idx,accuracy_score,f1_macro,f1_micro,balanced_accuracy_score,aic,aic_avg,bic,bic_avg,ebic,ebic_avg
165.08007341623306,36,0.9783549783549783,0.9736520619436899,0.9783549783549783,0.982258501642591,3402.160146832466,0.5454802223556944,13752.11917637659,2.204925312871026,36291.18937528639,5.8186931818640995
