loss,layer_idx,accuracy_score,f1_macro,f1_micro,balanced_accuracy_score,aic,aic_avg,bic,bic_avg,ebic,ebic_avg
2049.446806907654,1,0.6145582812249479,0.5767285914867589,0.6145582812249479,0.6117189410975659,6146.893613815308,0.9855529283013159,13046.866300178057,2.0918496553115373,27242.520558045737,4.367888497361831
