loss,layer_idx,accuracy_score,f1_macro,f1_micro,balanced_accuracy_score,aic,aic_avg,bic,bic_avg,ebic,ebic_avg
1144.4081115722656,45,0.8209074875741542,0.7786364051787152,0.8209074875741542,0.8208376164370452,5360.816223144531,0.8595183939625671,15710.775252688654,2.5189634844778985,38249.845451598456,6.132731353470972
