loss,layer_idx,accuracy_score,f1_macro,f1_micro,balanced_accuracy_score,aic,aic_avg,bic,bic_avg,ebic,ebic_avg
567.105797290802,4,0.8975468975468975,0.8746255221596446,0.8975468975468975,0.9084492884157959,3182.211594581604,0.510215102546353,10082.184280944353,1.6165118295565741,24277.838538812033,3.8925506716068674
