loss,layer_idx,accuracy_score,f1_macro,f1_micro,balanced_accuracy_score,aic,aic_avg,bic,bic_avg,ebic,ebic_avg
298.1711403131485,24,0.9498156164822832,0.9381104900453031,0.9498156164822832,0.9532447752850016,2644.342280626297,0.42397663630371923,9544.314966989046,1.5302733633139405,23739.969224856726,3.8063122053642338
