loss,layer_idx,accuracy_score,f1_macro,f1_micro,balanced_accuracy_score,aic,aic_avg,bic,bic_avg,ebic,ebic_avg
146.2849571108818,29,0.9793169793169794,0.9734930906211394,0.9793169793169794,0.9842195657605766,3364.5699142217636,0.5394532490334718,13714.528943765887,2.1988983395488035,36253.59914267569,5.812666208541877
