loss,layer_idx,accuracy_score,f1_macro,f1_micro,balanced_accuracy_score,aic,aic_avg,bic,bic_avg,ebic,ebic_avg
456.60844254493713,39,0.920314253647587,0.8930883779880957,0.920314253647587,0.9342621715552667,5009.216885089874,0.8031452437213202,18809.162257815373,3.0157386977417624,50039.60162512427,8.023024150252407
