loss,layer_idx,accuracy_score,f1_macro,f1_micro,balanced_accuracy_score,aic,aic_avg,bic,bic_avg,ebic,ebic_avg
410.30739879608154,30,0.9268879268879269,0.901823885826673,0.9268879268879269,0.9390459905868251,4916.614797592163,0.788298027511971,18716.56017031766,3.0008914815324133,49946.99953762656,8.008176934043059
