loss,layer_idx,accuracy_score,f1_macro,f1_micro,balanced_accuracy_score,aic,aic_avg,bic,bic_avg,ebic,ebic_avg
1452.2651567459106,5,0.7348084014750681,0.686176109867774,0.7348084014750681,0.7230507282325577,5976.530313491821,0.9582379851678405,16326.489343035944,2.617683075683172,38865.559541945746,6.231450944676246
