loss,layer_idx,accuracy_score,f1_macro,f1_micro,balanced_accuracy_score,aic,aic_avg,bic,bic_avg,ebic,ebic_avg
348.49260437488556,46,0.9474106140772808,0.9393613135444261,0.9474106140772808,0.9591838109731956,3768.985208749771,0.604294566097446,14118.944238293894,2.2637396566127777,36658.014437203696,5.877507525605852
