loss,layer_idx,accuracy_score,f1_macro,f1_micro,balanced_accuracy_score,aic,aic_avg,bic,bic_avg,ebic,ebic_avg
226.1683035492897,41,0.9716209716209716,0.9663581786591618,0.9716209716209716,0.9759910932707915,3524.3366070985794,0.5650692010740066,13874.295636642702,2.224514291589338,36413.365835552504,5.838282160582412
