loss,layer_idx,accuracy_score,f1_macro,f1_micro,balanced_accuracy_score,aic,aic_avg,bic,bic_avg,ebic,ebic_avg
306.41045224666595,17,0.9621612954946288,0.9556375778764931,0.9621612954946288,0.9673104626927188,3684.820904493332,0.5908002091539734,14034.779934037455,2.250245299669305,36573.85013294726,5.864013168662379
