loss,layer_idx,accuracy_score,f1_macro,f1_micro,balanced_accuracy_score,aic,aic_avg,bic,bic_avg,ebic,ebic_avg
658.4214720726013,43,0.886964886964887,0.8516145286221425,0.886964886964887,0.8995325478108535,5412.842944145203,0.867860019904634,19212.7883168707,3.0804534739250764,50443.2276841796,8.087738926435723
