loss,layer_idx,accuracy_score,f1_macro,f1_micro,balanced_accuracy_score,aic,aic_avg,bic,bic_avg,ebic,ebic_avg
205.14103400707245,40,0.9743466410133077,0.9690847578685151,0.9743466410133077,0.9785647048750576,3482.282068014145,0.5583264498980511,13832.241097558268,2.217771540413383,36371.31129646807,5.8315394094064565
