loss,layer_idx,accuracy_score,f1_macro,f1_micro,balanced_accuracy_score,aic,aic_avg,bic,bic_avg,ebic,ebic_avg
750.20454454422,11,0.8674042007375341,0.8469920899373824,0.8674042007375341,0.8780592160947887,5596.40908908844,0.8972918212423344,19396.35446181394,3.109885275262777,50626.793829122835,8.117170727773422
