loss,layer_idx,accuracy_score,f1_macro,f1_micro,balanced_accuracy_score,aic,aic_avg,bic,bic_avg,ebic,ebic_avg
173.56306767463684,37,0.9788359788359788,0.9744250423047011,0.9788359788359788,0.9821485609527,3419.1261353492737,0.5482004385681054,13769.085164893397,2.207645529083437,36308.1553638032,5.821413398076511
