loss,layer_idx,accuracy_score,f1_macro,f1_micro,balanced_accuracy_score,aic,aic_avg,bic,bic_avg,ebic,ebic_avg
432.46304178237915,47,0.9357062690396024,0.9230679352365836,0.9357062690396024,0.9429400712437607,3936.9260835647583,0.6312211132859962,14286.885113108881,2.2906662038013277,36825.95531201868,5.904434072794402
