loss,layer_idx,accuracy_score,f1_macro,f1_micro,balanced_accuracy_score,aic,aic_avg,bic,bic_avg,ebic,ebic_avg
85.77866821736097,30,0.9876543209876543,0.9854992532345002,0.9876543209876543,0.9913809655317526,3243.557336434722,0.5200508796592468,13593.516365978845,2.179495970174578,36132.58656488865,5.793263839167652
