loss,layer_idx,accuracy_score,f1_macro,f1_micro,balanced_accuracy_score,aic,aic_avg,bic,bic_avg,ebic,ebic_avg
1059.0587630271912,9,0.7976591309924643,0.7768393973914272,0.7976591309924643,0.827789146224867,3654.1175260543823,0.5858774292214819,8829.097040826444,1.4155999744791476,19033.95807094127,3.051780995821913
