loss,layer_idx,accuracy_score,f1_macro,f1_micro,balanced_accuracy_score,aic,aic_avg,bic,bic_avg,ebic,ebic_avg
1424.9256925582886,12,0.7333654000320667,0.7128295680330694,0.7333654000320667,0.7613072790798469,4385.851385116577,0.7031988752792332,9560.830899888639,1.5329214205368988,19765.691930003464,3.169102441879664
