loss,layer_idx,accuracy_score,f1_macro,f1_micro,balanced_accuracy_score,aic,aic_avg,bic,bic_avg,ebic,ebic_avg
774.2763268947601,8,0.8497675164341831,0.8326827952394386,0.8497675164341831,0.8746696001345298,3084.5526537895203,0.49455710338135644,8259.532168561582,1.3242796486390223,18464.393198676407,2.9604606699817873
