loss,layer_idx,accuracy_score,f1_macro,f1_micro,balanced_accuracy_score,aic,aic_avg,bic,bic_avg,ebic,ebic_avg
534.7559349536896,7,0.8945005611672279,0.879368537730625,0.8945005611672279,0.9091636566723382,2605.511869907379,0.4177508208926374,7780.491384679441,1.2474733661503032,17985.352414794266,2.8836543874930682
