loss,layer_idx,accuracy_score,f1_macro,f1_micro,balanced_accuracy_score,aic_rep,aic_rep_avg,bic_rep,bic_rep_avg,ebic_rep,ebic_rep_avg,aic_cls,aic_cls_avg,bic_cls,bic_cls_avg,ebic_cls,ebic_cls_avg,aic_pr,aic_pr_avg,bic_pr,bic_pr_avg,ebic_pr,ebic_pr_avg
2754.597023010254,0,0.6883182275931521,0.6863818353174409,0.6883182275931521,0.6884240875837514,7429.194046020508,1.8703912502569255,13464.738070178968,3.3899139149493878,26649.24997634578,6.709277436139422,11275.194046020508,2.838669195876261,29400.687193571383,7.401985698280812,75336.02609215441,18.966773940622964,5557.7669105529785,1.3992363823144458,5710.456317982776,1.437677824265553,5865.399763288416,1.4766867480585135
