loss,layer_idx,accuracy_score,f1_macro,f1_micro,balanced_accuracy_score,aic_rep,aic_rep_avg,bic_rep,bic_rep_avg,ebic_rep,ebic_rep_avg,aic_cls,aic_cls_avg,bic_cls,bic_cls_avg,ebic_cls,ebic_cls_avg,aic_pr,aic_pr_avg,bic_pr,bic_pr_avg,ebic_pr,ebic_pr_avg
1061.9008575826883,28,0.9015609264853978,0.9014986225122898,0.9015609264853978,0.9015965360503175,11723.801715165377,2.951611710766711,41901.521835957676,10.549225034229021,123274.68532615912,31.035922791077322,30929.801715165377,7.78695914279088,121481.82315261777,30.584547621504978,397304.7980627336,100.02638420511924,2155.4472821056843,0.542660443631844,2254.925517750309,0.5677053166541564,2342.313200411026,0.5897062438094225
