loss,layer_idx,accuracy_score,f1_macro,f1_micro,balanced_accuracy_score,aic_rep,aic_rep_avg,bic_rep,bic_rep_avg,ebic_rep,ebic_rep_avg,aic_cls,aic_cls_avg,bic_cls,bic_cls_avg,ebic_cls,ebic_cls_avg,aic_pr,aic_pr_avg,bic_pr,bic_pr_avg,ebic_pr,ebic_pr_avg
785.427800104022,48,0.9272406847935549,0.9273341535474643,0.9272406847935549,0.9272632129774987,11170.855600208044,2.8124007049869193,41348.57572100034,10.41001402844923,122721.73921120178,30.89671178529753,30376.855600208044,7.647748137011089,120928.87703766044,30.445336615725186,396751.8519477763,99.88717319933944,1599.156043857336,0.4026072617969124,1688.1188425805221,0.4250047438520952,1763.1073829481174,0.4438840339748533
