loss,layer_idx,accuracy_score,f1_macro,f1_micro,balanced_accuracy_score,aic_rep,aic_rep_avg,bic_rep,bic_rep_avg,ebic_rep,ebic_rep_avg,aic_cls,aic_cls_avg,bic_cls,bic_cls_avg,ebic_cls,ebic_cls_avg,aic_pr,aic_pr_avg,bic_pr,bic_pr_avg,ebic_pr,ebic_pr_avg
4961.28595161438,6,0.42799597180261834,0.4236769914448721,0.42799597180261834,0.42807094347710595,19522.57190322876,4.915048314005227,49700.29202402106,12.512661637467538,131073.4555142225,32.99935939431584,38728.57190322876,9.750395746029396,129280.59334068115,32.547984224743495,405103.568250797,101.98982080835775,9941.22352027893,2.5028256596875456,9999.85511185604,2.5175868861671806,10041.500175720212,2.5280715447432556
