loss,layer_idx,accuracy_score,f1_macro,f1_micro,balanced_accuracy_score,aic_rep,aic_rep_avg,bic_rep,bic_rep_avg,ebic_rep,ebic_rep_avg,aic_cls,aic_cls_avg,bic_cls,bic_cls_avg,ebic_cls,ebic_cls_avg,aic_pr,aic_pr_avg,bic_pr,bic_pr_avg,ebic_pr,ebic_pr_avg
5420.6080050468445,2,0.3423967774420947,0.34064484851258786,0.3423967774420947,0.3424241491468383,20441.21601009369,5.146328300627817,50618.93613088599,12.743941624090128,131992.09962108743,33.23063938093843,39647.21601009369,9.981675732651986,130199.23744754608,32.77926421136608,406022.2123576619,102.22110079498034,10857.22831439972,2.733441166767301,10907.563193341004,2.746113593489679,10940.872152226308,2.754499534800178
