loss,layer_idx,accuracy_score,f1_macro,f1_micro,balanced_accuracy_score,aic,aic_avg,bic,bic_avg,ebic,ebic_avg
785.427800104022,48,0.9272406847935549,0.9273341535474643,0.9272406847935549,0.9272632129774987,30376.855600208044,7.647748137011089,120928.87703766044,30.445336615725186,396751.8519477763,99.88717319933944
