loss,layer_idx,accuracy_score,f1_macro,f1_micro,balanced_accuracy_score,aic,aic_avg,bic,bic_avg,ebic,ebic_avg
672.3267742032185,57,0.9358006042296072,0.9357548336430493,0.9358006042296072,0.935824472239038,10944.653548406437,2.7554515479371693,41122.373669198736,10.35306487139948,122495.53715940018,30.83976262824778
