loss,layer_idx,accuracy_score,f1_macro,f1_micro,balanced_accuracy_score,aic_rep,aic_rep_avg,bic_rep,bic_rep_avg,ebic_rep,ebic_rep_avg,aic_cls,aic_cls_avg,bic_cls,bic_cls_avg,ebic_cls,ebic_cls_avg,aic_pr,aic_pr_avg,bic_pr,bic_pr_avg,ebic_pr,ebic_pr_avg
1637.5117296651006,69,0.837865055387714,0.838142563487354,0.837865055387714,0.837906102611985,12875.023459330201,3.2414459867397283,43052.7435801225,10.839059310202039,124425.90707032394,31.325757067050336,32081.0234593302,8.076793418763897,122633.0448967826,30.874381897477996,398456.01980689843,100.31621848109225,3303.378342524171,0.8316662493766794,3392.512272637231,0.8541068158704006,3467.699558138617,0.8730361425323808
