loss,layer_idx,accuracy_score,f1_macro,f1_micro,balanced_accuracy_score,aic_rep,aic_rep_avg,bic_rep,bic_rep_avg,ebic_rep,ebic_rep_avg,aic_cls,aic_cls_avg,bic_cls,bic_cls_avg,ebic_cls,ebic_cls_avg,aic_pr,aic_pr_avg,bic_pr,bic_pr_avg,ebic_pr,ebic_pr_avg
1081.382625721395,29,0.9055891238670695,0.90568670819872,0.9055891238670695,0.9056197977766605,11762.76525144279,2.9614212616925455,41940.48537223509,10.559034585154857,123313.64886243653,31.045732342003156,30968.76525144279,7.796768693716714,121520.78668889518,30.59435717243081,397343.761599011,100.03619375604507,2195.4621203392744,0.5527346727943793,2298.2451368376437,0.5786115651655699,2389.6045121285656,0.6016124149366983
