loss,layer_idx,accuracy_score,f1_macro,f1_micro,balanced_accuracy_score,aic,aic_avg,bic,bic_avg,ebic,ebic_avg
660.5762584656477,40,0.9403323262839879,0.9401793948580793,0.9403323262839879,0.9403681700600469,30127.152516931295,7.584882305370416,120679.17395438369,30.382470784084514,396502.1488644995,99.82430736769878
