loss,layer_idx,accuracy_score,f1_macro,f1_micro,balanced_accuracy_score,aic_rep,aic_rep_avg,bic_rep,bic_rep_avg,ebic_rep,ebic_rep_avg,aic_cls,aic_cls_avg,bic_cls,bic_cls_avg,ebic_cls,ebic_cls_avg,aic_pr,aic_pr_avg,bic_pr,bic_pr_avg,ebic_pr,ebic_pr_avg
604.9052443456458,56,0.9483887210473313,0.9483911337262693,0.9483887210473313,0.9484101332840829,10809.810488691292,2.7215031441820976,40987.53060948359,10.319116467644408,122360.69409968503,30.805814224492707,30015.81048869129,7.5568505762062665,120567.83192614368,30.354439054920363,396390.8068362595,99.79627563853461,1252.28687190052,0.3152786686557201,1385.8119140079805,0.3488952452185248,1515.6112948017833,0.3815738405845376
