loss,layer_idx,accuracy_score,f1_macro,f1_micro,balanced_accuracy_score,aic,aic_avg,bic,bic_avg,ebic,ebic_avg
1900.511447250843,20,0.8051359516616314,0.8050559493995285,0.8051359516616314,0.8051990026779943,32607.022894501686,8.209220265483808,123159.04433195408,31.006808744197905,398982.0192420699,100.44864532781216
