loss,layer_idx,accuracy_score,f1_macro,f1_micro,balanced_accuracy_score,aic,aic_avg,bic,bic_avg,ebic,ebic_avg
720.0990009121597,34,0.9352970795568983,0.9354486596777281,0.9352970795568983,0.9353137266302533,11040.19800182432,2.7795060427553673,41217.91812261662,10.377119366217679,122591.08161281806,30.863817123065978
