loss,layer_idx,accuracy_score,f1_macro,f1_micro,balanced_accuracy_score,aic,aic_avg,bic,bic_avg,ebic,ebic_avg
610.8791930144653,54,0.9431017119838873,0.9431100075357778,0.9431017119838873,0.943122548164565,30027.75838602893,7.559858606754514,120579.77982348132,30.35744708546861,396402.75473359716,99.79928366908287
