loss,layer_idx,accuracy_score,f1_macro,f1_micro,balanced_accuracy_score,aic,aic_avg,bic,bic_avg,ebic,ebic_avg
1081.382625721395,29,0.9055891238670695,0.90568670819872,0.9055891238670695,0.9056197977766605,30968.76525144279,7.796768693716714,121520.78668889518,30.59435717243081,397343.761599011,100.03619375604507
