loss,layer_idx,accuracy_score,f1_macro,f1_micro,balanced_accuracy_score,aic_rep,aic_rep_avg,bic_rep,bic_rep_avg,ebic_rep,ebic_rep_avg,aic_cls,aic_cls_avg,bic_cls,bic_cls_avg,ebic_cls,ebic_cls_avg,aic_pr,aic_pr_avg,bic_pr,bic_pr_avg,ebic_pr,ebic_pr_avg
894.528200276196,61,0.9103726082578046,0.9100994388329661,0.9103726082578046,0.9104080378590181,11389.056400552392,2.8673354482760303,41566.77652134469,10.46494877173834,122939.94001154613,30.95164652858664,30595.056400552392,7.702682880300199,121147.07783800479,30.500271359014295,396970.0527481206,99.94210794262855,1829.8715899139643,0.4606927467054291,1958.174648375492,0.49299462446512893,2081.269465684637,0.5239852632640073
