loss,layer_idx,accuracy_score,f1_macro,f1_micro,balanced_accuracy_score,aic_rep,aic_rep_avg,bic_rep,bic_rep_avg,ebic_rep,ebic_rep_avg,aic_cls,aic_cls_avg,bic_cls,bic_cls_avg,ebic_cls,ebic_cls_avg,aic_pr,aic_pr_avg,bic_pr,bic_pr_avg,ebic_pr,ebic_pr_avg
656.1491564512253,52,0.9380664652567976,0.9380764758058503,0.9380664652567976,0.9380880557351144,10912.29831290245,2.7473057182533864,41090.01843369475,10.344919041715697,122463.18192389619,30.831616798563996,30118.29831290245,7.582653150277555,120670.31975035484,30.38024162899165,396493.2946604707,99.82207821260592,1346.4719541072845,0.338990925001834,1453.897222835186,0.3660365616402785,1550.892520891449,0.39045632449432255
