loss,layer_idx,accuracy_score,f1_macro,f1_micro,balanced_accuracy_score,aic,aic_avg,bic,bic_avg,ebic,ebic_avg
2126.649036824703,70,0.7842396777442094,0.7845013043186513,0.7842396777442094,0.7842949145470154,33059.29807364941,8.32308612126118,123611.3195111018,31.120674599975278,399434.29442121764,100.56251118358954
