loss,layer_idx,accuracy_score,f1_macro,f1_micro,balanced_accuracy_score,aic,aic_avg,bic,bic_avg,ebic,ebic_avg
5420.6080050468445,2,0.3423967774420947,0.34064484851258786,0.3423967774420947,0.3424241491468383,20441.21601009369,5.146328300627817,50618.93613088599,12.743941624090128,131992.09962108743,33.23063938093843
