loss,layer_idx,accuracy_score,f1_macro,f1_micro,balanced_accuracy_score,aic,aic_avg,bic,bic_avg,ebic,ebic_avg
701.5050202971324,35,0.9380664652567976,0.9380312667899301,0.9380664652567976,0.938091475906602,30209.010040594265,7.605490946775999,120761.03147804666,30.403079425490095,396584.0063881625,99.84491600910435
