loss,layer_idx,accuracy_score,f1_macro,f1_micro,balanced_accuracy_score,aic,aic_avg,bic,bic_avg,ebic,ebic_avg
4248.9782103300095,11,0.56067472306143,0.5611243843942806,0.56067472306143,0.5607291349588269,37303.95642066002,9.391731223731123,127855.97785811241,32.18931970244522,403678.95276822825,101.63115628605948
