loss,layer_idx,accuracy_score,f1_macro,f1_micro,balanced_accuracy_score,aic,aic_avg,bic,bic_avg,ebic,ebic_avg
1863.3279042243958,19,0.8084088620342397,0.8079436062520419,0.8084088620342397,0.8084721067914344,32532.65580844879,8.190497434151256,123084.67724590118,30.988085912865355,398907.652156017,100.42992249647962
