loss,layer_idx,accuracy_score,f1_macro,f1_micro,balanced_accuracy_score,aic,aic_avg,bic,bic_avg,ebic,ebic_avg
1046.5653534112498,64,0.904833836858006,0.9047135054790557,0.904833836858006,0.9048719202780827,30899.1307068225,7.77923733807213,121451.15214427489,30.576825816786226,397274.12705439073,100.01866240040049
