loss,layer_idx,accuracy_score,f1_macro,f1_micro,balanced_accuracy_score,aic_rep,aic_rep_avg,bic_rep,bic_rep_avg,ebic_rep,ebic_rep_avg,aic_cls,aic_cls_avg,bic_cls,bic_cls_avg,ebic_cls,ebic_cls_avg,aic_pr,aic_pr_avg,bic_pr,bic_pr_avg,ebic_pr,ebic_pr_avg
1487.9937543272972,67,0.8464249748237663,0.8453071378860216,0.8464249748237663,0.8464998535026546,12575.987508654594,3.1661599971436543,42753.70762944689,10.763773320605965,124126.87111964833,31.250471077454264,31781.987508654594,8.001507429167823,122334.00894610699,30.79909590788192,398156.9838562228,100.24093249149618,3012.2841814756393,0.7583797032919535,3126.3832266537083,0.7871055454817997,3231.5919959875437,0.8135931510542658
