loss,layer_idx,accuracy_score,f1_macro,f1_micro,balanced_accuracy_score,aic,aic_avg,bic,bic_avg,ebic,ebic_avg
718.784149825573,45,0.9355488418932527,0.935488175010971,0.9355488418932527,0.9355793599491079,11037.568299651146,2.778843982792333,41215.288420443445,10.376457306254643,122588.45191064489,30.86315506310294
