loss,layer_idx,accuracy_score,f1_macro,f1_micro,balanced_accuracy_score,aic,aic_avg,bic,bic_avg,ebic,ebic_avg
1053.713362455368,25,0.9030715005035247,0.9030332031518012,0.9030715005035247,0.9031059717334227,30913.426724910736,7.78283653698659,121465.44816236313,30.580425015700687,397288.42307247897,100.02226159931494
