loss,layer_idx,accuracy_score,f1_macro,f1_micro,balanced_accuracy_score,aic_rep,aic_rep_avg,bic_rep,bic_rep_avg,ebic_rep,ebic_rep_avg,aic_cls,aic_cls_avg,bic_cls,bic_cls_avg,ebic_cls,ebic_cls_avg,aic_pr,aic_pr_avg,bic_pr,bic_pr_avg,ebic_pr,ebic_pr_avg
3098.7129339277744,15,0.6827794561933535,0.6817362141326816,0.6827794561933535,0.6828691590596353,15797.425867855549,3.9771968448780335,45975.14598864785,11.574810168340344,127348.30947884929,32.06150792518864,35003.42586785555,8.812544276902203,125555.44730530794,31.6101327556163,401378.4222154238,101.05196933923055,6224.347855389118,1.56705635835577,6308.977460064484,1.5883629053535961,6378.969137094062,1.605984173487931
