loss,layer_idx,accuracy_score,f1_macro,f1_micro,balanced_accuracy_score,aic,aic_avg,bic,bic_avg,ebic,ebic_avg
712.253116324544,60,0.9310171198388721,0.9307986514689067,0.9310171198388721,0.9310487727854676,30230.506232649088,7.610902878310445,120782.52767010148,30.40849135702454,396605.5025802173,99.8503279406388
