loss,layer_idx,accuracy_score,f1_macro,f1_micro,balanced_accuracy_score,aic,aic_avg,bic,bic_avg,ebic,ebic_avg
941.4820711091161,32,0.9098690835850957,0.9097028707403535,0.9098690835850957,0.9099109729361828,30688.964142218232,7.726325312743764,121240.98557967063,30.52391379145786,397063.96048978646,99.96575037507212
