loss,layer_idx,accuracy_score,f1_macro,f1_micro,balanced_accuracy_score,aic_rep,aic_rep_avg,bic_rep,bic_rep_avg,ebic_rep,ebic_rep_avg,aic_cls,aic_cls_avg,bic_cls,bic_cls_avg,ebic_cls,ebic_cls_avg,aic_pr,aic_pr_avg,bic_pr,bic_pr_avg,ebic_pr,ebic_pr_avg
1053.713362455368,25,0.9030715005035247,0.9030332031518012,0.9030715005035247,0.9031059717334227,11707.426724910736,2.947489104962421,41885.146845703035,10.545102428424732,123258.31033590448,31.03180018527303,30913.426724910736,7.78283653698659,121465.44816236313,30.580425015700687,397288.42307247897,100.02226159931494,2140.6929450035095,0.5389458572516389,2245.265724111467,0.5652733444389394,2338.7902224793274,0.5888192906544127
