loss,layer_idx,accuracy_score,f1_macro,f1_micro,balanced_accuracy_score,aic_rep,aic_rep_avg,bic_rep,bic_rep_avg,ebic_rep,ebic_rep_avg,aic_cls,aic_cls_avg,bic_cls,bic_cls_avg,ebic_cls,ebic_cls_avg,aic_pr,aic_pr_avg,bic_pr,bic_pr_avg,ebic_pr,ebic_pr_avg
727.5312111461535,59,0.9335347432024169,0.9336013805459883,0.9335347432024169,0.9335637388858679,11055.062422292307,2.7832483439809432,41232.782543084606,10.380861667443254,122605.94603328605,30.867559424291553,30261.062422292307,7.618595776005113,120813.0838597447,30.41618425471921,396636.05876986054,99.85802083833347,1500.249979512766,0.37770643995789677,1642.297631048318,0.4134686885821546,1783.1777299406256,0.4489369914251323
