loss,layer_idx,accuracy_score,f1_macro,f1_micro,balanced_accuracy_score,aic,aic_avg,bic,bic_avg,ebic,ebic_avg
596.8566476330161,55,0.9438569989929506,0.9439219037729155,0.9438569989929506,0.9438709956917241,29999.713295266032,7.552797909180773,120551.73473271843,30.350386387894872,396374.70964283426,99.79222297150913
