loss,layer_idx,accuracy_score,f1_macro,f1_micro,balanced_accuracy_score,aic,aic_avg,bic,bic_avg,ebic,ebic_avg
660.5762584656477,40,0.9403323262839879,0.9401793948580793,0.9403323262839879,0.9403681700600469,10921.152516931295,2.7495348733462475,41098.872637723594,10.347148196808558,122472.03612792504,30.83384595365686
