loss,layer_idx,accuracy_score,f1_macro,f1_micro,balanced_accuracy_score,aic,aic_avg,bic,bic_avg,ebic,ebic_avg
3981.766767144203,12,0.553877139979859,0.5546563662854962,0.553877139979859,0.5539395245277597,36769.53353428841,9.2571836692569,127321.5549717408,32.05477214797099,403144.52988185664,101.49660873158525
