loss,layer_idx,accuracy_score,f1_macro,f1_micro,balanced_accuracy_score,aic_rep,aic_rep_avg,bic_rep,bic_rep_avg,ebic_rep,ebic_rep_avg,aic_cls,aic_cls_avg,bic_cls,bic_cls_avg,ebic_cls,ebic_cls_avg,aic_pr,aic_pr_avg,bic_pr,bic_pr_avg,ebic_pr,ebic_pr_avg
1046.5653534112498,64,0.904833836858006,0.9047135054790557,0.904833836858006,0.9048719202780827,11693.1307068225,2.9438899060479606,41870.8508276148,10.54150322951027,123244.01431781624,31.02820098635857,30899.1307068225,7.77923733807213,121451.15214427489,30.576825816786226,397274.12705439073,100.01866240040049,2128.09827045165,0.5357749925608384,2238.0192442544103,0.563448953739781,2338.071016712187,0.5886382217301579
