loss,layer_idx,accuracy_score,f1_macro,f1_micro,balanced_accuracy_score,aic_rep,aic_rep_avg,bic_rep,bic_rep_avg,ebic_rep,ebic_rep_avg,aic_cls,aic_cls_avg,bic_cls,bic_cls_avg,ebic_cls,ebic_cls_avg,aic_pr,aic_pr_avg,bic_pr,bic_pr_avg,ebic_pr,ebic_pr_avg
684.5111332098022,53,0.9375629405840886,0.9373526133571835,0.9375629405840886,0.9375875706407918,10969.022266419604,2.761586673318128,41146.7423872119,10.35919999678044,122519.90587741334,30.845897753628737,30175.022266419604,7.596934105342298,120727.043703872,30.394522584056393,396550.01861398784,99.83635916767065,1403.9150467235595,0.3534529322063342,1513.6009382078355,0.38106770851153965,1613.3640296969625,0.40618429750678814
