loss,layer_idx,accuracy_score,f1_macro,f1_micro,balanced_accuracy_score,aic_rep,aic_rep_avg,bic_rep,bic_rep_avg,ebic_rep,ebic_rep_avg,aic_cls,aic_cls_avg,bic_cls,bic_cls_avg,ebic_cls,ebic_cls_avg,aic_pr,aic_pr_avg,bic_pr,bic_pr_avg,ebic_pr,ebic_pr_avg
1436.7305103838444,68,0.8537260825780463,0.8534106056813849,0.8537260825780463,0.8537848187708131,12473.461020767689,3.1403476890150275,42651.18114155999,10.737961012477339,124024.34463176143,31.224658769325636,31679.46102076769,7.975695121039196,122231.48245822008,30.773283599753295,398054.4573683359,100.21512018336755,2908.521888077259,0.7322562658804781,3018.736163166889,0.7600040692766589,3119.1483249940493,0.785284069736669
