loss,layer_idx,accuracy_score,f1_macro,f1_micro,balanced_accuracy_score,aic,aic_avg,bic,bic_avg,ebic,ebic_avg
785.427800104022,48,0.9272406847935549,0.9273341535474643,0.9272406847935549,0.9272632129774987,11170.855600208044,2.8124007049869193,41348.57572100034,10.41001402844923,122721.73921120178,30.89671178529753
