loss,layer_idx,accuracy_score,f1_macro,f1_micro,balanced_accuracy_score,aic,aic_avg,bic,bic_avg,ebic,ebic_avg
665.6122954487801,42,0.93932527693857,0.939305002593247,0.93932527693857,0.9393478188996397,10931.22459089756,2.7520706422199295,41108.94471168986,10.34968396568224,122482.1082018913,30.83638172253054
