loss,layer_idx,accuracy_score,f1_macro,f1_micro,balanced_accuracy_score,aic,aic_avg,bic,bic_avg,ebic,ebic_avg
2126.649036824703,70,0.7842396777442094,0.7845013043186513,0.7842396777442094,0.7842949145470154,13853.298073649406,3.487738689237011,44031.018194441705,11.085352012699321,125404.18168464315,31.57204976954762
