loss,layer_idx,accuracy_score,f1_macro,f1_micro,balanced_accuracy_score,aic,aic_avg,bic,bic_avg,ebic,ebic_avg
2794.438687443733,16,0.7220543806646526,0.7217614923695477,0.7220543806646526,0.7221224672205064,15188.877374887466,3.82398725450339,45366.597495679765,11.421600577965702,126739.7609858812,31.908298334814
