loss,layer_idx,accuracy_score,f1_macro,f1_micro,balanced_accuracy_score,aic,aic_avg,bic,bic_avg,ebic,ebic_avg
656.1491564512253,52,0.9380664652567976,0.9380764758058503,0.9380664652567976,0.9380880557351144,30118.29831290245,7.582653150277555,120670.31975035484,30.38024162899165,396493.2946604707,99.82207821260592
