loss,layer_idx,accuracy_score,f1_macro,f1_micro,balanced_accuracy_score,aic,aic_avg,bic,bic_avg,ebic,ebic_avg
1637.5117296651006,69,0.837865055387714,0.838142563487354,0.837865055387714,0.837906102611985,32081.0234593302,8.076793418763897,122633.0448967826,30.874381897477996,398456.01980689843,100.31621848109225
