loss,layer_idx,accuracy_score,f1_macro,f1_micro,balanced_accuracy_score,aic,aic_avg,bic,bic_avg,ebic,ebic_avg
5341.674246788025,1,0.33131923464249746,0.32796316720994617,0.33131923464249746,0.3313712949567291,39489.34849357605,9.941930637859025,130041.36993102844,32.73951911657312,405864.3448411443,102.18135570018738
