loss,layer_idx,accuracy_score,f1_macro,f1_micro,balanced_accuracy_score,aic,aic_avg,bic,bic_avg,ebic,ebic_avg
3237.3863575458527,14,0.655840886203424,0.656497230990451,0.655840886203424,0.6559033869958238,35280.772715091705,8.882369767142928,125832.7941525441,31.679958245857023,401655.76906265994,101.12179482947128
