loss,layer_idx,accuracy_score,f1_macro,f1_micro,balanced_accuracy_score,aic,aic_avg,bic,bic_avg,ebic,ebic_avg
1256.3166558146477,23,0.8773917421953675,0.8773855921614321,0.8773917421953675,0.8774370146919166,12112.633311629295,3.0495048619409104,42290.353432421594,10.64711818540322,123663.51692262304,31.13381594225152
