loss,layer_idx,accuracy_score,f1_macro,f1_micro,balanced_accuracy_score,aic,aic_avg,bic,bic_avg,ebic,ebic_avg
1357.7048814892769,24,0.8683282980866063,0.868496233705919,0.8683282980866063,0.8683627297072675,31521.409762978554,7.935903767114439,122073.43120043095,30.733492245828536,397896.4061105468,100.17532882944279
