loss,layer_idx,accuracy_score,f1_macro,f1_micro,balanced_accuracy_score,aic_rep,aic_rep_avg,bic_rep,bic_rep_avg,ebic_rep,ebic_rep_avg,aic_cls,aic_cls_avg,bic_cls,bic_cls_avg,ebic_cls,ebic_cls_avg,aic_pr,aic_pr_avg,bic_pr,bic_pr_avg,ebic_pr,ebic_pr_avg
1019.9599397778511,63,0.9030715005035247,0.903128442990714,0.9030715005035247,0.9031036916190978,11639.919879555702,2.930493423855917,41817.640000348,10.528106747318228,123190.80349054944,31.014804504166527,30845.919879555702,7.765840855880086,121397.9413170081,30.563429334594183,397220.91622712393,100.00526591820844,2076.178725838661,0.5227036067066115,2190.1588628209493,0.5513995122912763,2295.220185315945,0.577849996303108
