loss,layer_idx,accuracy_score,f1_macro,f1_micro,balanced_accuracy_score,aic_rep,aic_rep_avg,bic_rep,bic_rep_avg,ebic_rep,ebic_rep_avg,aic_cls,aic_cls_avg,bic_cls,bic_cls_avg,ebic_cls,ebic_cls_avg,aic_pr,aic_pr_avg,bic_pr,bic_pr_avg,ebic_pr,ebic_pr_avg
720.0990009121597,34,0.9352970795568983,0.9354486596777281,0.9352970795568983,0.9353137266302533,11040.19800182432,2.7795060427553673,41217.91812261662,10.377119366217679,122591.08161281806,30.863817123065978,30246.19800182432,7.614853474779537,120798.21943927671,30.412441953493634,396621.19434939255,99.85427853710789,1471.8692302331328,0.37056123621176557,1571.4281330250974,0.39562641818355926,1658.9123444543616,0.41765164764712026
