loss,layer_idx,accuracy_score,f1_macro,f1_micro,balanced_accuracy_score,aic,aic_avg,bic,bic_avg,ebic,ebic_avg
1256.3166558146477,23,0.8773917421953675,0.8773855921614321,0.8773917421953675,0.8774370146919166,31318.633311629295,7.884852293965079,121870.65474908169,30.682440772679175,397693.6296591975,100.12427735629343
