loss,layer_idx,accuracy_score,f1_macro,f1_micro,balanced_accuracy_score,aic_rep,aic_rep_avg,bic_rep,bic_rep_avg,ebic_rep,ebic_rep_avg,aic_cls,aic_cls_avg,bic_cls,bic_cls_avg,ebic_cls,ebic_cls_avg,aic_pr,aic_pr_avg,bic_pr,bic_pr_avg,ebic_pr,ebic_pr_avg
1300.5027487687767,66,0.8753776435045317,0.8754224879765715,0.8753776435045317,0.8754208236000953,12201.005497537553,3.071753649933926,42378.72561832985,10.669366973396237,123751.8891085313,31.156064730244534,31407.005497537553,7.907101081958095,121959.02693498995,30.704689560672193,397782.0018451058,100.14652614428645,2636.6613469943404,0.663812020894849,2748.7459559085096,0.6920307039044586,2851.4621116910334,0.7178907632656177
