loss,layer_idx,accuracy_score,f1_macro,f1_micro,balanced_accuracy_score,aic,aic_avg,bic,bic_avg,ebic,ebic_avg
4684.157260656357,7,0.4566968781470292,0.45562424148255215,0.4566968781470292,0.45675535171333487,38174.31452131271,9.610854612616494,128726.3359587651,32.40844309133059,404549.31086888094,101.85027967494484
