loss,layer_idx,accuracy_score,f1_macro,f1_micro,balanced_accuracy_score,aic,aic_avg,bic,bic_avg,ebic,ebic_avg
647.6668186374009,44,0.9408358509566969,0.9409582424446873,0.9408358509566969,0.9408504142397699,30101.3336372748,7.5783820839060425,120653.3550747272,30.37597056262014,396476.32998484303,99.8178071462344
