loss,layer_idx,accuracy_score,f1_macro,f1_micro,balanced_accuracy_score,aic_rep,aic_rep_avg,bic_rep,bic_rep_avg,ebic_rep,ebic_rep_avg,aic_cls,aic_cls_avg,bic_cls,bic_cls_avg,ebic_cls,ebic_cls_avg,aic_pr,aic_pr_avg,bic_pr,bic_pr_avg,ebic_pr,ebic_pr_avg
969.4059878364205,62,0.9025679758308157,0.9022325640910022,0.9025679758308157,0.9026071967248438,11538.811975672841,2.9050382617504633,41716.53209646514,10.502651585212774,123089.69558666658,30.98934934206107,30744.81197567284,7.740385693774632,121296.83341312523,30.53797417248873,397119.8083232411,99.97981075610299,1975.43711681664,0.4973406638511178,2090.5687062772727,0.5263264618019317,2197.0595186187143,0.5531368375172997
