loss,layer_idx,accuracy_score,f1_macro,f1_micro,balanced_accuracy_score,aic,aic_avg,bic,bic_avg,ebic,ebic_avg
684.5426162816584,37,0.9378147029204431,0.937734675170594,0.9378147029204431,0.9378429434451844,30175.085232563317,7.59694995784575,120727.10667001571,30.394538436559845,396550.08158013155,99.8363750201741
