loss,layer_idx,accuracy_score,f1_macro,f1_micro,balanced_accuracy_score,aic_rep,aic_rep_avg,bic_rep,bic_rep_avg,ebic_rep,ebic_rep_avg,aic_cls,aic_cls_avg,bic_cls,bic_cls_avg,ebic_cls,ebic_cls_avg,aic_pr,aic_pr_avg,bic_pr,bic_pr_avg,ebic_pr,ebic_pr_avg
1900.511447250843,20,0.8051359516616314,0.8050559493995285,0.8051359516616314,0.8051990026779943,13401.022894501686,3.373872833459639,43578.743015293985,10.97148615692195,124951.90650549543,31.45818391377025,32607.022894501686,8.209220265483808,123159.04433195408,31.006808744197905,398982.0192420699,100.44864532781216,3833.1515909433365,0.9650432001367917,3934.1485502206306,0.9904704305691416,4023.3571692955147,1.0129298009303913
