loss,layer_idx,accuracy_score,f1_macro,f1_micro,balanced_accuracy_score,aic_rep,aic_rep_avg,bic_rep,bic_rep_avg,ebic_rep,ebic_rep_avg,aic_cls,aic_cls_avg,bic_cls,bic_cls_avg,ebic_cls,ebic_cls_avg,aic_pr,aic_pr_avg,bic_pr,bic_pr_avg,ebic_pr,ebic_pr_avg
4787.442754745483,5,0.3728600201409869,0.3715377894847897,0.3728600201409869,0.37287906615637706,19174.885509490967,4.827513975199135,49352.605630283266,12.425127298661447,130725.7691204847,32.911825055509745,38380.88550949097,9.662861407223305,128932.90694694336,32.4604498859374,404755.8818570592,101.90228646955165,9593.81219291687,2.4153605722348614,9653.308459087886,2.430339491210445,9695.844771113043,2.4410485325058016
