loss,layer_idx,accuracy_score,f1_macro,f1_micro,balanced_accuracy_score,aic,aic_avg,bic,bic_avg,ebic,ebic_avg
1436.7305103838444,68,0.8537260825780463,0.8534106056813849,0.8537260825780463,0.8537848187708131,31679.46102076769,7.975695121039196,122231.48245822008,30.773283599753295,398054.4573683359,100.21512018336755
