loss,layer_idx,accuracy_score,f1_macro,f1_micro,balanced_accuracy_score,aic,aic_avg,bic,bic_avg,ebic,ebic_avg
2397.8685796260834,18,0.7545317220543807,0.7532828125021699,0.7545317220543807,0.7546123862650473,14395.737159252167,3.6243044207583504,44573.457280044466,11.221917744220661,125946.6207702459,31.70861550106896
