loss,layer_idx,accuracy_score,f1_macro,f1_micro,balanced_accuracy_score,aic,aic_avg,bic,bic_avg,ebic,ebic_avg
718.784149825573,45,0.9355488418932527,0.935488175010971,0.9355488418932527,0.9355793599491079,30243.568299651146,7.614191414816502,120795.58973710354,30.4117798935306,396618.5646472194,99.85361647714485
