loss,layer_idx,accuracy_score,f1_macro,f1_micro,balanced_accuracy_score,aic,aic_avg,bic,bic_avg,ebic,ebic_avg
4028.1389569044113,13,0.6039778449144008,0.6006959595049682,0.6039778449144008,0.6040780984758576,17656.277913808823,4.445185778904538,47833.99803460112,12.042799102366848,129207.16152480256,32.52949685921514
