loss,layer_idx,accuracy_score,f1_macro,f1_micro,balanced_accuracy_score,aic_rep,aic_rep_avg,bic_rep,bic_rep_avg,ebic_rep,ebic_rep_avg,aic_cls,aic_cls_avg,bic_cls,bic_cls_avg,ebic_cls,ebic_cls_avg,aic_pr,aic_pr_avg,bic_pr,bic_pr_avg,ebic_pr,ebic_pr_avg
606.1334829255939,41,0.9486404833836858,0.9486850231995149,0.9486404833836858,0.9486580957169193,10812.266965851188,2.7221215926110744,40989.98708664349,10.319734916073385,122363.15057684493,30.806432672921684,30018.266965851188,7.557469024635243,120570.28840330358,30.35505750334934,396393.2633134194,99.7968940869636,1244.1985759586096,0.3132423403722582,1344.575991878197,0.33851359312139906,1433.0408943265923,0.3607857236471783
