loss,layer_idx,accuracy_score,f1_macro,f1_micro,balanced_accuracy_score,aic,aic_avg,bic,bic_avg,ebic,ebic_avg
2418.4966734349728,17,0.7653575025176234,0.7643621186472166,0.7653575025176234,0.7654360889655006,33642.993346869946,8.47003860696625,124195.01478432234,31.267627085680346,400017.9896944382,100.7094636692946
