loss,layer_idx,accuracy_score,f1_macro,f1_micro,balanced_accuracy_score,aic_rep,aic_rep_avg,bic_rep,bic_rep_avg,ebic_rep,ebic_rep_avg,aic_cls,aic_cls_avg,bic_cls,bic_cls_avg,ebic_cls,ebic_cls_avg,aic_pr,aic_pr_avg,bic_pr,bic_pr_avg,ebic_pr,ebic_pr_avg
1256.3166558146477,23,0.8773917421953675,0.8773855921614321,0.8773917421953675,0.8774370146919166,12112.633311629295,3.0495048619409104,42290.353432421594,10.64711818540322,123663.51692262304,31.13381594225152,31318.633311629295,7.884852293965079,121870.65474908169,30.682440772679175,397693.6296591975,100.12427735629343,2547.736361861229,0.6414240588774494,2658.0832394951253,0.6692052465999812,2758.6584249530247,0.6945262902701472
