loss,layer_idx,accuracy_score,f1_macro,f1_micro,balanced_accuracy_score,aic,aic_avg,bic,bic_avg,ebic,ebic_avg
686.0843223324046,58,0.9388217522658611,0.938938156055301,0.9388217522658611,0.9388461937481546,30178.16864466481,7.597726244880365,120730.1900821172,30.395314723594463,396553.16499223304,99.83715130720871
