loss,layer_idx,accuracy_score,f1_macro,f1_micro,balanced_accuracy_score,aic,aic_avg,bic,bic_avg,ebic,ebic_avg
4961.28595161438,6,0.42799597180261834,0.4236769914448721,0.42799597180261834,0.42807094347710595,19522.57190322876,4.915048314005227,49700.29202402106,12.512661637467538,131073.4555142225,32.99935939431584
