loss,layer_idx,accuracy_score,f1_macro,f1_micro,balanced_accuracy_score,aic_rep,aic_rep_avg,bic_rep,bic_rep_avg,ebic_rep,ebic_rep_avg,aic_cls,aic_cls_avg,bic_cls,bic_cls_avg,ebic_cls,ebic_cls_avg,aic_pr,aic_pr_avg,bic_pr,bic_pr_avg,ebic_pr,ebic_pr_avg
2418.4966734349728,17,0.7653575025176234,0.7643621186472166,0.7653575025176234,0.7654360889655006,14436.993346869946,3.634691174942081,44614.713467662245,11.232304498404392,125987.87695786369,31.71900225525269,33642.993346869946,8.47003860696625,124195.01478432234,31.267627085680346,400017.9896944382,100.7094636692946,4863.111362159252,1.2243482784892377,4945.213670025009,1.2450185473376156,5012.323336627976,1.2619142337935487
