loss,layer_idx,accuracy_score,f1_macro,f1_micro,balanced_accuracy_score,aic,aic_avg,bic,bic_avg,ebic,ebic_avg
5337.63267660141,3,0.34541792547834843,0.3455959307541658,0.34541792547834843,0.3454150891125681,39481.26535320282,9.93989560755358,130033.28679065521,32.73748408626768,405856.26170077105,102.17932066988193
