loss,layer_idx,accuracy_score,f1_macro,f1_micro,balanced_accuracy_score,aic,aic_avg,bic,bic_avg,ebic,ebic_avg
812.129016213119,33,0.926737160120846,0.9268729522271416,0.926737160120846,0.9267615878260136,30430.258032426238,7.661192858113353,120982.27946987863,30.45878133682745,396805.25437999447,99.9006179204417
