loss,layer_idx,accuracy_score,f1_macro,f1_micro,balanced_accuracy_score,aic_rep,aic_rep_avg,bic_rep,bic_rep_avg,ebic_rep,ebic_rep_avg,aic_cls,aic_cls_avg,bic_cls,bic_cls_avg,ebic_cls,ebic_cls_avg,aic_pr,aic_pr_avg,bic_pr,bic_pr_avg,ebic_pr,ebic_pr_avg
952.4723360668868,30,0.9164149043303121,0.9164448863837616,0.9164149043303121,0.9164412203627891,11504.944672133774,2.8965117502854416,41682.66479292607,10.494125073747753,123055.82828312751,30.98082283059605,30710.944672133774,7.731859182309611,121262.96610958617,30.529447661023706,397085.941019702,99.97128424463797,1937.461624648422,0.487779865218636,2039.6790717492713,0.5135143685169364,2130.356317401047,0.5363434837364166
