loss,layer_idx,accuracy_score,f1_macro,f1_micro,balanced_accuracy_score,aic,aic_avg,bic,bic_avg,ebic,ebic_avg
4508.888528347015,9,0.4770896273917422,0.47647534541866143,0.4770896273917422,0.47714869423552897,37823.77705669403,9.522602481544318,128375.79849414642,32.320190960258415,404198.77340426226,101.76202754387268
