loss,layer_idx,accuracy_score,f1_macro,f1_micro,balanced_accuracy_score,aic_rep,aic_rep_avg,bic_rep,bic_rep_avg,ebic_rep,ebic_rep_avg,aic_cls,aic_cls_avg,bic_cls,bic_cls_avg,ebic_cls,ebic_cls_avg,aic_pr,aic_pr_avg,bic_pr,bic_pr_avg,ebic_pr,ebic_pr_avg
2231.3546385914087,71,0.7950654582074521,0.7946564319973239,0.7950654582074521,0.7951334379905809,14062.709277182817,3.540460543097386,44240.42939797512,11.138073866559697,125613.59288817656,31.624771623407995,33268.70927718282,8.375807975121555,123820.73071463521,31.173396453835654,399643.70562475105,100.61523303744991,4502.934378653765,1.1336692796207868,4629.38248844759,1.165504151170088,4750.111854010265,1.1958992583107415
