loss,layer_idx,accuracy_score,f1_macro,f1_micro,balanced_accuracy_score,aic,aic_avg,bic,bic_avg,ebic,ebic_avg
2231.3546385914087,71,0.7950654582074521,0.7946564319973239,0.7950654582074521,0.7951334379905809,33268.70927718282,8.375807975121555,123820.73071463521,31.173396453835654,399643.70562475105,100.61523303744991
