loss,layer_idx,accuracy_score,f1_macro,f1_micro,balanced_accuracy_score,aic_rep,aic_rep_avg,bic_rep,bic_rep_avg,ebic_rep,ebic_rep_avg,aic_cls,aic_cls_avg,bic_cls,bic_cls_avg,ebic_cls,ebic_cls_avg,aic_pr,aic_pr_avg,bic_pr,bic_pr_avg,ebic_pr,ebic_pr_avg
712.253116324544,60,0.9310171198388721,0.9307986514689067,0.9310171198388721,0.9310487727854676,11024.506232649088,2.7755554462862757,41202.22635344139,10.373168769748586,122575.38984364283,30.859866526596885,30230.506232649088,7.610902878310445,120782.52767010148,30.40849135702454,396605.5025802173,99.8503279406388,1470.51628819108,0.3702206163623062,1615.1494734919497,0.40663380500804375,1759.4237964369886,0.44295664562864767
