loss,layer_idx,accuracy_score,f1_macro,f1_micro,balanced_accuracy_score,aic_rep,aic_rep_avg,bic_rep,bic_rep_avg,ebic_rep,ebic_rep_avg,aic_cls,aic_cls_avg,bic_cls,bic_cls_avg,ebic_cls,ebic_cls_avg,aic_pr,aic_pr_avg,bic_pr,bic_pr_avg,ebic_pr,ebic_pr_avg
652.2081458494067,43,0.9418429003021148,0.9417480044730803,0.9418429003021148,0.9418713354287584,10904.416291698813,2.7453213221799633,41082.13641249111,10.342934645642273,122455.29990269255,30.82963240249057,30110.416291698813,7.580668754204132,120662.4377291512,30.37825723291823,396485.41263926704,99.82009381653249,1335.1733240932226,0.3361463555118889,1431.858440274954,0.3604880262525061,1515.9165310750711,0.3816506875818407
