loss,layer_idx,accuracy_score,f1_macro,f1_micro,balanced_accuracy_score,aic_rep,aic_rep_avg,bic_rep,bic_rep_avg,ebic_rep,ebic_rep_avg,aic_cls,aic_cls_avg,bic_cls,bic_cls_avg,ebic_cls,ebic_cls_avg,aic_pr,aic_pr_avg,bic_pr,bic_pr_avg,ebic_pr,ebic_pr_avg
4684.157260656357,7,0.4566968781470292,0.45562424148255215,0.4566968781470292,0.45675535171333487,18968.314521312714,4.775507180592324,49146.03464210501,12.373120504054636,130519.19813230645,32.859818260902934,38174.31452131271,9.610854612616494,128726.3359587651,32.40844309133059,404549.31086888094,101.85027967494484,9388.260110378265,2.363610299692413,9450.959319176656,2.3793955989870734,9496.831400678726,2.390944461399478
