loss,layer_idx,accuracy_score,f1_macro,f1_micro,balanced_accuracy_score,aic_rep,aic_rep_avg,bic_rep,bic_rep_avg,ebic_rep,ebic_rep_avg,aic_cls,aic_cls_avg,bic_cls,bic_cls_avg,ebic_cls,ebic_cls_avg,aic_pr,aic_pr_avg,bic_pr,bic_pr_avg,ebic_pr,ebic_pr_avg
672.3267742032185,57,0.9358006042296072,0.9357548336430493,0.9358006042296072,0.935824472239038,10944.653548406437,2.7554515479371693,41122.373669198736,10.35306487139948,122495.53715940018,30.83976262824778,30150.653548406437,7.590798979961338,120702.67498585883,30.388387458675435,396525.64989597467,99.8302240422897,1389.153834508732,0.34973661493170494,1529.0410406847986,0.3849549447846925,1667.0964288536088,0.41971209185639696
