loss,layer_idx,accuracy_score,f1_macro,f1_micro,balanced_accuracy_score,aic_rep,aic_rep_avg,bic_rep,bic_rep_avg,ebic_rep,ebic_rep_avg,aic_cls,aic_cls_avg,bic_cls,bic_cls_avg,ebic_cls,ebic_cls_avg,aic_pr,aic_pr_avg,bic_pr,bic_pr_avg,ebic_pr,ebic_pr_avg
610.8791930144653,54,0.9431017119838873,0.9431100075357778,0.9431017119838873,0.943122548164565,10821.75838602893,2.724511174730345,40999.47850682123,10.322124498192656,122372.64199702267,30.808822255040955,30027.75838602893,7.559858606754514,120579.77982348132,30.35744708546861,396402.75473359716,99.79928366908287,1260.9970716368407,0.31747156889145034,1384.3443708225984,0.3485257731174719,1501.1389466822181,0.37793024840942047
