loss,layer_idx,accuracy_score,f1_macro,f1_micro,balanced_accuracy_score,aic_rep,aic_rep_avg,bic_rep,bic_rep_avg,ebic_rep,ebic_rep_avg,aic_cls,aic_cls_avg,bic_cls,bic_cls_avg,ebic_cls,ebic_cls_avg,aic_pr,aic_pr_avg,bic_pr,bic_pr_avg,ebic_pr,ebic_pr_avg
665.6122954487801,42,0.93932527693857,0.939305002593247,0.93932527693857,0.9393478188996397,10931.22459089756,2.7520706422199295,41108.94471168986,10.34968396568224,122482.1082018913,30.83638172253054,30137.22459089756,7.587418074244098,120689.24602834995,30.385006552958195,396512.2209384658,99.82684313657245,1362.9344907999039,0.3431355717018892,1462.614957915661,0.36823135899185827,1550.244690932099,0.3902932253101961
