loss,layer_idx,accuracy_score,f1_macro,f1_micro,balanced_accuracy_score,aic_rep,aic_rep_avg,bic_rep,bic_rep_avg,ebic_rep,ebic_rep_avg,aic_cls,aic_cls_avg,bic_cls,bic_cls_avg,ebic_cls,ebic_cls_avg,aic_pr,aic_pr_avg,bic_pr,bic_pr_avg,ebic_pr,ebic_pr_avg
726.1407429557294,51,0.9330312185297079,0.9330136847759004,0.9330312185297079,0.9330586935628952,11052.281485911459,2.782548208940448,41230.00160670376,10.38016153240276,122603.1650969052,30.866859289251057,30258.28148591146,7.617895640964617,120810.30292336385,30.415484119678712,396633.2778334797,99.85732070329297,1487.3671449385583,0.37446302742662596,1597.6593531024503,0.4022304514356622,1698.167319321111,0.42753457183310956
