loss,layer_idx,accuracy_score,f1_macro,f1_micro,balanced_accuracy_score,aic,aic_avg,bic,bic_avg,ebic,ebic_avg
991.1067204475403,27,0.9123867069486404,0.9120815812121176,0.9123867069486404,0.9124242289508396,30788.21344089508,7.751312548060191,121340.23487834747,30.54890102677429,397163.2097884633,99.99073761038855
