loss,layer_idx,accuracy_score,f1_macro,f1_micro,balanced_accuracy_score,aic_rep,aic_rep_avg,bic_rep,bic_rep_avg,ebic_rep,ebic_rep_avg,aic_cls,aic_cls_avg,bic_cls,bic_cls_avg,ebic_cls,ebic_cls_avg,aic_pr,aic_pr_avg,bic_pr,bic_pr_avg,ebic_pr,ebic_pr_avg
903.0431392230093,31,0.9211983887210473,0.9210551222993248,0.9211983887210473,0.9212328806166341,11406.086278446019,2.8716229301223613,41583.80639923832,10.469236253584672,122956.96988943976,30.95593401043297,30612.08627844602,7.706970362146531,121164.10771589841,30.50455884086063,396987.08262601425,99.94639542447489,1838.4240470007062,0.46284593328315865,1940.0782270813643,0.4884386271604643,2030.0771048143788,0.5110969548878094
