loss,layer_idx,accuracy_score,f1_macro,f1_micro,balanced_accuracy_score,aic,aic_avg,bic,bic_avg,ebic,ebic_avg
732.5932046324015,46,0.9352970795568983,0.9352260454030592,0.9352970795568983,0.9353217070303904,11065.186409264803,2.785797182594361,41242.9065300571,10.383410506056672,122616.07002025854,30.87010826290497
