loss,layer_idx,accuracy_score,f1_macro,f1_micro,balanced_accuracy_score,aic,aic_avg,bic,bic_avg,ebic,ebic_avg
4028.1389569044113,13,0.6039778449144008,0.6006959595049682,0.6039778449144008,0.6040780984758576,36862.27791380882,9.280533210928706,127414.29935126122,32.078121689642806,403237.27426137705,101.51995827325706
