loss,layer_idx,accuracy_score,f1_macro,f1_micro,balanced_accuracy_score,aic,aic_avg,bic,bic_avg,ebic,ebic_avg
903.0431392230093,31,0.9211983887210473,0.9210551222993248,0.9211983887210473,0.9212328806166341,30612.08627844602,7.706970362146531,121164.10771589841,30.50455884086063,396987.08262601425,99.94639542447489
