loss,layer_idx,accuracy_score,f1_macro,f1_micro,balanced_accuracy_score,aic,aic_avg,bic,bic_avg,ebic,ebic_avg
720.0990009121597,34,0.9352970795568983,0.9354486596777281,0.9352970795568983,0.9353137266302533,30246.19800182432,7.614853474779537,120798.21943927671,30.412441953493634,396621.19434939255,99.85427853710789
