loss,layer_idx,accuracy_score,f1_macro,f1_micro,balanced_accuracy_score,aic,aic_avg,bic,bic_avg,ebic,ebic_avg
3098.7129339277744,15,0.6827794561933535,0.6817362141326816,0.6827794561933535,0.6828691590596353,15797.425867855549,3.9771968448780335,45975.14598864785,11.574810168340344,127348.30947884929,32.06150792518864
