loss,layer_idx,accuracy_score,f1_macro,f1_micro,balanced_accuracy_score,aic,aic_avg,bic,bic_avg,ebic,ebic_avg
812.129016213119,33,0.926737160120846,0.9268729522271416,0.926737160120846,0.9267615878260136,11224.258032426238,2.8258454260891837,41401.97815321854,10.423458749551495,122775.14164341998,30.910156506399794
