loss,layer_idx,accuracy_score,f1_macro,f1_micro,balanced_accuracy_score,aic,aic_avg,bic,bic_avg,ebic,ebic_avg
1152.0032800547779,65,0.8904833836858006,0.8904661931875446,0.8904833836858006,0.8905208807169592,31110.006560109556,7.832327935576424,121662.02799756195,30.62991641429052,397485.0029076778,100.07175299790478
