loss,layer_idx,accuracy_score,f1_macro,f1_micro,balanced_accuracy_score,aic_rep,aic_rep_avg,bic_rep,bic_rep_avg,ebic_rep,ebic_rep_avg,aic_cls,aic_cls_avg,bic_cls,bic_cls_avg,ebic_cls,ebic_cls_avg,aic_pr,aic_pr_avg,bic_pr,bic_pr_avg,ebic_pr,ebic_pr_avg
4508.888528347015,9,0.4770896273917422,0.47647534541866143,0.4770896273917422,0.47714869423552897,18617.77705669403,4.687255049520148,48795.49717748633,12.28486837298246,130168.66066768777,32.77156612983076,37823.77705669403,9.522602481544318,128375.79849414642,32.320190960258415,404198.77340426226,101.76202754387268,9038.231902122498,2.275486380191968,9102.531964669824,2.2916747141666223,9150.090963818187,2.3036482789068953
