loss,layer_idx,accuracy_score,f1_macro,f1_micro,balanced_accuracy_score,aic,aic_avg,bic,bic_avg,ebic,ebic_avg
2418.4966734349728,17,0.7653575025176234,0.7643621186472166,0.7653575025176234,0.7654360889655006,14436.993346869946,3.634691174942081,44614.713467662245,11.232304498404392,125987.87695786369,31.71900225525269
