loss,layer_idx,accuracy_score,f1_macro,f1_micro,balanced_accuracy_score,aic_rep,aic_rep_avg,bic_rep,bic_rep_avg,ebic_rep,ebic_rep_avg,aic_cls,aic_cls_avg,bic_cls,bic_cls_avg,ebic_cls,ebic_cls_avg,aic_pr,aic_pr_avg,bic_pr,bic_pr_avg,ebic_pr,ebic_pr_avg
686.0843223324046,58,0.9388217522658611,0.938938156055301,0.9388217522658611,0.9388461937481546,10972.16864466481,2.7623788128561957,41149.88876545711,10.359992136318507,122523.05225565855,30.846689893166804,30178.16864466481,7.597726244880365,120730.1900821172,30.395314723594463,396553.16499223304,99.83715130720871,1416.1485450249165,0.35653286632047243,1554.3999121090471,0.3913393535017742,1690.3235531428206,0.4255598069342449
