loss,layer_idx,accuracy_score,f1_macro,f1_micro,balanced_accuracy_score,aic,aic_avg,bic,bic_avg,ebic,ebic_avg
652.2081458494067,43,0.9418429003021148,0.9417480044730803,0.9418429003021148,0.9418713354287584,30110.416291698813,7.580668754204132,120662.4377291512,30.37825723291823,396485.41263926704,99.82009381653249
