loss,layer_idx,accuracy_score,f1_macro,f1_micro,balanced_accuracy_score,aic,aic_avg,bic,bic_avg,ebic,ebic_avg
798.5078977495432,50,0.9217019133937563,0.9216831144220158,0.9217019133937563,0.9217293755108882,30403.015795499086,7.654334288897051,120955.03723295148,30.451922767611148,396778.0121430673,99.89375935122541
