loss,layer_idx,accuracy_score,f1_macro,f1_micro,balanced_accuracy_score,aic,aic_avg,bic,bic_avg,ebic,ebic_avg
1037.4717251062393,3,0.9003021148036254,0.9003960152408444,0.9003021148036254,0.9003333527143051,4122.943450212479,1.0380018756829,10560.857075981503,2.65882605135486,24756.511333849183,6.232757133396068
