loss,layer_idx,accuracy_score,f1_macro,f1_micro,balanced_accuracy_score,aic,aic_avg,bic,bic_avg,ebic,ebic_avg
3437.815408229828,1,0.5986908358509567,0.5967981745714513,0.5986908358509567,0.5987711323845777,8923.630816459656,2.246634143116731,15361.54444222868,3.867458318788691,29557.19870009636,7.441389400829899
