loss,layer_idx,accuracy_score,f1_macro,f1_micro,balanced_accuracy_score,aic,aic_avg,bic,bic_avg,ebic,ebic_avg
2255.4642308950424,9,0.7618328298086606,0.7625519077868965,0.7618328298086606,0.7618785405900251,9124.928461790085,2.2973133086077757,23629.095194845886,5.948916212196849,59358.542028059586,14.944245223579957
