loss,layer_idx,accuracy_score,f1_macro,f1_micro,balanced_accuracy_score,aic,aic_avg,bic,bic_avg,ebic,ebic_avg
4300.104731082916,0,0.4083585095669688,0.4071810678465062,0.4083585095669688,0.40841008768179643,14750.209462165833,3.713547195912848,34082.8114145484,8.580768231255892,83473.8315230282,21.015566848697937
