loss,layer_idx,accuracy_score,f1_macro,f1_micro,balanced_accuracy_score,aic,aic_avg,bic,bic_avg,ebic,ebic_avg
2071.824199795723,24,0.7749244712990937,0.7755740949803164,0.7749244712990937,0.7749920481012919,10293.648399591446,2.5915529706927103,29626.250351974013,7.458774006035753,79017.27046045382,19.893572623477798
