loss,layer_idx,accuracy_score,f1_macro,f1_micro,balanced_accuracy_score,aic_rep,aic_rep_avg,bic_rep,bic_rep_avg,ebic_rep,ebic_rep_avg,aic_cls,aic_cls_avg,bic_cls,bic_cls_avg,ebic_cls,ebic_cls_avg,aic_pr,aic_pr_avg,bic_pr,bic_pr_avg,ebic_pr,ebic_pr_avg
4112.272732257843,0,0.47079556898288016,0.4695835072855748,0.47079556898288016,0.4708493083843224,9760.545464515686,2.4573377302406056,14588.980683842454,3.6729558619945757,24793.841713957278,6.242155517109083,12838.545464515686,3.2322622015396996,27342.712197571487,6.883865105128773,63072.15903078519,15.87919411651188,8273.166111946106,2.0828716293922724,8426.005725513494,2.121350887591514,8581.149400014816,2.160410221554586
