loss,layer_idx,accuracy_score,f1_macro,f1_micro,balanced_accuracy_score,aic,aic_avg,bic,bic_avg,ebic,ebic_avg
1016.9388197958469,7,0.9018126888217523,0.9020027065131092,0.9018126888217523,0.9018387981973416,4081.877639591694,1.0276630512567204,10519.791265360718,2.64848722692868,24715.445523228398,6.222418308969889
