loss,layer_idx,accuracy_score,f1_macro,f1_micro,balanced_accuracy_score,aic_rep,aic_rep_avg,bic_rep,bic_rep_avg,ebic_rep,ebic_rep_avg,aic_cls,aic_cls_avg,bic_cls,bic_cls_avg,ebic_cls,ebic_cls_avg,aic_pr,aic_pr_avg,bic_pr,bic_pr_avg,ebic_pr,ebic_pr_avg
1296.1937718391418,13,0.8645518630412891,0.86461899872221,0.8645518630412891,0.8645965508710608,4640.387543678284,1.1682748095866777,11078.301169447308,2.7890989852586374,25273.955427314988,6.363030067299846,8742.387543678284,2.20100391331276,28074.98949606085,7.0682249486558035,77466.00960454065,19.50302356609785,2648.5411233901978,0.6668029011556389,2825.0606038409,0.7112438579659869,3012.329607964731,0.7583911399709796
