loss,layer_idx,accuracy_score,f1_macro,f1_micro,balanced_accuracy_score,aic,aic_avg,bic,bic_avg,ebic,ebic_avg
1859.8740249872208,20,0.8063947633434039,0.806936974737579,0.8063947633434039,0.8064473652708948,5767.7480499744415,1.4521017245655694,12205.661675743466,3.072925900237529,26401.315933611146,6.646856982278738
