loss,layer_idx,accuracy_score,f1_macro,f1_micro,balanced_accuracy_score,aic,aic_avg,bic,bic_avg,ebic,ebic_avg
2088.5256858468056,7,0.7852467270896274,0.7848507068937209,0.7852467270896274,0.7853044351643792,8791.051371693611,2.213255632349852,23295.218104749412,5.864858535938925,59024.66493796311,14.860187547322033
