loss,layer_idx,accuracy_score,f1_macro,f1_micro,balanced_accuracy_score,aic,aic_avg,bic,bic_avg,ebic,ebic_avg
855.988719061017,4,0.9219536757301108,0.9221057171411222,0.9219536757301108,0.9219739177722371,7861.977438122034,1.9793498081878234,27194.5793905046,6.846570843530866,76585.5994989844,19.28136946097291
