loss,layer_idx,accuracy_score,f1_macro,f1_micro,balanced_accuracy_score,aic_rep,aic_rep_avg,bic_rep,bic_rep_avg,ebic_rep,ebic_rep_avg,aic_cls,aic_cls_avg,bic_cls,bic_cls_avg,ebic_cls,ebic_cls_avg,aic_pr,aic_pr_avg,bic_pr,bic_pr_avg,ebic_pr,ebic_pr_avg
1593.47878408432,18,0.8358509566968781,0.8362390947574504,0.8358509566968781,0.8358967518631384,5234.95756816864,1.317965148078711,11672.871193937664,2.9387893237506706,25868.525451805344,6.512720405791879,9336.95756816864,2.3506942518047937,28669.559520551207,7.217915287147837,78060.57962903101,19.65271390458988,3236.903353691101,0.8149303508789277,3393.9085554317203,0.8544583472889528,3554.623658593205,0.8949203571483396
