loss,layer_idx,accuracy_score,f1_macro,f1_micro,balanced_accuracy_score,aic,aic_avg,bic,bic_avg,ebic,ebic_avg
2004.7461349070072,6,0.7895266868076536,0.7896830071851948,0.7895266868076536,0.7895710990949086,5545.492269814014,1.3961460900840923,10373.927489140782,2.611764221838062,20578.788519255606,5.180963876952569
