loss,layer_idx,accuracy_score,f1_macro,f1_micro,balanced_accuracy_score,aic,aic_avg,bic,bic_avg,ebic,ebic_avg
2635.2384836673737,3,0.7089627391742196,0.7067197082859549,0.7089627391742196,0.7090545619957385,9884.476967334747,2.4885390149382545,24388.64370039055,6.140141918527329,60118.09053360425,15.135470929910435
