loss,layer_idx,accuracy_score,f1_macro,f1_micro,balanced_accuracy_score,aic,aic_avg,bic,bic_avg,ebic,ebic_avg
1489.2368667125702,16,0.8461732124874118,0.8462216533723611,0.8461732124874118,0.8462205394978505,5026.47373342514,1.265476770751546,11464.387359194165,2.8863009464235057,25660.041617061845,6.460232028464715
