loss,layer_idx,accuracy_score,f1_macro,f1_micro,balanced_accuracy_score,aic_rep,aic_rep_avg,bic_rep,bic_rep_avg,ebic_rep,ebic_rep_avg,aic_cls,aic_cls_avg,bic_cls,bic_cls_avg,ebic_cls,ebic_cls_avg,aic_pr,aic_pr_avg,bic_pr,bic_pr_avg,ebic_pr,ebic_pr_avg
941.6611992493272,5,0.905840886203424,0.9060364524924869,0.905840886203424,0.9058671901809157,3931.3223984986544,0.9897589120087247,10369.236024267679,2.6105830876806846,24564.89028213536,6.184514169721893,8033.322398498654,2.0224880157348073,27365.92435088122,6.88970905107785,76756.94445936102,19.324507668519896,1928.9021638184786,0.48562491536215474,2072.1827264219214,0.521697564557382,2214.679500967614,0.5575728854399834
