loss,layer_idx,accuracy_score,f1_macro,f1_micro,balanced_accuracy_score,aic,aic_avg,bic,bic_avg,ebic,ebic_avg
855.988719061017,4,0.9219536757301108,0.9221057171411222,0.9219536757301108,0.9219739177722371,3759.977438122034,0.9466207044617407,10197.891063891058,2.5674448801337006,24393.54532175874,6.141375962174909
