loss,layer_idx,accuracy_score,f1_macro,f1_micro,balanced_accuracy_score,aic,aic_avg,bic,bic_avg,ebic,ebic_avg
941.6611992493272,5,0.905840886203424,0.9060364524924869,0.905840886203424,0.9058671901809157,8033.322398498654,2.0224880157348073,27365.92435088122,6.88970905107785,76756.94445936102,19.324507668519896
