loss,layer_idx,accuracy_score,f1_macro,f1_micro,balanced_accuracy_score,aic_rep,aic_rep_avg,bic_rep,bic_rep_avg,ebic_rep,ebic_rep_avg,aic_cls,aic_cls_avg,bic_cls,bic_cls_avg,ebic_cls,ebic_cls_avg,aic_pr,aic_pr_avg,bic_pr,bic_pr_avg,ebic_pr,ebic_pr_avg
4300.104731082916,0,0.4083585095669688,0.4071810678465062,0.4083585095669688,0.40841008768179643,10648.209462165833,2.6808180921867657,17086.12308793486,4.301642267858726,31281.77734580254,7.875573349899935,14750.209462165833,3.713547195912848,34082.8114145484,8.580768231255892,83473.8315230282,21.015566848697937,8624.364062309265,2.1712900458986066,8700.294350096574,2.1904064325520074,8760.471376028501,2.205556741195494
