loss,layer_idx,accuracy_score,f1_macro,f1_micro,balanced_accuracy_score,aic_rep,aic_rep_avg,bic_rep,bic_rep_avg,ebic_rep,ebic_rep_avg,aic_cls,aic_cls_avg,bic_cls,bic_cls_avg,ebic_cls,ebic_cls_avg,aic_pr,aic_pr_avg,bic_pr,bic_pr_avg,ebic_pr,ebic_pr_avg
1859.8740249872208,20,0.8063947633434039,0.806936974737579,0.8063947633434039,0.8064473652708948,5767.7480499744415,1.4521017245655694,12205.661675743466,3.072925900237529,26401.315933611146,6.646856982278738,9869.748049974442,2.484830828291652,29202.35000235701,7.352051863634695,78593.37011083681,19.78685048107674,3760.10883641243,0.9466537856023237,3886.9834735979175,0.9785960406842693,4008.2559979217594,1.0091278947436453
