loss,layer_idx,accuracy_score,f1_macro,f1_micro,balanced_accuracy_score,aic_rep,aic_rep_avg,bic_rep,bic_rep_avg,ebic_rep,ebic_rep_avg,aic_cls,aic_cls_avg,bic_cls,bic_cls_avg,ebic_cls,ebic_cls_avg,aic_pr,aic_pr_avg,bic_pr,bic_pr_avg,ebic_pr,ebic_pr_avg
2255.4642308950424,9,0.7618328298086606,0.7625519077868965,0.7618328298086606,0.7618785405900251,6046.928461790085,1.522388837308682,10875.363681116853,2.738006969062652,21080.224711231676,5.30720662417716,9124.928461790085,2.2973133086077757,23629.095194845886,5.948916212196849,59358.542028059586,14.944245223579957,4568.282385587692,1.150121446522581,4748.575162691176,1.195512377313992,4941.060329218119,1.2439728925523965
