loss,layer_idx,accuracy_score,f1_macro,f1_micro,balanced_accuracy_score,aic,aic_avg,bic,bic_avg,ebic,ebic_avg
1037.4717251062393,3,0.9003021148036254,0.9003960152408444,0.9003021148036254,0.9003333527143051,8224.943450212479,2.0707309794089825,27557.545402595046,6.9379520147520255,76948.56551107485,19.37275063219407
