loss,layer_idx,accuracy_score,f1_macro,f1_micro,balanced_accuracy_score,aic_rep,aic_rep_avg,bic_rep,bic_rep_avg,ebic_rep,ebic_rep_avg,aic_cls,aic_cls_avg,bic_cls,bic_cls_avg,ebic_cls,ebic_cls_avg,aic_pr,aic_pr_avg,bic_pr,bic_pr_avg,ebic_pr,ebic_pr_avg
1489.9708763360977,14,0.8479355488418933,0.847889677359242,0.8479355488418933,0.8479859180139292,5027.941752672195,1.2658463627069978,11465.85537844122,2.8866705383789575,25661.5096363089,6.460601620420166,9129.941752672195,2.2985754664330806,28462.543705054763,7.165796501776123,77853.56381353457,19.60059511921817,3034.904189348221,0.7640745693223114,3207.679296761332,0.8075728340285327,3389.7974839524986,0.8534233343284237
