loss,layer_idx,accuracy_score,f1_macro,f1_micro,balanced_accuracy_score,aic,aic_avg,bic,bic_avg,ebic,ebic_avg
1745.8994994163513,19,0.824773413897281,0.8252733070130439,0.824773413897281,0.8248153962439678,9641.798998832703,2.4274418426064206,28974.40095121527,7.294662877949464,78365.42105969507,19.729461495391508
