loss,layer_idx,accuracy_score,f1_macro,f1_micro,balanced_accuracy_score,aic_rep,aic_rep_avg,bic_rep,bic_rep_avg,ebic_rep,ebic_rep_avg,aic_cls,aic_cls_avg,bic_cls,bic_cls_avg,ebic_cls,ebic_cls_avg,aic_pr,aic_pr_avg,bic_pr,bic_pr_avg,ebic_pr,ebic_pr_avg
3568.2500224113464,1,0.5689828801611279,0.5670967949728912,0.5689828801611279,0.5690794836453099,8672.500044822693,2.1834088733189057,13500.93526414946,3.3990270050728753,23705.796294264284,5.968226660187383,11750.500044822693,2.958333344617999,26254.666777878494,6.609936248207073,61984.113611092194,15.60526525959018,7178.896590232849,1.8073757780042419,7312.170661219949,1.8409291694914272,7441.646310367883,1.8735262614219244
