loss,layer_idx,accuracy_score,f1_macro,f1_micro,balanced_accuracy_score,aic,aic_avg,bic,bic_avg,ebic,ebic_avg
1123.864206597209,9,0.8884692849949648,0.8887573373066785,0.8884692849949648,0.8884995593679067,4295.728413194418,1.0815026216501555,10733.642038963442,2.7023267973221152,24929.296296831122,6.276257879363324
