loss,layer_idx,accuracy_score,f1_macro,f1_micro,balanced_accuracy_score,aic_rep,aic_rep_avg,bic_rep,bic_rep_avg,ebic_rep,ebic_rep_avg,aic_cls,aic_cls_avg,bic_cls,bic_cls_avg,ebic_cls,ebic_cls_avg,aic_pr,aic_pr_avg,bic_pr,bic_pr_avg,ebic_pr,ebic_pr_avg
1034.1192792281508,6,0.9063444108761329,0.906454190084346,0.9063444108761329,0.9063728055324693,4116.238558456302,1.036313836469361,10554.152184225326,2.6571380121413206,24749.806442093006,6.231069094182529,8218.238558456302,2.0690429401954433,27550.84051083887,6.936263975538487,76941.86061931867,19.371062592980532,2114.832728073001,0.5324352286185803,2261.302083276488,0.5693106956889445,2407.995826295667,0.6062426551600371
