loss,layer_idx,accuracy_score,f1_macro,f1_micro,balanced_accuracy_score,aic_rep,aic_rep_avg,bic_rep,bic_rep_avg,ebic_rep,ebic_rep_avg,aic_cls,aic_cls_avg,bic_cls,bic_cls_avg,ebic_cls,ebic_cls_avg,aic_pr,aic_pr_avg,bic_pr,bic_pr_avg,ebic_pr,ebic_pr_avg
1625.5715111494064,17,0.8257804632426989,0.8258848556100347,0.8257804632426989,0.8258317572043062,5299.143022298813,1.3341246279704968,11737.056648067837,2.9549488036424565,25932.710905935517,6.528879885683665,9401.143022298813,2.366853731696579,28733.74497468138,7.234074767039623,78124.76508316118,19.668873384481667,3303.9155366420746,0.8318014946228788,3469.806595800559,0.8735666152569384,3642.5227690069496,0.9170500425495844
