loss,layer_idx,accuracy_score,f1_macro,f1_micro,balanced_accuracy_score,aic_rep,aic_rep_avg,bic_rep,bic_rep_avg,ebic_rep,ebic_rep_avg,aic_cls,aic_cls_avg,bic_cls,bic_cls_avg,ebic_cls,ebic_cls_avg,aic_pr,aic_pr_avg,bic_pr,bic_pr_avg,ebic_pr,ebic_pr_avg
2071.824199795723,24,0.7749244712990937,0.7755740949803164,0.7749244712990937,0.7749920481012919,6191.648399591446,1.558823866966628,12629.56202536047,3.1796480426385876,26825.21628322815,6.7535791246797965,10293.648399591446,2.5915529706927103,29626.250351974013,7.458774006035753,79017.27046045382,19.893572623477798,4198.278312921524,1.0569683567274732,4370.008129035924,1.10020345645416,4550.692979307024,1.1456930965022718
