loss,layer_idx,accuracy_score,f1_macro,f1_micro,balanced_accuracy_score,aic_rep,aic_rep_avg,bic_rep,bic_rep_avg,ebic_rep,ebic_rep_avg,aic_cls,aic_cls_avg,bic_cls,bic_cls_avg,ebic_cls,ebic_cls_avg,aic_pr,aic_pr_avg,bic_pr,bic_pr_avg,ebic_pr,ebic_pr_avg
1202.5644354969263,11,0.879154078549849,0.8793745585842245,0.879154078549849,0.8791875724648834,4453.128870993853,1.1211301286490063,10891.042496762877,2.741954304320966,25086.696754630557,6.315885386362174,8555.128870993853,2.1538592323750887,27887.73082337642,7.021080267718132,77278.75093185622,19.45587888516018,2455.174960166216,0.6181205841304672,2612.495467685361,0.6577279626599599,2773.6337221904337,0.6982965060902401
