loss,layer_idx,accuracy_score,f1_macro,f1_micro,balanced_accuracy_score,aic_rep,aic_rep_avg,bic_rep,bic_rep_avg,ebic_rep,ebic_rep_avg,aic_cls,aic_cls_avg,bic_cls,bic_cls_avg,ebic_cls,ebic_cls_avg,aic_pr,aic_pr_avg,bic_pr,bic_pr_avg,ebic_pr,ebic_pr_avg
1745.8994994163513,19,0.824773413897281,0.8252733070130439,0.824773413897281,0.8248153962439678,5539.798998832703,1.394712738880338,11977.712624601727,3.015536914552298,26173.366882469407,6.589467996593506,9641.798998832703,2.4274418426064206,28974.40095121527,7.294662877949464,78365.42105969507,19.729461495391508,3536.3292989730835,0.8903145264282688,3676.3108546534263,0.9255566099328868,3814.489381277405,0.9603447586297595
