loss,layer_idx,accuracy_score,f1_macro,f1_micro,balanced_accuracy_score,aic,aic_avg,bic,bic_avg,ebic,ebic_avg
2255.4642308950424,9,0.7618328298086606,0.7625519077868965,0.7618328298086606,0.7618785405900251,6046.928461790085,1.522388837308682,10875.363681116853,2.738006969062652,21080.224711231676,5.30720662417716
