loss,layer_idx,accuracy_score,f1_macro,f1_micro,balanced_accuracy_score,aic,aic_avg,bic,bic_avg,ebic,ebic_avg
2071.824199795723,24,0.7749244712990937,0.7755740949803164,0.7749244712990937,0.7749920481012919,6191.648399591446,1.558823866966628,12629.56202536047,3.1796480426385876,26825.21628322815,6.7535791246797965
