loss,layer_idx,accuracy_score,f1_macro,f1_micro,balanced_accuracy_score,aic,aic_avg,bic,bic_avg,ebic,ebic_avg
2048.488801717758,22,0.7787009063444109,0.7793254010773761,0.7787009063444109,0.7787633571947298,6144.977603435516,1.5470739182868873,12582.89122920454,3.167898093958847,26778.54548707222,6.7418291760000555
