loss,layer_idx,accuracy_score,f1_macro,f1_micro,balanced_accuracy_score,aic_rep,aic_rep_avg,bic_rep,bic_rep_avg,ebic_rep,ebic_rep_avg,aic_cls,aic_cls_avg,bic_cls,bic_cls_avg,ebic_cls,ebic_cls_avg,aic_pr,aic_pr_avg,bic_pr,bic_pr_avg,ebic_pr,ebic_pr_avg
2137.1828026771545,23,0.7701409869083585,0.7705576685902287,0.7701409869083585,0.7702100783333276,6322.365605354309,1.5917335360912157,12760.279231123333,3.2125577117631754,26955.933488991013,6.786488793804384,10424.365605354309,2.6244626398172985,29756.967557736876,7.491683675160341,79147.98766621668,19.926482292602387,4308.799107551575,1.0847933301992887,4417.041252560717,1.112044625518811,4515.0349673965175,1.1367157521139268
