loss,layer_idx,accuracy_score,f1_macro,f1_micro,balanced_accuracy_score,aic,aic_avg,bic,bic_avg,ebic,ebic_avg
1296.1937718391418,13,0.8645518630412891,0.86461899872221,0.8645518630412891,0.8645965508710608,8742.387543678284,2.20100391331276,28074.98949606085,7.0682249486558035,77466.00960454065,19.50302356609785
