loss,layer_idx,accuracy_score,f1_macro,f1_micro,balanced_accuracy_score,aic,aic_avg,bic,bic_avg,ebic,ebic_avg
2137.1828026771545,23,0.7701409869083585,0.7705576685902287,0.7701409869083585,0.7702100783333276,10424.365605354309,2.6244626398172985,29756.967557736876,7.491683675160341,79147.98766621668,19.926482292602387
