loss,layer_idx,accuracy_score,f1_macro,f1_micro,balanced_accuracy_score,aic_rep,aic_rep_avg,bic_rep,bic_rep_avg,ebic_rep,ebic_rep_avg,aic_cls,aic_cls_avg,bic_cls,bic_cls_avg,ebic_cls,ebic_cls_avg,aic_pr,aic_pr_avg,bic_pr,bic_pr_avg,ebic_pr,ebic_pr_avg
2650.4326338768005,11,0.7089627391742196,0.7080747762674918,0.7089627391742196,0.7090368911097201,6836.865267753601,1.7212651731504534,11665.300487080369,2.936883304904423,21870.161517195193,5.50608296001893,9914.865267753601,2.4961896444495473,24419.032000809402,6.147792548038621,60148.4788340231,15.143121559421727,5368.74297618866,1.3516472749719688,5582.117401979695,1.4053669189274158,5821.356488668865,1.4655983103395933
