loss,layer_idx,accuracy_score,f1_macro,f1_micro,balanced_accuracy_score,aic_rep,aic_rep_avg,bic_rep,bic_rep_avg,ebic_rep,ebic_rep_avg,aic_cls,aic_cls_avg,bic_cls,bic_cls_avg,ebic_cls,ebic_cls_avg,aic_pr,aic_pr_avg,bic_pr,bic_pr_avg,ebic_pr,ebic_pr_avg
2635.2384836673737,3,0.7089627391742196,0.7067197082859549,0.7089627391742196,0.7090545619957385,6806.476967334747,1.713614543639161,11634.912186661515,2.9292326753931306,21839.77321677634,5.498432330507638,9884.476967334747,2.4885390149382545,24388.64370039055,6.140141918527329,60118.09053360425,15.135470929910435,5321.095528125763,1.339651442126325,5480.21560734124,1.3797118850305237,5643.772839668723,1.4208894359689634
