loss,layer_idx,accuracy_score,f1_macro,f1_micro,balanced_accuracy_score,aic_rep,aic_rep_avg,bic_rep,bic_rep_avg,ebic_rep,ebic_rep_avg,aic_cls,aic_cls_avg,bic_cls,bic_cls_avg,ebic_cls,ebic_cls_avg,aic_pr,aic_pr_avg,bic_pr,bic_pr_avg,ebic_pr,ebic_pr_avg
1388.209616303444,2,0.8627895266868076,0.8629453164802369,0.8627895266868076,0.862833452469307,4824.419232606888,1.2146070575546042,11262.332858375912,2.835431233226564,25457.987116243592,6.409362315267773,8926.419232606888,2.247336161280687,28259.021184989455,7.11455719662373,77650.04129346926,19.549355814065773,2827.3850643634796,0.7118290695779154,2987.596794204502,0.7521643489940841,3152.6245784471653,0.7937121295184203
