loss,layer_idx,accuracy_score,f1_macro,f1_micro,balanced_accuracy_score,aic,aic_avg,bic,bic_avg,ebic,ebic_avg
2091.838311523199,4,0.777693856998993,0.777161706777267,0.777693856998993,0.7777583968060159,8797.676623046398,2.214923621109365,23301.8433561022,5.866526524698439,59031.2901893159,14.861855536081546
