loss,layer_idx,accuracy_score,f1_macro,f1_micro,balanced_accuracy_score,aic,aic_avg,bic,bic_avg,ebic,ebic_avg
1227.3588717281818,10,0.8736153071500503,0.8737164876863379,0.8736153071500503,0.8736554450840165,4502.717743456364,1.1336147390373523,10940.631369225388,2.7544389147093122,25136.285627093068,6.328369996750521
