loss,layer_idx,accuracy_score,f1_macro,f1_micro,balanced_accuracy_score,aic,aic_avg,bic,bic_avg,ebic,ebic_avg
1123.864206597209,9,0.8884692849949648,0.8887573373066785,0.8884692849949648,0.8884995593679067,8397.728413194418,2.114231725376238,27730.330365576985,6.981452760719281,77121.35047405679,19.416251378161327
