loss,layer_idx,accuracy_score,f1_macro,f1_micro,balanced_accuracy_score,aic,aic_avg,bic,bic_avg,ebic,ebic_avg
1489.9708763360977,14,0.8479355488418933,0.847889677359242,0.8479355488418933,0.8479859180139292,9129.941752672195,2.2985754664330806,28462.543705054763,7.165796501776123,77853.56381353457,19.60059511921817
