loss,layer_idx,accuracy_score,f1_macro,f1_micro,balanced_accuracy_score,aic,aic_avg,bic,bic_avg,ebic,ebic_avg
2786.749861240387,12,0.695619335347432,0.695692598091592,0.695619335347432,0.6956834015657546,7109.499722480774,1.7899042604432966,11937.934941807542,3.0055223921972662,22142.795971922365,5.574722047311774
