loss,layer_idx,accuracy_score,f1_macro,f1_micro,balanced_accuracy_score,aic_rep,aic_rep_avg,bic_rep,bic_rep_avg,ebic_rep,ebic_rep_avg,aic_cls,aic_cls_avg,bic_cls,bic_cls_avg,ebic_cls,ebic_cls_avg,aic_pr,aic_pr_avg,bic_pr,bic_pr_avg,ebic_pr,ebic_pr_avg
3437.815408229828,1,0.5986908358509567,0.5967981745714513,0.5986908358509567,0.5987711323845777,8923.630816459656,2.246634143116731,15361.54444222868,3.867458318788691,29557.19870009636,7.441389400829899,13025.630816459656,3.2793632468428138,32358.232768842223,8.146584282185856,81749.25287732203,20.5813828996279,6918.8828382492065,1.7419141083205454,7054.846109939152,1.7761445392596051,7187.798364984466,1.8096169096134105
