loss,layer_idx,accuracy_score,f1_macro,f1_micro,balanced_accuracy_score,aic,aic_avg,bic,bic_avg,ebic,ebic_avg
2048.488801717758,22,0.7787009063444109,0.7793254010773761,0.7787009063444109,0.7787633571947298,10246.977603435516,2.5798030220129697,29579.579555818083,7.447024057356013,78970.59966429789,19.88182267479806
