loss,layer_idx,accuracy_score,f1_macro,f1_micro,balanced_accuracy_score,aic_rep,aic_rep_avg,bic_rep,bic_rep_avg,ebic_rep,ebic_rep_avg,aic_cls,aic_cls_avg,bic_cls,bic_cls_avg,ebic_cls,ebic_cls_avg,aic_pr,aic_pr_avg,bic_pr,bic_pr_avg,ebic_pr,ebic_pr_avg
2004.7461349070072,6,0.7895266868076536,0.7896830071851948,0.7895266868076536,0.7895710990949086,5545.492269814014,1.3961460900840923,10373.927489140782,2.611764221838062,20578.788519255606,5.180963876952569,8623.492269814014,2.171070561383186,23127.659002869816,5.82267346497226,58857.105836083516,14.818002476355366,4050.2986815571785,1.019712659002311,4178.57414746541,1.0520075899963266,4301.633716729273,1.0829893546649731
