loss,layer_idx,accuracy_score,f1_macro,f1_micro,balanced_accuracy_score,aic,aic_avg,bic,bic_avg,ebic,ebic_avg
1034.1192792281508,6,0.9063444108761329,0.906454190084346,0.9063444108761329,0.9063728055324693,8218.238558456302,2.0690429401954433,27550.84051083887,6.936263975538487,76941.86061931867,19.371062592980532
