loss,layer_idx,accuracy_score,f1_macro,f1_micro,balanced_accuracy_score,aic,aic_avg,bic,bic_avg,ebic,ebic_avg
1745.8994994163513,19,0.824773413897281,0.8252733070130439,0.824773413897281,0.8248153962439678,5539.798998832703,1.394712738880338,11977.712624601727,3.015536914552298,26173.366882469407,6.589467996593506
