loss,layer_idx,accuracy_score,f1_macro,f1_micro,balanced_accuracy_score,aic,aic_avg,bic,bic_avg,ebic,ebic_avg
941.6611992493272,5,0.905840886203424,0.9060364524924869,0.905840886203424,0.9058671901809157,3931.3223984986544,0.9897589120087247,10369.236024267679,2.6105830876806846,24564.89028213536,6.184514169721893
