loss,layer_idx,accuracy_score,f1_macro,f1_micro,balanced_accuracy_score,aic,aic_avg,bic,bic_avg,ebic,ebic_avg
2703.164135456085,2,0.7099697885196374,0.7092349204517703,0.7099697885196374,0.7100441316127591,10020.32827091217,2.5227412565237084,24524.49500396797,6.174344160112782,60253.94183718167,15.169673171495889
