loss,layer_idx,accuracy_score,f1_macro,f1_micro,balanced_accuracy_score,aic,aic_avg,bic,bic_avg,ebic,ebic_avg
4112.272732257843,0,0.47079556898288016,0.4695835072855748,0.47079556898288016,0.4708493083843224,12838.545464515686,3.2322622015396996,27342.712197571487,6.883865105128773,63072.15903078519,15.87919411651188
