loss,layer_idx,accuracy_score,f1_macro,f1_micro,balanced_accuracy_score,aic,aic_avg,bic,bic_avg,ebic,ebic_avg
3568.2500224113464,1,0.5689828801611279,0.5670967949728912,0.5689828801611279,0.5690794836453099,11750.500044822693,2.958333344617999,26254.666777878494,6.609936248207073,61984.113611092194,15.60526525959018
