loss,layer_idx,accuracy_score,f1_macro,f1_micro,balanced_accuracy_score,aic_rep,aic_rep_avg,bic_rep,bic_rep_avg,ebic_rep,ebic_rep_avg,aic_cls,aic_cls_avg,bic_cls,bic_cls_avg,ebic_cls,ebic_cls_avg,aic_pr,aic_pr_avg,bic_pr,bic_pr_avg,ebic_pr,ebic_pr_avg
2703.164135456085,2,0.7099697885196374,0.7092349204517703,0.7099697885196374,0.7100441316127591,6942.32827091217,1.747816785224615,11770.763490238938,2.9634349169785845,21975.624520353762,5.532634572093092,10020.32827091217,2.5227412565237084,24524.49500396797,6.174344160112782,60253.94183718167,15.169673171495889,5448.482766151428,1.3717227507934109,5580.995949397636,1.4050845794052456,5709.491036025157,1.437434802624662
