loss,layer_idx,accuracy_score,f1_macro,f1_micro,balanced_accuracy_score,aic,aic_avg,bic,bic_avg,ebic,ebic_avg
1994.0250091552734,21,0.790281973816717,0.7904444706342723,0.790281973816717,0.790347478022548,10138.050018310547,2.552379158688456,29470.651970693114,7.419600194031499,78861.67207917292,19.854398811473544
