loss,layer_idx,accuracy_score,f1_macro,f1_micro,balanced_accuracy_score,aic_rep,aic_rep_avg,bic_rep,bic_rep_avg,ebic_rep,ebic_rep_avg,aic_cls,aic_cls_avg,bic_cls,bic_cls_avg,ebic_cls,ebic_cls_avg,aic_pr,aic_pr_avg,bic_pr,bic_pr_avg,ebic_pr,ebic_pr_avg
1123.864206597209,9,0.8884692849949648,0.8887573373066785,0.8884692849949648,0.8884995593679067,4295.728413194418,1.0815026216501555,10733.642038963442,2.7023267973221152,24929.296296831122,6.276257879363324,8397.728413194418,2.114231725376238,27730.330365576985,6.981452760719281,77121.35047405679,19.416251378161327,2299.090591996908,0.5788244189317493,2460.5482437360374,0.6194733745559007,2627.2572901967665,0.6614444335842816
