loss,layer_idx,accuracy_score,f1_macro,f1_micro,balanced_accuracy_score,aic_rep,aic_rep_avg,bic_rep,bic_rep_avg,ebic_rep,ebic_rep_avg,aic_cls,aic_cls_avg,bic_cls,bic_cls_avg,ebic_cls,ebic_cls_avg,aic_pr,aic_pr_avg,bic_pr,bic_pr_avg,ebic_pr,ebic_pr_avg
3487.7109096050262,26,0.5689828801611279,0.5507956327243128,0.5689828801611279,0.5692026098188564,10047.421819210052,2.5295623915433163,19704.292257863588,4.9607986550512555,42243.36245677339,10.635287627586454,16197.421819210052,4.077900760123376,45186.89421024616,11.37635805897436,122985.5309072564,30.96312459900715,7027.600064754486,1.769285011267494,7191.623032508017,1.8105798168449188,7361.803344521343,1.8534248097989283
