loss,layer_idx,accuracy_score,f1_macro,f1_micro,balanced_accuracy_score,aic_rep,aic_rep_avg,bic_rep,bic_rep_avg,ebic_rep,ebic_rep_avg,aic_cls,aic_cls_avg,bic_cls,bic_cls_avg,ebic_cls,ebic_cls_avg,aic_pr,aic_pr_avg,bic_pr,bic_pr_avg,ebic_pr,ebic_pr_avg
3698.409168243408,41,0.5385196374622356,0.5277246165384097,0.5385196374622356,0.538690119922613,10468.818336486816,2.635654163264556,20125.688775140352,5.0668904267724955,42664.75897405016,10.741379399307693,16618.818336486816,4.183992531844616,45608.29072752292,11.4824498306956,123406.92742453316,31.069216370728387,7438.361015319824,1.8726991478650112,7568.950946037582,1.9055767739268836,7694.973740769024,1.9373045671623927
