loss,layer_idx,accuracy_score,f1_macro,f1_micro,balanced_accuracy_score,aic,aic_avg,bic,bic_avg,ebic,ebic_avg
3159.935342311859,44,0.6185800604229608,0.6104796603291585,0.6185800604229608,0.6187403736423344,18613.87068462372,4.686271572161057,57260.21351431336,14.415965134519979,164509.62027164813,41.41732635237869
