loss,layer_idx,accuracy_score,f1_macro,f1_micro,balanced_accuracy_score,aic_rep,aic_rep_avg,bic_rep,bic_rep_avg,ebic_rep,ebic_rep_avg,aic_cls,aic_cls_avg,bic_cls,bic_cls_avg,ebic_cls,ebic_cls_avg,aic_pr,aic_pr_avg,bic_pr,bic_pr_avg,ebic_pr,ebic_pr_avg
3308.6940076351166,28,0.594662638469285,0.573767249918316,0.594662638469285,0.5948960780893554,9689.388015270233,2.439422964569545,19346.25845392377,4.870659228077485,41885.328652833574,10.545148200612683,15839.388015270233,3.9877613331496056,44828.86040630634,11.286218632000589,122627.49710331658,30.872985172033378,6666.50354719162,1.6783745083563997,6820.898836348646,1.7172454270766984,6978.119034597688,1.756827551509992
