loss,layer_idx,accuracy_score,f1_macro,f1_micro,balanced_accuracy_score,aic_rep,aic_rep_avg,bic_rep,bic_rep_avg,ebic_rep,ebic_rep_avg,aic_cls,aic_cls_avg,bic_cls,bic_cls_avg,ebic_cls,ebic_cls_avg,aic_pr,aic_pr_avg,bic_pr,bic_pr_avg,ebic_pr,ebic_pr_avg
3751.3484926223755,23,0.527190332326284,0.5207185340683519,0.527190332326284,0.527339140784519,11598.696985244751,2.920115051672898,24474.5242367828,6.161763403016818,55704.963604091696,14.024411783507476,19796.69698524475,4.984062685106936,58443.03981493439,14.713756247465858,165692.44657226917,41.71511746532456,7579.103090286255,1.9081327014819374,7819.286637521917,1.9686018724878946,8097.627620901075,2.038677648766635
