loss,layer_idx,accuracy_score,f1_macro,f1_micro,balanced_accuracy_score,aic_rep,aic_rep_avg,bic_rep,bic_rep_avg,ebic_rep,ebic_rep_avg,aic_cls,aic_cls_avg,bic_cls,bic_cls_avg,ebic_cls,ebic_cls_avg,aic_pr,aic_pr_avg,bic_pr,bic_pr_avg,ebic_pr,ebic_pr_avg
3848.504974246025,20,0.5123363544813696,0.5044058175941795,0.5123363544813696,0.5124898962433977,10769.00994849205,2.7112311048570117,20425.880387145586,5.142467368364951,42964.95058605539,10.816956340900148,16919.00994849205,4.259569473437072,45908.48233952816,11.558026772288056,123707.1190365384,31.144793312320846,7777.667968511581,1.9581238591418886,8031.2174636831105,2.021958072427772,8329.415896499537,2.0970332065708805
