loss,layer_idx,accuracy_score,f1_macro,f1_micro,balanced_accuracy_score,aic_rep,aic_rep_avg,bic_rep,bic_rep_avg,ebic_rep,ebic_rep_avg,aic_cls,aic_cls_avg,bic_cls,bic_cls_avg,ebic_cls,ebic_cls_avg,aic_pr,aic_pr_avg,bic_pr,bic_pr_avg,ebic_pr,ebic_pr_avg
4739.963948726654,11,0.3013595166163142,0.3011813439557169,0.3013595166163142,0.30135529995473975,13575.927897453308,3.417907325642827,26451.755148991357,6.659555676986747,57682.19451630025,14.522204057477405,21773.927897453308,5.481854959076865,60420.270727142946,15.211548521435788,167669.67748447772,42.212909739294496,9559.21522808075,2.406650359536946,9808.45594399738,2.4693997844907805,10100.227862866852,2.542856964467989
