loss,layer_idx,accuracy_score,f1_macro,f1_micro,balanced_accuracy_score,aic,aic_avg,bic,bic_avg,ebic,ebic_avg
4611.0723485946655,6,0.29607250755287007,0.29588612791216445,0.29607250755287007,0.29608538572124005,18444.14469718933,4.643540961024504,47433.61708822544,11.941998259875488,125232.25378523568,31.528764799908277
