loss,layer_idx,accuracy_score,f1_macro,f1_micro,balanced_accuracy_score,aic_rep,aic_rep_avg,bic_rep,bic_rep_avg,ebic_rep,ebic_rep_avg,aic_cls,aic_cls_avg,bic_cls,bic_cls_avg,ebic_cls,ebic_cls_avg,aic_pr,aic_pr_avg,bic_pr,bic_pr_avg,ebic_pr,ebic_pr_avg
4592.646533489227,8,0.3469284994964753,0.3463496814482436,0.3469284994964753,0.34695986656770966,12257.293066978455,3.0859247399240823,21914.16350563199,5.5171610034320215,44453.233704541795,11.19164997596722,18407.293066978455,4.634263108504142,47396.76545801456,11.932720407355125,125195.4021550248,31.519486947387914,9288.32823085785,2.3384512162280586,9612.220557748718,2.4199951051733932,10018.377254631036,2.5222500641065047
