loss,layer_idx,accuracy_score,f1_macro,f1_micro,balanced_accuracy_score,aic,aic_avg,bic,bic_avg,ebic,ebic_avg
4336.951942682266,11,0.4043303121852971,0.3971236912358777,0.4043303121852971,0.4044586495566888,17895.903885364532,4.505514573354615,46885.37627640064,11.803971872205599,124684.01297341088,31.390738412238388
