loss,layer_idx,accuracy_score,f1_macro,f1_micro,balanced_accuracy_score,aic,aic_avg,bic,bic_avg,ebic,ebic_avg
3122.3408246040344,39,0.6273917421953675,0.6229677479075143,0.6273917421953675,0.6275216639362298,18538.68164920807,4.667341804936573,57185.02447889771,14.397035367295496,164434.43123623249,41.3983965851542
