loss,layer_idx,accuracy_score,f1_macro,f1_micro,balanced_accuracy_score,aic,aic_avg,bic,bic_avg,ebic,ebic_avg
2600.9045289754868,6,0.696122860020141,0.694500643508143,0.696122860020141,0.696230058975157,11351.809057950974,2.8579579702797013,30684.41101033354,7.725179005622745,80075.43111881334,20.15997762306479
