loss,layer_idx,accuracy_score,f1_macro,f1_micro,balanced_accuracy_score,aic_rep,aic_rep_avg,bic_rep,bic_rep_avg,ebic_rep,ebic_rep_avg,aic_cls,aic_cls_avg,bic_cls,bic_cls_avg,ebic_cls,ebic_cls_avg,aic_pr,aic_pr_avg,bic_pr,bic_pr_avg,ebic_pr,ebic_pr_avg
4527.546104431152,0,0.3680765357502518,0.3650382059132827,0.3680765357502518,0.36812958801754325,12127.092208862305,3.053145067689402,21783.96264751584,5.4843813311973415,44323.032846425645,11.15887030373254,18277.092208862305,4.601483436269462,47266.56459989841,11.899940735120445,125065.20129690865,31.486707275153236,9084.409397125244,2.287112134220857,9176.568345263531,2.3103142863201236,9255.28578391513,2.3301323725868905
