loss,layer_idx,accuracy_score,f1_macro,f1_micro,balanced_accuracy_score,aic,aic_avg,bic,bic_avg,ebic,ebic_avg
4560.921617507935,7,0.30488418932527694,0.3041023346040627,0.30488418932527694,0.30491398838737777,12193.84323501587,3.0699504619878826,21850.713673669405,5.501186725495822,44389.78387257921,11.17567569803102
