loss,layer_idx,accuracy_score,f1_macro,f1_micro,balanced_accuracy_score,aic_rep,aic_rep_avg,bic_rep,bic_rep_avg,ebic_rep,ebic_rep_avg,aic_cls,aic_cls_avg,bic_cls,bic_cls_avg,ebic_cls,ebic_cls_avg,aic_pr,aic_pr_avg,bic_pr,bic_pr_avg,ebic_pr,ebic_pr_avg
4242.4739327430725,20,0.4380664652567976,0.4350856771908167,0.4380664652567976,0.4381667196793247,12580.947865486145,3.167408828168717,25456.775117024194,6.4090571795126365,56687.21448433309,14.271705560003296,20778.947865486145,5.231356461602756,59425.29069517578,14.961050023961677,166674.69745251056,41.962411241820384,8568.149846076965,2.157137423483627,8829.696313135857,2.2229849730956337,9139.883605776278,2.3010784505982573
