loss,layer_idx,accuracy_score,f1_macro,f1_micro,balanced_accuracy_score,aic_rep,aic_rep_avg,bic_rep,bic_rep_avg,ebic_rep,ebic_rep_avg,aic_cls,aic_cls_avg,bic_cls,bic_cls_avg,ebic_cls,ebic_cls_avg,aic_pr,aic_pr_avg,bic_pr,bic_pr_avg,ebic_pr,ebic_pr_avg
2863.027307033539,19,0.6719536757301108,0.6682674349914896,0.6719536757301108,0.6720807981312183,7774.054614067078,1.9572141525848634,14211.968239836102,3.5780383282568233,28407.622497703782,7.151969410298031,11876.054614067078,2.989943256310946,31208.656566449645,7.857164291653989,80599.67667492945,20.291962909096036,5766.517035484314,1.4517918014814486,5893.711163498784,1.4838144923209426,6015.390828108969,1.5144488489700325
