loss,layer_idx,accuracy_score,f1_macro,f1_micro,balanced_accuracy_score,aic,aic_avg,bic,bic_avg,ebic,ebic_avg
4743.828615188599,5,0.3016112789526687,0.30120063422463633,0.3016112789526687,0.3015878716158828,13583.657230377197,3.4198532805582067,26459.484481915246,6.6615016319021265,57689.92384922414,14.524150012392784
