loss,layer_idx,accuracy_score,f1_macro,f1_micro,balanced_accuracy_score,aic,aic_avg,bic,bic_avg,ebic,ebic_avg
4743.828615188599,5,0.3016112789526687,0.30120063422463633,0.3016112789526687,0.3015878716158828,21781.657230377197,5.483800913992245,60428.000060066835,15.213494476351167,167677.4068174016,42.214855694209874
