loss,layer_idx,accuracy_score,f1_macro,f1_micro,balanced_accuracy_score,aic_rep,aic_rep_avg,bic_rep,bic_rep_avg,ebic_rep,ebic_rep_avg,aic_cls,aic_cls_avg,bic_cls,bic_cls_avg,ebic_cls,ebic_cls_avg,aic_pr,aic_pr_avg,bic_pr,bic_pr_avg,ebic_pr,ebic_pr_avg
3619.1682233810425,25,0.5503524672708963,0.5330349203639974,0.5503524672708963,0.5505621051839539,10310.336446762085,2.5957543924375845,19967.20688541562,5.026990655945524,42506.277084325426,10.70147962848072,16460.336446762085,4.144092761017645,45449.80883779819,11.442550059868628,123248.44553480843,31.029316599901417,7305.060903549194,1.8391392002893239,7514.810068354745,1.8919461400691706,7748.841053134187,1.9508663275765827
