loss,layer_idx,accuracy_score,f1_macro,f1_micro,balanced_accuracy_score,aic,aic_avg,bic,bic_avg,ebic,ebic_avg
3087.4093047380447,31,0.6273917421953675,0.6115778576407097,0.6273917421953675,0.6276020379661836,15396.81860947609,3.8763390255478574,44386.291000512196,11.17479632439884,122184.92769752243,30.76156286443163
