loss,layer_idx,accuracy_score,f1_macro,f1_micro,balanced_accuracy_score,aic,aic_avg,bic,bic_avg,ebic,ebic_avg
3390.0564663410187,47,0.5929003021148036,0.5895085456533283,0.5929003021148036,0.5930229641714235,19074.112932682037,4.802143235821259,57720.455762371676,14.53183679818018,164969.86251970645,41.53319801603889
