loss,layer_idx,accuracy_score,f1_macro,f1_micro,balanced_accuracy_score,aic,aic_avg,bic,bic_avg,ebic,ebic_avg
4527.546104431152,0,0.3680765357502518,0.3650382059132827,0.3680765357502518,0.36812958801754325,18277.092208862305,4.601483436269462,47266.56459989841,11.899940735120445,125065.20129690865,31.486707275153236
