loss,layer_idx,accuracy_score,f1_macro,f1_micro,balanced_accuracy_score,aic,aic_avg,bic,bic_avg,ebic,ebic_avg
3749.2607593536377,24,0.5279456193353474,0.51550018115413,0.5279456193353474,0.528126920283783,10570.521518707275,2.6612591940350643,20227.39195736081,5.092495457543004,42766.462156270616,10.766984430078201
