loss,layer_idx,accuracy_score,f1_macro,f1_micro,balanced_accuracy_score,aic,aic_avg,bic,bic_avg,ebic,ebic_avg
2983.2888145446777,33,0.6424974823766365,0.6267926325917031,0.6424974823766365,0.6427072253402786,18260.577629089355,4.597325687081912,56906.92045877899,14.327019249440834,164156.32721611377,41.32838046729954
