loss,layer_idx,accuracy_score,f1_macro,f1_micro,balanced_accuracy_score,aic_rep,aic_rep_avg,bic_rep,bic_rep_avg,ebic_rep,ebic_rep_avg,aic_cls,aic_cls_avg,bic_cls,bic_cls_avg,ebic_cls,ebic_cls_avg,aic_pr,aic_pr_avg,bic_pr,bic_pr_avg,ebic_pr,ebic_pr_avg
4560.921617507935,7,0.30488418932527694,0.3041023346040627,0.30488418932527694,0.30491398838737777,12193.84323501587,3.0699504619878826,21850.713673669405,5.501186725495822,44389.78387257921,11.17567569803102,18343.84323501587,4.618288830567943,47333.315626051975,11.916746129418927,125131.95232306221,31.503512669451716,9215.34762954712,2.3200774495335144,9509.279863737556,2.3940785155431916,9868.791288751792,2.4845899518509045
