loss,layer_idx,accuracy_score,f1_macro,f1_micro,balanced_accuracy_score,aic_rep,aic_rep_avg,bic_rep,bic_rep_avg,ebic_rep,ebic_rep_avg,aic_cls,aic_cls_avg,bic_cls,bic_cls_avg,ebic_cls,ebic_cls_avg,aic_pr,aic_pr_avg,bic_pr,bic_pr_avg,ebic_pr,ebic_pr_avg
3281.370156288147,46,0.6022155085599195,0.5946548316708126,0.6022155085599195,0.6023725729608083,10658.740312576294,2.6834693636899027,23534.567564114343,5.925117715033823,54765.00693142324,13.78776609552448,18856.740312576294,4.747416997123941,57503.08314226593,14.477110559482863,164752.4898996007,41.47847177734157,6615.029832839966,1.665415365770384,6779.402594065757,1.7067982361696266,6950.057221428612,1.7497626438642024
