loss,layer_idx,accuracy_score,f1_macro,f1_micro,balanced_accuracy_score,aic_rep,aic_rep_avg,bic_rep,bic_rep_avg,ebic_rep,ebic_rep_avg,aic_cls,aic_cls_avg,bic_cls,bic_cls_avg,ebic_cls,ebic_cls_avg,aic_pr,aic_pr_avg,bic_pr,bic_pr_avg,ebic_pr,ebic_pr_avg
4425.073509693146,14,0.39400805639476333,0.39122702502185186,0.39400805639476333,0.3940903996926406,11922.147019386292,3.001547587962309,21579.017458039827,5.432783851470249,44118.08765694963,11.107272824005447,18072.14701938629,4.5498859565423695,47061.6194104224,11.848343255393353,124860.25610743264,31.435109795426143,8937.179085731506,2.2500450870421718,9210.765475283602,2.318923835670595,9539.148729053544,2.4015983708594018
