loss,layer_idx,accuracy_score,f1_macro,f1_micro,balanced_accuracy_score,aic,aic_avg,bic,bic_avg,ebic,ebic_avg
4736.931950569153,10,0.30916414904330314,0.30903622803825836,0.30916414904330314,0.3091567111174954,21767.863901138306,5.480328273196955,60414.206730827944,15.210021835555876,167663.61348816272,42.21138305341458
