loss,layer_idx,accuracy_score,f1_macro,f1_micro,balanced_accuracy_score,aic,aic_avg,bic,bic_avg,ebic,ebic_avg
3712.559860229492,47,0.5367573011077543,0.5299921987013946,0.5367573011077543,0.5369076405490971,16647.119720458984,4.191117754395514,45636.59211149509,11.489575053246497,123435.22880850533,31.076341593279288
