loss,layer_idx,accuracy_score,f1_macro,f1_micro,balanced_accuracy_score,aic_rep,aic_rep_avg,bic_rep,bic_rep_avg,ebic_rep,ebic_rep_avg,aic_cls,aic_cls_avg,bic_cls,bic_cls_avg,ebic_cls,ebic_cls_avg,aic_pr,aic_pr_avg,bic_pr,bic_pr_avg,ebic_pr,ebic_pr_avg
2749.134112775326,17,0.6885699899295066,0.6861505590544583,0.6885699899295066,0.6886828805596311,7546.268225550652,1.8998661192222184,13984.181851319676,3.520690294894178,28179.836109187356,7.094621376935387,11648.268225550652,2.9325952229483008,30980.87017793322,7.799816258291344,80371.89028641302,20.23461487573339,5536.392268061638,1.393855052382084,5656.235672725152,1.4240271079368458,5768.613831931142,1.4523196958537619
