loss,layer_idx,accuracy_score,f1_macro,f1_micro,balanced_accuracy_score,aic_rep,aic_rep_avg,bic_rep,bic_rep_avg,ebic_rep,ebic_rep_avg,aic_cls,aic_cls_avg,bic_cls,bic_cls_avg,ebic_cls,ebic_cls_avg,aic_pr,aic_pr_avg,bic_pr,bic_pr_avg,ebic_pr,ebic_pr_avg
3191.6730902194977,33,0.6188318227593153,0.6069898140817905,0.6188318227593153,0.6190162674756512,9455.346180438995,2.380500045427743,19112.21661909253,4.811736308935682,41651.286818002336,10.48622528147088,15605.346180438995,3.9288384140078034,44594.8185714751,11.227295712858787,122393.45526848534,30.814062252891578,6430.177124500275,1.61887641603733,6577.390783132959,1.6559392706779856,6725.0673455431615,1.6931186670551766
