loss,layer_idx,accuracy_score,f1_macro,f1_micro,balanced_accuracy_score,aic,aic_avg,bic,bic_avg,ebic,ebic_avg
3842.7781007289886,23,0.506294058408862,0.4958939184375928,0.506294058408862,0.5064624140254392,10757.556201457977,2.7083474827437004,20414.426640111513,5.13958374625164,42953.49683902132,10.814072718786838
