loss,layer_idx,accuracy_score,f1_macro,f1_micro,balanced_accuracy_score,aic,aic_avg,bic,bic_avg,ebic,ebic_avg
4555.002178668976,10,0.358257804632427,0.35773829152811815,0.358257804632427,0.35829374484836674,18332.00435733795,4.615308247063935,47321.47674837406,11.913765545914918,125120.1134453843,31.500532085947707
