loss,layer_idx,accuracy_score,f1_macro,f1_micro,balanced_accuracy_score,aic,aic_avg,bic,bic_avg,ebic,ebic_avg
2965.0409331321716,32,0.648036253776435,0.6330908845778508,0.648036253776435,0.6482422028640515,18224.081866264343,4.588137428566048,56870.42469595398,14.31783099092497,164119.83145328876,41.319192208783676
