loss,layer_idx,accuracy_score,f1_macro,f1_micro,balanced_accuracy_score,aic,aic_avg,bic,bic_avg,ebic,ebic_avg
2450.1045576334,13,0.729103726082578,0.7282972561897928,0.729103726082578,0.7291999420850962,11050.2091152668,2.782026464065156,30382.811067649367,7.649247499408199,79773.83117612917,20.084046116850246
