loss,layer_idx,accuracy_score,f1_macro,f1_micro,balanced_accuracy_score,aic_rep,aic_rep_avg,bic_rep,bic_rep_avg,ebic_rep,ebic_rep_avg,aic_cls,aic_cls_avg,bic_cls,bic_cls_avg,ebic_cls,ebic_cls_avg,aic_pr,aic_pr_avg,bic_pr,bic_pr_avg,ebic_pr,ebic_pr_avg
3255.7948727607727,42,0.608257804632427,0.6031051389863321,0.608257804632427,0.6083920747786294,10607.589745521545,2.6705915774223428,23483.416997059594,5.912239928766263,54713.85636436849,13.774888309256921,18805.589745521545,4.734539210856381,57451.93257521118,14.464232773215302,164701.33933254596,41.46559399107401,6574.90881061554,1.6553144034782326,6773.953084023538,1.7054262547894106,6992.722940005279,1.7605042648553069
