loss,layer_idx,accuracy_score,f1_macro,f1_micro,balanced_accuracy_score,aic,aic_avg,bic,bic_avg,ebic,ebic_avg
3585.059543609619,39,0.5546324269889225,0.5413070999205082,0.5546324269889225,0.5548196486571837,16392.11908721924,4.126918199199204,45381.591478255345,11.425375498050187,123180.22817526558,31.012142038082978
