loss,layer_idx,accuracy_score,f1_macro,f1_micro,balanced_accuracy_score,aic,aic_avg,bic,bic_avg,ebic,ebic_avg
2934.1684049367905,36,0.6573514602215509,0.6514280119362686,0.6573514602215509,0.6574983269661141,18162.33680987358,4.572592348910771,56808.67963956322,14.302285911269692,164058.086396898,41.3036471291284
