loss,layer_idx,accuracy_score,f1_macro,f1_micro,balanced_accuracy_score,aic,aic_avg,bic,bic_avg,ebic,ebic_avg
3497.1192281246185,26,0.5636958710976838,0.5535312723819313,0.5636958710976838,0.5638722725557459,19288.238456249237,4.856051977907663,57934.581285938875,14.585745540266585,165183.98804327365,41.58710675812529
