loss,layer_idx,accuracy_score,f1_macro,f1_micro,balanced_accuracy_score,aic_rep,aic_rep_avg,bic_rep,bic_rep_avg,ebic_rep,ebic_rep_avg,aic_cls,aic_cls_avg,bic_cls,bic_cls_avg,ebic_cls,ebic_cls_avg,aic_pr,aic_pr_avg,bic_pr,bic_pr_avg,ebic_pr,ebic_pr_avg
3269.026174545288,23,0.6062437059415912,0.6023341342259733,0.6062437059415912,0.6063753136582268,8586.052349090576,2.1616445994689264,15023.9659748596,3.7824687751408863,29219.62023272728,7.356399857182095,12688.052349090576,3.194373703195009,32020.654301473143,8.061594738538052,81411.67440995295,20.496393355980096,6571.214138031006,1.6543842240762854,6675.458636504867,1.680629062564166,6768.585268184233,1.7040748409325865
