loss,layer_idx,accuracy_score,f1_macro,f1_micro,balanced_accuracy_score,aic,aic_avg,bic,bic_avg,ebic,ebic_avg
3989.958206653595,21,0.49420946626384693,0.488497418534852,0.49420946626384693,0.49434930667423665,12075.91641330719,3.040260929835647,24951.74366484524,6.2819092811795665,56182.183032154135,14.144557661670225
