loss,layer_idx,accuracy_score,f1_macro,f1_micro,balanced_accuracy_score,aic,aic_avg,bic,bic_avg,ebic,ebic_avg
4710.624417066574,13,0.3119335347432024,0.3117851699798294,0.3119335347432024,0.31193104022235674,21715.24883413315,5.467081781000289,60361.591663822786,15.196775343359212,167610.99842115756,42.198136561217915
