loss,layer_idx,accuracy_score,f1_macro,f1_micro,balanced_accuracy_score,aic,aic_avg,bic,bic_avg,ebic,ebic_avg
3159.935342311859,44,0.6185800604229608,0.6104796603291585,0.6185800604229608,0.6187403736423344,10415.870684623718,2.6223239387270185,23291.697936161767,5.863972290070938,54522.13730347066,13.726620670561596
