loss,layer_idx,accuracy_score,f1_macro,f1_micro,balanced_accuracy_score,aic_rep,aic_rep_avg,bic_rep,bic_rep_avg,ebic_rep,ebic_rep_avg,aic_cls,aic_cls_avg,bic_cls,bic_cls_avg,ebic_cls,ebic_cls_avg,aic_pr,aic_pr_avg,bic_pr,bic_pr_avg,ebic_pr,ebic_pr_avg
3598.3741948604584,25,0.5531218529707955,0.5443744226904421,0.5531218529707955,0.5532896919451541,11292.748389720917,2.843088718459445,24168.575641258965,6.0847370698033645,55399.01500856786,13.947385450294023,19490.748389720917,4.907036351893484,58137.091219410555,14.636729914252406,165386.49797674533,41.638091132111114,7265.908378124237,1.8292820690141585,7483.313667040137,1.8840165324874465,7728.366549591113,1.9457116187288803
