loss,layer_idx,accuracy_score,f1_macro,f1_micro,balanced_accuracy_score,aic,aic_avg,bic,bic_avg,ebic,ebic_avg
3064.597264289856,38,0.6367069486404834,0.6332369063040182,0.6367069486404834,0.6368330808106718,18423.194528579712,4.638266497628326,57069.53735826935,14.367960059987249,164318.94411560413,41.369321277845955
