loss,layer_idx,accuracy_score,f1_macro,f1_micro,balanced_accuracy_score,aic,aic_avg,bic,bic_avg,ebic,ebic_avg
4570.461717605591,9,0.3461732124874119,0.34531323519526785,0.3461732124874119,0.34620856889764456,12212.923435211182,3.0747541377671657,21869.793873864717,5.505990401275105,44408.86407277452,11.180479373810302
