loss,layer_idx,accuracy_score,f1_macro,f1_micro,balanced_accuracy_score,aic,aic_avg,bic,bic_avg,ebic,ebic_avg
4519.598729133606,0,0.3607754279959718,0.35839536445713,0.3607754279959718,0.36082980200627257,21333.197458267212,5.370895634004837,59979.54028795685,15.100589196363758,167228.94704529163,42.101950414222465
