loss,layer_idx,accuracy_score,f1_macro,f1_micro,balanced_accuracy_score,aic,aic_avg,bic,bic_avg,ebic,ebic_avg
2581.1231499910355,7,0.7112286002014099,0.7091305839805079,0.7112286002014099,0.7113341062920894,7210.246299982071,1.8152684541747408,13648.159925751095,3.4360926298467005,27843.814183618775,7.010023711887909
