loss,layer_idx,accuracy_score,f1_macro,f1_micro,balanced_accuracy_score,aic,aic_avg,bic,bic_avg,ebic,ebic_avg
3121.609446287155,30,0.6299093655589124,0.6142912520589063,0.6299093655589124,0.6301181441237463,9315.21889257431,2.345221272047913,18972.089331227846,4.776457535555853,41511.15953013765,10.45094650809105
