loss,layer_idx,accuracy_score,f1_macro,f1_micro,balanced_accuracy_score,aic_rep,aic_rep_avg,bic_rep,bic_rep_avg,ebic_rep,ebic_rep_avg,aic_cls,aic_cls_avg,bic_cls,bic_cls_avg,ebic_cls,ebic_cls_avg,aic_pr,aic_pr_avg,bic_pr,bic_pr_avg,ebic_pr,ebic_pr_avg
2983.2888145446777,33,0.6424974823766365,0.6267926325917031,0.6424974823766365,0.6427072253402786,10062.577629089355,2.533378053647874,22938.404880627404,5.775026404991793,54168.8442479363,13.637674785482453,18260.577629089355,4.597325687081912,56906.92045877899,14.327019249440834,164156.32721611377,41.32838046729954,6028.226181030273,1.5176803074094345,6222.0191754391435,1.5664700844509425,6433.369061811656,1.6196800256323405
