loss,layer_idx,accuracy_score,f1_macro,f1_micro,balanced_accuracy_score,aic,aic_avg,bic,bic_avg,ebic,ebic_avg
2496.1883170604706,8,0.7255790533736153,0.723809696733907,0.7255790533736153,0.7256800155959819,11142.376634120941,2.8052307739478706,30474.97858650351,7.672451809290913,79865.99869498331,20.107250426732957
