loss,layer_idx,accuracy_score,f1_macro,f1_micro,balanced_accuracy_score,aic_rep,aic_rep_avg,bic_rep,bic_rep_avg,ebic_rep,ebic_rep_avg,aic_cls,aic_cls_avg,bic_cls,bic_cls_avg,ebic_cls,ebic_cls_avg,aic_pr,aic_pr_avg,bic_pr,bic_pr_avg,ebic_pr,ebic_pr_avg
4748.40811085701,4,0.29934541792547836,0.2989663145317825,0.29934541792547836,0.2993271382627125,13592.81622171402,3.422159169615816,26468.64347325207,6.663807520959735,57699.082840560965,14.526455901450394,21790.81622171402,5.486106803049854,60437.15905140366,15.215800365408777,167686.56580873844,42.21716158326748,9585.02796792984,2.4131490352290634,9862.322695916026,2.482961403805646,10196.344673157708,2.567055557189755
