loss,layer_idx,accuracy_score,f1_macro,f1_micro,balanced_accuracy_score,aic_rep,aic_rep_avg,bic_rep,bic_rep_avg,ebic_rep,ebic_rep_avg,aic_cls,aic_cls_avg,bic_cls,bic_cls_avg,ebic_cls,ebic_cls_avg,aic_pr,aic_pr_avg,bic_pr,bic_pr_avg,ebic_pr,ebic_pr_avg
2965.0409331321716,32,0.648036253776435,0.6330908845778508,0.648036253776435,0.6482422028640515,10026.081866264343,2.52418979513201,22901.909117802392,5.76583814647593,54132.34848511129,13.628486526966588,18224.081866264343,4.588137428566048,56870.42469595398,14.31783099092497,164119.83145328876,41.319192208783676,5993.9991979599,1.5090632421852719,6194.92412991577,1.559648572486347,6416.362110743479,1.6153983158971499
