loss,layer_idx,accuracy_score,f1_macro,f1_micro,balanced_accuracy_score,aic_rep,aic_rep_avg,bic_rep,bic_rep_avg,ebic_rep,ebic_rep_avg,aic_cls,aic_cls_avg,bic_cls,bic_cls_avg,ebic_cls,ebic_cls_avg,aic_pr,aic_pr_avg,bic_pr,bic_pr_avg,ebic_pr,ebic_pr_avg
3807.4737594127655,43,0.5161127895266868,0.5079686713184532,0.5161127895266868,0.5162669056226479,10686.947518825531,2.6905708758372433,20343.817957479067,5.121807139345183,42882.88815638887,10.79629611188038,16836.94751882553,4.238909244417304,45826.41990986164,11.537366543268288,123625.05660687188,31.124133083301075,7654.860562801361,1.927205579758651,7780.32771595464,1.9587934833722658,7899.809649130542,1.988874534020781
