loss,layer_idx,accuracy_score,f1_macro,f1_micro,balanced_accuracy_score,aic,aic_avg,bic,bic_avg,ebic,ebic_avg
2458.332773923874,15,0.7225579053373615,0.7198900123127211,0.7225579053373615,0.7226714047442339,11066.665547847748,2.7861695739797954,30399.267500230315,7.653390609322838,79790.28760871012,20.088189226764882
