loss,layer_idx,accuracy_score,f1_macro,f1_micro,balanced_accuracy_score,aic,aic_avg,bic,bic_avg,ebic,ebic_avg
2496.1883170604706,8,0.7255790533736153,0.723809696733907,0.7255790533736153,0.7256800155959819,7040.376634120941,1.7725016702217877,13478.290259889965,3.3933258458937474,27673.944517757645,6.967256927934956
