loss,layer_idx,accuracy_score,f1_macro,f1_micro,balanced_accuracy_score,aic,aic_avg,bic,bic_avg,ebic,ebic_avg
4519.598729133606,0,0.3607754279959718,0.35839536445713,0.3607754279959718,0.36082980200627257,13135.197458267212,3.3069480005707987,26011.02470980526,6.548596351914719,57241.46407711416,14.411244732405377
