loss,layer_idx,accuracy_score,f1_macro,f1_micro,balanced_accuracy_score,aic,aic_avg,bic,bic_avg,ebic,ebic_avg
4739.963948726654,11,0.3013595166163142,0.3011813439557169,0.3013595166163142,0.30135529995473975,21773.927897453308,5.481854959076865,60420.270727142946,15.211548521435788,167669.67748447772,42.212909739294496
