loss,layer_idx,accuracy_score,f1_macro,f1_micro,balanced_accuracy_score,aic_rep,aic_rep_avg,bic_rep,bic_rep_avg,ebic_rep,ebic_rep_avg,aic_cls,aic_cls_avg,bic_cls,bic_cls_avg,ebic_cls,ebic_cls_avg,aic_pr,aic_pr_avg,bic_pr,bic_pr_avg,ebic_pr,ebic_pr_avg
3623.657479286194,24,0.5448136958710977,0.536920919573121,0.5448136958710977,0.5449775351736136,11343.314958572388,2.8558194759749216,24219.142210110436,6.097467827318841,55449.58157741933,13.9601162078095,19541.314958572388,4.9197671094089594,58187.657788262026,14.649460671767882,165437.0645455968,41.650821889626584,7318.120714187622,1.8424271687280016,7540.699492926972,1.8984641220863474,7793.248980813726,1.9620465712018444
