loss,layer_idx,accuracy_score,f1_macro,f1_micro,balanced_accuracy_score,aic,aic_avg,bic,bic_avg,ebic,ebic_avg
2996.304660320282,20,0.6472809667673716,0.6438431526705112,0.6472809667673716,0.6474031207924765,12142.609320640564,3.0570516920041704,31475.21127302313,7.924272727347213,80866.23138150293,20.359071344789257
