loss,layer_idx,accuracy_score,f1_macro,f1_micro,balanced_accuracy_score,aic,aic_avg,bic,bic_avg,ebic,ebic_avg
3754.715667247772,42,0.5319738167170192,0.5224711309070526,0.5319738167170192,0.5321347912384327,10581.431334495544,2.664005874747116,20238.30177314908,5.095242138255055,42777.371972058885,10.769731110790254
