loss,layer_idx,accuracy_score,f1_macro,f1_micro,balanced_accuracy_score,aic_rep,aic_rep_avg,bic_rep,bic_rep_avg,ebic_rep,ebic_rep_avg,aic_cls,aic_cls_avg,bic_cls,bic_cls_avg,ebic_cls,ebic_cls_avg,aic_pr,aic_pr_avg,bic_pr,bic_pr_avg,ebic_pr,ebic_pr_avg
3815.553087949753,21,0.5158610271903323,0.5084663665750525,0.5158610271903323,0.5160092527039306,10703.106175899506,2.6946390170945382,20359.97661455304,5.125875280602478,42899.046813462846,10.800364253137674,16853.106175899506,4.242977385674599,45842.57856693561,11.541434684525582,123641.21526394585,31.12820122455837,7702.669812679291,1.9392421482072737,7927.631000342457,1.9958789024024313,8183.645601718012,2.0603337365856023
