loss,layer_idx,accuracy_score,f1_macro,f1_micro,balanced_accuracy_score,aic,aic_avg,bic,bic_avg,ebic,ebic_avg
4742.825178146362,8,0.3023665659617321,0.3022591787398088,0.3023665659617321,0.30235284997189765,21779.650356292725,5.483295658683969,60425.99318598236,15.212989221042891,167675.39994331714,42.2143504389016
