loss,layer_idx,accuracy_score,f1_macro,f1_micro,balanced_accuracy_score,aic,aic_avg,bic,bic_avg,ebic,ebic_avg
3269.026174545288,23,0.6062437059415912,0.6023341342259733,0.6062437059415912,0.6063753136582268,12688.052349090576,3.194373703195009,32020.654301473143,8.061594738538052,81411.67440995295,20.496393355980096
