loss,layer_idx,accuracy_score,f1_macro,f1_micro,balanced_accuracy_score,aic,aic_avg,bic,bic_avg,ebic,ebic_avg
2882.754467487335,48,0.6533232628398792,0.6497251068351544,0.6533232628398792,0.6534522640965218,18059.50893497467,4.546704162883855,56705.85176466431,14.276397725242777,163955.2585219991,41.27775894310148
