loss,layer_idx,accuracy_score,f1_macro,f1_micro,balanced_accuracy_score,aic,aic_avg,bic,bic_avg,ebic,ebic_avg
3779.291064977646,45,0.5249244712990937,0.5131044326773831,0.5249244712990937,0.5251006385460167,16780.58212995529,4.224718562425804,45770.0545209914,11.523175861276787,123568.69121800164,31.109942401309578
