loss,layer_idx,accuracy_score,f1_macro,f1_micro,balanced_accuracy_score,aic,aic_avg,bic,bic_avg,ebic,ebic_avg
3702.39333152771,3,0.5201409869083585,0.5123862028229106,0.5201409869083585,0.5202776267202037,13554.78666305542,3.412584759077397,32887.38861543799,8.27980579442044,82278.40872391779,20.714604411862485
