loss,layer_idx,accuracy_score,f1_macro,f1_micro,balanced_accuracy_score,aic_rep,aic_rep_avg,bic_rep,bic_rep_avg,ebic_rep,ebic_rep_avg,aic_cls,aic_cls_avg,bic_cls,bic_cls_avg,ebic_cls,ebic_cls_avg,aic_pr,aic_pr_avg,bic_pr,bic_pr_avg,ebic_pr,ebic_pr_avg
3159.935342311859,44,0.6185800604229608,0.6104796603291585,0.6185800604229608,0.6187403736423344,10415.870684623718,2.6223239387270185,23291.697936161767,5.863972290070938,54522.13730347066,13.726620670561596,18613.87068462372,4.686271572161057,57260.21351431336,14.415965134519979,164509.62027164813,41.41732635237869,6381.247599601746,1.6065578045321616,6574.186699818889,1.6551326031769609,6784.334292728623,1.708039852147186
