loss,layer_idx,accuracy_score,f1_macro,f1_micro,balanced_accuracy_score,aic,aic_avg,bic,bic_avg,ebic,ebic_avg
4038.0946600437164,18,0.47507552870090636,0.46917254362495325,0.47507552870090636,0.4752037567163618,17298.189320087433,4.355032557927349,46287.66171112354,11.653489856778332,124086.29840813378,31.240256396811123
