loss,layer_idx,accuracy_score,f1_macro,f1_micro,balanced_accuracy_score,aic_rep,aic_rep_avg,bic_rep,bic_rep_avg,ebic_rep,ebic_rep_avg,aic_cls,aic_cls_avg,bic_cls,bic_cls_avg,ebic_cls,ebic_cls_avg,aic_pr,aic_pr_avg,bic_pr,bic_pr_avg,ebic_pr,ebic_pr_avg
4737.622357368469,6,0.2998489425981873,0.2997102034558951,0.2998489425981873,0.2998470043287971,13571.244714736938,3.416728276620579,26447.071966274987,6.658376627964499,57677.51133358388,14.521025008455156,21769.24471473694,5.480675910054617,60415.58754442658,15.21036947241354,167664.99430176136,42.21173069027225,9583.00461769104,2.4126396318456798,9921.749220981937,2.497922764597668,10351.361926868261,2.6060830631591796
