loss,layer_idx,accuracy_score,f1_macro,f1_micro,balanced_accuracy_score,aic_rep,aic_rep_avg,bic_rep,bic_rep_avg,ebic_rep,ebic_rep_avg,aic_cls,aic_cls_avg,bic_cls,bic_cls_avg,ebic_cls,ebic_cls_avg,aic_pr,aic_pr_avg,bic_pr,bic_pr_avg,ebic_pr,ebic_pr_avg
4356.072660923004,1,0.3607754279959718,0.36023614550838184,0.3607754279959718,0.3608184014346479,12808.145321846008,3.224608590595672,25683.972573384057,6.466256941939592,56914.41194069295,14.32890532243025,21006.14532184601,5.28855622402971,59652.48815153565,15.018249786388632,166901.89490887042,42.01961100424734,8717.04311466217,2.1946231406500933,8732.439387663813,2.198499342312138,8736.826034636986,2.1996037348028668
