loss,layer_idx,accuracy_score,f1_macro,f1_micro,balanced_accuracy_score,aic,aic_avg,bic,bic_avg,ebic,ebic_avg
3234.6411271095276,34,0.6122860020140987,0.5986986967688382,0.6122860020140987,0.6124808897918143,9541.282254219055,2.402135512139742,19198.15269287259,4.833371775647682,41737.222891782396,10.507860748182878
