loss,layer_idx,accuracy_score,f1_macro,f1_micro,balanced_accuracy_score,aic,aic_avg,bic,bic_avg,ebic,ebic_avg
4748.40811085701,4,0.29934541792547836,0.2989663145317825,0.29934541792547836,0.2993271382627125,21790.81622171402,5.486106803049854,60437.15905140366,15.215800365408777,167686.56580873844,42.21716158326748
