loss,layer_idx,accuracy_score,f1_macro,f1_micro,balanced_accuracy_score,aic_rep,aic_rep_avg,bic_rep,bic_rep_avg,ebic_rep,ebic_rep_avg,aic_cls,aic_cls_avg,bic_cls,bic_cls_avg,ebic_cls,ebic_cls_avg,aic_pr,aic_pr_avg,bic_pr,bic_pr_avg,ebic_pr,ebic_pr_avg
3779.291064977646,45,0.5249244712990937,0.5131044326773831,0.5249244712990937,0.5251006385460167,10630.582129955292,2.676380193845743,20287.452568608827,5.107616457353682,42826.52276751863,10.78210542988888,16780.58212995529,4.224718562425804,45770.0545209914,11.523175861276787,123568.69121800164,31.109942401309578,7606.342032909393,1.9149904413165644,7756.475885445339,1.9527884907969133,7908.019929607643,1.9909415734158213
