loss,layer_idx,accuracy_score,f1_macro,f1_micro,balanced_accuracy_score,aic_rep,aic_rep_avg,bic_rep,bic_rep_avg,ebic_rep,ebic_rep_avg,aic_cls,aic_cls_avg,bic_cls,bic_cls_avg,ebic_cls,ebic_cls_avg,aic_pr,aic_pr_avg,bic_pr,bic_pr_avg,ebic_pr,ebic_pr_avg
3716.8225407600403,40,0.5362537764350453,0.5239049220143939,0.5362537764350453,0.5364356568838362,10505.64508152008,2.6449257506344614,20162.515520173616,5.076162014142401,42701.58571908342,10.750650986677599,16655.64508152008,4.193264119214522,45645.11747255619,11.491721418065506,123443.75416956643,31.078487958098293,7475.961663246155,1.8821655748353865,7608.98436739179,1.9156556816192825,7738.1359186017535,1.9481711778957083
