loss,layer_idx,accuracy_score,f1_macro,f1_micro,balanced_accuracy_score,aic,aic_avg,bic,bic_avg,ebic,ebic_avg
4553.310667037964,2,0.35850956696878145,0.35792143203798826,0.35850956696878145,0.3585303067095784,15256.621334075928,3.84104263194258,34589.223286458495,8.708263667285623,83980.2433949383,21.14306228472767
