loss,layer_idx,accuracy_score,f1_macro,f1_micro,balanced_accuracy_score,aic,aic_avg,bic,bic_avg,ebic,ebic_avg
3860.6910729408264,46,0.506797583081571,0.4937396938676144,0.506797583081571,0.5069765798057114,16943.382145881653,4.265705474793971,45932.85453691776,11.564162773644954,123731.491233928,31.150929313677743
