loss,layer_idx,accuracy_score,f1_macro,f1_micro,balanced_accuracy_score,aic,aic_avg,bic,bic_avg,ebic,ebic_avg
3064.597264289856,38,0.6367069486404834,0.6332369063040182,0.6367069486404834,0.6368330808106718,10225.194528579712,2.574318864194288,23101.02178011776,5.815967215538207,54331.46114742666,13.678615596028866
