loss,layer_idx,accuracy_score,f1_macro,f1_micro,balanced_accuracy_score,aic_rep,aic_rep_avg,bic_rep,bic_rep_avg,ebic_rep,ebic_rep_avg,aic_cls,aic_cls_avg,bic_cls,bic_cls_avg,ebic_cls,ebic_cls_avg,aic_pr,aic_pr_avg,bic_pr,bic_pr_avg,ebic_pr,ebic_pr_avg
4555.002178668976,10,0.358257804632427,0.35773829152811815,0.358257804632427,0.35829374484836674,12182.004357337952,3.0669698784838753,21838.874795991487,5.4982061419918145,44377.94499490129,11.172695114527013,18332.00435733795,4.615308247063935,47321.47674837406,11.913765545914918,125120.1134453843,31.500532085947707,9202.1414270401,2.316752625135977,9491.775458521493,2.3896715655895,9844.672422536547,2.478517729742333
