loss,layer_idx,accuracy_score,f1_macro,f1_micro,balanced_accuracy_score,aic,aic_avg,bic,bic_avg,ebic,ebic_avg
4118.9111614227295,17,0.452920443101712,0.4483499724784185,0.452920443101712,0.45303534519220795,17459.82232284546,4.3957256603337,46449.294713881565,11.694182959184683,124247.9314108918,31.280949499217474
