loss,layer_idx,accuracy_score,f1_macro,f1_micro,balanced_accuracy_score,aic,aic_avg,bic,bic_avg,ebic,ebic_avg
3363.6317834854126,35,0.5979355488418933,0.5831711640684746,0.5979355488418933,0.5981372606022466,9799.263566970825,2.4670854901739236,19456.13400562436,4.898321753681863,41995.204204534166,10.57281072621706
