loss,layer_idx,accuracy_score,f1_macro,f1_micro,balanced_accuracy_score,aic,aic_avg,bic,bic_avg,ebic,ebic_avg
3143.991065979004,45,0.634944612286002,0.6284792020476629,0.634944612286002,0.6350905034378423,10383.982131958008,2.6142956022049364,23259.809383496056,5.855943953548856,54490.24875080495,13.718592334039515
