loss,layer_idx,accuracy_score,f1_macro,f1_micro,balanced_accuracy_score,aic,aic_avg,bic,bic_avg,ebic,ebic_avg
3024.8539156913757,31,0.6455186304128903,0.6316256079294075,0.6455186304128903,0.6457175462777703,18343.70783138275,4.618254741032918,56990.05066107239,14.34794830339184,164239.45741840717,41.34930952125055
