loss,layer_idx,accuracy_score,f1_macro,f1_micro,balanced_accuracy_score,aic,aic_avg,bic,bic_avg,ebic,ebic_avg
3716.8225407600403,40,0.5362537764350453,0.5239049220143939,0.5362537764350453,0.5364356568838362,10505.64508152008,2.6449257506344614,20162.515520173616,5.076162014142401,42701.58571908342,10.750650986677599
