loss,layer_idx,accuracy_score,f1_macro,f1_micro,balanced_accuracy_score,aic,aic_avg,bic,bic_avg,ebic,ebic_avg
2374.5620539188385,10,0.7321248741188319,0.7308178171974781,0.7321248741188319,0.73222052353705,10899.124107837677,2.743988949606666,30231.726060220244,7.611209984949709,79622.74616870005,20.046008602391755
