loss,layer_idx,accuracy_score,f1_macro,f1_micro,balanced_accuracy_score,aic_rep,aic_rep_avg,bic_rep,bic_rep_avg,ebic_rep,ebic_rep_avg,aic_cls,aic_cls_avg,bic_cls,bic_cls_avg,ebic_cls,ebic_cls_avg,aic_pr,aic_pr_avg,bic_pr,bic_pr_avg,ebic_pr,ebic_pr_avg
3255.1862357854843,29,0.6165659617321249,0.5986606529285193,0.6165659617321249,0.616785175608705,9582.372471570969,2.412480481261573,19239.242910224504,4.843716744769512,41778.31310913431,10.51820571730471,15732.372471570969,3.9608188498416337,44721.844862607075,11.259276148692617,122520.48155961731,30.846042688725408,6553.909332990646,1.6500275259291657,6690.768001621975,1.6844833840941527,6824.881596006485,1.7182481359532942
