loss,layer_idx,accuracy_score,f1_macro,f1_micro,balanced_accuracy_score,aic_rep,aic_rep_avg,bic_rep,bic_rep_avg,ebic_rep,ebic_rep_avg,aic_cls,aic_cls_avg,bic_cls,bic_cls_avg,ebic_cls,ebic_cls_avg,aic_pr,aic_pr_avg,bic_pr,bic_pr_avg,ebic_pr,ebic_pr_avg
3024.8539156913757,31,0.6455186304128903,0.6316256079294075,0.6455186304128903,0.6457175462777703,10145.707831382751,2.55430710759888,23021.5350829208,5.7959554589427995,54251.974450229696,13.658603839433459,18343.70783138275,4.618254741032918,56990.05066107239,14.34794830339184,164239.45741840717,41.34930952125055,6106.946726799011,1.5374991759312717,6286.877910746427,1.5827990711849012,6478.862111360373,1.6311334620746156
