loss,layer_idx,accuracy_score,f1_macro,f1_micro,balanced_accuracy_score,aic,aic_avg,bic,bic_avg,ebic,ebic_avg
3191.6730902194977,33,0.6188318227593153,0.6069898140817905,0.6188318227593153,0.6190162674756512,15605.346180438995,3.9288384140078034,44594.8185714751,11.227295712858787,122393.45526848534,30.814062252891578
