loss,layer_idx,accuracy_score,f1_macro,f1_micro,balanced_accuracy_score,aic,aic_avg,bic,bic_avg,ebic,ebic_avg
4242.4739327430725,20,0.4380664652567976,0.4350856771908167,0.4380664652567976,0.4381667196793247,12580.947865486145,3.167408828168717,25456.775117024194,6.4090571795126365,56687.21448433309,14.271705560003296
