loss,layer_idx,accuracy_score,f1_macro,f1_micro,balanced_accuracy_score,aic_rep,aic_rep_avg,bic_rep,bic_rep_avg,ebic_rep,ebic_rep_avg,aic_cls,aic_cls_avg,bic_cls,bic_cls_avg,ebic_cls,ebic_cls_avg,aic_pr,aic_pr_avg,bic_pr,bic_pr_avg,ebic_pr,ebic_pr_avg
4619.625250816345,3,0.3104229607250755,0.3102886212474242,0.3104229607250755,0.31041989445350787,12311.25050163269,3.099509189736327,21968.120940286226,5.530745453244267,44507.19113919603,11.205234425779464,18461.25050163269,4.647847558316387,47450.7228926688,11.946304857167371,125249.35958967904,31.53307139720016,9314.099920272827,2.3449395569669758,9549.390004327624,2.4041767382496535,9820.519384460238,2.472436904446183
