loss,layer_idx,accuracy_score,f1_macro,f1_micro,balanced_accuracy_score,aic_rep,aic_rep_avg,bic_rep,bic_rep_avg,ebic_rep,ebic_rep_avg,aic_cls,aic_cls_avg,bic_cls,bic_cls_avg,ebic_cls,ebic_cls_avg,aic_pr,aic_pr_avg,bic_pr,bic_pr_avg,ebic_pr,ebic_pr_avg
4346.31552028656,19,0.40584088620342396,0.4044289289941176,0.40584088620342396,0.40591792272464544,12788.63104057312,3.219695629550131,25664.45829211117,6.461343980894051,56894.897659420065,14.32399236138471,20986.63104057312,5.283643262984169,59632.97387026276,15.01333682534309,166882.38062759754,42.0146980432018,8777.008428573608,2.2097201481806668,9042.249803532175,2.2764979364381106,9358.002832853983,2.355992656811174
