loss,layer_idx,accuracy_score,f1_macro,f1_micro,balanced_accuracy_score,aic,aic_avg,bic,bic_avg,ebic,ebic_avg
4473.550126552582,12,0.3683282980866062,0.3669880173430773,0.3683282980866062,0.36839123113632916,18169.100253105164,4.5742951291805545,47158.57264414127,11.872752428031538,124957.20934115151,31.459518968064327
