loss,layer_idx,accuracy_score,f1_macro,f1_micro,balanced_accuracy_score,aic,aic_avg,bic,bic_avg,ebic,ebic_avg
3807.4737594127655,43,0.5161127895266868,0.5079686713184532,0.5161127895266868,0.5162669056226479,10686.947518825531,2.6905708758372433,20343.817957479067,5.121807139345183,42882.88815638887,10.79629611188038
