loss,layer_idx,accuracy_score,f1_macro,f1_micro,balanced_accuracy_score,aic,aic_avg,bic,bic_avg,ebic,ebic_avg
4695.818322658539,14,0.31847935548841894,0.3185021704434739,0.31847935548841894,0.3184732582491686,13487.636645317078,3.3956789137253467,26363.463896855126,6.637327265069266,57593.90326416402,14.499975645559925
