loss,layer_idx,accuracy_score,f1_macro,f1_micro,balanced_accuracy_score,aic_rep,aic_rep_avg,bic_rep,bic_rep_avg,ebic_rep,ebic_rep_avg,aic_cls,aic_cls_avg,bic_cls,bic_cls_avg,ebic_cls,ebic_cls_avg,aic_pr,aic_pr_avg,bic_pr,bic_pr_avg,ebic_pr,ebic_pr_avg
3585.059543609619,39,0.5546324269889225,0.5413070999205082,0.5546324269889225,0.5548196486571837,10242.119087219238,2.5785798306191436,19898.989525872774,5.009816094127083,42438.05972478258,10.684305066662281,16392.11908721924,4.126918199199204,45381.591478255345,11.425375498050187,123180.22817526558,31.012142038082978,7210.43346786499,1.8153155759982351,7337.162227861926,1.8472211046983702,7458.248930110815,1.8777061757580098
