loss,layer_idx,accuracy_score,f1_macro,f1_micro,balanced_accuracy_score,aic_rep,aic_rep_avg,bic_rep,bic_rep_avg,ebic_rep,ebic_rep_avg,aic_cls,aic_cls_avg,bic_cls,bic_cls_avg,ebic_cls,ebic_cls_avg,aic_pr,aic_pr_avg,bic_pr,bic_pr_avg,ebic_pr,ebic_pr_avg
3390.0564663410187,47,0.5929003021148036,0.5895085456533283,0.5929003021148036,0.5930229641714235,10876.112932682037,2.73819560238722,23751.940184220086,5.979843953731139,54982.37955152898,13.842492334221799,19074.112932682037,4.802143235821259,57720.455762371676,14.53183679818018,164969.86251970645,41.53319801603889,6829.3449883461,1.7193718500367825,6984.10657134624,1.7583349877508159,7141.816427730441,1.798040389660232
