loss,layer_idx,accuracy_score,f1_macro,f1_micro,balanced_accuracy_score,aic,aic_avg,bic,bic_avg,ebic,ebic_avg
2458.332773923874,15,0.7225579053373615,0.7198900123127211,0.7225579053373615,0.7226714047442339,6964.665547847748,1.753440470253713,13402.579173616772,3.3742646459256727,27598.233431484452,6.948195727966882
