loss,layer_idx,accuracy_score,f1_macro,f1_micro,balanced_accuracy_score,aic_rep,aic_rep_avg,bic_rep,bic_rep_avg,ebic_rep,ebic_rep_avg,aic_cls,aic_cls_avg,bic_cls,bic_cls_avg,ebic_cls,ebic_cls_avg,aic_pr,aic_pr_avg,bic_pr,bic_pr_avg,ebic_pr,ebic_pr_avg
2450.1045576334,13,0.729103726082578,0.7282972561897928,0.729103726082578,0.7291999420850962,6948.2091152668,1.7492973603390736,13386.122741035824,3.3701215360110335,27581.776998903504,6.9440526180522415,11050.2091152668,2.782026464065156,30382.811067649367,7.649247499408199,79773.83117612917,20.084046116850246,4942.165860414505,1.2442512236693115,5074.057413773552,1.277456549288407,5201.752435282031,1.3096053462442172
