loss,layer_idx,accuracy_score,f1_macro,f1_micro,balanced_accuracy_score,aic_rep,aic_rep_avg,bic_rep,bic_rep_avg,ebic_rep,ebic_rep_avg,aic_cls,aic_cls_avg,bic_cls,bic_cls_avg,ebic_cls,ebic_cls_avg,aic_pr,aic_pr_avg,bic_pr,bic_pr_avg,ebic_pr,ebic_pr_avg
4736.931950569153,10,0.30916414904330314,0.30903622803825836,0.30916414904330314,0.3091567111174954,13569.863901138306,3.4163806397629166,26445.691152676354,6.658028991106836,57676.13051998525,14.520677371597495,21767.863901138306,5.480328273196955,60414.206730827944,15.210021835555876,167663.61348816272,42.21138305341458,9549.585718154907,2.404226011620067,9787.61819742208,2.4641536247286204,10062.785165094092,2.5334303033973042
