loss,layer_idx,accuracy_score,f1_macro,f1_micro,balanced_accuracy_score,aic_rep,aic_rep_avg,bic_rep,bic_rep_avg,ebic_rep,ebic_rep_avg,aic_cls,aic_cls_avg,bic_cls,bic_cls_avg,ebic_cls,ebic_cls_avg,aic_pr,aic_pr_avg,bic_pr,bic_pr_avg,ebic_pr,ebic_pr_avg
4353.752296924591,1,0.3544813695871098,0.3537416077841056,0.3544813695871098,0.35452756601215984,11779.504593849182,2.965635597645816,21436.375032502718,5.396871861153755,43975.44523141252,11.071360833688953,17929.504593849182,4.513973966225877,46918.97698488529,11.81243126507686,124717.61368189553,31.39919780510965,8713.907712459564,2.193833764466154,8734.03599593085,2.1989013081396904,8741.486908036992,2.2007771671795044
