loss,layer_idx,accuracy_score,f1_macro,f1_micro,balanced_accuracy_score,aic_rep,aic_rep_avg,bic_rep,bic_rep_avg,ebic_rep,ebic_rep_avg,aic_cls,aic_cls_avg,bic_cls,bic_cls_avg,ebic_cls,ebic_cls_avg,aic_pr,aic_pr_avg,bic_pr,bic_pr_avg,ebic_pr,ebic_pr_avg
3281.112407684326,48,0.6044813695871097,0.5991559869912725,0.6044813695871097,0.6046321662568162,9634.224815368652,2.4255349484815336,19291.095254022188,4.856771211989473,41830.16545293199,10.53126018452467,15784.224815368652,3.973873317061594,44773.69720640476,11.272330615912578,122572.333903415,30.859097155945367,6609.087398529053,1.6639192846246356,6756.40051506571,1.7010071790195644,6904.208489801307,1.7382196600708226
