loss,layer_idx,accuracy_score,f1_macro,f1_micro,balanced_accuracy_score,aic_rep,aic_rep_avg,bic_rep,bic_rep_avg,ebic_rep,ebic_rep_avg,aic_cls,aic_cls_avg,bic_cls,bic_cls_avg,ebic_cls,ebic_cls_avg,aic_pr,aic_pr_avg,bic_pr,bic_pr_avg,ebic_pr,ebic_pr_avg
3796.5758695602417,22,0.5171198388721048,0.5097267491171296,0.5171198388721048,0.5172804164400803,11689.151739120483,2.942888151843022,24564.978990658532,6.1845365031869415,55795.41835796743,14.0471848836776,19887.151739120483,5.00683578527706,58533.49456881012,14.736529347635983,165782.9013261449,41.73789056549469,7670.904531478882,1.9312448467973016,7915.321407145739,1.9927798104596521,8199.92673909254,2.0644327137695218
