loss,layer_idx,accuracy_score,f1_macro,f1_micro,balanced_accuracy_score,aic_rep,aic_rep_avg,bic_rep,bic_rep_avg,ebic_rep,ebic_rep_avg,aic_cls,aic_cls_avg,bic_cls,bic_cls_avg,ebic_cls,ebic_cls_avg,aic_pr,aic_pr_avg,bic_pr,bic_pr_avg,ebic_pr,ebic_pr_avg
2496.1883170604706,8,0.7255790533736153,0.723809696733907,0.7255790533736153,0.7256800155959819,7040.376634120941,1.7725016702217877,13478.290259889965,3.3933258458937474,27673.944517757645,6.967256927934956,11142.376634120941,2.8052307739478706,30474.97858650351,7.672451809290913,79865.99869498331,20.107250426732957,5034.928960323334,1.2676054784298423,5168.692730180048,1.3012821576485518,5298.800185986446,1.334038314699508
