loss,layer_idx,accuracy_score,f1_macro,f1_micro,balanced_accuracy_score,aic,aic_avg,bic,bic_avg,ebic,ebic_avg
3842.7781007289886,23,0.506294058408862,0.4958939184375928,0.506294058408862,0.5064624140254392,16907.556201457977,4.256685851323761,45897.02859249408,11.555143150174745,123695.66528950432,31.141909690207534
