loss,layer_idx,accuracy_score,f1_macro,f1_micro,balanced_accuracy_score,aic,aic_avg,bic,bic_avg,ebic,ebic_avg
2848.4023072719574,18,0.6787512588116817,0.6755458363989061,0.6787512588116817,0.6788749687909353,11846.804614543915,2.982579208092627,31179.406566926482,7.84980024343567,80570.42667540628,20.284598860877715
