loss,layer_idx,accuracy_score,f1_macro,f1_micro,balanced_accuracy_score,aic_rep,aic_rep_avg,bic_rep,bic_rep_avg,ebic_rep,ebic_rep_avg,aic_cls,aic_cls_avg,bic_cls,bic_cls_avg,ebic_cls,ebic_cls_avg,aic_pr,aic_pr_avg,bic_pr,bic_pr_avg,ebic_pr,ebic_pr_avg
4757.577548027039,7,0.30085599194360524,0.3005895913461336,0.30085599194360524,0.3008371439743989,13611.155096054077,3.42677620746578,26486.982347592126,6.6684245588097,57717.42171490102,14.531072939300358,21809.155096054077,5.490723840899818,60455.497925743715,15.22041740325874,167704.9046830785,42.221778621117444,9613.332929611206,2.4202751585123883,9921.956177856286,2.4979748685438787,10304.2246663597,2.594215676324194
