loss,layer_idx,accuracy_score,f1_macro,f1_micro,balanced_accuracy_score,aic,aic_avg,bic,bic_avg,ebic,ebic_avg
3804.039351463318,22,0.5163645518630413,0.5090875126665211,0.5163645518630413,0.5165148680554843,10680.078702926636,2.6888415666985486,20336.94914158017,5.120077830206489,42876.01934048998,10.794566802741686
