loss,layer_idx,accuracy_score,f1_macro,f1_micro,balanced_accuracy_score,aic,aic_avg,bic,bic_avg,ebic,ebic_avg
3172.5628505945206,22,0.6334340382678751,0.6286619725737049,0.6334340382678751,0.6335645369258814,12495.125701189041,3.14580203957428,31827.72765357161,8.013023074917323,81218.74776205141,20.44782169235937
