loss,layer_idx,accuracy_score,f1_macro,f1_micro,balanced_accuracy_score,aic_rep,aic_rep_avg,bic_rep,bic_rep_avg,ebic_rep,ebic_rep_avg,aic_cls,aic_cls_avg,bic_cls,bic_cls_avg,ebic_cls,ebic_cls_avg,aic_pr,aic_pr_avg,bic_pr,bic_pr_avg,ebic_pr,ebic_pr_avg
3754.715667247772,42,0.5319738167170192,0.5224711309070526,0.5319738167170192,0.5321347912384327,10581.431334495544,2.664005874747116,20238.30177314908,5.095242138255055,42777.371972058885,10.769731110790254,16731.431334495544,4.212344243327176,45720.90372553165,11.510801542178159,123519.54042254189,31.097568082210948,7553.069529533386,1.9015784314031687,7690.246741661359,1.9361144868231015,7824.7739412126075,1.9699833688853494
