loss,layer_idx,accuracy_score,f1_macro,f1_micro,balanced_accuracy_score,aic_rep,aic_rep_avg,bic_rep,bic_rep_avg,ebic_rep,ebic_rep_avg,aic_cls,aic_cls_avg,bic_cls,bic_cls_avg,ebic_cls,ebic_cls_avg,aic_pr,aic_pr_avg,bic_pr,bic_pr_avg,ebic_pr,ebic_pr_avg
4369.065030574799,2,0.33610271903323263,0.33406038715582625,0.33610271903323263,0.33612134312414427,11810.130061149597,2.9733459368453166,21467.000499803133,5.404582200353256,44006.07069871294,11.079071172888453,17960.130061149597,4.521684305425377,46949.6024521857,11.82014160427636,124748.23914919594,31.40690814430915,8753.947748184204,2.203914337407906,8803.670845297605,2.216432740507957,8836.38152916616,2.224668058702457
