loss,layer_idx,accuracy_score,f1_macro,f1_micro,balanced_accuracy_score,aic_rep,aic_rep_avg,bic_rep,bic_rep_avg,ebic_rep,ebic_rep_avg,aic_cls,aic_cls_avg,bic_cls,bic_cls_avg,ebic_cls,ebic_cls_avg,aic_pr,aic_pr_avg,bic_pr,bic_pr_avg,ebic_pr,ebic_pr_avg
4532.565169811249,16,0.36304128902316213,0.36238335988993464,0.36304128902316213,0.3630831249878869,13161.130339622498,3.3134769233692087,26036.957591160546,6.555125274713128,57267.39695846944,14.417773655203787,21359.130339622498,5.3774245568032475,60005.473169312136,15.10711811916217,167254.8799266469,42.108479337020874,9158.843451499939,2.3058518256545666,9453.431791279723,2.380018074340313,9813.954656774627,2.4707841532665227
