loss,layer_idx,accuracy_score,f1_macro,f1_micro,balanced_accuracy_score,aic_rep,aic_rep_avg,bic_rep,bic_rep_avg,ebic_rep,ebic_rep_avg,aic_cls,aic_cls_avg,bic_cls,bic_cls_avg,ebic_cls,ebic_cls_avg,aic_pr,aic_pr_avg,bic_pr,bic_pr_avg,ebic_pr,ebic_pr_avg
3122.3408246040344,39,0.6273917421953675,0.6229677479075143,0.6273917421953675,0.6275216639362298,10340.681649208069,2.603394171502535,23216.508900746117,5.845042522846454,54446.94826805501,13.707690903337113,18538.68164920807,4.667341804936573,57185.02447889771,14.397035367295496,164434.43123623249,41.3983965851542,6315.689202308655,1.5900526692619976,6538.902333968215,1.646249328793609,6792.373679433409,1.7100638669268402
