loss,layer_idx,accuracy_score,f1_macro,f1_micro,balanced_accuracy_score,aic_rep,aic_rep_avg,bic_rep,bic_rep_avg,ebic_rep,ebic_rep_avg,aic_cls,aic_cls_avg,bic_cls,bic_cls_avg,ebic_cls,ebic_cls_avg,aic_pr,aic_pr_avg,bic_pr,bic_pr_avg,ebic_pr,ebic_pr_avg
2458.332773923874,15,0.7225579053373615,0.7198900123127211,0.7225579053373615,0.7226714047442339,6964.665547847748,1.753440470253713,13402.579173616772,3.3742646459256727,27598.233431484452,6.948195727966882,11066.665547847748,2.7861695739797954,30399.267500230315,7.653390609322838,79790.28760871012,20.088189226764882,4958.895699977875,1.2484631671646211,5091.646711607193,1.2818848720058391,5220.448139962387,1.3143122205343372
