loss,layer_idx,accuracy_score,f1_macro,f1_micro,balanced_accuracy_score,aic,aic_avg,bic,bic_avg,ebic,ebic_avg
3408.3444736003876,27,0.5883685800604229,0.5685624300344757,0.5883685800604229,0.5885938420952427,16038.688947200775,4.037937801410064,45028.16133823688,11.336395100261047,122826.79803524712,30.923161640293838
