loss,layer_idx,accuracy_score,f1_macro,f1_micro,balanced_accuracy_score,aic,aic_avg,bic,bic_avg,ebic,ebic_avg
4737.622357368469,6,0.2998489425981873,0.2997102034558951,0.2998489425981873,0.2998470043287971,21769.24471473694,5.480675910054617,60415.58754442658,15.21036947241354,167664.99430176136,42.21173069027225
