loss,layer_idx,accuracy_score,f1_macro,f1_micro,balanced_accuracy_score,aic,aic_avg,bic,bic_avg,ebic,ebic_avg
3712.559860229492,47,0.5367573011077543,0.5299921987013946,0.5367573011077543,0.5369076405490971,10497.119720458984,2.6427793858154542,20153.99015911252,5.074015649323393,42693.060358022325,10.748504621858592
