loss,layer_idx,accuracy_score,f1_macro,f1_micro,balanced_accuracy_score,aic_rep,aic_rep_avg,bic_rep,bic_rep_avg,ebic_rep,ebic_rep_avg,aic_cls,aic_cls_avg,bic_cls,bic_cls_avg,ebic_cls,ebic_cls_avg,aic_pr,aic_pr_avg,bic_pr,bic_pr_avg,ebic_pr,ebic_pr_avg
4611.0723485946655,6,0.29607250755287007,0.29588612791216445,0.29607250755287007,0.29608538572124005,12294.144697189331,3.0952025924444437,21951.015135842867,5.526438855952383,44490.08533475267,11.20092782848758,18444.14469718933,4.643540961024504,47433.61708822544,11.941998259875488,125232.25378523568,31.528764799908277,9320.778196334839,2.346620895351168,9630.833835058542,2.4246812273561282,10015.33324719286,2.521483697681989
