loss,layer_idx,accuracy_score,f1_macro,f1_micro,balanced_accuracy_score,aic,aic_avg,bic,bic_avg,ebic,ebic_avg
3293.8838691711426,43,0.6090130916414904,0.6044898100150338,0.6090130916414904,0.6091450825344383,18881.767738342285,4.753717960307726,57528.11056803192,14.483411522666648,164777.5173253667,41.48477274052535
