loss,layer_idx,accuracy_score,f1_macro,f1_micro,balanced_accuracy_score,aic_rep,aic_rep_avg,bic_rep,bic_rep_avg,ebic_rep,ebic_rep_avg,aic_cls,aic_cls_avg,bic_cls,bic_cls_avg,ebic_cls,ebic_cls_avg,aic_pr,aic_pr_avg,bic_pr,bic_pr_avg,ebic_pr,ebic_pr_avg
4326.982262372971,16,0.4111278952668681,0.4079701376368501,0.4111278952668681,0.4112214686444378,11725.964524745941,2.952156224759804,21382.834963399477,5.383392488267743,43921.90516230928,11.05788146080294,17875.96452474594,4.500494593339864,46865.43691578205,11.798951892190848,124664.07361279229,31.385718432223637,8732.911813259125,2.1986182812837676,8981.08360253478,2.2610985907690786,9271.264876617162,2.334155306298379
