loss,layer_idx,accuracy_score,f1_macro,f1_micro,balanced_accuracy_score,aic,aic_avg,bic,bic_avg,ebic,ebic_avg
4356.072660923004,1,0.3607754279959718,0.36023614550838184,0.3607754279959718,0.3608184014346479,21006.14532184601,5.28855622402971,59652.48815153565,15.018249786388632,166901.89490887042,42.01961100424734
