loss,layer_idx,accuracy_score,f1_macro,f1_micro,balanced_accuracy_score,aic,aic_avg,bic,bic_avg,ebic,ebic_avg
4739.963948726654,11,0.3013595166163142,0.3011813439557169,0.3013595166163142,0.30135529995473975,13575.927897453308,3.417907325642827,26451.755148991357,6.659555676986747,57682.19451630025,14.522204057477405
