loss,layer_idx,accuracy_score,f1_macro,f1_micro,balanced_accuracy_score,aic,aic_avg,bic,bic_avg,ebic,ebic_avg
3121.609446287155,30,0.6299093655589124,0.6142912520589063,0.6299093655589124,0.6301181441237463,15465.21889257431,3.8935596406279736,44454.69128361042,11.192016939478957,122253.32798062066,30.778783479511745
