loss,layer_idx,accuracy_score,f1_macro,f1_micro,balanced_accuracy_score,aic,aic_avg,bic,bic_avg,ebic,ebic_avg
3308.6940076351166,28,0.594662638469285,0.573767249918316,0.594662638469285,0.5948960780893554,15839.388015270233,3.9877613331496056,44828.86040630634,11.286218632000589,122627.49710331658,30.872985172033378
