loss,layer_idx,accuracy_score,f1_macro,f1_micro,balanced_accuracy_score,aic,aic_avg,bic,bic_avg,ebic,ebic_avg
3815.553087949753,21,0.5158610271903323,0.5084663665750525,0.5158610271903323,0.5160092527039306,16853.106175899506,4.242977385674599,45842.57856693561,11.541434684525582,123641.21526394585,31.12820122455837
