loss,layer_idx,accuracy_score,f1_macro,f1_micro,balanced_accuracy_score,aic,aic_avg,bic,bic_avg,ebic,ebic_avg
2600.9045289754868,6,0.696122860020141,0.694500643508143,0.696122860020141,0.696230058975157,7249.8090579509735,1.8252288665536187,13687.722683719998,3.4460530422255786,27883.376941587678,7.019984124266787
