loss,layer_idx,accuracy_score,f1_macro,f1_micro,balanced_accuracy_score,aic,aic_avg,bic,bic_avg,ebic,ebic_avg
3445.489145040512,27,0.573262839879154,0.5646773217602693,0.573262839879154,0.5734288017201182,19184.978290081024,4.830054957220802,57831.32111977066,14.559748519579724,165080.72787710544,41.56110973743843
