loss,layer_idx,accuracy_score,f1_macro,f1_micro,balanced_accuracy_score,aic_rep,aic_rep_avg,bic_rep,bic_rep_avg,ebic_rep,ebic_rep_avg,aic_cls,aic_cls_avg,bic_cls,bic_cls_avg,ebic_cls,ebic_cls_avg,aic_pr,aic_pr_avg,bic_pr,bic_pr_avg,ebic_pr,ebic_pr_avg
3059.6335743665695,32,0.6419939577039275,0.6286555174528665,0.6419939577039275,0.6421879293027754,9191.267148733139,2.3140148914232475,18848.137587386675,4.745251154931187,41387.20778629648,10.419740127466385,15341.267148733139,3.862353260003308,44330.739539769245,11.16081055885429,122129.37623677948,30.74757709888708,6163.432965993881,1.5517202834828503,6302.268765181458,1.586673908655956,6438.95330471705,1.6210859276729732
