loss,layer_idx,accuracy_score,f1_macro,f1_micro,balanced_accuracy_score,aic,aic_avg,bic,bic_avg,ebic,ebic_avg
4532.565169811249,16,0.36304128902316213,0.36238335988993464,0.36304128902316213,0.3630831249878869,21359.130339622498,5.3774245568032475,60005.473169312136,15.10711811916217,167254.8799266469,42.108479337020874
