loss,layer_idx,accuracy_score,f1_macro,f1_micro,balanced_accuracy_score,aic,aic_avg,bic,bic_avg,ebic,ebic_avg
3619.1682233810425,25,0.5503524672708963,0.5330349203639974,0.5503524672708963,0.5505621051839539,10310.336446762085,2.5957543924375845,19967.20688541562,5.026990655945524,42506.277084325426,10.70147962848072
