loss,layer_idx,accuracy_score,f1_macro,f1_micro,balanced_accuracy_score,aic,aic_avg,bic,bic_avg,ebic,ebic_avg
4346.31552028656,19,0.40584088620342396,0.4044289289941176,0.40584088620342396,0.40591792272464544,20986.63104057312,5.283643262984169,59632.97387026276,15.01333682534309,166882.38062759754,42.0146980432018
