loss,layer_idx,accuracy_score,f1_macro,f1_micro,balanced_accuracy_score,aic_rep,aic_rep_avg,bic_rep,bic_rep_avg,ebic_rep,ebic_rep_avg,aic_cls,aic_cls_avg,bic_cls,bic_cls_avg,ebic_cls,ebic_cls_avg,aic_pr,aic_pr_avg,bic_pr,bic_pr_avg,ebic_pr,ebic_pr_avg
3951.6744272708893,19,0.486908358509567,0.4794161404783865,0.486908358509567,0.48705351086303467,10975.348854541779,2.763179469924919,20632.219293195314,5.194415733432859,43171.28949210512,10.868904705968056,17125.34885454178,4.3115178385049795,46114.821245577885,11.609975137355963,123913.45794258812,31.19674167738875,7987.446762561798,2.0109382584495967,8251.809588704744,2.0774948612046185,8566.237738588874,2.156656026835064
