loss,layer_idx,accuracy_score,f1_macro,f1_micro,balanced_accuracy_score,aic,aic_avg,bic,bic_avg,ebic,ebic_avg
4691.6869196891785,4,0.3041289023162135,0.30416072382806525,0.3041289023162135,0.304129629059601,18605.373839378357,4.684132386550442,47594.84623041446,11.982589685401425,125393.4829274247,31.569356225434216
