loss,layer_idx,accuracy_score,f1_macro,f1_micro,balanced_accuracy_score,aic,aic_avg,bic,bic_avg,ebic,ebic_avg
3363.511220932007,28,0.5835850956696879,0.5755250716724023,0.5835850956696879,0.5837520193262491,19021.022441864014,4.788777049814707,57667.36527155365,14.518470612173628,164916.77202888843,41.51983183003233
