loss,layer_idx,accuracy_score,f1_macro,f1_micro,balanced_accuracy_score,aic_rep,aic_rep_avg,bic_rep,bic_rep_avg,ebic_rep,ebic_rep_avg,aic_cls,aic_cls_avg,bic_cls,bic_cls_avg,ebic_cls,ebic_cls_avg,aic_pr,aic_pr_avg,bic_pr,bic_pr_avg,ebic_pr,ebic_pr_avg
2848.4023072719574,18,0.6787512588116817,0.6755458363989061,0.6787512588116817,0.6788749687909353,7744.804614543915,1.9498501043665446,14182.718240312939,3.5706742800385043,28378.37249818062,7.144605362079712,11846.804614543915,2.982579208092627,31179.406566926482,7.84980024343567,80570.42667540628,20.284598860877715,5734.111896038055,1.4436334078645658,5851.387802225325,1.4731590640043617,5960.55045108056,1.5006421075227996
