loss,layer_idx,accuracy_score,f1_macro,f1_micro,balanced_accuracy_score,aic_rep,aic_rep_avg,bic_rep,bic_rep_avg,ebic_rep,ebic_rep_avg,aic_cls,aic_cls_avg,bic_cls,bic_cls_avg,ebic_cls,ebic_cls_avg,aic_pr,aic_pr_avg,bic_pr,bic_pr_avg,ebic_pr,ebic_pr_avg
3155.9489448070526,40,0.629154078549849,0.6128949720664855,0.629154078549849,0.6293634262821938,10407.897889614105,2.6203166892281233,23283.725141152154,5.861965040572043,54514.16450846105,13.7246134210627,18605.897889614105,4.684264322662162,57252.24071930374,14.413957885021084,164501.64747663852,41.41531910287979,6395.034791469574,1.6100289001685735,6656.376682709586,1.6758249452944578,6966.256299985387,1.7538409617284458
