loss,layer_idx,accuracy_score,f1_macro,f1_micro,balanced_accuracy_score,aic,aic_avg,bic,bic_avg,ebic,ebic_avg
4743.220236301422,9,0.29934541792547836,0.2991622749935635,0.29934541792547836,0.29933055843419987,21780.440472602844,5.483494580212197,60426.78330229248,15.213188142571118,167676.19005962726,42.21454936042982
