loss,layer_idx,accuracy_score,f1_macro,f1_micro,balanced_accuracy_score,aic_rep,aic_rep_avg,bic_rep,bic_rep_avg,ebic_rep,ebic_rep_avg,aic_cls,aic_cls_avg,bic_cls,bic_cls_avg,ebic_cls,ebic_cls_avg,aic_pr,aic_pr_avg,bic_pr,bic_pr_avg,ebic_pr,ebic_pr_avg
3363.511220932007,28,0.5835850956696879,0.5755250716724023,0.5835850956696879,0.5837520193262491,10823.022441864014,2.724829416380668,23698.849693402062,5.966477767724587,54929.28906071096,13.829126148215247,19021.022441864014,4.788777049814707,57667.36527155365,14.518470612173628,164916.77202888843,41.51983183003233,6792.237155914307,1.7100294954467037,6997.240425535894,1.7616415975669422,7224.483564361715,1.8188528611182566
