loss,layer_idx,accuracy_score,f1_macro,f1_micro,balanced_accuracy_score,aic,aic_avg,bic,bic_avg,ebic,ebic_avg
3716.8225407600403,40,0.5362537764350453,0.5239049220143939,0.5362537764350453,0.5364356568838362,16655.64508152008,4.193264119214522,45645.11747255619,11.491721418065506,123443.75416956643,31.078487958098293
