loss,layer_idx,accuracy_score,f1_macro,f1_micro,balanced_accuracy_score,aic,aic_avg,bic,bic_avg,ebic,ebic_avg
4572.206682682037,17,0.3758811681772407,0.37529540543038703,0.3758811681772407,0.37593042915171765,13240.413365364075,3.3334374031631606,26116.240616902123,6.57508575450708,57346.67998421102,14.437734134997738
