loss,layer_idx,accuracy_score,f1_macro,f1_micro,balanced_accuracy_score,aic,aic_avg,bic,bic_avg,ebic,ebic_avg
4242.4739327430725,20,0.4380664652567976,0.4350856771908167,0.4380664652567976,0.4381667196793247,20778.947865486145,5.231356461602756,59425.29069517578,14.961050023961677,166674.69745251056,41.962411241820384
