loss,layer_idx,accuracy_score,f1_macro,f1_micro,balanced_accuracy_score,aic_rep,aic_rep_avg,bic_rep,bic_rep_avg,ebic_rep,ebic_rep_avg,aic_cls,aic_cls_avg,bic_cls,bic_cls_avg,ebic_cls,ebic_cls_avg,aic_pr,aic_pr_avg,bic_pr,bic_pr_avg,ebic_pr,ebic_pr_avg
3712.559860229492,47,0.5367573011077543,0.5299921987013946,0.5367573011077543,0.5369076405490971,10497.119720458984,2.6427793858154542,20153.99015911252,5.074015649323393,42693.060358022325,10.748504621858592,16647.119720458984,4.191117754395514,45636.59211149509,11.489575053246497,123435.22880850533,31.076341593279288,7466.534530639648,1.8797921779052489,7596.7225046487965,1.9125686064070484,7722.2297287493875,1.9441665983759788
