loss,layer_idx,accuracy_score,f1_macro,f1_micro,balanced_accuracy_score,aic_rep,aic_rep_avg,bic_rep,bic_rep_avg,ebic_rep,ebic_rep_avg,aic_cls,aic_cls_avg,bic_cls,bic_cls_avg,ebic_cls,ebic_cls_avg,aic_pr,aic_pr_avg,bic_pr,bic_pr_avg,ebic_pr,ebic_pr_avg
3842.7781007289886,23,0.506294058408862,0.4958939184375928,0.506294058408862,0.5064624140254392,10757.556201457977,2.7083474827437004,20414.426640111513,5.13958374625164,42953.49683902132,10.814072718786838,16907.556201457977,4.256685851323761,45897.02859249408,11.555143150174745,123695.66528950432,31.141909690207534,7758.697055339813,1.9533476977189863,7988.616244698335,2.0112326900046162,8251.86771891229,2.077509496201483
