loss,layer_idx,accuracy_score,f1_macro,f1_micro,balanced_accuracy_score,aic,aic_avg,bic,bic_avg,ebic,ebic_avg
3390.0564663410187,47,0.5929003021148036,0.5895085456533283,0.5929003021148036,0.5930229641714235,10876.112932682037,2.73819560238722,23751.940184220086,5.979843953731139,54982.37955152898,13.842492334221799
