loss,layer_idx,accuracy_score,f1_macro,f1_micro,balanced_accuracy_score,aic,aic_avg,bic,bic_avg,ebic,ebic_avg
4060.338098526001,12,0.4730614300100705,0.47137918133623485,0.4730614300100705,0.4731385431665543,10168.676197052002,2.5600896770020145,16606.589822821028,4.180913852673974,30802.24408068871,7.754844934715184
