loss,layer_idx,accuracy_score,f1_macro,f1_micro,balanced_accuracy_score,aic,aic_avg,bic,bic_avg,ebic,ebic_avg
4425.758880376816,14,0.40231621349446123,0.4002951964598352,0.40231621349446123,0.4023774752066069,15001.517760753632,3.776817160310582,34334.1197131362,8.644038195653625,83725.139821616,21.07883681309567
