loss,layer_idx,accuracy_score,f1_macro,f1_micro,balanced_accuracy_score,aic,aic_avg,bic,bic_avg,ebic,ebic_avg
3847.5601840019226,10,0.5234138972809668,0.5212221023594666,0.5234138972809668,0.5234925879183582,13845.120368003845,3.485679850957665,33177.72232038641,8.352900886300707,82568.74242886622,20.787699503742754
