loss,layer_idx,accuracy_score,f1_macro,f1_micro,balanced_accuracy_score,aic,aic_avg,bic,bic_avg,ebic,ebic_avg
4168.326644420624,6,0.4619838872104733,0.4622747390449564,0.4619838872104733,0.4620172855466973,12950.653288841248,3.2604867293155206,27454.82002189705,6.912089632904594,63184.26685511075,15.9074186442877
