loss,layer_idx,accuracy_score,f1_macro,f1_micro,balanced_accuracy_score,aic_rep,aic_rep_avg,bic_rep,bic_rep_avg,ebic_rep,ebic_rep_avg,aic_cls,aic_cls_avg,bic_cls,bic_cls_avg,ebic_cls,ebic_cls_avg,aic_pr,aic_pr_avg,bic_pr,bic_pr_avg,ebic_pr,ebic_pr_avg
4643.080425739288,16,0.3675730110775428,0.3665732855381795,0.3675730110775428,0.3676171323230147,11334.160851478577,2.8535148165857445,17772.074477247603,4.474338992257705,31967.728735115285,8.048270074298914,15436.160851478577,3.886243920311827,34768.762803861144,8.75346495565487,84159.78291234095,21.188263573096915,9398.034050941467,2.3660710098039948,9749.708853275706,2.4546094796766633,10199.91111218394,2.5679534522114653
