loss,layer_idx,accuracy_score,f1_macro,f1_micro,balanced_accuracy_score,aic,aic_avg,bic,bic_avg,ebic,ebic_avg
4680.989013671875,18,0.37059415911379656,0.36860767103278463,0.37059415911379656,0.3706536745752433,15511.97802734375,3.9053318296434414,34844.57997972632,8.772552864986485,84235.60008820612,21.20735148242853
