loss,layer_idx,accuracy_score,f1_macro,f1_micro,balanced_accuracy_score,aic,aic_avg,bic,bic_avg,ebic,ebic_avg
3534.8737800121307,5,0.5893756294058409,0.5880574330038584,0.5893756294058409,0.5894500250242547,13219.747560024261,3.3282345317281625,32552.34951240683,8.195455567071205,81943.36962088663,20.63025418451325
