loss,layer_idx,accuracy_score,f1_macro,f1_micro,balanced_accuracy_score,aic_rep,aic_rep_avg,bic_rep,bic_rep_avg,ebic_rep,ebic_rep_avg,aic_cls,aic_cls_avg,bic_cls,bic_cls_avg,ebic_cls,ebic_cls_avg,aic_pr,aic_pr_avg,bic_pr,bic_pr_avg,ebic_pr,ebic_pr_avg
3686.4179198741913,3,0.567472306143001,0.5664626804528171,0.567472306143001,0.5675329961044246,8908.835839748383,2.2429093252135908,13737.27105907515,3.4585274569675604,23942.132089189974,6.027727112082068,11986.835839748383,3.0178337965126842,26491.002572804184,6.669436700101758,62220.449406017884,15.664765711484865,7403.843982219696,1.8640090589676979,7501.318466070212,1.8885494627568509,7586.314968979695,1.9099483809113027
