loss,layer_idx,accuracy_score,f1_macro,f1_micro,balanced_accuracy_score,aic,aic_avg,bic,bic_avg,ebic,ebic_avg
3592.452084302902,6,0.5833333333333334,0.5829213365649194,0.5833333333333334,0.5834003116916282,13334.904168605804,3.3572266285513104,32667.50612098837,8.224447663894354,82058.52622946817,20.659246281336397
