loss,layer_idx,accuracy_score,f1_macro,f1_micro,balanced_accuracy_score,aic,aic_avg,bic,bic_avg,ebic,ebic_avg
4421.168320655823,9,0.38872104733131924,0.3889467456842251,0.38872104733131924,0.388742391543512,10378.336641311646,2.612874280289941,15206.771860638413,3.8284924120439108,25411.632890753237,6.3976920671584185
