loss,layer_idx,accuracy_score,f1_macro,f1_micro,balanced_accuracy_score,aic,aic_avg,bic,bic_avg,ebic,ebic_avg
4521.897211074829,23,0.3637965760322256,0.35946851359498316,0.3637965760322256,0.3638663442585011,15193.794422149658,3.8252251818100853,34526.396374532225,8.692446217153128,83917.41648301203,21.127244834595174
