loss,layer_idx,accuracy_score,f1_macro,f1_micro,balanced_accuracy_score,aic,aic_avg,bic,bic_avg,ebic,ebic_avg
4287.478444576263,8,0.42900302114803623,0.42797847138134815,0.42900302114803623,0.4290428422081083,13188.956889152527,3.3204826004915726,27693.123622208328,6.972085504080646,63422.57045542203,15.967414515463753
