loss,layer_idx,accuracy_score,f1_macro,f1_micro,balanced_accuracy_score,aic_rep,aic_rep_avg,bic_rep,bic_rep_avg,ebic_rep,ebic_rep_avg,aic_cls,aic_cls_avg,bic_cls,bic_cls_avg,ebic_cls,ebic_cls_avg,aic_pr,aic_pr_avg,bic_pr,bic_pr_avg,ebic_pr,ebic_pr_avg
4519.460523605347,22,0.391742195367573,0.39115614571066315,0.391742195367573,0.3917846340815529,11086.921047210693,2.7912691458234375,17524.83467297972,4.412093321495398,31720.4889308474,7.986024403536606,15188.921047210693,3.82399824954952,34521.52299959326,8.691219284892563,83912.54310807306,21.12601790233461,9061.37230682373,2.281312262543739,9131.948122340551,2.2990805947483763,9186.23974799091,2.312749181266594
