loss,layer_idx,accuracy_score,f1_macro,f1_micro,balanced_accuracy_score,aic_rep,aic_rep_avg,bic_rep,bic_rep_avg,ebic_rep,ebic_rep_avg,aic_cls,aic_cls_avg,bic_cls,bic_cls_avg,ebic_cls,ebic_cls_avg,aic_pr,aic_pr_avg,bic_pr,bic_pr_avg,ebic_pr,ebic_pr_avg
3249.193043231964,3,0.6304128902316214,0.6292177603812749,0.6304128902316214,0.630486382587223,8546.386086463928,2.1516581285155914,14984.299712232953,3.772482304187551,29179.953970100632,7.346413386228759,12648.386086463928,3.184387232241674,31980.988038846495,8.051608267584717,81372.0081473263,20.486406885026764,6524.677742958069,1.6426681125272076,6607.325894123922,1.6634758041601012,6675.0559461686025,1.6805276803042806
