loss,layer_idx,accuracy_score,f1_macro,f1_micro,balanced_accuracy_score,aic,aic_avg,bic,bic_avg,ebic,ebic_avg
4448.635340690613,12,0.35725075528700906,0.35571650616098077,0.35725075528700906,0.35728194411667796,10433.270681381226,2.6267046025632492,15261.705900707993,3.842322734317219,25466.566930822817,6.411522389431727
