loss,layer_idx,accuracy_score,f1_macro,f1_micro,balanced_accuracy_score,aic_rep,aic_rep_avg,bic_rep,bic_rep_avg,ebic_rep,ebic_rep_avg,aic_cls,aic_cls_avg,bic_cls,bic_cls_avg,ebic_cls,ebic_cls_avg,aic_pr,aic_pr_avg,bic_pr,bic_pr_avg,ebic_pr,ebic_pr_avg
4605.071906089783,19,0.3723564954682779,0.3685219750793845,0.3723564954682779,0.37244071417740887,11258.143812179565,2.834376589169075,17696.05743794859,4.455200764841035,31891.711695816273,8.029131846882244,15360.143812179565,3.8671056928951573,34692.74576456213,8.7343267282382,84083.76587304194,21.169125345680246,9301.680555343628,2.3418128286363613,9589.427452840911,2.414256659829031,9939.426737852842,2.5023732975460327
