loss,layer_idx,accuracy_score,f1_macro,f1_micro,balanced_accuracy_score,aic,aic_avg,bic,bic_avg,ebic,ebic_avg
4649.492807388306,21,0.3690835850956697,0.36703629553006195,0.3690835850956697,0.369153929378019,15448.985614776611,3.889472712682933,34781.58756715918,8.756693748025976,84172.60767563898,21.191492365468022
