loss,layer_idx,accuracy_score,f1_macro,f1_micro,balanced_accuracy_score,aic,aic_avg,bic,bic_avg,ebic,ebic_avg
4605.071906089783,19,0.3723564954682779,0.3685219750793845,0.3723564954682779,0.37244071417740887,15360.143812179565,3.8671056928951573,34692.74576456213,8.7343267282382,84083.76587304194,21.169125345680246
