loss,layer_idx,accuracy_score,f1_macro,f1_micro,balanced_accuracy_score,aic,aic_avg,bic,bic_avg,ebic,ebic_avg
4537.55842590332,15,0.39123867069486407,0.3904215579422501,0.39123867069486407,0.391281298844324,11123.11685180664,2.800381886154743,17561.030477575667,4.4212060618267035,31756.68473544335,7.995137143867913
