loss,layer_idx,accuracy_score,f1_macro,f1_micro,balanced_accuracy_score,aic,aic_avg,bic,bic_avg,ebic,ebic_avg
4168.326644420624,6,0.4619838872104733,0.4622747390449564,0.4619838872104733,0.4620172855466973,9872.653288841248,2.4855622580164267,14701.088508168015,3.7011803897703968,24905.94953828284,6.270380044884904
