loss,layer_idx,accuracy_score,f1_macro,f1_micro,balanced_accuracy_score,aic,aic_avg,bic,bic_avg,ebic,ebic_avg
3742.690789461136,9,0.5490936555891238,0.5474206112336821,0.5490936555891238,0.5491638250741891,9533.381578922272,2.400146419668246,15971.295204691296,4.020970595340206,30166.949462558976,7.594901677381414
