loss,layer_idx,accuracy_score,f1_macro,f1_micro,balanced_accuracy_score,aic,aic_avg,bic,bic_avg,ebic,ebic_avg
3847.5601840019226,10,0.5234138972809668,0.5212221023594666,0.5234138972809668,0.5234925879183582,9743.120368003845,2.4529507472315824,16181.03399377287,4.073774922903542,30376.68825164055,7.647706004944751
