loss,layer_idx,accuracy_score,f1_macro,f1_micro,balanced_accuracy_score,aic_rep,aic_rep_avg,bic_rep,bic_rep_avg,ebic_rep,ebic_rep_avg,aic_cls,aic_cls_avg,bic_cls,bic_cls_avg,ebic_cls,ebic_cls_avg,aic_pr,aic_pr_avg,bic_pr,bic_pr_avg,ebic_pr,ebic_pr_avg
3634.8793721199036,8,0.5631923464249748,0.5608699092461179,0.5631923464249748,0.5632771627169386,9317.758744239807,2.3458607110372123,15755.672370008831,3.966684886709172,29951.32662787651,7.54061596875038,13419.758744239807,3.378589814763295,32752.360696622374,8.245810850106338,82143.38080510218,20.680609467548383,7298.778700828552,1.8375575782549225,7390.003297479874,1.8605244958408544,7467.626940526669,1.880067205570662
