loss,layer_idx,accuracy_score,f1_macro,f1_micro,balanced_accuracy_score,aic,aic_avg,bic,bic_avg,ebic,ebic_avg
3249.193043231964,3,0.6304128902316214,0.6292177603812749,0.6304128902316214,0.630486382587223,12648.386086463928,3.184387232241674,31980.988038846495,8.051608267584717,81372.0081473263,20.486406885026764
