loss,layer_idx,accuracy_score,f1_macro,f1_micro,balanced_accuracy_score,aic,aic_avg,bic,bic_avg,ebic,ebic_avg
3505.283273935318,2,0.5981873111782477,0.5974097538112294,0.5981873111782477,0.5982581066614681,13160.566547870636,3.313334981840543,32493.168500253203,8.180556017183585,81884.188608733,20.615354634625632
