loss,layer_idx,accuracy_score,f1_macro,f1_micro,balanced_accuracy_score,aic_rep,aic_rep_avg,bic_rep,bic_rep_avg,ebic_rep,ebic_rep_avg,aic_cls,aic_cls_avg,bic_cls,bic_cls_avg,ebic_cls,ebic_cls_avg,aic_pr,aic_pr_avg,bic_pr,bic_pr_avg,ebic_pr,ebic_pr_avg
4515.068662881851,24,0.3610271903323263,0.3523303271493099,0.3610271903323263,0.36114217766878837,11078.137325763702,2.789057735590056,17516.05095153273,4.4098819112620165,31711.70520940041,7.983812993303225,15180.137325763702,3.8217868393161387,34512.73927814627,8.68900787465918,83903.75938662607,21.123806492101227,9045.335784435272,2.2772748702002197,9093.112329441321,2.2893032047938875,9123.935515620184,2.297063322160167
