loss,layer_idx,accuracy_score,f1_macro,f1_micro,balanced_accuracy_score,aic_rep,aic_rep_avg,bic_rep,bic_rep_avg,ebic_rep,ebic_rep_avg,aic_cls,aic_cls_avg,bic_cls,bic_cls_avg,ebic_cls,ebic_cls_avg,aic_pr,aic_pr_avg,bic_pr,bic_pr_avg,ebic_pr,ebic_pr_avg
3462.256628870964,7,0.5934038267875126,0.5918897284113933,0.5934038267875126,0.593484117293641,8972.513257741928,2.258940900740667,15410.426883510952,3.8797650764126264,29606.081141378632,7.453696158453835,13074.513257741928,3.291670004466749,32407.115210124495,8.158891039809792,81798.1353186043,20.593689657251836,6951.915187597275,1.7502304097676926,7038.053496966466,1.7719167917841052,7109.777122487769,1.7899740993171622
