loss,layer_idx,accuracy_score,f1_macro,f1_micro,balanced_accuracy_score,aic_rep,aic_rep_avg,bic_rep,bic_rep_avg,ebic_rep,ebic_rep_avg,aic_cls,aic_cls_avg,bic_cls,bic_cls_avg,ebic_cls,ebic_cls_avg,aic_pr,aic_pr_avg,bic_pr,bic_pr_avg,ebic_pr,ebic_pr_avg
3990.21902179718,5,0.4909365558912387,0.48874225136699073,0.4909365558912387,0.4910095092167921,9516.43804359436,2.395880675627986,14344.873262921128,3.6114988073819556,24549.734293035952,6.180698462496463,12594.43804359436,3.1708051469270795,27098.60477665016,6.822408050516153,62828.05160986386,15.81773706189926,8015.924150466919,2.018107792161863,8127.475171443648,2.0461921378256918,8229.533009183988,2.0718864574984863
