loss,layer_idx,accuracy_score,f1_macro,f1_micro,balanced_accuracy_score,aic_rep,aic_rep_avg,bic_rep,bic_rep_avg,ebic_rep,ebic_rep_avg,aic_cls,aic_cls_avg,bic_cls,bic_cls_avg,ebic_cls,ebic_cls_avg,aic_pr,aic_pr_avg,bic_pr,bic_pr_avg,ebic_pr,ebic_pr_avg
4448.635340690613,12,0.35725075528700906,0.35571650616098077,0.35725075528700906,0.35728194411667796,10433.270681381226,2.6267046025632492,15261.705900707993,3.842322734317219,25466.566930822817,6.411522389431727,13511.270681381226,3.4016290738623427,28015.437414437027,7.053231977451417,63744.88424765073,16.048560988834524,8915.986270904541,2.244709534467407,8974.818960751441,2.2595213899172815,9016.670942292689,2.2700581425711706
