loss,layer_idx,accuracy_score,f1_macro,f1_micro,balanced_accuracy_score,aic,aic_avg,bic,bic_avg,ebic,ebic_avg
3505.283273935318,2,0.5981873111782477,0.5974097538112294,0.5981873111782477,0.5982581066614681,9058.566547870636,2.2806058781144602,15496.48017363966,3.90143005378642,29692.13443150734,7.475361135827629
