loss,layer_idx,accuracy_score,f1_macro,f1_micro,balanced_accuracy_score,aic,aic_avg,bic,bic_avg,ebic,ebic_avg
4519.460523605347,22,0.391742195367573,0.39115614571066315,0.391742195367573,0.3917846340815529,15188.921047210693,3.82399824954952,34521.52299959326,8.691219284892563,83912.54310807306,21.12601790233461
