loss,layer_idx,accuracy_score,f1_macro,f1_micro,balanced_accuracy_score,aic,aic_avg,bic,bic_avg,ebic,ebic_avg
3697.0005373954773,2,0.5579053373615307,0.5567474478670235,0.5579053373615307,0.5579667764541715,8930.001074790955,2.2482379342374004,13758.436294117722,3.46385606599137,23963.297324232546,6.033055721105877
