loss,layer_idx,accuracy_score,f1_macro,f1_micro,balanced_accuracy_score,aic_rep,aic_rep_avg,bic_rep,bic_rep_avg,ebic_rep,ebic_rep_avg,aic_cls,aic_cls_avg,bic_cls,bic_cls_avg,ebic_cls,ebic_cls_avg,aic_pr,aic_pr_avg,bic_pr,bic_pr_avg,ebic_pr,ebic_pr_avg
4396.653235435486,11,0.378147029204431,0.37686747965869144,0.378147029204431,0.37819230256205044,10329.306470870972,2.6005303300279383,15157.74169019774,3.8161484617819084,25362.602720312563,6.385348116896416,13407.306470870972,3.3754548013270322,27911.473203926773,7.027057704916106,63640.92003714047,16.022386716299213,8807.240654945374,2.21733148412522,8851.042936935884,2.2283592489768087,8878.091945411425,2.235169170546683
