loss,layer_idx,accuracy_score,f1_macro,f1_micro,balanced_accuracy_score,aic,aic_avg,bic,bic_avg,ebic,ebic_avg
4228.164151668549,7,0.43454179254783487,0.42973396724293506,0.43454179254783487,0.4346285522756111,9992.328303337097,2.5156919192691585,14820.763522663865,3.731310051023128,25025.62455277869,6.300509706137635
