loss,layer_idx,accuracy_score,f1_macro,f1_micro,balanced_accuracy_score,aic,aic_avg,bic,bic_avg,ebic,ebic_avg
4396.653235435486,11,0.378147029204431,0.37686747965869144,0.378147029204431,0.37819230256205044,13407.306470870972,3.3754548013270322,27911.473203926773,7.027057704916106,63640.92003714047,16.022386716299213
