loss,layer_idx,accuracy_score,f1_macro,f1_micro,balanced_accuracy_score,aic_rep,aic_rep_avg,bic_rep,bic_rep_avg,ebic_rep,ebic_rep_avg,aic_cls,aic_cls_avg,bic_cls,bic_cls_avg,ebic_cls,ebic_cls_avg,aic_pr,aic_pr_avg,bic_pr,bic_pr_avg,ebic_pr,ebic_pr_avg
3505.283273935318,2,0.5981873111782477,0.5974097538112294,0.5981873111782477,0.5982581066614681,9058.566547870636,2.2806058781144602,15496.48017363966,3.90143005378642,29692.13443150734,7.475361135827629,13160.566547870636,3.313334981840543,32493.168500253203,8.180556017183585,81884.188608733,20.615354634625632,7036.610636234283,1.771553533795137,7118.480553884215,1.7921652955398326,7185.326449593195,1.8089945744192335
