loss,layer_idx,accuracy_score,f1_macro,f1_micro,balanced_accuracy_score,aic_rep,aic_rep_avg,bic_rep,bic_rep_avg,ebic_rep,ebic_rep_avg,aic_cls,aic_cls_avg,bic_cls,bic_cls_avg,ebic_cls,ebic_cls_avg,aic_pr,aic_pr_avg,bic_pr,bic_pr_avg,ebic_pr,ebic_pr_avg
4657.219052553177,17,0.3564954682779456,0.3552657215969084,0.3564954682779456,0.3565317865037753,11362.438105106354,2.8606339640247618,17800.35173087538,4.481458139696722,31996.00598874306,8.055389221737931,15464.438105106354,3.8933630677508444,34797.04005748892,8.760584103093887,84188.06016596872,21.19538272053593,9426.081667423248,2.3731323432586224,9777.034602515694,2.461489074147959,10226.08335819178,2.574542638014043
