loss,layer_idx,accuracy_score,f1_macro,f1_micro,balanced_accuracy_score,aic_rep,aic_rep_avg,bic_rep,bic_rep_avg,ebic_rep,ebic_rep_avg,aic_cls,aic_cls_avg,bic_cls,bic_cls_avg,ebic_cls,ebic_cls_avg,aic_pr,aic_pr_avg,bic_pr,bic_pr_avg,ebic_pr,ebic_pr_avg
4425.758880376816,14,0.40231621349446123,0.4002951964598352,0.40231621349446123,0.4023774752066069,10899.517760753632,2.7440880565844994,17337.431386522658,4.36491223225646,31533.08564439034,7.938843314297668,15001.517760753632,3.776817160310582,34334.1197131362,8.644038195653625,83725.139821616,21.07883681309567,8930.658912181854,2.2484035529158746,9179.440111956661,2.311037289012251,9470.528057535881,2.3843222702759017
