loss,layer_idx,accuracy_score,f1_macro,f1_micro,balanced_accuracy_score,aic,aic_avg,bic,bic_avg,ebic,ebic_avg
3686.4179198741913,3,0.567472306143001,0.5664626804528171,0.567472306143001,0.5675329961044246,11986.835839748383,3.0178337965126842,26491.002572804184,6.669436700101758,62220.449406017884,15.664765711484865
