loss,layer_idx,accuracy_score,f1_macro,f1_micro,balanced_accuracy_score,aic_rep,aic_rep_avg,bic_rep,bic_rep_avg,ebic_rep,ebic_rep_avg,aic_cls,aic_cls_avg,bic_cls,bic_cls_avg,ebic_cls,ebic_cls_avg,aic_pr,aic_pr_avg,bic_pr,bic_pr_avg,ebic_pr,ebic_pr_avg
3697.0005373954773,2,0.5579053373615307,0.5567474478670235,0.5579053373615307,0.5579667764541715,8930.001074790955,2.2482379342374004,13758.436294117722,3.46385606599137,23963.297324232546,6.033055721105877,12008.001074790955,3.0231624055364943,26512.167807846756,6.674765309125568,62241.614641060456,15.670094320508674,7420.079586982727,1.8680965727549665,7502.0577163671,1.888735578138746,7569.026411292273,1.9055957732357183
