loss,layer_idx,accuracy_score,f1_macro,f1_micro,balanced_accuracy_score,aic_rep,aic_rep_avg,bic_rep,bic_rep_avg,ebic_rep,ebic_rep_avg,aic_cls,aic_cls_avg,bic_cls,bic_cls_avg,ebic_cls,ebic_cls_avg,aic_pr,aic_pr_avg,bic_pr,bic_pr_avg,ebic_pr,ebic_pr_avg
4521.897211074829,23,0.3637965760322256,0.35946851359498316,0.3637965760322256,0.3638663442585011,11091.794422149658,2.7924960780840027,17529.708047918684,4.413320253755963,31725.362305786366,7.987251335797172,15193.794422149658,3.8252251818100853,34526.396374532225,8.692446217153128,83917.41648301203,21.127244834595174,9057.26361656189,2.2802778490840607,9099.604197731145,2.290937612721839,9125.293426982047,2.297405193097192
