loss,layer_idx,accuracy_score,f1_macro,f1_micro,balanced_accuracy_score,aic_rep,aic_rep_avg,bic_rep,bic_rep_avg,ebic_rep,ebic_rep_avg,aic_cls,aic_cls_avg,bic_cls,bic_cls_avg,ebic_cls,ebic_cls_avg,aic_pr,aic_pr_avg,bic_pr,bic_pr_avg,ebic_pr,ebic_pr_avg
3742.690789461136,9,0.5490936555891238,0.5474206112336821,0.5490936555891238,0.5491638250741891,9533.381578922272,2.400146419668246,15971.295204691296,4.020970595340206,30166.949462558976,7.594901677381414,13635.381578922272,3.4328755233943284,32967.98353130484,8.300096558737371,82359.00363978464,20.734895176179418,7518.3173089027405,1.892829131143691,7621.8511882073835,1.9188950624892709,7714.117701617684,1.9421242954727302
