loss,layer_idx,accuracy_score,f1_macro,f1_micro,balanced_accuracy_score,aic_rep,aic_rep_avg,bic_rep,bic_rep_avg,ebic_rep,ebic_rep_avg,aic_cls,aic_cls_avg,bic_cls,bic_cls_avg,ebic_cls,ebic_cls_avg,aic_pr,aic_pr_avg,bic_pr,bic_pr_avg,ebic_pr,ebic_pr_avg
4168.326644420624,6,0.4619838872104733,0.4622747390449564,0.4619838872104733,0.4620172855466973,9872.653288841248,2.4855622580164267,14701.088508168015,3.7011803897703968,24905.94953828284,6.270380044884904,12950.653288841248,3.2604867293155206,27454.82002189705,6.912089632904594,63184.26685511075,15.9074186442877,8364.994481086731,2.105990554150738,8454.085373531914,2.128420285380643,8529.22266558372,2.147337025574955
