loss,layer_idx,accuracy_score,f1_macro,f1_micro,balanced_accuracy_score,aic_rep,aic_rep_avg,bic_rep,bic_rep_avg,ebic_rep,ebic_rep_avg,aic_cls,aic_cls_avg,bic_cls,bic_cls_avg,ebic_cls,ebic_cls_avg,aic_pr,aic_pr_avg,bic_pr,bic_pr_avg,ebic_pr,ebic_pr_avg
3847.583911895752,1,0.5319738167170192,0.5302775374515634,0.5319738167170192,0.5320447267225978,9231.167823791504,2.3240603785980625,14059.603043118272,3.539678510352032,24264.464073233095,6.10887816546654,12309.167823791504,3.098984849897156,26813.334556847305,6.75058775348623,62542.781390061005,15.745916764869337,7714.862546920776,1.9423118194664593,7776.773155509493,1.9578985789298826,7821.818996173704,1.969239425018556
