loss,layer_idx,accuracy_score,f1_macro,f1_micro,balanced_accuracy_score,aic,aic_avg,bic,bic_avg,ebic,ebic_avg
4396.653235435486,11,0.378147029204431,0.37686747965869144,0.378147029204431,0.37819230256205044,10329.306470870972,2.6005303300279383,15157.74169019774,3.8161484617819084,25362.602720312563,6.385348116896416
