loss,layer_idx,accuracy_score,f1_macro,f1_micro,balanced_accuracy_score,aic,aic_avg,bic,bic_avg,ebic,ebic_avg
4035.3837370872498,11,0.49269889224572005,0.49049598581076315,0.49269889224572005,0.492782298104427,10118.7674741745,2.5475245403259064,16556.681099943526,4.168348715997866,30752.335357811207,7.742279798039076
