loss,layer_idx,accuracy_score,f1_macro,f1_micro,balanced_accuracy_score,aic,aic_avg,bic,bic_avg,ebic,ebic_avg
8003.734512329102,0,0.7068420296104643,0.7067450718973683,0.7068420296104643,0.7068446578592561,16299.469024658203,1.1714437993861007,17400.404042404807,1.250568063993446,18855.61717594364,1.3551543176616099
