loss,layer_idx,accuracy_score,f1_macro,f1_micro,balanced_accuracy_score,aic,aic_avg,bic,bic_avg,ebic,ebic_avg
3874.442017555237,0,0.8888888888888888,0.8888500781545995,0.8888888888888888,0.8888915932132679,11592.884035110474,0.833181258812022,26086.014885171928,1.8748034271361167,55150.966275326165,3.9637031964443126
