loss,layer_idx,accuracy_score,f1_macro,f1_micro,balanced_accuracy_score,aic,aic_avg,bic,bic_avg,ebic,ebic_avg
9053.703453063965,11,0.6974270518901825,0.6974094903324666,0.6974270518901825,0.6974259712551163,37311.40690612793,2.6815730132332853,109716.73594998333,7.88534827871089,285812.1672872847,20.541337306833743
