loss,layer_idx,accuracy_score,f1_macro,f1_micro,balanced_accuracy_score,aic_rep,aic_rep_avg,bic_rep,bic_rep_avg,ebic_rep,ebic_rep_avg,aic_cls,aic_cls_avg,bic_cls,bic_cls_avg,ebic_cls,ebic_cls_avg,aic_pr,aic_pr_avg,bic_pr,bic_pr_avg,ebic_pr,ebic_pr_avg
64.0630902312696,54,0.9998562598821331,0.9998562598821331,0.9998562598821331,0.9998562805403852,9728.12618046254,0.6991610019018643,45923.25005158375,3.300506687622808,127296.41354178518,9.14880074326471,19332.12618046254,1.389401047898702,91737.45522431794,6.593176313376307,267832.8865616193,19.249165341499157,167.05058079212904,0.012005935086397084,313.80823616073485,0.022553416426673484,429.35431233185136,0.030857719730620337
