loss,layer_idx,accuracy_score,f1_macro,f1_micro,balanced_accuracy_score,aic,aic_avg,bic,bic_avg,ebic,ebic_avg
805.639310836792,19,0.9800201236165014,0.9800196740577651,0.9800201236165014,0.9800208256852376,20815.278621673584,1.4959953012558276,93220.60766552898,6.699770566733433,269316.03900283034,19.355759594856284
