loss,layer_idx,accuracy_score,f1_macro,f1_micro,balanced_accuracy_score,aic,aic_avg,bic,bic_avg,ebic,ebic_avg
2405.1873092651367,71,0.9397728906137703,0.9397724413944213,0.9397728906137703,0.9397733025938428,14410.374618530273,1.0356744730868386,50605.49848965149,3.6370201588077826,131978.6619798529,9.485314214449685
