loss,layer_idx,accuracy_score,f1_macro,f1_micro,balanced_accuracy_score,aic,aic_avg,bic,bic_avg,ebic,ebic_avg
9395.548950195312,9,0.6221072301279287,0.6221006637160827,0.6221072301279287,0.6221078421568597,28391.097900390625,2.040469879286375,64586.22177151184,4.641815565007319,145959.38526171327,10.490109620649221
