loss,layer_idx,accuracy_score,f1_macro,f1_micro,balanced_accuracy_score,aic_rep,aic_rep_avg,bic_rep,bic_rep_avg,ebic_rep,ebic_rep_avg,aic_cls,aic_cls_avg,bic_cls,bic_cls_avg,ebic_cls,ebic_cls_avg,aic_pr,aic_pr_avg,bic_pr,bic_pr_avg,ebic_pr,ebic_pr_avg
72.03234008327127,49,0.9996406497053327,0.9996406496143813,0.9996406497053327,0.9996405980448534,9744.064680166543,0.7003065028149017,45939.188551287756,3.3016521885358454,127312.35204148918,9.149946244177748,19348.064680166543,1.3905465488117394,91753.39372402194,6.594321814289344,267848.8250613233,19.250310842412198,172.59560782462358,0.012404456506010032,280.1664891519405,0.020135582086527274,355.9971711177965,0.02558553766837692
