loss,layer_idx,accuracy_score,f1_macro,f1_micro,balanced_accuracy_score,aic_rep,aic_rep_avg,bic_rep,bic_rep_avg,ebic_rep,ebic_rep_avg,aic_cls,aic_cls_avg,bic_cls,bic_cls_avg,ebic_cls,ebic_cls_avg,aic_pr,aic_pr_avg,bic_pr,bic_pr_avg,ebic_pr,ebic_pr_avg
69.30870481021702,28,0.9991375592927986,0.9991375592927986,0.9991375592927986,0.9991375799362014,9738.617409620434,0.6999150071597264,45933.74128074165,3.3012606928806703,127306.90477094307,9.149554748522572,19342.617409620434,1.3901550531565643,91747.94645347583,6.593930318634169,267843.3777907772,19.24991934675702,170.49033061042428,0.012253150108554283,290.661614294503,0.020889867349037156,378.9052868978605,0.02723194529954438
