loss,layer_idx,accuracy_score,f1_macro,f1_micro,balanced_accuracy_score,aic,aic_avg,bic,bic_avg,ebic,ebic_avg
68.16190341394395,23,0.9991375592927986,0.9991375590076932,0.9991375592927986,0.9991374972913138,19340.323806827888,1.389990211788694,91745.65285068328,6.593765477266299,267841.08418798464,19.249754505389152
