loss,layer_idx,accuracy_score,f1_macro,f1_micro,balanced_accuracy_score,aic_rep,aic_rep_avg,bic_rep,bic_rep_avg,ebic_rep,ebic_rep_avg,aic_cls,aic_cls_avg,bic_cls,bic_cls_avg,ebic_cls,ebic_cls_avg,aic_pr,aic_pr_avg,bic_pr,bic_pr_avg,ebic_pr,ebic_pr_avg
2748.759895324707,16,0.9234583872358776,0.9234545121084632,0.9234583872358776,0.9234573835851716,15097.519790649414,1.0850596371028758,51292.64366177063,3.68640532282382,132665.80715197205,9.534699378465723,24701.519790649414,1.7752996830997134,97106.84883450481,6.979074948577319,273202.28017180617,19.63506397670017,5525.857036590576,0.39714367087757485,5632.69767482045,0.4048223138436431,5707.820558974798,0.4102213999550667
