loss,layer_idx,accuracy_score,f1_macro,f1_micro,balanced_accuracy_score,aic,aic_avg,bic,bic_avg,ebic,ebic_avg
15.946950342040509,29,0.9999281299410665,0.9999281299406954,0.9999281299410665,0.9999281402701926,9631.893900684081,0.6922447822828863,45827.017771805295,3.2935904680038304,127200.18126200672,9.141884523645732
