loss,layer_idx,accuracy_score,f1_macro,f1_micro,balanced_accuracy_score,aic,aic_avg,bic,bic_avg,ebic,ebic_avg
232.5309548676014,22,0.9961190168175937,0.996119013930901,0.9961190168175937,0.9961191613659612,19669.061909735203,1.4136166386183127,92074.3909535906,6.617391904095918,268169.82229089196,19.27338093221877
