loss,layer_idx,accuracy_score,f1_macro,f1_micro,balanced_accuracy_score,aic,aic_avg,bic,bic_avg,ebic,ebic_avg
324.80121417343616,21,0.9923817737530545,0.9923817334579652,0.9923817737530545,0.9923814636773239,19853.602428346872,1.4268795765665425,92258.93147220227,6.630654842044147,268354.3628095036,19.286643870166998
