loss,layer_idx,accuracy_score,f1_macro,f1_micro,balanced_accuracy_score,aic,aic_avg,bic,bic_avg,ebic,ebic_avg
107.291922070086,48,0.9989219491159983,0.998921948442214,0.9989219491159983,0.9989220833916668,19418.583844140172,1.3956147652824618,91823.91288799557,6.599390030760067,267919.3442252969,19.25537905888292
