loss,layer_idx,accuracy_score,f1_macro,f1_micro,balanced_accuracy_score,aic_rep,aic_rep_avg,bic_rep,bic_rep_avg,ebic_rep,ebic_rep_avg,aic_cls,aic_cls_avg,bic_cls,bic_cls_avg,ebic_cls,ebic_cls_avg,aic_pr,aic_pr_avg,bic_pr,bic_pr_avg,ebic_pr,ebic_pr_avg
9395.548950195312,9,0.6221072301279287,0.6221006637160827,0.6221072301279287,0.6221078421568597,28391.097900390625,2.040469879286375,64586.22177151184,4.641815565007319,145959.38526171327,10.490109620649221,37995.097900390625,2.7307099252832128,110400.42694424602,7.934485190760818,286495.8582815474,20.59047421888367,18812.217170715332,1.3520351567281395,18891.843692118506,1.357757919514051,18941.622630357146,1.3613355347389064
