loss,layer_idx,accuracy_score,f1_macro,f1_micro,balanced_accuracy_score,aic,aic_avg,bic,bic_avg,ebic,ebic_avg
11623.98226737976,2,0.5077619663648124,0.5077024403858522,0.5077619663648124,0.5077635574392713,42451.96453475952,3.051025192953825,114857.29357861492,8.25480045843143,290952.7249159163,20.910789486554282
