loss,layer_idx,accuracy_score,f1_macro,f1_micro,balanced_accuracy_score,aic_rep,aic_rep_avg,bic_rep,bic_rep_avg,ebic_rep,ebic_rep_avg,aic_cls,aic_cls_avg,bic_cls,bic_cls_avg,ebic_cls,ebic_cls_avg,aic_pr,aic_pr_avg,bic_pr,bic_pr_avg,ebic_pr,ebic_pr_avg
260.5967828333378,63,0.9978438982319966,0.9978438981874489,0.9978438982319966,0.9978439395098927,10121.193565666676,0.7274107780413019,46316.31743678789,3.3287564637622458,127689.48092698932,9.177050519404148,19725.193565666676,1.4176508240381396,92130.52260952207,6.621426089515745,268225.9539468234,19.277415117638597,557.497455894947,0.04006737501041735,694.3749354591005,0.049904767533354925,799.6118437223918,0.057468150332211566
