loss,layer_idx,accuracy_score,f1_macro,f1_micro,balanced_accuracy_score,aic,aic_avg,bic,bic_avg,ebic,ebic_avg
38.11651634890586,32,0.9997125197642662,0.9997125197642662,0.9997125197642662,0.9997125404195484,19280.23303269781,1.3856714843106088,91685.56207655321,6.589446749788213,267780.99341385457,19.245435777911066
