loss,layer_idx,accuracy_score,f1_macro,f1_micro,balanced_accuracy_score,aic,aic_avg,bic,bic_avg,ebic,ebic_avg
25.503162967041135,56,0.9999281299410665,0.9999281299406954,0.9999281299410665,0.9999281402701926,19255.006325934082,1.3838584394088027,91660.33536978948,6.587633704886408,267755.76670709084,19.24362273300926
