loss,layer_idx,accuracy_score,f1_macro,f1_micro,balanced_accuracy_score,aic,aic_avg,bic,bic_avg,ebic,ebic_avg
139.8538519963622,46,0.9989938191749317,0.9989938184265299,0.9989938191749317,0.9989937158480333,19483.707703992724,1.4002952209280384,91889.03674784812,6.604070486405643,267984.4680851495,19.260059514528496
