loss,layer_idx,accuracy_score,f1_macro,f1_micro,balanced_accuracy_score,aic,aic_avg,bic,bic_avg,ebic,ebic_avg
31.476663066074252,39,0.9999281299410665,0.9999281299406954,0.9999281299410665,0.9999281402701926,9662.953326132149,0.6944770250202781,45858.07719725336,3.295822710741222,127231.24068745479,9.144116766383124
