loss,layer_idx,accuracy_score,f1_macro,f1_micro,balanced_accuracy_score,aic,aic_avg,bic,bic_avg,ebic,ebic_avg
11803.165479660034,1,0.5199798763834986,0.5184235013561302,0.5199798763834986,0.5199717156136523,42810.33095932007,3.0767810090067607,115215.66000317546,8.280556274484365,291311.0913404768,20.936545302607218
