loss,layer_idx,accuracy_score,f1_macro,f1_micro,balanced_accuracy_score,aic_rep,aic_rep_avg,bic_rep,bic_rep_avg,ebic_rep,ebic_rep_avg,aic_cls,aic_cls_avg,bic_cls,bic_cls_avg,ebic_cls,ebic_cls_avg,aic_pr,aic_pr_avg,bic_pr,bic_pr_avg,ebic_pr,ebic_pr_avg
11903.496475219727,6,0.5456374874227397,0.5456184765662191,0.5456374874227397,0.545638428451263,33406.99295043945,2.400962552137376,69602.11682156066,5.00230823785832,150975.2803117621,10.850602293500222,43010.99295043945,3.091202598134214,115416.32199429485,8.29497786361182,291511.7533315962,20.95096689173467,23825.99550628662,1.7123757011848943,23897.64132532372,1.7175248904214258,23940.42417780391,1.7205996965505181
