loss,layer_idx,accuracy_score,f1_macro,f1_micro,balanced_accuracy_score,aic,aic_avg,bic,bic_avg,ebic,ebic_avg
21.752990395296365,37,0.9999281299410665,0.9999281299406954,0.9999281299410665,0.9999281402701926,19247.505980790593,1.383319389161319,91652.83502464599,6.587094654638924,267748.26636194735,19.243083682761775
