loss,layer_idx,accuracy_score,f1_macro,f1_micro,balanced_accuracy_score,aic,aic_avg,bic,bic_avg,ebic,ebic_avg
242.16894322633743,24,0.9977001581141296,0.9977001573538486,0.9977001581141296,0.9977002613727217,10084.337886452675,0.7247619582041595,46279.46175757389,3.3261076439251034,127652.62524777532,9.174401699567005
