loss,layer_idx,accuracy_score,f1_macro,f1_micro,balanced_accuracy_score,aic,aic_avg,bic,bic_avg,ebic,ebic_avg
299.70512613654137,44,0.9973408078194624,0.9973408054981542,0.9973408078194624,0.9973409627236846,10199.410252273083,0.7330322159172835,46394.534123394296,3.3343779016382276,127767.69761359572,9.18267195728013
