loss,layer_idx,accuracy_score,f1_macro,f1_micro,balanced_accuracy_score,aic,aic_avg,bic,bic_avg,ebic,ebic_avg
225.8529098778963,25,0.9969814575247952,0.9969814485439529,0.9969814575247952,0.9969817260583131,19655.705819755793,1.412656735644372,92061.03486361119,6.616432001121977,268156.46620091255,19.27242102924483
