loss,layer_idx,accuracy_score,f1_macro,f1_micro,balanced_accuracy_score,aic_rep,aic_rep_avg,bic_rep,bic_rep_avg,ebic_rep,ebic_rep_avg,aic_cls,aic_cls_avg,bic_cls,bic_cls_avg,ebic_cls,ebic_cls_avg,aic_pr,aic_pr_avg,bic_pr,bic_pr_avg,ebic_pr,ebic_pr_avg
24.00857068412006,45,0.9999281299410665,0.9999281299406954,0.9999281299410665,0.9999281402701926,9648.01714136824,0.693403560541055,45843.141012489454,3.294749246261999,127216.30450269088,9.143043301903901,19252.01714136824,1.3836436065378928,91657.34618522364,6.587418872015498,267752.777522525,19.24340790013835,78.72995379194617,0.0056583264188548345,194.52725067804528,0.01398068497039279,278.42030556584,0.020010083769285612
