loss,layer_idx,accuracy_score,f1_macro,f1_micro,balanced_accuracy_score,aic,aic_avg,bic,bic_avg,ebic,ebic_avg
19.38081232830882,55,0.9999281299410665,0.9999281299406954,0.9999281299410665,0.9999281402701926,19242.761624656618,1.382978412006369,91648.09066851201,6.586753677483974,267743.5220058134,19.242742705606826
