loss,layer_idx,accuracy_score,f1_macro,f1_micro,balanced_accuracy_score,aic,aic_avg,bic,bic_avg,ebic,ebic_avg
5103.416862487793,14,0.8500790570648268,0.8500787473092061,0.8500790570648268,0.850079281240718,29410.833724975586,2.113758353095845,101816.16276883098,7.31753361857345,277911.59410613234,19.973522646696303
