loss,layer_idx,accuracy_score,f1_macro,f1_micro,balanced_accuracy_score,aic,aic_avg,bic,bic_avg,ebic,ebic_avg
394.2727506160736,64,0.9959752766997269,0.9959752726250934,0.9959752766997269,0.9959754419063465,19992.545501232147,1.4368654234032017,92397.87454508754,6.640640688880807,268493.3058823889,19.296629717003658
