loss,layer_idx,accuracy_score,f1_macro,f1_micro,balanced_accuracy_score,aic_rep,aic_rep_avg,bic_rep,bic_rep_avg,ebic_rep,ebic_rep_avg,aic_cls,aic_cls_avg,bic_cls,bic_cls_avg,ebic_cls,ebic_cls_avg,aic_pr,aic_pr_avg,bic_pr,bic_pr_avg,ebic_pr,ebic_pr_avg
113.64565401524305,59,0.9994969095874658,0.9994969095225004,0.9994969095874658,0.9994968785852385,9827.291308030486,0.7062880054643155,46022.4151791517,3.3076336911852593,127395.57866935313,9.155927746827162,19431.291308030486,1.3965280514611533,91836.62035188588,6.600303316938758,267932.05168918724,19.25629234506161,271.8773332685232,0.019539839964677536,439.98115685307425,0.031621471672637215,578.3883654106696,0.04156880590848567
