loss,layer_idx,accuracy_score,f1_macro,f1_micro,balanced_accuracy_score,aic,aic_avg,bic,bic_avg,ebic,ebic_avg
9022.80603981018,12,0.7278280868190312,0.7270953001730297,0.7278280868190312,0.7278206534863498,27645.61207962036,1.9868917694135664,63840.735950741575,4.58823745513451,145213.899440943,10.436531510776412
