loss,layer_idx,accuracy_score,f1_macro,f1_micro,balanced_accuracy_score,aic_rep,aic_rep_avg,bic_rep,bic_rep_avg,ebic_rep,ebic_rep_avg,aic_cls,aic_cls_avg,bic_cls,bic_cls_avg,ebic_cls,ebic_cls_avg,aic_pr,aic_pr_avg,bic_pr,bic_pr_avg,ebic_pr,ebic_pr_avg
9053.703453063965,11,0.6974270518901825,0.6974094903324666,0.6974270518901825,0.6974259712551163,27707.40690612793,1.9913329672364475,63902.53077724914,4.5926786529573915,145275.69426745057,10.440972708599293,37311.40690612793,2.6815730132332853,109716.73594998333,7.88534827871089,285812.1672872847,20.541337306833743,18129.048931121826,1.302935815087094,18210.646407733908,1.308800230540025,18262.186668506693,1.3125044321192103
