loss,layer_idx,accuracy_score,f1_macro,f1_micro,balanced_accuracy_score,aic,aic_avg,bic,bic_avg,ebic,ebic_avg
324.80121417343616,21,0.9923817737530545,0.9923817334579652,0.9923817737530545,0.9923814636773239,10249.602428346872,0.7366395305697048,46444.726299468086,3.3379852162906487,127817.88978966951,9.18627927193255
