loss,layer_idx,accuracy_score,f1_macro,f1_micro,balanced_accuracy_score,aic_rep,aic_rep_avg,bic_rep,bic_rep_avg,ebic_rep,ebic_rep_avg,aic_cls,aic_cls_avg,bic_cls,bic_cls_avg,ebic_cls,ebic_cls_avg,aic_pr,aic_pr_avg,bic_pr,bic_pr_avg,ebic_pr,ebic_pr_avg
33.06441640853882,58,0.9998562598821331,0.9998562598821331,0.9998562598821331,0.9998562805403852,9666.128832817078,0.6947052488728674,45861.25270393829,3.2960509345938114,127234.41619413972,9.144344990235714,19270.128832817078,1.3849452948697052,91675.45787667247,6.58872056034731,267770.88921397383,19.24470958847016,110.46269512176514,0.007938960408348796,277.61578239295216,0.019952262641436836,414.9887581629579,0.02982526650589032
