loss,layer_idx,accuracy_score,f1_macro,f1_micro,balanced_accuracy_score,aic,aic_avg,bic,bic_avg,ebic,ebic_avg
778.1839674711227,20,0.9813137846773035,0.9813137460692203,0.9813137846773035,0.9813140115646644,11156.367934942245,0.8018088209675324,47351.49180606346,3.4031545066884763,128724.65529626489,9.251448562330378
