loss,layer_idx,accuracy_score,f1_macro,f1_micro,balanced_accuracy_score,aic,aic_avg,bic,bic_avg,ebic,ebic_avg
22.91748786251992,30,0.9999281299410665,0.9999281299406954,0.9999281299410665,0.9999281402701926,19249.83497572504,1.3834867741645134,91655.16401958044,6.587262039642118,267750.5953568818,19.24325106776497
