loss,layer_idx,accuracy_score,f1_macro,f1_micro,balanced_accuracy_score,aic_rep,aic_rep_avg,bic_rep,bic_rep_avg,ebic_rep,ebic_rep_avg,aic_cls,aic_cls_avg,bic_cls,bic_cls_avg,ebic_cls,ebic_cls_avg,aic_pr,aic_pr_avg,bic_pr,bic_pr_avg,ebic_pr,ebic_pr_avg
114.22382767498493,50,0.9992094293517321,0.9992094288576235,0.9992094293517321,0.9992093363598993,9828.44765534997,0.7063711122143144,46023.57152647118,3.3077167979352584,127396.73501667261,9.156010853577161,19432.44765534997,1.396611158211152,91837.77669920537,6.600386423688757,267933.2080365067,19.256375451811607,260.0444647371769,0.01868941100597793,379.1747178311523,0.027251309316598554,466.3790337307489,0.03351868863955361
