loss,layer_idx,accuracy_score,f1_macro,f1_micro,balanced_accuracy_score,aic,aic_avg,bic,bic_avg,ebic,ebic_avg
2405.1873092651367,71,0.9397728906137703,0.9397724413944213,0.9397728906137703,0.9397733025938428,24014.374618530273,1.7259145190836764,96419.70366238567,6.9296897845612815,272515.134999687,19.585678812684133
