loss,layer_idx,accuracy_score,f1_macro,f1_micro,balanced_accuracy_score,aic,aic_avg,bic,bic_avg,ebic,ebic_avg
219.66039437055588,40,0.9983469886445306,0.9983469886359924,0.9983469886445306,0.9983469989409883,10039.320788741112,0.7215265767386166,46234.444659862325,3.3228722624595606,127607.60815006375,9.171166318101463
