loss,layer_idx,accuracy_score,f1_macro,f1_micro,balanced_accuracy_score,aic_rep,aic_rep_avg,bic_rep,bic_rep_avg,ebic_rep,ebic_rep_avg,aic_cls,aic_cls_avg,bic_cls,bic_cls_avg,ebic_cls,ebic_cls_avg,aic_pr,aic_pr_avg,bic_pr,bic_pr_avg,ebic_pr,ebic_pr_avg
523.9497721195221,66,0.9933160845191893,0.9933160692938658,0.9933160845191893,0.9933158880994832,10647.899544239044,0.7652651677618977,46843.02341536026,3.3666108534828414,128216.18690556168,9.214904909124744,20251.899544239044,1.4555052137587354,92657.22858809444,6.65928047923634,268752.6599253958,19.315269507359194,1082.9165501594543,0.07782927627996654,1214.942057126645,0.08731795724641692,1315.1847719399334,0.09452240706769681
