loss,layer_idx,accuracy_score,f1_macro,f1_micro,balanced_accuracy_score,aic_rep,aic_rep_avg,bic_rep,bic_rep_avg,ebic_rep,ebic_rep_avg,aic_cls,aic_cls_avg,bic_cls,bic_cls_avg,ebic_cls,ebic_cls_avg,aic_pr,aic_pr_avg,bic_pr,bic_pr_avg,ebic_pr,ebic_pr_avg
196.30550339818,60,0.9984907287623976,0.9984907285675013,0.9984907287623976,0.9984908010454909,9992.61100679636,0.7181695419574788,46187.73487791757,3.3195152276784228,127560.898368119,9.167809283320326,19596.61100679636,1.4084095879543166,92001.94005065176,6.612184853431922,268097.3713879531,19.268173881554773,437.8129568696022,0.03146564301204558,608.2390175068144,0.04371417403383746,749.178386682081,0.05384349480250691
