loss,layer_idx,accuracy_score,f1_macro,f1_micro,balanced_accuracy_score,aic_rep,aic_rep_avg,bic_rep,bic_rep_avg,ebic_rep,ebic_rep_avg,aic_cls,aic_cls_avg,bic_cls,bic_cls_avg,ebic_cls,ebic_cls_avg,aic_pr,aic_pr_avg,bic_pr,bic_pr_avg,ebic_pr,ebic_pr_avg
52.15801186673343,43,0.9997125197642662,0.9997125197583265,0.9997125197642662,0.9997125610807703,9704.316023733467,0.6974497645345312,45899.43989485468,3.2987954502554753,127272.6033850561,9.147089505897377,19308.316023733467,1.3876898105313689,91713.64506758886,6.591465076008974,267809.0764048902,19.247454104131826,135.6344441436231,0.009748055494007698,253.7150802054415,0.01823451776666965,339.87391174027596,0.024426758066715248
