loss,layer_idx,accuracy_score,f1_macro,f1_micro,balanced_accuracy_score,aic,aic_avg,bic,bic_avg,ebic,ebic_avg
33.06441640853882,58,0.9998562598821331,0.9998562598821331,0.9998562598821331,0.9998562805403852,9666.128832817078,0.6947052488728674,45861.25270393829,3.2960509345938114,127234.41619413972,9.144344990235714
