loss,layer_idx,accuracy_score,f1_macro,f1_micro,balanced_accuracy_score,aic,aic_avg,bic,bic_avg,ebic,ebic_avg
66.76043024845421,26,0.9994250395285325,0.9994250395166531,0.9994250395285325,0.9994250395166531,19337.52086049691,1.3897887638706992,91742.8499043523,6.593564029348304,267838.28124165366,19.249553057471157
