loss,layer_idx,accuracy_score,f1_macro,f1_micro,balanced_accuracy_score,aic,aic_avg,bic,bic_avg,ebic,ebic_avg
4226.06928396225,15,0.8813425327008768,0.8813262462711257,0.8813425327008768,0.8813408670209046,18052.1385679245,1.2974082627515093,54247.26243904571,3.898753948472453,135620.42592924714,9.747048004114355
