loss,layer_idx,accuracy_score,f1_macro,f1_micro,balanced_accuracy_score,aic,aic_avg,bic,bic_avg,ebic,ebic_avg
979.9163902997971,67,0.9834698864453069,0.9834698850791774,0.9834698864453069,0.9834699480874403,11559.832780599594,0.8308058632025006,47754.95665172081,3.4321515489234447,129128.12014192223,9.280445604565347
