loss,layer_idx,accuracy_score,f1_macro,f1_micro,balanced_accuracy_score,aic_rep,aic_rep_avg,bic_rep,bic_rep_avg,ebic_rep,ebic_rep_avg,aic_cls,aic_cls_avg,bic_cls,bic_cls_avg,ebic_cls,ebic_cls_avg,aic_pr,aic_pr_avg,bic_pr,bic_pr_avg,ebic_pr,ebic_pr_avg
219.66039437055588,40,0.9983469886445306,0.9983469886359924,0.9983469886445306,0.9983469989409883,10039.320788741112,0.7215265767386166,46234.444659862325,3.3228722624595606,127607.60815006375,9.171166318101463,19643.32078874111,1.4117666227354544,92048.64983259651,6.615541888213059,268144.08116989787,19.271530916335912,471.7288964986801,0.033903183591970684,593.9180084480375,0.04268492226879672,684.1830597921988,0.04917227682853233
