loss,layer_idx,accuracy_score,f1_macro,f1_micro,balanced_accuracy_score,aic_rep,aic_rep_avg,bic_rep,bic_rep_avg,ebic_rep,ebic_rep_avg,aic_cls,aic_cls_avg,bic_cls,bic_cls_avg,ebic_cls,ebic_cls_avg,aic_pr,aic_pr_avg,bic_pr,bic_pr_avg,ebic_pr,ebic_pr_avg
221.53754469752312,41,0.9983469886445306,0.9983469886359924,0.9983469886445306,0.9983470196022104,10043.075089395046,0.7217963985478688,46238.19896051626,3.3231420842688126,127611.36245071769,9.171436139910714,19647.075089395046,1.4120364445447064,92052.40413325044,6.615811710022311,268147.8354705518,19.271800738145163,475.63585752248764,0.03418397711100242,598.4005487424457,0.04300708270392739,689.2438174288128,0.04953599377812368
