loss,layer_idx,accuracy_score,f1_macro,f1_micro,balanced_accuracy_score,aic,aic_avg,bic,bic_avg,ebic,ebic_avg
9395.548950195312,9,0.6221072301279287,0.6221006637160827,0.6221072301279287,0.6221078421568597,37995.097900390625,2.7307099252832128,110400.42694424602,7.934485190760818,286495.8582815474,20.59047421888367
