loss,layer_idx,accuracy_score,f1_macro,f1_micro,balanced_accuracy_score,aic_rep,aic_rep_avg,bic_rep,bic_rep_avg,ebic_rep,ebic_rep_avg,aic_cls,aic_cls_avg,bic_cls,bic_cls_avg,ebic_cls,ebic_cls_avg,aic_pr,aic_pr_avg,bic_pr,bic_pr_avg,ebic_pr,ebic_pr_avg
299.70512613654137,44,0.9973408078194624,0.9973408054981542,0.9973408078194624,0.9973409627236846,10199.410252273083,0.7330322159172835,46394.534123394296,3.3343779016382276,127767.69761359572,9.18267195728013,19803.410252273083,1.4232722619141212,92208.73929612848,6.627047527391726,268304.17063342984,19.283036555514578,631.2564169764519,0.045368435890215025,751.3268207533868,0.053997902885826274,839.4696740963184,0.06033273495014506
