loss,layer_idx,accuracy_score,f1_macro,f1_micro,balanced_accuracy_score,aic,aic_avg,bic,bic_avg,ebic,ebic_avg
38.11651634890586,32,0.9997125197642662,0.9997125197642662,0.9997125197642662,0.9997125404195484,9676.233032697812,0.6954314383137712,45871.356903819025,3.296777124034715,127244.52039402045,9.145071179676616
