loss,layer_idx,accuracy_score,f1_macro,f1_micro,balanced_accuracy_score,aic,aic_avg,bic,bic_avg,ebic,ebic_avg
19.38081232830882,55,0.9999281299410665,0.9999281299406954,0.9999281299410665,0.9999281402701926,9638.761624656618,0.6927383660095312,45833.88549577783,3.2940840517304752,127207.04898597926,9.142378107372377
