loss,layer_idx,accuracy_score,f1_macro,f1_micro,balanced_accuracy_score,aic,aic_avg,bic,bic_avg,ebic,ebic_avg
9821.053550720215,8,0.6185855972401897,0.6177018043861711,0.6185855972401897,0.6185786988421947,38846.10710144043,2.791872006715569,111251.43614529583,7.995647272193175,287346.8674825972,20.651636300316024
