loss,layer_idx,accuracy_score,f1_macro,f1_micro,balanced_accuracy_score,aic_rep,aic_rep_avg,bic_rep,bic_rep_avg,ebic_rep,ebic_rep_avg,aic_cls,aic_cls_avg,bic_cls,bic_cls_avg,ebic_cls,ebic_cls_avg,aic_pr,aic_pr_avg,bic_pr,bic_pr_avg,ebic_pr,ebic_pr_avg
11803.165479660034,1,0.5199798763834986,0.5184235013561302,0.5199798763834986,0.5199717156136523,33206.33095932007,2.386540963009923,69401.45483044127,4.987886648730866,150774.6183206427,10.836180704372769,42810.33095932007,3.0767810090067607,115215.66000317546,8.280556274484365,291311.0913404768,20.936545302607218,23622.22709274292,1.6977308532947333,23682.160688400418,1.7020382843467312,23715.112239068192,1.7044065142351725
