loss,layer_idx,accuracy_score,f1_macro,f1_micro,balanced_accuracy_score,aic,aic_avg,bic,bic_avg,ebic,ebic_avg
2298.6678771972656,69,0.940204110967371,0.9402040504299605,0.940204110967371,0.9402039857645834,23801.33575439453,1.7106034033631257,96206.66479824993,6.9143786688407305,272302.0961355513,19.570367696963583
