loss,layer_idx,accuracy_score,f1_macro,f1_micro,balanced_accuracy_score,aic_rep,aic_rep_avg,bic_rep,bic_rep_avg,ebic_rep,ebic_rep_avg,aic_cls,aic_cls_avg,bic_cls,bic_cls_avg,ebic_cls,ebic_cls_avg,aic_pr,aic_pr_avg,bic_pr,bic_pr_avg,ebic_pr,ebic_pr_avg
19.903478716500103,38,0.9998562598821331,0.9998562598791633,0.9998562598821331,0.9998562598791633,9639.806957433,0.6928134941377749,45834.930828554214,3.2941591798587186,127208.09431875564,9.142453235500621,19243.806957433,1.3830535401346127,91649.1360012884,6.5868288056122175,267744.56733858975,19.24281783373507,72.94181461073458,0.005242332514786156,197.87100836073517,0.014221001032106884,290.89508580409023,0.020906646960190473
