loss,layer_idx,accuracy_score,f1_macro,f1_micro,balanced_accuracy_score,aic,aic_avg,bic,bic_avg,ebic,ebic_avg
52.15801186673343,43,0.9997125197642662,0.9997125197583265,0.9997125197642662,0.9997125610807703,19308.316023733467,1.3876898105313689,91713.64506758886,6.591465076008974,267809.0764048902,19.247454104131826
