loss,layer_idx,accuracy_score,f1_macro,f1_micro,balanced_accuracy_score,aic_rep,aic_rep_avg,bic_rep,bic_rep_avg,ebic_rep,ebic_rep_avg,aic_cls,aic_cls_avg,bic_cls,bic_cls_avg,ebic_cls,ebic_cls_avg,aic_pr,aic_pr_avg,bic_pr,bic_pr_avg,ebic_pr,ebic_pr_avg
225.8529098778963,25,0.9969814575247952,0.9969814485439529,0.9969814575247952,0.9969817260583131,10051.705819755793,0.7224166896475344,46246.829690877006,3.3237623753684784,127619.99318107843,9.17205643101038,19655.705819755793,1.412656735644372,92061.03486361119,6.616432001121977,268156.46620091255,19.27242102924483,485.6312157213688,0.034902344093816935,613.5409979454173,0.044095227680423836,709.5843631563478,0.05099786999830011
