loss,layer_idx,accuracy_score,f1_macro,f1_micro,balanced_accuracy_score,aic,aic_avg,bic,bic_avg,ebic,ebic_avg
64.0630902312696,54,0.9998562598821331,0.9998562598821331,0.9998562598821331,0.9998562805403852,19332.12618046254,1.389401047898702,91737.45522431794,6.593176313376307,267832.8865616193,19.249165341499157
