loss,layer_idx,accuracy_score,f1_macro,f1_micro,balanced_accuracy_score,aic_rep,aic_rep_avg,bic_rep,bic_rep_avg,ebic_rep,ebic_rep_avg,aic_cls,aic_cls_avg,bic_cls,bic_cls_avg,ebic_cls,ebic_cls_avg,aic_pr,aic_pr_avg,bic_pr,bic_pr_avg,ebic_pr,ebic_pr_avg
9821.053550720215,8,0.6185855972401897,0.6177018043861711,0.6185855972401897,0.6185786988421947,29242.10710144043,2.1016319607187315,65437.23097256164,4.702977646439676,146810.39446276307,10.551271702081577,38846.10710144043,2.791872006715569,111251.43614529583,7.995647272193175,287346.8674825972,20.651636300316024,19663.435388565063,1.4132122602102244,19743.849971318705,1.4189916610118374,19794.33161882106,1.422619779992889
