loss,layer_idx,accuracy_score,f1_macro,f1_micro,balanced_accuracy_score,aic,aic_avg,bic,bic_avg,ebic,ebic_avg
11973.428834915161,0,0.5051746442432082,0.5007150434029686,0.5051746442432082,0.5051882394341404,33546.85766983032,2.411014637762708,69741.98154095153,5.012360323483652,151115.14503115296,10.860654379125554
