loss,layer_idx,accuracy_score,f1_macro,f1_micro,balanced_accuracy_score,aic,aic_avg,bic,bic_avg,ebic,ebic_avg
25.70984250679612,34,0.9999281299410665,0.9999281299406954,0.9999281299410665,0.9999281402701926,19255.419685013592,1.3838881475502078,91660.74872886899,6.587663413027813,267756.18006617035,19.243652441150665
