loss,layer_idx,accuracy_score,f1_macro,f1_micro,balanced_accuracy_score,aic,aic_avg,bic,bic_avg,ebic,ebic_avg
10622.195861816406,4,0.5367974701739255,0.5367207967479847,0.5367974701739255,0.5367993304441783,40448.39172363281,2.9070282969406938,112853.72076748821,8.1108035624183,288949.15210478957,20.76679259054115
