loss,layer_idx,accuracy_score,f1_macro,f1_micro,balanced_accuracy_score,aic,aic_avg,bic,bic_avg,ebic,ebic_avg
9593.58779335022,7,0.5740980307603852,0.5740916157153271,0.5740980307603852,0.5740986004749437,28787.17558670044,2.0689360059436854,64982.29945782165,4.67028169166463,146355.46294802308,10.518575747306532
