loss,layer_idx,accuracy_score,f1_macro,f1_micro,balanced_accuracy_score,aic,aic_avg,bic,bic_avg,ebic,ebic_avg
3047.233760356903,70,0.9202961046428058,0.9202813957732514,0.9202961046428058,0.9202980761427184,25298.467520713806,1.8182023516396295,97703.7965645692,7.021977617117234,273799.22790187056,19.677966645240087
