loss,layer_idx,accuracy_score,f1_macro,f1_micro,balanced_accuracy_score,aic,aic_avg,bic,bic_avg,ebic,ebic_avg
69.30870481021702,28,0.9991375592927986,0.9991375592927986,0.9991375592927986,0.9991375799362014,19342.617409620434,1.3901550531565643,91747.94645347583,6.593930318634169,267843.3777907772,19.24991934675702
