loss,layer_idx,accuracy_score,f1_macro,f1_micro,balanced_accuracy_score,aic,aic_avg,bic,bic_avg,ebic,ebic_avg
6653.596998214722,13,0.7841023429639212,0.7840999832229048,0.7841023429639212,0.7841018839563298,32511.193996429443,2.3365814285201556,104916.52304028484,7.540356693997761,281011.9543775862,20.19634572212061
