loss,layer_idx,accuracy_score,f1_macro,f1_micro,balanced_accuracy_score,aic,aic_avg,bic,bic_avg,ebic,ebic_avg
154.06907719373703,31,0.9990656892338652,0.999065688842959,0.9990656892338652,0.9990656169002845,9908.138154387474,0.7120984730765757,46103.26202550869,3.3134441587975196,127476.42551571011,9.161738214439422
