loss,layer_idx,accuracy_score,f1_macro,f1_micro,balanced_accuracy_score,aic,aic_avg,bic,bic_avg,ebic,ebic_avg
114.22382767498493,50,0.9992094293517321,0.9992094288576235,0.9992094293517321,0.9992093363598993,9828.44765534997,0.7063711122143144,46023.57152647118,3.3077167979352584,127396.73501667261,9.156010853577161
