loss,layer_idx,accuracy_score,f1_macro,f1_micro,balanced_accuracy_score,aic,aic_avg,bic,bic_avg,ebic,ebic_avg
13096.472333908081,5,0.5272387523357769,0.5237787679871462,0.5272387523357769,0.5272265111245804,45396.94466781616,3.2626810886744404,117802.27371167156,8.466456354152045,293897.7050489729,21.122445382274897
