loss,layer_idx,accuracy_score,f1_macro,f1_micro,balanced_accuracy_score,aic,aic_avg,bic,bic_avg,ebic,ebic_avg
62.40525370836258,47,0.9996406497053327,0.999640649658929,0.9996406497053327,0.9996406187060753,19328.810507416725,1.3891627502814952,91734.13955127212,6.5929380157591,267829.5708885735,19.248927043881952
