loss,layer_idx,accuracy_score,f1_macro,f1_micro,balanced_accuracy_score,aic,aic_avg,bic,bic_avg,ebic,ebic_avg
9022.80603981018,12,0.7278280868190312,0.7270953001730297,0.7278280868190312,0.7278206534863498,37249.61207962036,2.677131815410404,109654.94112347576,7.880907080888009,285750.3724607771,20.53689610901086
