loss,layer_idx,accuracy_score,f1_macro,f1_micro,balanced_accuracy_score,aic_rep,aic_rep_avg,bic_rep,bic_rep_avg,ebic_rep,ebic_rep_avg,aic_cls,aic_cls_avg,bic_cls,bic_cls_avg,ebic_cls,ebic_cls_avg,aic_pr,aic_pr_avg,bic_pr,bic_pr_avg,ebic_pr,ebic_pr_avg
2427.158214569092,18,0.9310047434238896,0.9310044640196078,0.9310047434238896,0.9310044734024785,14454.316429138184,1.0388325736048716,50649.4403002594,3.6401782593258156,132022.60379046082,9.488472314967717,24058.316429138184,1.7290726196017094,96463.64547299358,6.9328478850793145,272559.07681029494,19.588836913202165,4883.028087615967,0.35094351643064303,4991.280382943955,0.3587236152755466,5067.772725846802,0.36422112446793176
