loss,layer_idx,accuracy_score,f1_macro,f1_micro,balanced_accuracy_score,aic,aic_avg,bic,bic_avg,ebic,ebic_avg
1266.2249292135239,68,0.9752048296679603,0.9752047619162978,0.9752048296679603,0.9752050874209357,21736.449858427048,1.5621999323290965,94141.77890228244,6.765975197806702,270237.2102395838,19.421964225929553
