loss,layer_idx,accuracy_score,f1_macro,f1_micro,balanced_accuracy_score,aic,aic_avg,bic,bic_avg,ebic,ebic_avg
72.03234008327127,49,0.9996406497053327,0.9996406496143813,0.9996406497053327,0.9996405980448534,19348.064680166543,1.3905465488117394,91753.39372402194,6.594321814289344,267848.8250613233,19.250310842412198
