loss,layer_idx,accuracy_score,f1_macro,f1_micro,balanced_accuracy_score,aic_rep,aic_rep_avg,bic_rep,bic_rep_avg,ebic_rep,ebic_rep_avg,aic_cls,aic_cls_avg,bic_cls,bic_cls_avg,ebic_cls,ebic_cls_avg,aic_pr,aic_pr_avg,bic_pr,bic_pr_avg,ebic_pr,ebic_pr_avg
31.476663066074252,39,0.9999281299410665,0.9999281299406954,0.9999281299410665,0.9999281402701926,9662.953326132149,0.6944770250202781,45858.07719725336,3.295822710741222,127231.24068745479,9.144116766383124,19266.95332613215,1.3847170710171157,91672.28236998754,6.5884923364947205,267767.7137072889,19.244481364617574,95.42562380060554,0.006858245206310589,217.85675260161835,0.01565737764852798,308.3648482186552,0.022162199814478596
