loss,layer_idx,accuracy_score,f1_macro,f1_micro,balanced_accuracy_score,aic,aic_avg,bic,bic_avg,ebic,ebic_avg
10622.195861816406,4,0.5367974701739255,0.5367207967479847,0.5367974701739255,0.5367993304441783,30844.391723632812,2.216788250943856,67039.51559475402,4.8181339366647995,148412.67908495545,10.666427992306701
