loss,layer_idx,accuracy_score,f1_macro,f1_micro,balanced_accuracy_score,aic_rep,aic_rep_avg,bic_rep,bic_rep_avg,ebic_rep,ebic_rep_avg,aic_cls,aic_cls_avg,bic_cls,bic_cls_avg,ebic_cls,ebic_cls_avg,aic_pr,aic_pr_avg,bic_pr,bic_pr_avg,ebic_pr,ebic_pr_avg
15.946950342040509,29,0.9999281299410665,0.9999281299406954,0.9999281299410665,0.9999281402701926,9631.893900684081,0.6922447822828863,45827.017771805295,3.2935904680038304,127200.18126200672,9.141884523645732,19235.89390068408,1.3824848282797242,91641.22294453948,6.586260093757329,267736.65428184083,19.24224912188018,64.98889809008688,0.004670755935754411,189.76780753017204,0.013638623510864744,282.6401500578387,0.020313364241615544
