loss,layer_idx,accuracy_score,f1_macro,f1_micro,balanced_accuracy_score,aic,aic_avg,bic,bic_avg,ebic,ebic_avg
13096.472333908081,5,0.5272387523357769,0.5237787679871462,0.5272387523357769,0.5272265111245804,35792.94466781616,2.5724410426776028,71988.06853893737,5.173786728398546,153361.2320291388,11.02208078404045
