loss,layer_idx,accuracy_score,f1_macro,f1_micro,balanced_accuracy_score,aic,aic_avg,bic,bic_avg,ebic,ebic_avg
11803.165479660034,1,0.5199798763834986,0.5184235013561302,0.5199798763834986,0.5199717156136523,33206.33095932007,2.386540963009923,69401.45483044127,4.987886648730866,150774.6183206427,10.836180704372769
