loss,layer_idx,accuracy_score,f1_macro,f1_micro,balanced_accuracy_score,aic,aic_avg,bic,bic_avg,ebic,ebic_avg
33.06441640853882,58,0.9998562598821331,0.9998562598821331,0.9998562598821331,0.9998562805403852,19270.128832817078,1.3849452948697052,91675.45787667247,6.58872056034731,267770.88921397383,19.24470958847016
