loss,layer_idx,accuracy_score,f1_macro,f1_micro,balanced_accuracy_score,aic,aic_avg,bic,bic_avg,ebic,ebic_avg
11973.428834915161,0,0.5051746442432082,0.5007150434029686,0.5051746442432082,0.5051882394341404,43150.85766983032,3.101254683759546,115556.18671368572,8.30502994923715,291651.6180509871,20.961018977360002
