loss,layer_idx,accuracy_score,f1_macro,f1_micro,balanced_accuracy_score,aic_rep,aic_rep_avg,bic_rep,bic_rep_avg,ebic_rep,ebic_rep_avg,aic_cls,aic_cls_avg,bic_cls,bic_cls_avg,ebic_cls,ebic_cls_avg,aic_pr,aic_pr_avg,bic_pr,bic_pr_avg,ebic_pr,ebic_pr_avg
10622.195861816406,4,0.5367974701739255,0.5367207967479847,0.5367974701739255,0.5367993304441783,30844.391723632812,2.216788250943856,67039.51559475402,4.8181339366647995,148412.67908495545,10.666427992306701,40448.39172363281,2.9070282969406938,112853.72076748821,8.1108035624183,288949.15210478957,20.76679259054115,21263.5900554657,1.5282154704230055,21335.97401367509,1.5334177097653507,21379.39442600171,1.5365383373581794
