loss,layer_idx,accuracy_score,f1_macro,f1_micro,balanced_accuracy_score,aic,aic_avg,bic,bic_avg,ebic,ebic_avg
11903.496475219727,6,0.5456374874227397,0.5456184765662191,0.5456374874227397,0.545638428451263,33406.99295043945,2.400962552137376,69602.11682156066,5.00230823785832,150975.2803117621,10.850602293500222
