loss,layer_idx,accuracy_score,f1_macro,f1_micro,balanced_accuracy_score,aic_rep,aic_rep_avg,bic_rep,bic_rep_avg,ebic_rep,ebic_rep_avg,aic_cls,aic_cls_avg,bic_cls,bic_cls_avg,ebic_cls,ebic_cls_avg,aic_pr,aic_pr_avg,bic_pr,bic_pr_avg,ebic_pr,ebic_pr_avg
8464.0344581604,10,0.6905993962915049,0.6904871255817036,0.6905993962915049,0.6905966729482291,26528.0689163208,1.9065738764065545,62723.192787442014,4.507919562127499,144096.35627764344,10.3562136177694,36132.0689163208,2.5968139224033924,108537.3979601762,7.800589187880997,284632.82929747755,20.456578216003848,16949.674268722534,1.2181740885958412,17031.13347772878,1.2240285667477921,17082.549763200874,1.2277238582148104
