loss,layer_idx,accuracy_score,f1_macro,f1_micro,balanced_accuracy_score,aic,aic_avg,bic,bic_avg,ebic,ebic_avg
2298.6678771972656,69,0.940204110967371,0.9402040504299605,0.940204110967371,0.9402039857645834,14197.335754394531,1.020363357366288,50392.459625515745,3.621709043087232,131765.62311571717,9.470003098729133
