loss,layer_idx,accuracy_score,f1_macro,f1_micro,balanced_accuracy_score,aic,aic_avg,bic,bic_avg,ebic,ebic_avg
242.16894322633743,24,0.9977001581141296,0.9977001573538486,0.9977001581141296,0.9977002613727217,19688.337886452675,1.4150020042009972,92093.66693030807,6.618777269678602,268189.0982676094,19.274766297801452
