loss,layer_idx,accuracy_score,f1_macro,f1_micro,balanced_accuracy_score,aic_rep,aic_rep_avg,bic_rep,bic_rep_avg,ebic_rep,ebic_rep_avg,aic_cls,aic_cls_avg,bic_cls,bic_cls_avg,ebic_cls,ebic_cls_avg,aic_pr,aic_pr_avg,bic_pr,bic_pr_avg,ebic_pr,ebic_pr_avg
45.001996802166104,51,0.9999281299410665,0.9999281299406954,0.9999281299410665,0.9999281402701926,9690.003993604332,0.6964211580856929,45885.127864725546,3.2977668438066368,127258.29135492697,9.146060899448539,19294.003993604332,1.3866612040825308,91699.33303745973,6.590436469560136,267794.7643747611,19.24642549768299,125.12981376424432,0.008993087089567652,257.5655858228637,0.018511253832317356,358.22878937596386,0.02574592420410837
