loss,layer_idx,accuracy_score,f1_macro,f1_micro,balanced_accuracy_score,aic,aic_avg,bic,bic_avg,ebic,ebic_avg
24.00857068412006,45,0.9999281299410665,0.9999281299406954,0.9999281299410665,0.9999281402701926,9648.01714136824,0.693403560541055,45843.141012489454,3.294749246261999,127216.30450269088,9.143043301903901
