loss,layer_idx,accuracy_score,f1_macro,f1_micro,balanced_accuracy_score,aic_rep,aic_rep_avg,bic_rep,bic_rep_avg,ebic_rep,ebic_rep_avg,aic_cls,aic_cls_avg,bic_cls,bic_cls_avg,ebic_cls,ebic_cls_avg,aic_pr,aic_pr_avg,bic_pr,bic_pr_avg,ebic_pr,ebic_pr_avg
153.16244787350297,4,0.9973408078194624,0.9973407962678233,0.9973408078194624,0.9973405288380245,2354.324895747006,0.1692054690058219,10075.951321586199,0.7241592152929567,24271.605579453877,1.7444017234047633,4406.324895747006,0.3166828299372579,19864.65904903836,1.4276742165472445,51129.598844781416,3.6746872822180117,355.6231974437833,0.025558660158386034,541.4938366678209,0.03891719395341533,699.4821959233043,0.050271826643905726
