loss,layer_idx,accuracy_score,f1_macro,f1_micro,balanced_accuracy_score,aic,aic_avg,bic,bic_avg,ebic,ebic_avg
4011.87225151062,11,0.8809831824062095,0.8809799954143258,0.8809831824062095,0.8809839444123875,9559.74450302124,0.6870594008208452,15350.964322400636,1.1032747105361964,25555.82535251546,1.836698674178199
