loss,layer_idx,accuracy_score,f1_macro,f1_micro,balanced_accuracy_score,aic_rep,aic_rep_avg,bic_rep,bic_rep_avg,ebic_rep,ebic_rep_avg,aic_cls,aic_cls_avg,bic_cls,bic_cls_avg,ebic_cls,ebic_cls_avg,aic_pr,aic_pr_avg,bic_pr,bic_pr_avg,ebic_pr,ebic_pr_avg
2535.860641002655,20,0.9299985625988213,0.9299984179670022,0.9299985625988213,0.9299983752015089,7119.72128200531,0.511694788127448,14841.347707844503,1.0666485344145826,29037.00196571218,2.086891042526389,9171.72128200531,0.6591721490588839,24630.055435296665,1.7701635356688705,55894.99523103972,4.017176601339638,5122.2429456710815,0.3681359023768206,5312.726057604178,0.38182593485727884,5475.873390635541,0.39355134329707786
