loss,layer_idx,accuracy_score,f1_macro,f1_micro,balanced_accuracy_score,aic,aic_avg,bic,bic_avg,ebic,ebic_avg
3291.538420677185,24,0.9045565617363807,0.9045547869231623,0.9045565617363807,0.9045572002622818,8631.07684135437,0.6203160012472596,16352.703267193563,1.1752697475343943,30548.35752506124,2.195512255646201
