loss,layer_idx,accuracy_score,f1_macro,f1_micro,balanced_accuracy_score,aic,aic_avg,bic,bic_avg,ebic,ebic_avg
251.431757055223,6,0.9951847060514589,0.9951846642404845,0.9951847060514589,0.9951843030581418,2550.863514110446,0.18333071109030086,10272.489939949639,0.7382844573774356,24468.144197817317,1.7585269654892424
