loss,layer_idx,accuracy_score,f1_macro,f1_micro,balanced_accuracy_score,aic,aic_avg,bic,bic_avg,ebic,ebic_avg
448.6674345433712,9,0.9906568923386517,0.990656859714775,0.9906568923386517,0.9906566442109488,4997.334869086742,0.35915875155144045,20455.669022378097,1.470150138161427,51720.60881812115,3.7171632038321945
