loss,layer_idx,accuracy_score,f1_macro,f1_micro,balanced_accuracy_score,aic,aic_avg,bic,bic_avg,ebic,ebic_avg
381.885728508234,8,0.9936035647549231,0.993603514501386,0.9936035647549231,0.9936031823901595,4863.771457016468,0.3495595412545974,20322.105610307823,1.460550927864584,51587.04540605088,3.7075639935353513
