loss,layer_idx,accuracy_score,f1_macro,f1_micro,balanced_accuracy_score,aic,aic_avg,bic,bic_avg,ebic,ebic_avg
9266.326634407043,0,0.6040678453356332,0.6038993199290934,0.6040678453356332,0.6040708227017573,21608.653268814087,1.5530151839021191,33206.17420918585,2.386529697368539,55778.5947587876,4.008810892538997
