loss,layer_idx,accuracy_score,f1_macro,f1_micro,balanced_accuracy_score,aic,aic_avg,bic,bic_avg,ebic,ebic_avg
580.4469988048077,10,0.9872071295098462,0.9872071030781585,0.9872071295098462,0.9872069432945327,5260.893997609615,0.3781007616508276,20719.22815090097,1.4890921482608144,51984.167946644026,3.7361052139315816
