loss,layer_idx,accuracy_score,f1_macro,f1_micro,balanced_accuracy_score,aic,aic_avg,bic,bic_avg,ebic,ebic_avg
1187.4620692133904,14,0.9718269368980883,0.9718268530768938,0.9718269368980883,0.9718267090425573,4422.924138426781,0.3178758184869039,12144.550564265974,0.8728295647740386,26340.20482213365,1.8930720728858452
