loss,layer_idx,accuracy_score,f1_macro,f1_micro,balanced_accuracy_score,aic,aic_avg,bic,bic_avg,ebic,ebic_avg
1187.4620689153671,14,0.9718269368980883,0.9718268530768938,0.9718269368980883,0.9718267090425573,6474.924137830734,0.46535317937550197,21933.25829112209,1.5763445659854887,53198.198086865144,3.823357631656256
