loss,layer_idx,accuracy_score,f1_macro,f1_micro,balanced_accuracy_score,aic_rep,aic_rep_avg,bic_rep,bic_rep_avg,ebic_rep,ebic_rep_avg,aic_cls,aic_cls_avg,bic_cls,bic_cls_avg,ebic_cls,ebic_cls_avg,aic_pr,aic_pr_avg,bic_pr,bic_pr_avg,ebic_pr,ebic_pr_avg
4682.2354192733765,12,0.857337933017105,0.8573379145947742,0.857337933017105,0.8573380023838091,10900.470838546753,0.7834174815686901,16691.69065792615,1.1996327912840412,26896.551688040974,1.9330567549260438,12440.470838546753,0.8940973723262005,24037.99177891851,1.7276118857926197,46610.412328520266,3.349893080963078,9426.640111923218,0.6774931803883296,9661.038502635587,0.694339406542733,9874.696495889391,0.7096950191094862
