loss,layer_idx,accuracy_score,f1_macro,f1_micro,balanced_accuracy_score,aic,aic_avg,bic,bic_avg,ebic,ebic_avg
1217.8065565824509,16,0.9685927842460831,0.9685918223676422,0.9685927842460831,0.9685935997154371,6535.613113164902,0.4697148996093792,21993.947266456256,1.580706286219366,53258.88706219931,3.827719351890133
