loss,layer_idx,accuracy_score,f1_macro,f1_micro,balanced_accuracy_score,aic_rep,aic_rep_avg,bic_rep,bic_rep_avg,ebic_rep,ebic_rep_avg,aic_cls,aic_cls_avg,bic_cls,bic_cls_avg,ebic_cls,ebic_cls_avg,aic_pr,aic_pr_avg,bic_pr,bic_pr_avg,ebic_pr,ebic_pr_avg
2213.1323680877686,19,0.94164151214604,0.9416415012942192,0.94164151214604,0.9416415935851699,6474.264736175537,0.46530578813968215,14195.89116201473,1.0202595344268168,28391.545419882408,2.0405020425386238,8526.264736175537,0.6127831490711181,23984.59888946689,1.7237745356811047,55249.53868520995,3.970787601351872,4469.071273803711,0.3211924158260537,4630.46585004804,0.33279185353227253,4761.6055426442845,0.34221687096767894
