loss,layer_idx,accuracy_score,f1_macro,f1_micro,balanced_accuracy_score,aic_rep,aic_rep_avg,bic_rep,bic_rep_avg,ebic_rep,ebic_rep_avg,aic_cls,aic_cls_avg,bic_cls,bic_cls_avg,ebic_cls,ebic_cls_avg,aic_pr,aic_pr_avg,bic_pr,bic_pr_avg,ebic_pr,ebic_pr_avg
186.7046919837594,3,0.9957596665229266,0.9957596549364103,0.9957596665229266,0.995759449492486,2421.409383967519,0.17402683512775038,10143.035809806712,0.7289805814148851,24338.69006767439,1.7492230895266918,4473.409383967519,0.32150419605918634,19931.743537258873,1.432495582669173,51196.68333300193,3.67950864833994,425.1485769301653,0.03055545327944267,620.2221705004604,0.044575403945699324,788.5333066063386,0.05667193521678443
