loss,layer_idx,accuracy_score,f1_macro,f1_micro,balanced_accuracy_score,aic,aic_avg,bic,bic_avg,ebic,ebic_avg
2213.1323680877686,19,0.94164151214604,0.9416415012942192,0.94164151214604,0.9416415935851699,8526.264736175537,0.6127831490711181,23984.59888946689,1.7237745356811047,55249.53868520995,3.970787601351872
