loss,layer_idx,accuracy_score,f1_macro,f1_micro,balanced_accuracy_score,aic_rep,aic_rep_avg,bic_rep,bic_rep_avg,ebic_rep,ebic_rep_avg,aic_cls,aic_cls_avg,bic_cls,bic_cls_avg,ebic_cls,ebic_cls_avg,aic_pr,aic_pr_avg,bic_pr,bic_pr_avg,ebic_pr,ebic_pr_avg
2588.5163860321045,21,0.9246083081788127,0.9246082984432837,0.9246083081788127,0.9246082756292954,7225.032772064209,0.5192635311243502,14946.659197903402,1.0742172774114849,29142.31345577108,2.094459785523292,9277.032772064209,0.6667408920557862,24735.366925355564,1.7777322786657728,56000.30672109862,4.02474534433654,5212.048965454102,0.3745902663112047,5344.0714089168405,0.38407872710340957,5444.310987904302,0.3912829515527025
