loss,layer_idx,accuracy_score,f1_macro,f1_micro,balanced_accuracy_score,aic,aic_avg,bic,bic_avg,ebic,ebic_avg
4898.192803859711,3,0.8479229552968234,0.8479225751020749,0.8479229552968234,0.8479227455425067,12872.385607719421,0.9251391122408669,24469.906548091178,1.758653625707286,47042.327097692934,3.3809348208777443
