loss,layer_idx,accuracy_score,f1_macro,f1_micro,balanced_accuracy_score,aic,aic_avg,bic,bic_avg,ebic,ebic_avg
1674.1744153499603,18,0.9575247951703321,0.957524526406812,0.9575247951703321,0.9575244533825809,5396.348830699921,0.38783590848784827,13117.975256539114,0.942789654774983,27313.62951440679,1.9630321628867897
