loss,layer_idx,accuracy_score,f1_macro,f1_micro,balanced_accuracy_score,aic,aic_avg,bic,bic_avg,ebic,ebic_avg
5481.922662258148,2,0.8265775477935892,0.8265764504562391,0.8265775477935892,0.8265772033003078,14039.845324516296,1.0090445108894852,25637.366264888053,1.8425590243559042,48209.78681448981,3.4648402195263626
