loss,layer_idx,accuracy_score,f1_macro,f1_micro,balanced_accuracy_score,aic,aic_avg,bic,bic_avg,ebic,ebic_avg
404.4531972706318,2,0.9891476211010493,0.9891475075867637,0.9891476211010493,0.9891471766605548,4908.906394541264,0.35280339187446197,20367.240547832618,1.4637947784844487,51632.180343575674,3.710807844155216
