loss,layer_idx,accuracy_score,f1_macro,f1_micro,balanced_accuracy_score,aic_rep,aic_rep_avg,bic_rep,bic_rep_avg,ebic_rep,ebic_rep_avg,aic_cls,aic_cls_avg,bic_cls,bic_cls_avg,ebic_cls,ebic_cls_avg,aic_pr,aic_pr_avg,bic_pr,bic_pr_avg,ebic_pr,ebic_pr_avg
5444.138672828674,6,0.8249245364381199,0.8249245219690269,0.8249245364381199,0.8249245121596249,12424.277345657349,0.8929335450379006,18215.497165036744,1.3091488547532517,28420.35819515157,2.0425728183952545,13964.277345657349,1.003613435795411,25561.798286029105,1.8371279492618302,48134.21883563086,3.4594091444322883,10927.898962020874,0.785388742419209,11077.285348713775,0.7961251508346826,11195.60451902922,0.8046287565782105
