loss,layer_idx,accuracy_score,f1_macro,f1_micro,balanced_accuracy_score,aic,aic_avg,bic,bic_avg,ebic,ebic_avg
251.431757055223,6,0.9951847060514589,0.9951846642404845,0.9951847060514589,0.9951843030581418,4602.863514110446,0.3308080720217368,20061.1976674018,1.4417994586317235,51326.137463144856,3.6888125243024907
