loss,layer_idx,accuracy_score,f1_macro,f1_micro,balanced_accuracy_score,aic,aic_avg,bic,bic_avg,ebic,ebic_avg
5381.80665397644,7,0.8300273106223948,0.8300231305480135,0.8300273106223948,0.8300280405839291,12299.61330795288,0.8839739333011989,18090.833127332276,1.30018924301655,28295.694157447102,2.033613206658553
