loss,layer_idx,accuracy_score,f1_macro,f1_micro,balanced_accuracy_score,aic,aic_avg,bic,bic_avg,ebic,ebic_avg
556.5847074389458,11,0.988932010924249,0.9889319832541208,0.988932010924249,0.9889318040833517,3161.1694148778915,0.2271934321458884,10882.795840717085,0.7821471784330232,25078.450098584763,1.80238968654483
