loss,layer_idx,accuracy_score,f1_macro,f1_micro,balanced_accuracy_score,aic,aic_avg,bic,bic_avg,ebic,ebic_avg
3404.1340947151184,10,0.9030472904987782,0.903045987925575,0.9030472904987782,0.9030478360179974,9884.268189430237,0.7103829372883597,21481.789129801993,1.543897450754779,44054.20967940375,3.1661786459252372
