loss,layer_idx,accuracy_score,f1_macro,f1_micro,balanced_accuracy_score,aic,aic_avg,bic,bic_avg,ebic,ebic_avg
194.02049352228642,7,0.9971970677015956,0.9971970635174469,0.9971970677015956,0.9971969126845192,4488.040987044573,0.32255577023462506,19946.375140335927,1.4335471568446116,51211.31493607898,3.680560222515379
