loss,layer_idx,accuracy_score,f1_macro,f1_micro,balanced_accuracy_score,aic,aic_avg,bic,bic_avg,ebic,ebic_avg
1057.6630305051804,15,0.9732643380767573,0.9732632194373037,0.9732643380767573,0.9732634284306017,4163.326061010361,0.2992184893639759,11884.952486849554,0.8541722356511107,26080.60674471723,1.8744147437629173
