loss,layer_idx,accuracy_score,f1_macro,f1_micro,balanced_accuracy_score,aic,aic_avg,bic,bic_avg,ebic,ebic_avg
4011.8722496032715,11,0.8809831824062095,0.8809799954143258,0.8809831824062095,0.8809839444123875,11099.744499206543,0.7977392913041931,22697.2654395783,1.6312538047706122,45269.685989180056,3.2535349999410705
