loss,layer_idx,accuracy_score,f1_macro,f1_micro,balanced_accuracy_score,aic,aic_avg,bic,bic_avg,ebic,ebic_avg
210.77441699430346,5,0.9965502371711945,0.9965502211339493,0.9965502371711945,0.9965499478428115,4521.548833988607,0.32496398116922576,19979.88298727996,1.4359553677792125,51244.82278302302,3.6829684334499797
