loss,layer_idx,accuracy_score,f1_macro,f1_micro,balanced_accuracy_score,aic,aic_avg,bic,bic_avg,ebic,ebic_avg
4682.2354192733765,12,0.857337933017105,0.8573379145947742,0.857337933017105,0.8573380023838091,12440.470838546753,0.8940973723262005,24037.99177891851,1.7276118857926197,46610.412328520266,3.349893080963078
