loss,layer_idx,accuracy_score,f1_macro,f1_micro,balanced_accuracy_score,aic,aic_avg,bic,bic_avg,ebic,ebic_avg
10048.390354156494,0,0.5289636337501796,0.5284255597892332,0.5289636337501796,0.5289685000663639,24196.78070831299,1.73902405550618,39655.11486160434,2.8500154421161668,70920.0546573474,5.097028507786934
