loss,layer_idx,accuracy_score,f1_macro,f1_micro,balanced_accuracy_score,aic,aic_avg,bic,bic_avg,ebic,ebic_avg
8094.690628051758,1,0.6969958315365818,0.6969952054916648,0.6969958315365818,0.6969960525495865,20289.381256103516,1.4581990265993614,35747.71540939487,2.569190413209348,67012.65520513793,4.816203478880116
