loss,layer_idx,accuracy_score,f1_macro,f1_micro,balanced_accuracy_score,aic,aic_avg,bic,bic_avg,ebic,ebic_avg
5444.138672828674,6,0.8249245364381199,0.8249245219690269,0.8249245364381199,0.8249245121596249,13964.277345657349,1.003613435795411,25561.798286029105,1.8371279492618302,48134.21883563086,3.4594091444322883
