loss,layer_idx,accuracy_score,f1_macro,f1_micro,balanced_accuracy_score,aic,aic_avg,bic,bic_avg,ebic,ebic_avg
186.7046919837594,3,0.9957596665229266,0.9957596549364103,0.9957596665229266,0.995759449492486,4473.409383967519,0.32150419605918634,19931.743537258873,1.432495582669173,51196.68333300193,3.67950864833994
