loss,layer_idx,accuracy_score,f1_macro,f1_micro,balanced_accuracy_score,aic,aic_avg,bic,bic_avg,ebic,ebic_avg
997.5564769506454,12,0.9785108523788989,0.9785105166046734,0.9785108523788989,0.9785103044125263,6095.112953901291,0.4380561272029101,21553.447107192645,1.5490475138128967,52818.3869029357,3.796060579483664
