loss,layer_idx,accuracy_score,f1_macro,f1_micro,balanced_accuracy_score,aic_rep,aic_rep_avg,bic_rep,bic_rep_avg,ebic_rep,ebic_rep_avg,aic_cls,aic_cls_avg,bic_cls,bic_cls_avg,ebic_cls,ebic_cls_avg,aic_pr,aic_pr_avg,bic_pr,bic_pr_avg,ebic_pr,ebic_pr_avg
1187.4620692133904,14,0.9718269368980883,0.9718268530768938,0.9718269368980883,0.9718267090425573,4422.924138426781,0.3178758184869039,12144.550564265974,0.8728295647740386,26340.20482213365,1.8930720728858452,6474.924138426781,0.46535317941833987,21933.258291718135,1.5763445660283266,53198.19808746119,3.8233576316990936,2427.7167714834213,0.17448014744023438,2626.762177000896,0.18878555246520742,2799.5643218093505,0.2012048527964173
