loss,layer_idx,accuracy_score,f1_macro,f1_micro,balanced_accuracy_score,aic,aic_avg,bic,bic_avg,ebic,ebic_avg
5042.013150215149,8,0.8422452206410809,0.8422452002697881,0.8422452206410809,0.8422452896959511,13160.026300430298,0.9458118657776554,24757.547240802054,1.7793263792440746,47329.96779040381,3.401607574414533
