loss,layer_idx,accuracy_score,f1_macro,f1_micro,balanced_accuracy_score,aic,aic_avg,bic,bic_avg,ebic,ebic_avg
4952.535160064697,5,0.8455512433520196,0.8455499022806132,0.8455512433520196,0.8455516843771906,12981.070320129395,0.9329502889269365,24578.59126050115,1.7664648023933556,47151.01181010291,3.388745997563814
