loss,layer_idx,accuracy_score,f1_macro,f1_micro,balanced_accuracy_score,aic_rep,aic_rep_avg,bic_rep,bic_rep_avg,ebic_rep,ebic_rep_avg,aic_cls,aic_cls_avg,bic_cls,bic_cls_avg,ebic_cls,ebic_cls_avg,aic_pr,aic_pr_avg,bic_pr,bic_pr_avg,ebic_pr,ebic_pr_avg
8094.690628051758,1,0.6969958315365818,0.6969952054916648,0.6969958315365818,0.6969960525495865,18237.381256103516,1.3107216656679255,25959.00768194271,1.8656754119550603,40154.66193981039,2.8859179200668668,20289.381256103516,1.4581990265993614,35747.71540939487,2.569190413209348,67012.65520513793,4.816203478880116,16231.12882232666,1.1665321850170087,16388.530731781302,1.1778446695257512,16515.380465861646,1.1869613673897979
