loss,layer_idx,accuracy_score,f1_macro,f1_micro,balanced_accuracy_score,aic,aic_avg,bic,bic_avg,ebic,ebic_avg
3345.6233625411987,23,0.9049159120310478,0.9049150864203124,0.9049159120310478,0.9049163542827655,10791.246725082397,0.7755675380970531,26249.580878373752,1.8865589247070398,57514.52067411681,4.133571990377807
