loss,layer_idx,accuracy_score,f1_macro,f1_micro,balanced_accuracy_score,aic,aic_avg,bic,bic_avg,ebic,ebic_avg
3291.538423061371,24,0.9045565617363807,0.9045547869231623,0.9045565617363807,0.9045572002622818,10683.076846122742,0.7677933625213987,26141.410999414096,1.8787847491313854,57406.35079515715,4.125797814802152
