loss,layer_idx,accuracy_score,f1_macro,f1_micro,balanced_accuracy_score,aic,aic_avg,bic,bic_avg,ebic,ebic_avg
4682.235420227051,12,0.857337933017105,0.8573379145947742,0.857337933017105,0.8573380023838091,10900.470840454102,0.7834174817057713,16691.690659833497,1.1996327914211224,26896.551689948323,1.933056755063125
