loss,layer_idx,accuracy_score,f1_macro,f1_micro,balanced_accuracy_score,aic,aic_avg,bic,bic_avg,ebic,ebic_avg
8094.690628051758,1,0.6969958315365818,0.6969952054916648,0.6969958315365818,0.6969960525495865,18237.381256103516,1.3107216656679255,25959.00768194271,1.8656754119550603,40154.66193981039,2.8859179200668668
