loss,layer_idx,accuracy_score,f1_macro,f1_micro,balanced_accuracy_score,aic,aic_avg,bic,bic_avg,ebic,ebic_avg
153.16244787350297,4,0.9973408078194624,0.9973407962678233,0.9973408078194624,0.9973405288380245,2354.324895747006,0.1692054690058219,10075.951321586199,0.7241592152929567,24271.605579453877,1.7444017234047633
