loss,layer_idx,accuracy_score,f1_macro,f1_micro,balanced_accuracy_score,aic_rep,aic_rep_avg,bic_rep,bic_rep_avg,ebic_rep,ebic_rep_avg,aic_cls,aic_cls_avg,bic_cls,bic_cls_avg,ebic_cls,ebic_cls_avg,aic_pr,aic_pr_avg,bic_pr,bic_pr_avg,ebic_pr,ebic_pr_avg
3404.1340947151184,10,0.9030472904987782,0.903045987925575,0.9030472904987782,0.9030478360179974,8344.268189430237,0.5997030465308493,14135.488008809632,1.0159183562462004,24340.349038924458,1.7493423198882032,9884.268189430237,0.7103829372883597,21481.789129801993,1.543897450754779,44054.20967940375,3.1661786459252372,6870.47728061676,0.49378160705884433,7105.025797429895,0.5106386227849572,7318.860471320055,0.5260069333994577
