loss,layer_idx,accuracy_score,f1_macro,f1_micro,balanced_accuracy_score,aic,aic_avg,bic,bic_avg,ebic,ebic_avg
1107.8228161931038,13,0.9745579991375592,0.9745571995792912,0.9745579991375592,0.9745572134854639,6315.645632386208,0.45390582380237227,21773.979785677562,1.5648972104123589,53038.91958142062,3.8119102760831263
