loss,layer_idx,accuracy_score,f1_macro,f1_micro,balanced_accuracy_score,aic_rep,aic_rep_avg,bic_rep,bic_rep_avg,ebic_rep,ebic_rep_avg,aic_cls,aic_cls_avg,bic_cls,bic_cls_avg,ebic_cls,ebic_cls_avg,aic_pr,aic_pr_avg,bic_pr,bic_pr_avg,ebic_pr,ebic_pr_avg
5481.922662258148,2,0.8265775477935892,0.8265764504562391,0.8265775477935892,0.8265772033003078,12499.845324516296,0.8983646201319747,18291.065143895692,1.314579929847326,28495.926174010518,2.0480038934893288,14039.845324516296,1.0090445108894852,25637.366264888053,1.8425590243559042,48209.78681448981,3.4648402195263626,11006.613657951355,0.7910459722546611,11167.864191955872,0.8026350576366158,11298.848657456401,0.8120489188915051
