loss,layer_idx,accuracy_score,f1_macro,f1_micro,balanced_accuracy_score,aic_rep,aic_rep_avg,bic_rep,bic_rep_avg,ebic_rep,ebic_rep_avg,aic_cls,aic_cls_avg,bic_cls,bic_cls_avg,ebic_cls,ebic_cls_avg,aic_pr,aic_pr_avg,bic_pr,bic_pr_avg,ebic_pr,ebic_pr_avg
5901.111325263977,19,0.8073163719994251,0.8073163232311935,0.8073163719994251,0.8073164609938445,13850.222650527954,0.9954163181348249,21571.849076367147,1.5503700644219598,35767.503334234825,2.5706125725337663,15902.222650527954,1.142893679066261,31360.55680381931,2.2538850656762475,62625.496599562364,4.500898131347014,11843.068578720093,0.8511620367054832,11997.071019401903,0.8622302011931797,12120.28929612297,0.8710859060028008
