loss,layer_idx,accuracy_score,f1_macro,f1_micro,balanced_accuracy_score,aic,aic_avg,bic,bic_avg,ebic,ebic_avg
9640.051387786865,11,0.566048584159839,0.5660415547283817,0.566048584159839,0.5660480173408808,25428.10277557373,1.827519245046265,48608.06335470428,3.4934643779433867,97981.02166806211,7.041901801643101
