loss,layer_idx,accuracy_score,f1_macro,f1_micro,balanced_accuracy_score,aic_rep,aic_rep_avg,bic_rep,bic_rep_avg,ebic_rep,ebic_rep_avg,aic_cls,aic_cls_avg,bic_cls,bic_cls_avg,ebic_cls,ebic_cls_avg,aic_pr,aic_pr_avg,bic_pr,bic_pr_avg,ebic_pr,ebic_pr_avg
6159.665233612061,28,0.8116285755354319,0.8116280608191783,0.8116285755354319,0.811628829908722,15391.330467224121,1.1061758277435763,26973.770105982912,1.9386064471742785,49512.840304892714,3.558490750675055,18467.33046722412,1.3272481290228635,41647.29104635467,2.993193261919985,91020.2493597125,6.541630685619699,12365.984577178955,0.8887440403319645,12541.8857531073,0.9013860682123976,12688.828184319611,0.9119468294034505
