loss,layer_idx,accuracy_score,f1_macro,f1_micro,balanced_accuracy_score,aic_rep,aic_rep_avg,bic_rep,bic_rep_avg,ebic_rep,ebic_rep_avg,aic_cls,aic_cls_avg,bic_cls,bic_cls_avg,ebic_cls,ebic_cls_avg,aic_pr,aic_pr_avg,bic_pr,bic_pr_avg,ebic_pr,ebic_pr_avg
6414.054478645325,21,0.7828805519620526,0.7828748983925693,0.7828805519620526,0.7828798346639436,14876.10895729065,1.0691468274608775,22597.735383129842,1.6241005737480123,36793.38964099752,2.644343081859819,16928.10895729065,1.2166241883923135,32386.443110582004,2.3276155750023,63651.38290632506,4.574628640673067,12862.679864883423,0.9244415599312508,12993.02343599358,0.9338093600685339,13091.545870652526,0.9408901732537391
