loss,layer_idx,accuracy_score,f1_macro,f1_micro,balanced_accuracy_score,aic,aic_avg,bic,bic_avg,ebic,ebic_avg
5446.904747962952,37,0.838076757222941,0.8380709951754486,0.838076757222941,0.8380776319793402,19089.809495925903,1.3719857335004961,49991.396500895644,3.5928846126847525,118167.80897973098,8.49272739540973
