loss,layer_idx,accuracy_score,f1_macro,f1_micro,balanced_accuracy_score,aic,aic_avg,bic,bic_avg,ebic,ebic_avg
7622.386163711548,34,0.7324277705907719,0.7324271610866908,0.7324277705907719,0.7324275687807945,21392.772327423096,1.5374998079217403,44572.73290655365,3.203444940818862,93945.69121991147,6.751882364518576
