loss,layer_idx,accuracy_score,f1_macro,f1_micro,balanced_accuracy_score,aic,aic_avg,bic,bic_avg,ebic,ebic_avg
5453.537467956543,35,0.8375017967514733,0.8375015541781399,0.8375017967514733,0.8375019896756701,19103.074935913086,1.372939121454153,50004.66194088283,3.593838000638409,118181.07441971816,8.493680783363386
