loss,layer_idx,accuracy_score,f1_macro,f1_micro,balanced_accuracy_score,aic,aic_avg,bic,bic_avg,ebic,ebic_avg
9628.873342514038,2,0.525657611039241,0.5256290310793041,0.525657611039241,0.5256587376059528,27453.746685028076,1.9731023921969295,58355.33368999782,4.194001271381186,126531.74616883315,9.093844054106164
