loss,layer_idx,accuracy_score,f1_macro,f1_micro,balanced_accuracy_score,aic,aic_avg,bic,bic_avg,ebic,ebic_avg
6975.387023925781,32,0.7664223084662929,0.7663951590586513,0.7664223084662929,0.766420774709871,17022.774047851562,1.2234277740298665,28605.213686610354,2.0558583934605688,51144.283885520155,3.675742696961345
