loss,layer_idx,accuracy_score,f1_macro,f1_micro,balanced_accuracy_score,aic_rep,aic_rep_avg,bic_rep,bic_rep_avg,ebic_rep,ebic_rep_avg,aic_cls,aic_cls_avg,bic_cls,bic_cls_avg,ebic_cls,ebic_cls_avg,aic_pr,aic_pr_avg,bic_pr,bic_pr_avg,ebic_pr,ebic_pr_avg
8016.018843650818,44,0.6990081931867184,0.6989827185868975,0.6990081931867184,0.6990068853108795,19104.037687301636,1.3730083144531864,30686.477326060427,2.2054389338838885,53225.54752497023,3.825323237384665,22180.037687301636,1.5940806157324734,45359.99826643219,3.260025748629595,94732.95657979001,6.80846317232931,16077.090215682983,1.1554614212795014,16246.95290791945,1.1676694629811306,16387.277205283026,1.1777545785024455
