loss,layer_idx,accuracy_score,f1_macro,f1_micro,balanced_accuracy_score,aic_rep,aic_rep_avg,bic_rep,bic_rep_avg,ebic_rep,ebic_rep_avg,aic_cls,aic_cls_avg,bic_cls,bic_cls_avg,ebic_cls,ebic_cls_avg,aic_pr,aic_pr_avg,bic_pr,bic_pr_avg,ebic_pr,ebic_pr_avg
7245.683606147766,22,0.7606727037516171,0.7606676401751489,0.7606727037516171,0.7606720583089435,17563.367212295532,1.262280236617474,29145.806851054323,2.094710856048176,51684.877049964125,3.7145951595489524,20639.367212295532,1.483352537896761,43819.32779142608,3.1492976707938825,93192.28610478391,6.697735094493597,14559.510431289673,1.0463928727389444,14816.43254092195,1.064857879899522,15056.873473856827,1.082138383919565
