loss,layer_idx,accuracy_score,f1_macro,f1_micro,balanced_accuracy_score,aic_rep,aic_rep_avg,bic_rep,bic_rep_avg,ebic_rep,ebic_rep_avg,aic_cls,aic_cls_avg,bic_cls,bic_cls_avg,ebic_cls,ebic_cls_avg,aic_pr,aic_pr_avg,bic_pr,bic_pr_avg,ebic_pr,ebic_pr_avg
7304.13295173645,33,0.7473048727899957,0.7473036980617866,0.7473048727899957,0.7473051981485561,17680.2659034729,1.2706817524416343,29262.70554223169,2.103112371872337,51801.77574114149,3.7229966753731127,20756.2659034729,1.4917540537209213,43936.22648260345,3.1576991866180433,93309.18479596128,6.706136610317758,14654.234756469727,1.053200715572066,14827.552290681548,1.0656570569700696,14971.65622723983,1.0760138153830552
