loss,layer_idx,accuracy_score,f1_macro,f1_micro,balanced_accuracy_score,aic,aic_avg,bic,bic_avg,ebic,ebic_avg
9088.226803779602,17,0.6103205404628432,0.6103150977393766,0.6103205404628432,0.6103200158810416,26372.453607559204,1.895389794994912,57274.040612528945,4.116288674179168,125450.45309136428,9.016131456904146
