loss,layer_idx,accuracy_score,f1_macro,f1_micro,balanced_accuracy_score,aic,aic_avg,bic,bic_avg,ebic,ebic_avg
9383.876625061035,0,0.577260313353457,0.5772245345578154,0.577260313353457,0.577259002962158,19023.75325012207,1.3672382672216523,19988.95655335197,1.4366074855075444,21231.076300915392,1.5258787049673272
