loss,layer_idx,accuracy_score,f1_macro,f1_micro,balanced_accuracy_score,aic,aic_avg,bic,bic_avg,ebic,ebic_avg
8822.576313018799,19,0.6388529538594222,0.6388033843200522,0.6388529538594222,0.6388546509484906,25841.152626037598,1.857205162141555,56742.73963100734,4.078104041325811,124919.15210984267,8.97794682405079
