loss,layer_idx,accuracy_score,f1_macro,f1_micro,balanced_accuracy_score,aic,aic_avg,bic,bic_avg,ebic,ebic_avg
6422.132284164429,41,0.7902112979732644,0.7902105080093346,0.7902112979732644,0.790211593226491,21040.264568328857,1.5121650545011396,51941.8515732986,3.7330639336853957,120118.26405213393,8.632906716410373
