loss,layer_idx,accuracy_score,f1_macro,f1_micro,balanced_accuracy_score,aic,aic_avg,bic,bic_avg,ebic,ebic_avg
9755.357414245605,1,0.538306741411528,0.5375360677070911,0.538306741411528,0.5383008847465802,27706.71482849121,1.99128322757591,58608.30183346095,4.212182106760166,126784.71431229629,9.112024889485143
