loss,layer_idx,accuracy_score,f1_macro,f1_micro,balanced_accuracy_score,aic,aic_avg,bic,bic_avg,ebic,ebic_avg
8968.326789855957,16,0.625844473192468,0.6258193550786626,0.625844473192468,0.6258433084335306,24084.653579711914,1.7309654721655825,47264.614158842465,3.396910605062704,96637.57247220029,6.945348028762418
