loss,layer_idx,accuracy_score,f1_macro,f1_micro,balanced_accuracy_score,aic_rep,aic_rep_avg,bic_rep,bic_rep_avg,ebic_rep,ebic_rep_avg,aic_cls,aic_cls_avg,bic_cls,bic_cls_avg,ebic_cls,ebic_cls_avg,aic_pr,aic_pr_avg,bic_pr,bic_pr_avg,ebic_pr,ebic_pr_avg
9176.355540275574,16,0.6048584159839011,0.604848414698732,0.6048584159839011,0.6048577053382482,22448.711080551147,1.6133901883391655,37891.96393222953,2.723297680913435,69122.40329953843,4.96783119875941,26548.711080551147,1.9080574299663036,57450.29808552089,4.12895630915056,125626.71056435622,9.028799091875538,18446.05232810974,1.3257188679107188,18797.97920495019,1.3510118732895062,19156.700339831328,1.376793182394087
