loss,layer_idx,accuracy_score,f1_macro,f1_micro,balanced_accuracy_score,aic,aic_avg,bic,bic_avg,ebic,ebic_avg
10236.575290679932,6,0.51875808538163,0.5187222877541604,0.51875808538163,0.5187593357731206,26621.150581359863,1.9132636611585356,49801.111160490414,3.579208794055657,99174.06947384824,7.127646217755371
