loss,layer_idx,accuracy_score,f1_macro,f1_micro,balanced_accuracy_score,aic,aic_avg,bic,bic_avg,ebic,ebic_avg
4734.432790756226,34,0.8634468880264482,0.8634356891537047,0.8634468880264482,0.8634482075232963,17664.86558151245,1.2695749303947428,48566.45258648219,3.490473809578999,116742.86506531753,8.390316592303977
