loss,layer_idx,accuracy_score,f1_macro,f1_micro,balanced_accuracy_score,aic_rep,aic_rep_avg,bic_rep,bic_rep_avg,ebic_rep,ebic_rep_avg,aic_cls,aic_cls_avg,bic_cls,bic_cls_avg,ebic_cls,ebic_cls_avg,aic_pr,aic_pr_avg,bic_pr,bic_pr_avg,ebic_pr,ebic_pr_avg
7866.4154987335205,45,0.7084950409659336,0.7084948903946428,0.7084950409659336,0.7084951589104165,18804.83099746704,1.351504312021492,30387.270636225832,2.1839349314521943,52926.340835135634,3.8038192349529707,21880.83099746704,1.5725766133007792,45060.79157659759,3.238521746197901,94433.74988995542,6.7869591698976155,15781.215515136719,1.134196889114325,15963.640891230307,1.1473078116451276,16117.79555018642,1.158386916069169
