loss,layer_idx,accuracy_score,f1_macro,f1_micro,balanced_accuracy_score,aic,aic_avg,bic,bic_avg,ebic,ebic_avg
8016.018843650818,44,0.6990081931867184,0.6989827185868975,0.6990081931867184,0.6990068853108795,22180.037687301636,1.5940806157324734,45359.99826643219,3.260025748629595,94732.95657979001,6.80846317232931
