loss,layer_idx,accuracy_score,f1_macro,f1_micro,balanced_accuracy_score,aic_rep,aic_rep_avg,bic_rep,bic_rep_avg,ebic_rep,ebic_rep_avg,aic_cls,aic_cls_avg,bic_cls,bic_cls_avg,ebic_cls,ebic_cls_avg,aic_pr,aic_pr_avg,bic_pr,bic_pr_avg,ebic_pr,ebic_pr_avg
9890.765628814697,1,0.5516027023142159,0.5501042636524625,0.5516027023142159,0.5515944182304044,21829.531257629395,1.568889697975377,29551.157683468587,2.1238434442625116,43746.811941336266,3.1440859523743185,23881.531257629395,1.716367058906813,39339.86541092075,2.8273584455167997,70604.8052066638,5.074371511187567,19806.95224380493,1.423526825054257,19902.79763375802,1.4304152388786846,19967.428661221897,1.435060274631443
