loss,layer_idx,accuracy_score,f1_macro,f1_micro,balanced_accuracy_score,aic,aic_avg,bic,bic_avg,ebic,ebic_avg
6414.054475784302,21,0.7828805519620526,0.7828748983925693,0.7828805519620526,0.7828798346639436,16928.108951568604,1.2166241879810697,32386.443104859958,2.3276155745910563,63651.382900603014,4.574628640261824
