loss,layer_idx,accuracy_score,f1_macro,f1_micro,balanced_accuracy_score,aic_rep,aic_rep_avg,bic_rep,bic_rep_avg,ebic_rep,ebic_rep_avg,aic_cls,aic_cls_avg,bic_cls,bic_cls_avg,ebic_cls,ebic_cls_avg,aic_pr,aic_pr_avg,bic_pr,bic_pr_avg,ebic_pr,ebic_pr_avg
8414.171716690063,42,0.6746442432082794,0.6746416870536415,0.6746442432082794,0.6746438542534265,19900.343433380127,1.430238855352891,31482.78307213892,2.2626694747835936,54021.85327104872,3.8825537782843695,22976.343433380127,1.651311156632178,46156.30401251068,3.3172562895293,95529.2623258685,6.865693713229014,16870.000438690186,1.2124479257359628,17027.06090403368,1.2237358706363144,17153.545000510225,1.2328262901042277
