loss,layer_idx,accuracy_score,f1_macro,f1_micro,balanced_accuracy_score,aic,aic_avg,bic,bic_avg,ebic,ebic_avg
5278.8305587768555,48,0.8311053615063965,0.8311003224176499,0.8311053615063965,0.8311061638044814,13629.661117553711,0.9795645477615144,25212.100756312502,1.8119951671922165,47751.170955222304,3.431879470692993
