loss,layer_idx,accuracy_score,f1_macro,f1_micro,balanced_accuracy_score,aic,aic_avg,bic,bic_avg,ebic,ebic_avg
10093.255702972412,1,0.5321259163432513,0.5318783140178569,0.5321259163432513,0.5321292331331289,26334.511405944824,1.8926628867288215,49514.471985075375,3.5586080196259435,98887.4302984332,7.107045443325657
