loss,layer_idx,accuracy_score,f1_macro,f1_micro,balanced_accuracy_score,aic_rep,aic_rep_avg,bic_rep,bic_rep_avg,ebic_rep,ebic_rep_avg,aic_cls,aic_cls_avg,bic_cls,bic_cls_avg,ebic_cls,ebic_cls_avg,aic_pr,aic_pr_avg,bic_pr,bic_pr_avg,ebic_pr,ebic_pr_avg
6508.791046142578,25,0.7901394279143309,0.7901285874149843,0.7901394279143309,0.7901404773006725,17113.582092285156,1.22995415353494,32556.834943963542,2.3398616461092097,63787.27431127244,4.584395163955185,21213.582092285156,1.5246213951620782,52115.1690972549,3.7455202743463345,120291.58157609023,8.645363057071313,13081.896469116211,0.9401966701966517,13324.382597876001,0.9576241625611616,13547.594397744373,0.9736664077723425
