loss,layer_idx,accuracy_score,f1_macro,f1_micro,balanced_accuracy_score,aic,aic_avg,bic,bic_avg,ebic,ebic_avg
3501.916157722473,9,0.9032629006755786,0.9032600144570879,0.9032629006755786,0.9032637044645264,11103.832315444946,0.7980330828981562,26562.1664687363,1.9090244695081429,57827.10626447936,4.1560375351789105
