loss,layer_idx,accuracy_score,f1_macro,f1_micro,balanced_accuracy_score,aic_rep,aic_rep_avg,bic_rep,bic_rep_avg,ebic_rep,ebic_rep_avg,aic_cls,aic_cls_avg,bic_cls,bic_cls_avg,ebic_cls,ebic_cls_avg,aic_pr,aic_pr_avg,bic_pr,bic_pr_avg,ebic_pr,ebic_pr_avg
6767.087809562683,31,0.7792870490153802,0.7792795688952021,0.7792870490153802,0.7792862283369155,16606.175619125366,1.1934868204057327,28188.615257884157,2.025917439836435,50727.68545679396,3.6458017433372114,19682.175619125366,1.41455912168502,42862.13619825592,3.0805042545821415,92235.09451161374,6.628941678281856,13584.667974472046,0.976330887916634,13775.040584505145,0.9900129786190273,13938.063984279785,1.0017294799683616
