loss,layer_idx,accuracy_score,f1_macro,f1_micro,balanced_accuracy_score,aic,aic_avg,bic,bic_avg,ebic,ebic_avg
7258.560643196106,23,0.753773178094006,0.7537730966964287,0.753773178094006,0.7537731110229933,17589.121286392212,1.2641311834405786,29171.560925151003,2.096561802871281,51710.631124060805,3.7164461063720573
