loss,layer_idx,accuracy_score,f1_macro,f1_micro,balanced_accuracy_score,aic,aic_avg,bic,bic_avg,ebic,ebic_avg
10214.643432617188,5,0.5172488141440276,0.5172362437944019,0.5172488141440276,0.5172495583043979,23501.286865234375,1.6890388720162697,35083.726503993166,2.5214694914469717,57622.79670290297,4.141353794947748
