loss,layer_idx,accuracy_score,f1_macro,f1_micro,balanced_accuracy_score,aic,aic_avg,bic,bic_avg,ebic,ebic_avg
10236.575290679932,6,0.51875808538163,0.5187222877541604,0.51875808538163,0.5187593357731206,23545.150581359863,1.6921913598792484,35127.590220118655,2.5246219793099507,57666.660419028456,4.144506282810727
