loss,layer_idx,accuracy_score,f1_macro,f1_micro,balanced_accuracy_score,aic_rep,aic_rep_avg,bic_rep,bic_rep_avg,ebic_rep,ebic_rep_avg,aic_cls,aic_cls_avg,bic_cls,bic_cls_avg,ebic_cls,ebic_cls_avg,aic_pr,aic_pr_avg,bic_pr,bic_pr_avg,ebic_pr,ebic_pr_avg
7957.920729637146,47,0.7013799051315223,0.7013647866766806,0.7013799051315223,0.7013788968924035,18987.841459274292,1.3646572846970169,30570.281098033083,2.197087904127719,53109.351296942885,3.8169722076284955,22063.841459274292,1.5857295859763039,45243.80203840484,3.2516747188734256,94616.76035176267,6.80011214257314,15959.746370315552,1.1470279121974667,16125.282171741484,1.158924980001544,16260.899134214264,1.168671779086838
