loss,layer_idx,accuracy_score,f1_macro,f1_micro,balanced_accuracy_score,aic_rep,aic_rep_avg,bic_rep,bic_rep_avg,ebic_rep,ebic_rep_avg,aic_cls,aic_cls_avg,bic_cls,bic_cls_avg,ebic_cls,ebic_cls_avg,aic_pr,aic_pr_avg,bic_pr,bic_pr_avg,ebic_pr,ebic_pr_avg
6908.61447429657,44,0.7713094724737675,0.7712966952906003,0.7713094724737675,0.7713084140264241,17913.22894859314,1.2874248202237415,33356.481800271526,2.397332312798011,64586.921167580425,4.641865830643987,22013.22894859314,1.5820920618508796,52914.81595356288,3.802990941035136,121091.22843239822,8.702833723760113,13877.833513259888,0.9974007124665724,14106.332442975337,1.0138229440114517,14313.068123915446,1.0286810495842638
