loss,layer_idx,accuracy_score,f1_macro,f1_micro,balanced_accuracy_score,aic_rep,aic_rep_avg,bic_rep,bic_rep_avg,ebic_rep,ebic_rep_avg,aic_cls,aic_cls_avg,bic_cls,bic_cls_avg,ebic_cls,ebic_cls_avg,aic_pr,aic_pr_avg,bic_pr,bic_pr_avg,ebic_pr,ebic_pr_avg
8296.952821731567,19,0.6870058933448325,0.6869963075768462,0.6870058933448325,0.6870051120821702,19665.905643463135,1.4133897975753296,31248.345282221926,2.2458204170060316,53787.41548113173,3.865704720506808,22741.905643463135,1.6344620988546166,45921.866222593686,3.300407231751738,95294.82453595151,6.848844655451453,16679.695476531982,1.1987706968903251,17003.151063491332,1.2220174689874466,17325.613881620702,1.2451928907302503
