loss,layer_idx,accuracy_score,f1_macro,f1_micro,balanced_accuracy_score,aic,aic_avg,bic,bic_avg,ebic,ebic_avg
3349.763964653015,8,0.908150064683053,0.9081494498138154,0.908150064683053,0.9081504553485376,8747.52792930603,0.6286853478012095,16469.154355145223,1.1836390940883443,30664.8086130129,2.203881602200151
