loss,layer_idx,accuracy_score,f1_macro,f1_micro,balanced_accuracy_score,aic,aic_avg,bic,bic_avg,ebic,ebic_avg
6996.888067245483,24,0.768362800057496,0.7683623681285394,0.768362800057496,0.7683630122144185,20141.776134490967,1.4475906378101888,43321.73671362152,3.1135357707073106,92694.69502697935,6.661973194407025
