loss,layer_idx,accuracy_score,f1_macro,f1_micro,balanced_accuracy_score,aic,aic_avg,bic,bic_avg,ebic,ebic_avg
9454.272521972656,13,0.586244070720138,0.5862326813972042,0.586244070720138,0.5862433286980571,27104.545043945312,1.9480052496726543,58006.13204891505,4.16890412885691,126182.54452775039,9.068746911581888
