loss,layer_idx,accuracy_score,f1_macro,f1_micro,balanced_accuracy_score,aic,aic_avg,bic,bic_avg,ebic,ebic_avg
9656.576503753662,10,0.5278855828661779,0.5278746356690055,0.5278855828661779,0.5278862859238731,27509.153007507324,1.9770844478587986,58410.740012477065,4.197983327043055,126587.1524913124,9.097826109768032
