loss,layer_idx,accuracy_score,f1_macro,f1_micro,balanced_accuracy_score,aic,aic_avg,bic,bic_avg,ebic,ebic_avg
6961.36870765686,21,0.7708063820612333,0.7708033028129417,0.7708063820612333,0.7708069248481937,22118.73741531372,1.5896749615720656,53020.32442028346,3.8105738407563217,121196.7368991188,8.710416623481299
