loss,layer_idx,accuracy_score,f1_macro,f1_micro,balanced_accuracy_score,aic,aic_avg,bic,bic_avg,ebic,ebic_avg
6097.050061225891,20,0.797542043984476,0.7975388805196146,0.797542043984476,0.7975426286462718,16294.100122451782,1.1710579360681173,31752.434275743137,2.282049322678104,63017.37407148619,4.529062388348871
