loss,layer_idx,accuracy_score,f1_macro,f1_micro,balanced_accuracy_score,aic_rep,aic_rep_avg,bic_rep,bic_rep_avg,ebic_rep,ebic_rep_avg,aic_cls,aic_cls_avg,bic_cls,bic_cls_avg,ebic_cls,ebic_cls_avg,aic_pr,aic_pr_avg,bic_pr,bic_pr_avg,ebic_pr,ebic_pr_avg
6694.173177719116,42,0.7780652580135116,0.7780626167669915,0.7780652580135116,0.7780657699586164,17484.346355438232,1.2566010029781682,32927.59920711662,2.366508495552438,64158.03857442552,4.611042013398413,21584.346355438232,1.5512682446053063,52485.93336040797,3.7721671237895626,120662.34583924331,8.67200990651454,13458.805324554443,0.9672851318495359,13724.458565699522,0.9863776459464944,13975.425201667222,1.0044146328638222
