loss,layer_idx,accuracy_score,f1_macro,f1_micro,balanced_accuracy_score,aic,aic_avg,bic,bic_avg,ebic,ebic_avg
7957.920729637146,47,0.7013799051315223,0.7013647866766806,0.7013799051315223,0.7013788968924035,22063.841459274292,1.5857295859763039,45243.80203840484,3.2516747188734256,94616.76035176267,6.80011214257314
