loss,layer_idx,accuracy_score,f1_macro,f1_micro,balanced_accuracy_score,aic,aic_avg,bic,bic_avg,ebic,ebic_avg
9890.765625,1,0.5516027023142159,0.5501042636524625,0.5516027023142159,0.5515944182304044,21829.53125,1.5688896974270519,29551.157675839193,2.1238434437141867,43746.81193370687,3.144085951825993
