loss,layer_idx,accuracy_score,f1_macro,f1_micro,balanced_accuracy_score,aic_rep,aic_rep_avg,bic_rep,bic_rep_avg,ebic_rep,ebic_rep_avg,aic_cls,aic_cls_avg,bic_cls,bic_cls_avg,ebic_cls,ebic_cls_avg,aic_pr,aic_pr_avg,bic_pr,bic_pr_avg,ebic_pr,ebic_pr_avg
7332.239805221558,21,0.7532700876814719,0.7532632960285917,0.7532700876814719,0.7532693491103526,17736.479610443115,1.2747218348744513,29318.919249201906,2.1071524543051536,51857.98944811171,3.72703675780593,20812.479610443115,1.4957941361537384,43992.44018957367,3.16173926905086,93365.3985029315,6.710176692750575,14739.719722747803,1.059344525136395,15023.399429512932,1.0797326023798284,15296.335739631404,1.099348551073121
