loss,layer_idx,accuracy_score,f1_macro,f1_micro,balanced_accuracy_score,aic,aic_avg,bic,bic_avg,ebic,ebic_avg
8092.122987747192,38,0.7056202386085957,0.705620086552381,0.7056202386085957,0.7056201498814625,22332.245975494385,1.6050198343750457,45512.206554624936,3.2709649672721675,94885.16486798276,6.819402390971882
