loss,layer_idx,accuracy_score,f1_macro,f1_micro,balanced_accuracy_score,aic,aic_avg,bic,bic_avg,ebic,ebic_avg
9171.047096252441,15,0.6067270375161707,0.6067211139376087,0.6067270375161707,0.6067264921989011,22438.094192504883,1.6126271519695905,37881.34704418327,2.72253464454386,69111.78641149217,4.967068162389835
