loss,layer_idx,accuracy_score,f1_macro,f1_micro,balanced_accuracy_score,aic,aic_avg,bic,bic_avg,ebic,ebic_avg
10342.458408355713,4,0.513942791433089,0.5139279054287509,0.513942791433089,0.5139435975088187,26832.916816711426,1.9284833129733667,50012.87739584198,3.5944284458704887,99385.8357091998,7.142865869570203
