loss,layer_idx,accuracy_score,f1_macro,f1_micro,balanced_accuracy_score,aic,aic_avg,bic,bic_avg,ebic,ebic_avg
6259.17501449585,40,0.8168032197786402,0.816780482884881,0.8168032197786402,0.816804837899491,18666.3500289917,1.3415516766560083,41846.31060812225,3.00749680955313,91219.26892148008,6.555934233252844
