loss,layer_idx,accuracy_score,f1_macro,f1_micro,balanced_accuracy_score,aic_rep,aic_rep_avg,bic_rep,bic_rep_avg,ebic_rep,ebic_rep_avg,aic_cls,aic_cls_avg,bic_cls,bic_cls_avg,ebic_cls,ebic_cls_avg,aic_pr,aic_pr_avg,bic_pr,bic_pr_avg,ebic_pr,ebic_pr_avg
9667.173389434814,4,0.522279718269369,0.5222796960612277,0.522279718269369,0.5222796980684733,23430.34677886963,1.6839404038284913,38873.599630548015,2.793847896402761,70104.03899785691,5.038381414248736,27530.34677886963,1.9786076454556294,58431.93378383937,4.199506524639886,126608.3462626747,9.099349307364863,19416.90190887451,1.3954938844957965,19728.16161269985,1.4178641377533312,20035.29305378416,1.4399376925243754
