loss,layer_idx,accuracy_score,f1_macro,f1_micro,balanced_accuracy_score,aic,aic_avg,bic,bic_avg,ebic,ebic_avg
7258.560643196106,23,0.753773178094006,0.7537730966964287,0.753773178094006,0.7537731110229933,20665.121286392212,1.4852034847198656,43845.08186552276,3.1511486176169874,93218.04017888059,6.699586041316702
