loss,layer_idx,accuracy_score,f1_macro,f1_micro,balanced_accuracy_score,aic,aic_avg,bic,bic_avg,ebic,ebic_avg
9065.153179168701,18,0.6134109529969815,0.6134069093324619,0.6134109529969815,0.6134105007933083,26326.306358337402,1.8920731894737244,57227.89336330714,4.112972068657981,125404.30584214248,9.012814851382958
