loss,layer_idx,accuracy_score,f1_macro,f1_micro,balanced_accuracy_score,aic_rep,aic_rep_avg,bic_rep,bic_rep_avg,ebic_rep,ebic_rep_avg,aic_cls,aic_cls_avg,bic_cls,bic_cls_avg,ebic_cls,ebic_cls_avg,aic_pr,aic_pr_avg,bic_pr,bic_pr_avg,ebic_pr,ebic_pr_avg
6996.888067245483,24,0.768362800057496,0.7683623681285394,0.768362800057496,0.7683630122144185,17065.776134490967,1.2265183365309018,28648.215773249758,2.058948955961604,51187.28597215956,3.6788332594623805,20141.776134490967,1.4475906378101888,43321.73671362152,3.1135357707073106,92694.69502697935,6.661973194407025,14060.804889678955,1.010550876072945,14313.525108111902,1.0287138930653947,14548.928392001033,1.045632340951634
