loss,layer_idx,accuracy_score,f1_macro,f1_micro,balanced_accuracy_score,aic,aic_avg,bic,bic_avg,ebic,ebic_avg
9535.418186187744,14,0.579344545062527,0.579312730488514,0.579344545062527,0.5793433070285675,27266.83637237549,1.9596691370113186,58168.42337734523,4.180568016195575,126344.83585618057,9.080410798920552
