loss,layer_idx,accuracy_score,f1_macro,f1_micro,balanced_accuracy_score,aic,aic_avg,bic,bic_avg,ebic,ebic_avg
5270.790050506592,28,0.8544631306597671,0.8544624082317607,0.8544631306597671,0.8544634685629591,14637.580101013184,1.052003744502888,30080.83295269157,2.1619112370771574,61311.27232000047,4.4064447549231325
