loss,layer_idx,accuracy_score,f1_macro,f1_micro,balanced_accuracy_score,aic_rep,aic_rep_avg,bic_rep,bic_rep_avg,ebic_rep,ebic_rep_avg,aic_cls,aic_cls_avg,bic_cls,bic_cls_avg,ebic_cls,ebic_cls_avg,aic_pr,aic_pr_avg,bic_pr,bic_pr_avg,ebic_pr,ebic_pr_avg
10236.575290679932,6,0.51875808538163,0.5187222877541604,0.51875808538163,0.5187593357731206,23545.150581359863,1.6921913598792484,35127.590220118655,2.5246219793099507,57666.660419028456,4.144506282810727,26621.150581359863,1.9132636611585356,49801.111160490414,3.579208794055657,99174.06947384824,7.127646217755371,20584.49796295166,1.4794090817127827,21004.31382435167,1.509581272412798,21451.87550263169,1.541747556607136
