loss,layer_idx,accuracy_score,f1_macro,f1_micro,balanced_accuracy_score,aic_rep,aic_rep_avg,bic_rep,bic_rep_avg,ebic_rep,ebic_rep_avg,aic_cls,aic_cls_avg,bic_cls,bic_cls_avg,ebic_cls,ebic_cls_avg,aic_pr,aic_pr_avg,bic_pr,bic_pr_avg,ebic_pr,ebic_pr_avg
6097.050060272217,20,0.797542043984476,0.7975388805196146,0.797542043984476,0.7975426286462718,14242.100120544434,1.0235805749995999,21963.726546383627,1.5785343212867347,36159.380804251305,2.5987768293985414,16294.100120544434,1.1710579359310358,31752.43427383579,2.2820493225410226,63017.374069578844,4.5290623882117895,12232.350635528564,0.879139761070042,12376.567523860314,0.8895046373336434,12489.445166535013,0.8976171601649428
