loss,layer_idx,accuracy_score,f1_macro,f1_micro,balanced_accuracy_score,aic_rep,aic_rep_avg,bic_rep,bic_rep_avg,ebic_rep,ebic_rep_avg,aic_cls,aic_cls_avg,bic_cls,bic_cls_avg,ebic_cls,ebic_cls_avg,aic_pr,aic_pr_avg,bic_pr,bic_pr_avg,ebic_pr,ebic_pr_avg
6975.387023925781,32,0.7664223084662929,0.7663951590586513,0.7664223084662929,0.766420774709871,17022.774047851562,1.2234277740298665,28605.213686610354,2.0558583934605688,51144.283885520155,3.675742696961345,20098.774047851562,1.4445000753091535,43278.734626982114,3.1104452082062752,92651.69294033994,6.65888263190599,13998.108665466309,1.0060448947438774,14176.575576711923,1.01887132217277,14326.346788794637,1.0296353880116886
