loss,layer_idx,accuracy_score,f1_macro,f1_micro,balanced_accuracy_score,aic_rep,aic_rep_avg,bic_rep,bic_rep_avg,ebic_rep,ebic_rep_avg,aic_cls,aic_cls_avg,bic_cls,bic_cls_avg,ebic_cls,ebic_cls_avg,aic_pr,aic_pr_avg,bic_pr,bic_pr_avg,ebic_pr,ebic_pr_avg
4124.4662981033325,6,0.883929854822481,0.8839237386156804,0.883929854822481,0.8839309164772584,10296.932596206665,0.7400411525231181,18018.559022045858,1.2949948988102529,32214.213279913536,2.3152374069220594,12348.932596206665,0.887518513454554,27807.26674949802,1.9985099000645408,59072.206545241075,4.245522965735308,8296.934434890747,0.5963011668025547,8477.916986683656,0.609308393465837,8630.471257773059,0.6202724779195816
