loss,layer_idx,accuracy_score,f1_macro,f1_micro,balanced_accuracy_score,aic_rep,aic_rep_avg,bic_rep,bic_rep_avg,ebic_rep,ebic_rep_avg,aic_cls,aic_cls_avg,bic_cls,bic_cls_avg,ebic_cls,ebic_cls_avg,aic_pr,aic_pr_avg,bic_pr,bic_pr_avg,ebic_pr,ebic_pr_avg
7641.285272598267,35,0.7285467874083656,0.7285466738350804,0.7285467874083656,0.7285467094855339,18354.570545196533,1.3191440667814096,29937.010183955324,2.1515746862121117,52476.080382865126,3.771458989712888,21430.570545196533,1.5402163680606966,44610.531124327084,3.206161500957818,93983.48943768491,6.754598924657532,15327.00485610962,1.101552742281847,15494.536667320772,1.11359326342682,15632.321461819756,1.123495864727595
