loss,layer_idx,accuracy_score,f1_macro,f1_micro,balanced_accuracy_score,aic_rep,aic_rep_avg,bic_rep,bic_rep_avg,ebic_rep,ebic_rep_avg,aic_cls,aic_cls_avg,bic_cls,bic_cls_avg,ebic_cls,ebic_cls_avg,aic_pr,aic_pr_avg,bic_pr,bic_pr_avg,ebic_pr,ebic_pr_avg
4152.397233963013,32,0.8928417421302286,0.8928417150084705,0.8928417421302286,0.8928416882631532,12400.794467926025,0.8912458292314234,27844.04731960441,2.0011533218056927,59074.48668691331,4.245686839651668,16500.794467926025,1.1859130708585615,47402.381472895766,3.4068119500428176,115578.7939517311,8.306654732767795,8368.061740875244,0.601413090475438,8606.599947269517,0.6185568454268734,8825.13909074928,0.6342632665480293
