loss,layer_idx,accuracy_score,f1_macro,f1_micro,balanced_accuracy_score,aic_rep,aic_rep_avg,bic_rep,bic_rep_avg,ebic_rep,ebic_rep_avg,aic_cls,aic_cls_avg,bic_cls,bic_cls_avg,ebic_cls,ebic_cls_avg,aic_pr,aic_pr_avg,bic_pr,bic_pr_avg,ebic_pr,ebic_pr_avg
6996.12393951416,46,0.7668535288198937,0.7668531386348794,0.7668535288198937,0.7668533587130274,18088.24787902832,1.300003441068587,33531.500730706706,2.4099109336428564,64761.940098015606,4.654444451488832,22188.24787902832,1.594670682695725,53089.83488399806,3.815569561879981,121266.2473628334,8.715412344604959,14038.664741516113,1.0089596623196861,14213.67141729262,1.0215374024214907,14359.62996151404,1.0320274515965244
