loss,layer_idx,accuracy_score,f1_macro,f1_micro,balanced_accuracy_score,aic_rep,aic_rep_avg,bic_rep,bic_rep_avg,ebic_rep,ebic_rep_avg,aic_cls,aic_cls_avg,bic_cls,bic_cls_avg,ebic_cls,ebic_cls_avg,aic_pr,aic_pr_avg,bic_pr,bic_pr_avg,ebic_pr,ebic_pr_avg
8346.695695877075,41,0.6806813281586891,0.6806811945589787,0.6806813281586891,0.6806812492468985,19765.39139175415,1.420539844168043,31347.83103051294,2.252970463598745,53886.90122942274,3.8728547670995215,22841.39139175415,1.64161214544733,46021.3519708847,3.3075572783444516,95394.31028424253,6.855994702044166,16732.15727996826,1.2025411297950455,16878.317293081156,1.2130456585511826,16993.234644610886,1.2213047753781001
