loss,layer_idx,accuracy_score,f1_macro,f1_micro,balanced_accuracy_score,aic_rep,aic_rep_avg,bic_rep,bic_rep_avg,ebic_rep,ebic_rep_avg,aic_cls,aic_cls_avg,bic_cls,bic_cls_avg,ebic_cls,ebic_cls_avg,aic_pr,aic_pr_avg,bic_pr,bic_pr_avg,ebic_pr,ebic_pr_avg
4704.381384849548,16,0.8537444300704327,0.8537436073756575,0.8537444300704327,0.8537441067996743,11456.762769699097,0.8233982154448107,19178.38919553829,1.3783519617319455,33374.04345340597,2.398594469843752,13508.762769699097,0.9708755763762467,28967.09692299045,2.081866962986233,60232.03671873351,4.328880028657001,9446.721055984497,0.678936399021453,9589.836147029866,0.6892220890491495,9701.56031893,0.6972517118679028
