loss,layer_idx,accuracy_score,f1_macro,f1_micro,balanced_accuracy_score,aic,aic_avg,bic,bic_avg,ebic,ebic_avg
8075.292303085327,37,0.7034641368405922,0.70345824887547,0.7034641368405922,0.7034635108771417,22298.584606170654,1.6026005897779685,45478.545185301205,3.26854572267509,94851.50349865903,6.816983146374804
