loss,layer_idx,accuracy_score,f1_macro,f1_micro,balanced_accuracy_score,aic,aic_avg,bic,bic_avg,ebic,ebic_avg
5051.273874282837,29,0.8647405490872503,0.8647376873302193,0.8647405490872503,0.8647412281129478,18298.547748565674,1.315117705085933,49200.134753535414,3.536016584270189,117376.54723237075,8.435859366995167
