loss,layer_idx,accuracy_score,f1_macro,f1_micro,balanced_accuracy_score,aic,aic_avg,bic,bic_avg,ebic,ebic_avg
6432.593116760254,26,0.7907143883857984,0.790713865168829,0.7907143883857984,0.7907141774494828,19013.186233520508,1.3664788151157472,42193.14681265106,3.032423948012869,91566.10512600889,6.580861371712583
