loss,layer_idx,accuracy_score,f1_macro,f1_micro,balanced_accuracy_score,aic_rep,aic_rep_avg,bic_rep,bic_rep_avg,ebic_rep,ebic_rep_avg,aic_cls,aic_cls_avg,bic_cls,bic_cls_avg,ebic_cls,ebic_cls_avg,aic_pr,aic_pr_avg,bic_pr,bic_pr_avg,ebic_pr,ebic_pr_avg
5495.533885955811,18,0.8267931579703895,0.8267802738183283,0.8267931579703895,0.8267944147262611,13039.067771911621,0.937118569204515,20760.694197750814,1.4920723154916498,34956.34845561849,2.5123148236034565,15091.067771911621,1.084595930135951,30549.401925202976,2.1955873167459377,61814.34172094603,4.442600382416705,11030.033794403076,0.7927291788416757,11176.9483788659,0.803287938685202,11292.659657421485,0.8116041150942566
