loss,layer_idx,accuracy_score,f1_macro,f1_micro,balanced_accuracy_score,aic,aic_avg,bic,bic_avg,ebic,ebic_avg
6309.595375061035,22,0.8027166882276844,0.8027070997220533,0.8027166882276844,0.8027177068820547,16715.19075012207,1.2013217442951034,32158.443601800456,2.311229236869373,63388.882969109356,4.5557627547153485
