loss,layer_idx,accuracy_score,f1_macro,f1_micro,balanced_accuracy_score,aic_rep,aic_rep_avg,bic_rep,bic_rep_avg,ebic_rep,ebic_rep_avg,aic_cls,aic_cls_avg,bic_cls,bic_cls_avg,ebic_cls,ebic_cls_avg,aic_pr,aic_pr_avg,bic_pr,bic_pr_avg,ebic_pr,ebic_pr_avg
9633.262395858765,2,0.55835848785396,0.5583515870759788,0.55835848785396,0.5583590675739312,21314.52479171753,1.5318761529191842,29036.151217556722,2.086829899206319,43231.8054754244,3.1070724073181255,23366.52479171753,1.6793535138506201,38824.858945008884,2.7903449004606067,70089.79874075194,5.037357966131374,19297.397047042847,1.386905063033121,19413.795495551258,1.3952706263871826,19498.2839297135,1.4013428151296177
