loss,layer_idx,accuracy_score,f1_macro,f1_micro,balanced_accuracy_score,aic,aic_avg,bic,bic_avg,ebic,ebic_avg
5507.255638122559,38,0.831033491447463,0.8310322966256263,0.831033491447463,0.8310338908502357,19210.511276245117,1.3806605775654102,50112.09828121486,3.6015594567496665,118288.5107600502,8.501402239474643
