loss,layer_idx,accuracy_score,f1_macro,f1_micro,balanced_accuracy_score,aic,aic_avg,bic,bic_avg,ebic,ebic_avg
9690.837013244629,5,0.5247233002731062,0.524723297818157,0.5247233002731062,0.5247233007839198,27577.674026489258,1.9820090575312101,58479.261031459,4.202907936715467,126655.67351029433,9.102750719440444
