loss,layer_idx,accuracy_score,f1_macro,f1_micro,balanced_accuracy_score,aic,aic_avg,bic,bic_avg,ebic,ebic_avg
9446.424173355103,13,0.5782664941785253,0.5782503822472003,0.5782664941785253,0.5782656176936753,25040.848346710205,1.7996872464216045,48220.808925840756,3.465632379318726,97593.76723919858,7.01406980301844
