loss,layer_idx,accuracy_score,f1_macro,f1_micro,balanced_accuracy_score,aic,aic_avg,bic,bic_avg,ebic,ebic_avg
9657.609573364258,8,0.522279718269369,0.5222773469217352,0.522279718269369,0.5222794088113665,27511.219146728516,1.9772329414063903,58412.806151698256,4.198131820590646,126589.21863053359,9.097974603315624
