loss,layer_idx,accuracy_score,f1_macro,f1_micro,balanced_accuracy_score,aic,aic_avg,bic,bic_avg,ebic,ebic_avg
5051.273874282837,29,0.8647405490872503,0.8647376873302193,0.8647405490872503,0.8647412281129478,14198.547748565674,1.020450463458795,29641.80060024406,2.1303579560330643,60872.23996755296,4.37489147387904
