loss,layer_idx,accuracy_score,f1_macro,f1_micro,balanced_accuracy_score,aic_rep,aic_rep_avg,bic_rep,bic_rep_avg,ebic_rep,ebic_rep_avg,aic_cls,aic_cls_avg,bic_cls,bic_cls_avg,ebic_cls,ebic_cls_avg,aic_pr,aic_pr_avg,bic_pr,bic_pr_avg,ebic_pr,ebic_pr_avg
7385.673203468323,20,0.748814144027598,0.7488135718501167,0.748814144027598,0.7488139425561833,17843.346406936646,1.28240235783647,29425.786045695437,2.1148329772671723,51964.85624460524,3.7347172807679487,20919.346406936646,1.5034746591157573,44099.3069860672,3.169419792012879,93472.26529942502,6.717857215712593,14855.674348831177,1.0676781909466133,15173.618130359226,1.0905288292625575,15489.136705880557,1.1132051678798733
