loss,layer_idx,accuracy_score,f1_macro,f1_micro,balanced_accuracy_score,aic,aic_avg,bic,bic_avg,ebic,ebic_avg
8296.952821731567,19,0.6870058933448325,0.6869963075768462,0.6870058933448325,0.6870051120821702,19665.905643463135,1.4133897975753296,31248.345282221926,2.2458204170060316,53787.41548113173,3.865704720506808
