loss,layer_idx,accuracy_score,f1_macro,f1_micro,balanced_accuracy_score,aic,aic_avg,bic,bic_avg,ebic,ebic_avg
8414.171716690063,42,0.6746442432082794,0.6746416870536415,0.6746442432082794,0.6746438542534265,22976.343433380127,1.651311156632178,46156.30401251068,3.3172562895293,95529.2623258685,6.865693713229014
