loss,layer_idx,accuracy_score,f1_macro,f1_micro,balanced_accuracy_score,aic_rep,aic_rep_avg,bic_rep,bic_rep_avg,ebic_rep,ebic_rep_avg,aic_cls,aic_cls_avg,bic_cls,bic_cls_avg,ebic_cls,ebic_cls_avg,aic_pr,aic_pr_avg,bic_pr,bic_pr_avg,ebic_pr,ebic_pr_avg
3289.1398458480835,13,0.9070720137990513,0.9070720017990141,0.9070720137990513,0.9070719808872127,8626.279691696167,0.619971229818612,16347.90611753536,1.1749249761057468,30543.560375403038,2.1951674842175533,10678.279691696167,0.7674485907500479,26136.61384498752,1.8784399773600347,57401.55364073058,4.125453043030802,6621.265306472778,0.47587072779019535,6783.335061839001,0.4875186906596954,6915.202817526385,0.4969960340323692
