loss,layer_idx,accuracy_score,f1_macro,f1_micro,balanced_accuracy_score,aic_rep,aic_rep_avg,bic_rep,bic_rep_avg,ebic_rep,ebic_rep_avg,aic_cls,aic_cls_avg,bic_cls,bic_cls_avg,ebic_cls,ebic_cls_avg,aic_pr,aic_pr_avg,bic_pr,bic_pr_avg,ebic_pr,ebic_pr_avg
9642.8589553833,10,0.559149058502228,0.5591262860286005,0.559149058502228,0.5591480369938352,22357.7179107666,1.606850503864209,33940.15754952539,2.439281123294911,56479.227748435194,4.059165426795688,25433.7179107666,1.827922805143496,48613.67848989715,3.4938679380406175,97986.63680325498,7.042305361740332,19378.458625793457,1.392730963475166,19728.121299574017,1.4178612404466018,20083.935927006354,1.4434336586895469
