loss,layer_idx,accuracy_score,f1_macro,f1_micro,balanced_accuracy_score,aic,aic_avg,bic,bic_avg,ebic,ebic_avg
4734.432790756226,34,0.8634468880264482,0.8634356891537047,0.8634468880264482,0.8634482075232963,13564.865581512451,0.9749076887676047,29008.118433190837,2.0848151813418743,60238.55780049974,4.329348699187849
