loss,layer_idx,accuracy_score,f1_macro,f1_micro,balanced_accuracy_score,aic_rep,aic_rep_avg,bic_rep,bic_rep_avg,ebic_rep,ebic_rep_avg,aic_cls,aic_cls_avg,bic_cls,bic_cls_avg,ebic_cls,ebic_cls_avg,aic_pr,aic_pr_avg,bic_pr,bic_pr_avg,ebic_pr,ebic_pr_avg
9171.57428741455,15,0.605002156101768,0.6049809278411864,0.605002156101768,0.6050011148795343,21415.1485748291,1.5391079901415194,32997.58821358789,2.3715386095722217,55536.658412497694,3.991422913072998,24491.1485748291,1.7601802914208065,47671.10915395965,3.426125424317928,97044.06746731748,6.9745628480176425,18431.585693359375,1.3246791500186412,18765.022407943572,1.348643266346383,19100.123430632622,1.3727269965957039
