loss,layer_idx,accuracy_score,f1_macro,f1_micro,balanced_accuracy_score,aic,aic_avg,bic,bic_avg,ebic,ebic_avg
7044.324186325073,43,0.7590915624550812,0.7590902882179196,0.7590915624550812,0.7590912475592899,22284.648372650146,1.6015989918535394,53186.23537761989,3.8224978710377955,121362.64785645522,8.722340653762773
