loss,layer_idx,accuracy_score,f1_macro,f1_micro,balanced_accuracy_score,aic_rep,aic_rep_avg,bic_rep,bic_rep_avg,ebic_rep,ebic_rep_avg,aic_cls,aic_cls_avg,bic_cls,bic_cls_avg,ebic_cls,ebic_cls_avg,aic_pr,aic_pr_avg,bic_pr,bic_pr_avg,ebic_pr,ebic_pr_avg
4361.12982749939,31,0.889391979301423,0.8893913571258658,0.889391979301423,0.8893923385875095,12818.25965499878,0.9212490768290053,28261.512506677165,2.031156569403275,59491.951873986065,4.2756900872492505,16918.25965499878,1.2159163184561435,47819.84665996852,3.4368151976403998,115996.25913880386,8.336657980365377,8778.967533111572,0.6309449139795582,8992.774686524175,0.6463112466957147,9182.44926358598,0.6599431697273236
