loss,layer_idx,accuracy_score,f1_macro,f1_micro,balanced_accuracy_score,aic,aic_avg,bic,bic_avg,ebic,ebic_avg
6429.122766494751,30,0.7972545637487423,0.7972506668860242,0.7972545637487423,0.7972539500537275,19006.245532989502,1.3659799865595446,42186.20611212005,3.031925119456666,91559.16442547788,6.58036254315638
