loss,layer_idx,accuracy_score,f1_macro,f1_micro,balanced_accuracy_score,aic_rep,aic_rep_avg,bic_rep,bic_rep_avg,ebic_rep,ebic_rep_avg,aic_cls,aic_cls_avg,bic_cls,bic_cls_avg,ebic_cls,ebic_cls_avg,aic_pr,aic_pr_avg,bic_pr,bic_pr_avg,ebic_pr,ebic_pr_avg
6263.350341796875,23,0.8017105074026161,0.8016955105788159,0.8017105074026161,0.8017117739708604,16622.70068359375,1.1946744777629545,32065.953535272136,2.304581970337224,63296.392902581036,4.549115488183199,20722.70068359375,1.4893417193900926,51624.28768856349,3.710240598574349,119800.70016739883,8.610083381299326,12601.574249267578,0.9056758839490857,12883.871955958904,0.9259646367657686,13155.112957383742,0.9454587435233393
