loss,layer_idx,accuracy_score,f1_macro,f1_micro,balanced_accuracy_score,aic,aic_avg,bic,bic_avg,ebic,ebic_avg
6324.758481025696,24,0.7964639931004743,0.796448343966691,0.7964639931004743,0.7964652698909302,16745.51696205139,1.2035012909336922,32188.769813729778,2.3134087835079615,63419.20918103868,4.557942301353937
