loss,layer_idx,accuracy_score,f1_macro,f1_micro,balanced_accuracy_score,aic_rep,aic_rep_avg,bic_rep,bic_rep_avg,ebic_rep,ebic_rep_avg,aic_cls,aic_cls_avg,bic_cls,bic_cls_avg,ebic_cls,ebic_cls_avg,aic_pr,aic_pr_avg,bic_pr,bic_pr_avg,ebic_pr,ebic_pr_avg
7622.386163711548,34,0.7324277705907719,0.7324271610866908,0.7324277705907719,0.7324275687807945,18316.772327423096,1.3164275066424533,29899.211966181887,2.1488581260731556,52438.28216509169,3.768742429573932,21392.772327423096,1.5374998079217403,44572.73290655365,3.203444940818862,93945.69121991147,6.751882364518576,15291.51591873169,1.0990021502610097,15467.754468481233,1.1116684252178548,15615.06830007829,1.1222558789764474
