loss,layer_idx,accuracy_score,f1_macro,f1_micro,balanced_accuracy_score,aic_rep,aic_rep_avg,bic_rep,bic_rep_avg,ebic_rep,ebic_rep_avg,aic_cls,aic_cls_avg,bic_cls,bic_cls_avg,ebic_cls,ebic_cls_avg,aic_pr,aic_pr_avg,bic_pr,bic_pr_avg,ebic_pr,ebic_pr_avg
8584.784397125244,39,0.6618513727181257,0.6618195371904223,0.6618513727181257,0.6618527810252628,20241.56879425049,1.4547627421482312,31824.00843300928,2.2871933615789333,54363.07863191908,3.9070776650797097,23317.56879425049,1.6758350434275182,46497.52937338104,3.3417801763246398,95870.48768673887,6.8902176000243545,17212.974964141846,1.237097525092845,17376.630349140658,1.2488594472574859,17510.210854558027,1.258459886054192
