loss,layer_idx,accuracy_score,f1_macro,f1_micro,balanced_accuracy_score,aic,aic_avg,bic,bic_avg,ebic,ebic_avg
6961.36870765686,21,0.7708063820612333,0.7708033028129417,0.7708063820612333,0.7708069248481937,18018.73741531372,1.2950077199449275,33461.99026699211,2.404915212519197,64692.42963430101,4.649448730365172
