loss,layer_idx,accuracy_score,f1_macro,f1_micro,balanced_accuracy_score,aic,aic_avg,bic,bic_avg,ebic,ebic_avg
5495.533885002136,18,0.8267931579703895,0.8267802738183283,0.8267931579703895,0.8267944147262611,15091.067770004272,1.0845959299988697,30549.401923295627,2.195587316608856,61814.34171903868,4.442600382279624
