loss,layer_idx,accuracy_score,f1_macro,f1_micro,balanced_accuracy_score,aic,aic_avg,bic,bic_avg,ebic,ebic_avg
6604.771991729736,22,0.7742561448900388,0.7742543713354292,0.7742561448900388,0.7742565637809441,15257.543983459473,1.0965605852709122,22979.170409298666,1.651514331558047,37174.824667166344,2.6717568396698534
