loss,layer_idx,accuracy_score,f1_macro,f1_micro,balanced_accuracy_score,aic,aic_avg,bic,bic_avg,ebic,ebic_avg
5334.623952865601,36,0.840664079344545,0.8406610168331499,0.840664079344545,0.8406647268809604,14765.247905731201,1.0611792371518758,30208.500757409587,2.1710867297261456,61438.94012471849,4.415620247572121
