loss,layer_idx,accuracy_score,f1_macro,f1_micro,balanced_accuracy_score,aic,aic_avg,bic,bic_avg,ebic,ebic_avg
9667.173389434814,4,0.522279718269369,0.5222796960612277,0.522279718269369,0.5222796980684733,27530.34677886963,1.9786076454556294,58431.93378383937,4.199506524639886,126608.3462626747,9.099349307364863
