loss,layer_idx,accuracy_score,f1_macro,f1_micro,balanced_accuracy_score,aic,aic_avg,bic,bic_avg,ebic,ebic_avg
3522.0010747909546,14,0.9001006180825069,0.9001000896846385,0.9001006180825069,0.9001009672592359,11144.00214958191,0.8009200912449266,26602.336302873264,1.9119114778549133,57867.27609861632,4.15892454352568
