loss,layer_idx,accuracy_score,f1_macro,f1_micro,balanced_accuracy_score,aic,aic_avg,bic,bic_avg,ebic,ebic_avg
6758.677528381348,23,0.7695127210004312,0.7694941173555297,0.7695127210004312,0.7695140282258738,15565.355056762695,1.1186829852495828,23286.98148260189,1.6736367315367175,37482.63574046957,2.693879239648524
