loss,layer_idx,accuracy_score,f1_macro,f1_micro,balanced_accuracy_score,aic,aic_avg,bic,bic_avg,ebic,ebic_avg
5270.790050506592,28,0.8544631306597671,0.8544624082317607,0.8544631306597671,0.8544634685629591,18737.580101013184,1.3466709861300261,49639.167105982924,3.567569865314282,117815.57958481826,8.467412648039259
