loss,layer_idx,accuracy_score,f1_macro,f1_micro,balanced_accuracy_score,aic_rep,aic_rep_avg,bic_rep,bic_rep_avg,ebic_rep,ebic_rep_avg,aic_cls,aic_cls_avg,bic_cls,bic_cls_avg,ebic_cls,ebic_cls_avg,aic_pr,aic_pr_avg,bic_pr,bic_pr_avg,ebic_pr,ebic_pr_avg
9650.259359359741,11,0.5301854247520483,0.5301809376747939,0.5301854247520483,0.530185879922598,23396.518718719482,1.6815091791518961,38839.77157039787,2.7914166717261657,70070.21093770677,5.035950189572141,27496.518718719482,1.9761764207790342,58398.10572368922,4.1970752999632905,126574.51820252456,9.096918082688267,19400.181484222412,1.3942921865906577,19775.942540755437,1.421298155868581,20165.488902316134,1.4492948758312587
