loss,layer_idx,accuracy_score,f1_macro,f1_micro,balanced_accuracy_score,aic,aic_avg,bic,bic_avg,ebic,ebic_avg
7641.285272598267,35,0.7285467874083656,0.7285466738350804,0.7285467874083656,0.7285467094855339,18354.570545196533,1.3191440667814096,29937.010183955324,2.1515746862121117,52476.080382865126,3.771458989712888
