loss,layer_idx,accuracy_score,f1_macro,f1_micro,balanced_accuracy_score,aic,aic_avg,bic,bic_avg,ebic,ebic_avg
3650.893913269043,5,0.8990944372574385,0.8990900255596683,0.8990944372574385,0.8990954062500361,11401.787826538086,0.8194471630399659,26860.12197982944,1.9304385496499525,58125.061775572496,4.17745161532072
