loss,layer_idx,accuracy_score,f1_macro,f1_micro,balanced_accuracy_score,aic_rep,aic_rep_avg,bic_rep,bic_rep_avg,ebic_rep,ebic_rep_avg,aic_cls,aic_cls_avg,bic_cls,bic_cls_avg,ebic_cls,ebic_cls_avg,aic_pr,aic_pr_avg,bic_pr,bic_pr_avg,ebic_pr,ebic_pr_avg
9982.988916397095,3,0.5185424752048297,0.5185319679280637,0.5185424752048297,0.5185418144288387,23037.97783279419,1.6557408245503946,34620.41747155298,2.4881714439810967,57159.48767046278,4.108055747481873,26113.97783279419,1.8768131258296816,49293.93841192474,3.542758258726803,98666.89672528257,7.091195682426518,20037.52016067505,1.4400977548278746,20307.25801689131,1.4594838304507194,20563.175082745893,1.4778766050557635
