loss,layer_idx,accuracy_score,f1_macro,f1_micro,balanced_accuracy_score,aic,aic_avg,bic,bic_avg,ebic,ebic_avg
8148.449201583862,3,0.6837717406928274,0.6837682843477966,0.6837717406928274,0.683772230028491,20396.898403167725,1.4659262902952224,35855.23255645908,2.576917676905209,67120.17235220213,4.8239307425759765
