loss,layer_idx,accuracy_score,f1_macro,f1_micro,balanced_accuracy_score,aic,aic_avg,bic,bic_avg,ebic,ebic_avg
3349.763964653015,8,0.908150064683053,0.9081494498138154,0.908150064683053,0.9081504553485376,10799.52792930603,0.7761627087326456,26257.862082597385,1.8871540953426322,57522.80187834044,4.1341671610134
