loss,layer_idx,accuracy_score,f1_macro,f1_micro,balanced_accuracy_score,aic_rep,aic_rep_avg,bic_rep,bic_rep_avg,ebic_rep,ebic_rep_avg,aic_cls,aic_cls_avg,bic_cls,bic_cls_avg,ebic_cls,ebic_cls_avg,aic_pr,aic_pr_avg,bic_pr,bic_pr_avg,ebic_pr,ebic_pr_avg
5334.623952865601,36,0.840664079344545,0.8406610168331499,0.840664079344545,0.8406647268809604,14765.247905731201,1.0611792371518758,30208.500757409587,2.1710867297261456,61438.94012471849,4.415620247572121,18865.2479057312,1.355846478779014,49766.83491070094,3.5767453579632704,117943.24738953628,8.476588140688248,10728.063556671143,0.7710265600597342,10949.817699518206,0.786964043374889,11148.688758696006,0.8012569181181548
