loss,layer_idx,accuracy_score,f1_macro,f1_micro,balanced_accuracy_score,aic,aic_avg,bic,bic_avg,ebic,ebic_avg
6604.771991729736,22,0.7742561448900388,0.7742543713354292,0.7742561448900388,0.7742565637809441,17309.543983459473,1.244037946202348,32767.878136750827,2.355029332812335,64032.81793249388,4.6020423984831025
