loss,layer_idx,accuracy_score,f1_macro,f1_micro,balanced_accuracy_score,aic,aic_avg,bic,bic_avg,ebic,ebic_avg
9656.576503753662,10,0.5278855828661779,0.5278746356690055,0.5278855828661779,0.5278862859238731,23409.153007507324,1.6824172062316605,38852.40585918571,2.79232469880593,70082.84522649461,5.036858216651905
