loss,layer_idx,accuracy_score,f1_macro,f1_micro,balanced_accuracy_score,aic_rep,aic_rep_avg,bic_rep,bic_rep_avg,ebic_rep,ebic_rep_avg,aic_cls,aic_cls_avg,bic_cls,bic_cls_avg,ebic_cls,ebic_cls_avg,aic_pr,aic_pr_avg,bic_pr,bic_pr_avg,ebic_pr,ebic_pr_avg
6611.1720905303955,43,0.7943078913324709,0.7942806886940421,0.7943078913324709,0.7943095606415954,16294.344181060791,1.1710754765747298,27876.783819819582,2.0035060960054323,50415.854018729384,3.6233903995062082,19370.34418106079,1.392147777854017,42550.30476019134,3.0580929107511388,91923.26307354917,6.606530334450853,13245.968975067139,0.9519885708687034,13335.042136055627,0.9583902641983345,13393.375286479333,0.96258267115706
