loss,layer_idx,accuracy_score,f1_macro,f1_micro,balanced_accuracy_score,aic,aic_avg,bic,bic_avg,ebic,ebic_avg
7385.673203468323,20,0.748814144027598,0.7488135718501167,0.748814144027598,0.7488139425561833,20919.346406936646,1.5034746591157573,44099.3069860672,3.169419792012879,93472.26529942502,6.717857215712593
