loss,layer_idx,accuracy_score,f1_macro,f1_micro,balanced_accuracy_score,aic_rep,aic_rep_avg,bic_rep,bic_rep_avg,ebic_rep,ebic_rep_avg,aic_cls,aic_cls_avg,bic_cls,bic_cls_avg,ebic_cls,ebic_cls_avg,aic_pr,aic_pr_avg,bic_pr,bic_pr_avg,ebic_pr,ebic_pr_avg
9628.873342514038,2,0.525657611039241,0.5256290310793041,0.525657611039241,0.5256587376059528,23353.746685028076,1.6784351505697912,38796.99953670646,2.7883426431440608,70027.43890401536,5.032876160990036,27453.746685028076,1.9731023921969295,58355.33368999782,4.194001271381186,126531.74616883315,9.093844054106164,19267.875023841858,1.3847833134858314,19306.0621569641,1.3875278249938263,19322.49224809791,1.3887086566118954
