loss,layer_idx,accuracy_score,f1_macro,f1_micro,balanced_accuracy_score,aic_rep,aic_rep_avg,bic_rep,bic_rep_avg,ebic_rep,ebic_rep_avg,aic_cls,aic_cls_avg,bic_cls,bic_cls_avg,ebic_cls,ebic_cls_avg,aic_pr,aic_pr_avg,bic_pr,bic_pr_avg,ebic_pr,ebic_pr_avg
5453.537467956543,35,0.8375017967514733,0.8375015541781399,0.8375017967514733,0.8375019896756701,15003.074935913086,1.078271879827015,30446.327787591472,2.1881793724012844,61676.76715490037,4.4327128902472595,19103.074935913086,1.372939121454153,50004.66194088283,3.593838000638409,118181.07441971816,8.493680783363386,10959.266273498535,0.7876431129436924,11156.044599426123,0.8017855828249334,11326.280701813686,0.8140204615361281
