loss,layer_idx,accuracy_score,f1_macro,f1_micro,balanced_accuracy_score,aic,aic_avg,bic,bic_avg,ebic,ebic_avg
5764.948078155518,39,0.8184562311341095,0.8184510959848326,0.8184562311341095,0.8184570125096261,19725.896156311035,1.4177013192691559,50627.483161280776,3.638600198453412,118803.89564011611,8.53844298117839
