loss,layer_idx,accuracy_score,f1_macro,f1_micro,balanced_accuracy_score,aic,aic_avg,bic,bic_avg,ebic,ebic_avg
9890.765625,1,0.5516027023142159,0.5501042636524625,0.5516027023142159,0.5515944182304044,23881.53125,1.7163670583584878,39339.865403291355,2.8273584449684743,70604.80519903441,5.074371510639242
