loss,layer_idx,accuracy_score,f1_macro,f1_micro,balanced_accuracy_score,aic_rep,aic_rep_avg,bic_rep,bic_rep_avg,ebic_rep,ebic_rep_avg,aic_cls,aic_cls_avg,bic_cls,bic_cls_avg,ebic_cls,ebic_cls_avg,aic_pr,aic_pr_avg,bic_pr,bic_pr_avg,ebic_pr,ebic_pr_avg
6914.848402023315,24,0.7631881558142878,0.7631736220179282,0.7631881558142878,0.7631892976192818,15877.69680404663,1.1411310050342556,23599.323229885824,1.6960847513213901,37794.9774877535,2.716327259433197,17929.69680404663,1.2886083659656915,33388.030957337985,2.399599752575678,64652.97075308104,4.646612818246445,13858.220026016235,0.9959910899824806,13965.76185439054,1.0037201275255527,14041.56435093017,1.0091680574191584
