loss,layer_idx,accuracy_score,f1_macro,f1_micro,balanced_accuracy_score,aic,aic_avg,bic,bic_avg,ebic,ebic_avg
9755.357414245605,1,0.538306741411528,0.5375360677070911,0.538306741411528,0.5383008847465802,23606.71482849121,1.6966159859487717,39049.9676801696,2.8065234785230415,70280.4070474785,5.051056996369017
