loss,layer_idx,accuracy_score,f1_macro,f1_micro,balanced_accuracy_score,aic_rep,aic_rep_avg,bic_rep,bic_rep_avg,ebic_rep,ebic_rep_avg,aic_cls,aic_cls_avg,bic_cls,bic_cls_avg,ebic_cls,ebic_cls_avg,aic_pr,aic_pr_avg,bic_pr,bic_pr_avg,ebic_pr,ebic_pr_avg
9690.837013244629,5,0.5247233002731062,0.524723297818157,0.5247233002731062,0.5247233007839198,23477.674026489258,1.687341815904072,38920.926878167644,2.7972493084783414,70151.36624547654,5.041782826324317,27577.674026489258,1.9820090575312101,58479.261031459,4.202907936715467,126655.67351029433,9.102750719440444,19473.047523498535,1.3995290731276797,19817.555340455652,1.4242888702354213,20166.76733321303,1.4493867567351608
