loss,layer_idx,accuracy_score,f1_macro,f1_micro,balanced_accuracy_score,aic,aic_avg,bic,bic_avg,ebic,ebic_avg
10153.281869888306,7,0.521632887738968,0.5215984802826525,0.521632887738968,0.5216341175286336,26454.56373977661,1.9012910550364102,49634.52431890716,3.5672361879335317,99007.48263226499,7.115673611633246
