loss,layer_idx,accuracy_score,f1_macro,f1_micro,balanced_accuracy_score,aic,aic_avg,bic,bic_avg,ebic,ebic_avg
8379.160552978516,17,0.6750754635618801,0.6750754618835457,0.6750754635618801,0.6750754878403751,19830.32110595703,1.425206346554336,31412.760744715823,2.2576369659850384,53951.830943625624,3.8775212694858148
