loss,layer_idx,accuracy_score,f1_macro,f1_micro,balanced_accuracy_score,aic,aic_avg,bic,bic_avg,ebic,ebic_avg
5155.092890739441,17,0.840160988932011,0.840156708817307,0.840160988932011,0.8401617500947524,14410.185781478882,1.0356609013568263,29868.519934770236,2.146652287966813,61133.45973051329,4.39366535363758
