loss,layer_idx,accuracy_score,f1_macro,f1_micro,balanced_accuracy_score,aic_rep,aic_rep_avg,bic_rep,bic_rep_avg,ebic_rep,ebic_rep_avg,aic_cls,aic_cls_avg,bic_cls,bic_cls_avg,ebic_cls,ebic_cls_avg,aic_pr,aic_pr_avg,bic_pr,bic_pr_avg,ebic_pr,ebic_pr_avg
9794.375232696533,2,0.5358631594077907,0.5358320005950832,0.5358631594077907,0.5358619927897295,22660.750465393066,1.6286294714239662,34243.19010415186,2.4610600908546685,56782.26030306166,4.080944394355445,25736.750465393066,1.8497017727032532,48916.71104452362,3.515646905600375,98289.66935788144,7.06408432930009,19644.75290298462,1.4118695488705346,19855.900316079515,1.4270447258933099,20042.514325198375,1.4404566857264895
