loss,layer_idx,accuracy_score,f1_macro,f1_micro,balanced_accuracy_score,aic,aic_avg,bic,bic_avg,ebic,ebic_avg
6611.1720905303955,43,0.7943078913324709,0.7942806886940421,0.7943078913324709,0.7943095606415954,19370.34418106079,1.392147777854017,42550.30476019134,3.0580929107511388,91923.26307354917,6.606530334450853
