loss,layer_idx,accuracy_score,f1_macro,f1_micro,balanced_accuracy_score,aic_rep,aic_rep_avg,bic_rep,bic_rep_avg,ebic_rep,ebic_rep_avg,aic_cls,aic_cls_avg,bic_cls,bic_cls_avg,ebic_cls,ebic_cls_avg,aic_pr,aic_pr_avg,bic_pr,bic_pr_avg,ebic_pr,ebic_pr_avg
10275.33009147644,6,0.5176081644386948,0.5175564909892444,0.5176081644386948,0.5176096627410895,24646.66018295288,1.7713569198614978,40089.91303463127,2.881264412435767,71320.35240194017,5.125797930281743,28746.66018295288,2.066024161488636,59648.24718792262,4.286923040672892,127824.65966675796,9.18676582339787,20648.97557449341,1.4840430914541762,21019.65659274832,1.5106839580816673,21402.59832255369,1.538206002770856
