loss,layer_idx,accuracy_score,f1_macro,f1_micro,balanced_accuracy_score,aic_rep,aic_rep_avg,bic_rep,bic_rep_avg,ebic_rep,ebic_rep_avg,aic_cls,aic_cls_avg,bic_cls,bic_cls_avg,ebic_cls,ebic_cls_avg,aic_pr,aic_pr_avg,bic_pr,bic_pr_avg,ebic_pr,ebic_pr_avg
3564.1435403823853,11,0.9008193186718413,0.9008181383220364,0.9008193186718413,0.9008188414145433,9176.28708076477,0.6595002932848045,16897.913506603963,1.2144540395719392,31093.56776447164,2.234696547683746,11228.28708076477,0.8069776542162405,26686.621234056125,1.917969040826227,57951.56102979918,4.1649821064969945,7172.233362197876,0.5154688344256055,7337.925143463127,0.5273771125099271,7473.711280634391,0.5371360701907713
