loss,layer_idx,accuracy_score,f1_macro,f1_micro,balanced_accuracy_score,aic,aic_avg,bic,bic_avg,ebic,ebic_avg
7866.4154987335205,45,0.7084950409659336,0.7084948903946428,0.7084950409659336,0.7084951589104165,21880.83099746704,1.5725766133007792,45060.79157659759,3.238521746197901,94433.74988995542,6.7869591698976155
