loss,layer_idx,accuracy_score,f1_macro,f1_micro,balanced_accuracy_score,aic_rep,aic_rep_avg,bic_rep,bic_rep_avg,ebic_rep,ebic_rep_avg,aic_cls,aic_cls_avg,bic_cls,bic_cls_avg,ebic_cls,ebic_cls_avg,aic_pr,aic_pr_avg,bic_pr,bic_pr_avg,ebic_pr,ebic_pr_avg
6259.17501449585,40,0.8168032197786402,0.816780482884881,0.8168032197786402,0.816804837899491,15590.3500289917,1.1204793753767213,27172.78966775049,1.9529099948074236,49711.85986666029,3.5727942983082,18666.3500289917,1.3415516766560083,41846.31060812225,3.00749680955313,91219.26892148008,6.555934233252844,12544.762809753418,0.901592842443109,12644.347588029583,0.9087500063266913,12712.5110744348,0.9136489201117436
