loss,layer_idx,accuracy_score,f1_macro,f1_micro,balanced_accuracy_score,aic,aic_avg,bic,bic_avg,ebic,ebic_avg
6263.350341796875,23,0.8017105074026161,0.8016955105788159,0.8017105074026161,0.8017117739708604,20722.70068359375,1.4893417193900926,51624.28768856349,3.710240598574349,119800.70016739883,8.610083381299326
