loss,layer_idx,accuracy_score,f1_macro,f1_micro,balanced_accuracy_score,aic_rep,aic_rep_avg,bic_rep,bic_rep_avg,ebic_rep,ebic_rep_avg,aic_cls,aic_cls_avg,bic_cls,bic_cls_avg,ebic_cls,ebic_cls_avg,aic_pr,aic_pr_avg,bic_pr,bic_pr_avg,ebic_pr,ebic_pr_avg
9065.153179168701,18,0.6134109529969815,0.6134069093324619,0.6134109529969815,0.6134105007933083,22226.306358337402,1.5974059478465863,37669.55921001579,2.707313440420856,68899.99857732469,4.951846958266831,26326.306358337402,1.8920731894737244,57227.89336330714,4.112972068657981,125404.30584214248,9.012814851382958,18217.3736038208,1.3092837145192469,18545.645451257147,1.332876631540689,18874.196626040837,1.3564896238350466
