loss,layer_idx,accuracy_score,f1_macro,f1_micro,balanced_accuracy_score,aic,aic_avg,bic,bic_avg,ebic,ebic_avg
5278.8305587768555,48,0.8311053615063965,0.8311003224176499,0.8311053615063965,0.8311061638044814,16705.66111755371,1.2006368490408015,39885.62169668426,2.866581981937923,89258.58001004209,6.415019405637637
