loss,layer_idx,accuracy_score,f1_macro,f1_micro,balanced_accuracy_score,aic,aic_avg,bic,bic_avg,ebic,ebic_avg
8128.731053352356,20,0.7001581141296536,0.7001563237351744,0.7001581141296536,0.7001584798365483,24453.462106704712,1.757471762735713,55355.04911167445,3.978370641919969,123531.46159050979,8.878213424644947
