loss,layer_idx,accuracy_score,f1_macro,f1_micro,balanced_accuracy_score,aic_rep,aic_rep_avg,bic_rep,bic_rep_avg,ebic_rep,ebic_rep_avg,aic_cls,aic_cls_avg,bic_cls,bic_cls_avg,ebic_cls,ebic_cls_avg,aic_pr,aic_pr_avg,bic_pr,bic_pr_avg,ebic_pr,ebic_pr_avg
5860.641019821167,48,0.8030760385223515,0.8030734955585238,0.8030760385223515,0.803075538584336,15817.282039642334,1.1367889923560683,31260.53489132072,2.2466964849303377,62490.97425862962,4.491230002776313,19917.282039642334,1.4314562339832064,50818.869044612075,3.6523551131674625,118995.28152344741,8.55219789589244,11761.93161392212,0.8453307182637717,11915.193736460158,0.856345676042846,12037.623802987568,0.8651447321393968
