loss,layer_idx,accuracy_score,f1_macro,f1_micro,balanced_accuracy_score,aic_rep,aic_rep_avg,bic_rep,bic_rep_avg,ebic_rep,ebic_rep_avg,aic_cls,aic_cls_avg,bic_cls,bic_cls_avg,ebic_cls,ebic_cls_avg,aic_pr,aic_pr_avg,bic_pr,bic_pr_avg,ebic_pr,ebic_pr_avg
10247.07110786438,7,0.5184706051458963,0.5184100679085415,0.5184706051458963,0.5184722274334416,24590.14221572876,1.7672949702263014,40033.395067407146,2.8772024628005712,71263.83443471605,5.121735980646546,28690.14221572876,2.0619622118534395,59591.7292206985,4.282861091037696,127768.14169953384,9.182703873762673,20592.210193634033,1.4799633601864333,20961.95838197484,1.5065371842730229,21343.689334600345,1.5339722103349394
