loss,layer_idx,accuracy_score,f1_macro,f1_micro,balanced_accuracy_score,aic,aic_avg,bic,bic_avg,ebic,ebic_avg
3273.04199886322,10,0.9101624263331896,0.9101620625255309,0.9101624263331896,0.9101621558811507,8594.08399772644,0.6176573233956044,16315.710423565633,1.1726110696827392,30511.36468143331,2.192853577794546
