loss,layer_idx,accuracy_score,f1_macro,f1_micro,balanced_accuracy_score,aic,aic_avg,bic,bic_avg,ebic,ebic_avg
6829.858757019043,45,0.7708063820612333,0.7707956972715342,0.7708063820612333,0.7708073793950758,21855.717514038086,1.5707717057667159,52757.30451900783,3.791670584950972,120933.71699784316,8.691513367675949
