loss,layer_idx,accuracy_score,f1_macro,f1_micro,balanced_accuracy_score,aic,aic_avg,bic,bic_avg,ebic,ebic_avg
9595.010986328125,0,0.5807100761822624,0.5807050862106957,0.5807100761822624,0.5807105840497682,25338.02197265625,1.8210451324318133,48517.9825517868,3.486990265328935,97890.94086514463,7.03542768902865
