loss,layer_idx,accuracy_score,f1_macro,f1_micro,balanced_accuracy_score,aic,aic_avg,bic,bic_avg,ebic,ebic_avg
3564.1435375213623,11,0.9008193186718413,0.9008181383220364,0.9008193186718413,0.9008188414145433,11228.287075042725,0.8069776538049968,26686.62122833408,1.9179690404149834,57951.561024077135,4.164982106085751
