loss,layer_idx,accuracy_score,f1_macro,f1_micro,balanced_accuracy_score,aic_rep,aic_rep_avg,bic_rep,bic_rep_avg,ebic_rep,ebic_rep_avg,aic_cls,aic_cls_avg,bic_cls,bic_cls_avg,ebic_cls,ebic_cls_avg,aic_pr,aic_pr_avg,bic_pr,bic_pr_avg,ebic_pr,ebic_pr_avg
10111.343692779541,8,0.52917924392698,0.529164824554746,0.52917924392698,0.5291800503175135,23294.687385559082,1.6741905552363865,34877.12702431787,2.506621174667089,57416.197223227675,4.126505478167865,26370.687385559082,1.8952628565156735,49550.64796468963,3.5612079894127953,98923.60627804746,7.10964541311251,20326.83966064453,1.4608911643412772,20719.52762920463,1.4891136717841476,21131.211036608933,1.5187013825362177
