loss,layer_idx,accuracy_score,f1_macro,f1_micro,balanced_accuracy_score,aic,aic_avg,bic,bic_avg,ebic,ebic_avg
9400.905178070068,0,0.5952996981457525,0.595092171779011,0.5952996981457525,0.5953029645878227,26997.810356140137,1.9403342213698531,57899.39736110988,4.161233100554109,126075.80983994521,9.061075883279086
