loss,layer_idx,accuracy_score,f1_macro,f1_micro,balanced_accuracy_score,aic,aic_avg,bic,bic_avg,ebic,ebic_avg
6611.1720905303955,43,0.7943078913324709,0.7942806886940421,0.7943078913324709,0.7943095606415954,16294.344181060791,1.1710754765747298,27876.783819819582,2.0035060960054323,50415.854018729384,3.6233903995062082
