loss,layer_idx,accuracy_score,f1_macro,f1_micro,balanced_accuracy_score,aic,aic_avg,bic,bic_avg,ebic,ebic_avg
6694.173177719116,42,0.7780652580135116,0.7780626167669915,0.7780652580135116,0.7780657699586164,21584.346355438232,1.5512682446053063,52485.93336040797,3.7721671237895626,120662.34583924331,8.67200990651454
