loss,layer_idx,accuracy_score,f1_macro,f1_micro,balanced_accuracy_score,aic_rep,aic_rep_avg,bic_rep,bic_rep_avg,ebic_rep,ebic_rep_avg,aic_cls,aic_cls_avg,bic_cls,bic_cls_avg,ebic_cls,ebic_cls_avg,aic_pr,aic_pr_avg,bic_pr,bic_pr_avg,ebic_pr,ebic_pr_avg
8001.426021575928,36,0.7042547074888601,0.7042510396403622,0.7042547074888601,0.7042552282395598,19074.852043151855,1.370910740488131,30657.291681910647,2.2033413599188334,53196.36188082045,3.82322566341961,22150.852043151855,1.5919830417674181,45330.81262228241,3.25792817466454,94703.77093564023,6.806365598364255,16046.503234863281,1.1532631331653933,16211.082431854647,1.1650914497523823,16345.662696025776,1.1747637412696403
