loss,layer_idx,accuracy_score,f1_macro,f1_micro,balanced_accuracy_score,aic_rep,aic_rep_avg,bic_rep,bic_rep_avg,ebic_rep,ebic_rep_avg,aic_cls,aic_cls_avg,bic_cls,bic_cls_avg,ebic_cls,ebic_cls_avg,aic_pr,aic_pr_avg,bic_pr,bic_pr_avg,ebic_pr,ebic_pr_avg
5278.8305587768555,48,0.8311053615063965,0.8311003224176499,0.8311053615063965,0.8311061638044814,13629.661117553711,0.9795645477615144,25212.100756312502,1.8119951671922165,47751.170955222304,3.431879470692993,16705.66111755371,1.2006368490408015,39885.62169668426,2.866581981937923,89258.58001004209,6.415019405637637,10603.901268005371,0.7621030090560135,10778.241681902988,0.774632864877317,10923.468182258743,0.7850703020165835
