loss,layer_idx,accuracy_score,f1_macro,f1_micro,balanced_accuracy_score,aic,aic_avg,bic,bic_avg,ebic,ebic_avg
9439.45539855957,12,0.579991375592928,0.5799875486080326,0.579991375592928,0.5799909536905984,21950.91079711914,1.5776132526318198,33533.35043587793,2.410043872062522,56072.42063478773,4.029928175563298
