loss,layer_idx,accuracy_score,f1_macro,f1_micro,balanced_accuracy_score,aic,aic_avg,bic,bic_avg,ebic,ebic_avg
8148.449201583862,3,0.6837717406928274,0.6837682843477966,0.6837717406928274,0.683772230028491,18344.898403167725,1.3184489293637864,26066.524829006918,1.8734026756509212,40262.179086874596,2.893645183762728
