loss,layer_idx,accuracy_score,f1_macro,f1_micro,balanced_accuracy_score,aic,aic_avg,bic,bic_avg,ebic,ebic_avg
10275.33009147644,6,0.5176081644386948,0.5175564909892444,0.5176081644386948,0.5176096627410895,28746.66018295288,2.066024161488636,59648.24718792262,4.286923040672892,127824.65966675796,9.18676582339787
