loss,layer_idx,accuracy_score,f1_macro,f1_micro,balanced_accuracy_score,aic,aic_avg,bic,bic_avg,ebic,ebic_avg
10214.643432617188,5,0.5172488141440276,0.5172362437944019,0.5172488141440276,0.5172495583043979,26577.286865234375,1.9101111732955567,49757.247444364926,3.5760563061926782,99130.20575772275,7.124493729892393
