loss,layer_idx,accuracy_score,f1_macro,f1_micro,balanced_accuracy_score,aic,aic_avg,bic,bic_avg,ebic,ebic_avg
6996.888067245483,24,0.768362800057496,0.7683623681285394,0.768362800057496,0.7683630122144185,17065.776134490967,1.2265183365309018,28648.215773249758,2.058948955961604,51187.28597215956,3.6788332594623805
