loss,layer_idx,accuracy_score,f1_macro,f1_micro,balanced_accuracy_score,aic_rep,aic_rep_avg,bic_rep,bic_rep_avg,ebic_rep,ebic_rep_avg,aic_cls,aic_cls_avg,bic_cls,bic_cls_avg,ebic_cls,ebic_cls_avg,aic_pr,aic_pr_avg,bic_pr,bic_pr_avg,ebic_pr,ebic_pr_avg
6309.595375061035,22,0.8027166882276844,0.8027070997220533,0.8027166882276844,0.8027177068820547,16715.19075012207,1.2013217442951034,32158.443601800456,2.311229236869373,63388.882969109356,4.5557627547153485,20815.19075012207,1.4959889859222417,51716.77775509181,3.716887865106498,119893.19023392715,8.616730647831476,12695.982543945312,0.9124610136513808,12985.512594957589,0.9332695554806374,13265.645269093038,0.9534027072799366
