loss,layer_idx,accuracy_score,f1_macro,f1_micro,balanced_accuracy_score,aic,aic_avg,bic,bic_avg,ebic,ebic_avg
6164.723342895508,27,0.8094006037084951,0.8093849724398028,0.8094006037084951,0.8093993187747202,18477.446685791016,1.3279751822474497,41657.40726492157,2.9939203151445715,91030.3655782794,6.542357738844286
