loss,layer_idx,accuracy_score,f1_macro,f1_micro,balanced_accuracy_score,aic,aic_avg,bic,bic_avg,ebic,ebic_avg
5446.904747962952,37,0.838076757222941,0.8380709951754486,0.838076757222941,0.8380776319793402,14989.809495925903,1.077318491873358,30433.06234760429,2.1872259844476276,61663.50171491319,4.431759502293603
