loss,layer_idx,accuracy_score,f1_macro,f1_micro,balanced_accuracy_score,aic,aic_avg,bic,bic_avg,ebic,ebic_avg
7056.483938217163,47,0.7567198505102775,0.7567189344335723,0.7567198505102775,0.75672014507153,22308.967876434326,1.6033468360237406,53210.55488140407,3.8242457152079967,121386.9673602394,8.724088497932975
