loss,layer_idx,accuracy_score,f1_macro,f1_micro,balanced_accuracy_score,aic_rep,aic_rep_avg,bic_rep,bic_rep_avg,ebic_rep,ebic_rep_avg,aic_cls,aic_cls_avg,bic_cls,bic_cls_avg,ebic_cls,ebic_cls_avg,aic_pr,aic_pr_avg,bic_pr,bic_pr_avg,ebic_pr,ebic_pr_avg
9506.337245941162,11,0.5656173638062383,0.5654537350792523,0.5656173638062383,0.5656145862276261,20548.674491882324,1.476834446735829,26339.89431126172,1.8930497564511801,36544.75534137654,2.6264737200931827,22088.674491882324,1.5875143374933394,33686.195432254084,2.421028850959759,56258.61598185584,4.043310046130217,19027.803240776062,1.3675293402886346,19084.84354704939,1.3716288304620805,19115.455808844777,1.3738289355214013
