loss,layer_idx,accuracy_score,f1_macro,f1_micro,balanced_accuracy_score,aic_rep,aic_rep_avg,bic_rep,bic_rep_avg,ebic_rep,ebic_rep_avg,aic_cls,aic_cls_avg,bic_cls,bic_cls_avg,ebic_cls,ebic_cls_avg,aic_pr,aic_pr_avg,bic_pr,bic_pr_avg,ebic_pr,ebic_pr_avg
8252.942667007446,6,0.6810406784533564,0.6810405137010416,0.6810406784533564,0.6810405892183793,18553.885334014893,1.333468832400093,26275.511759854086,1.8884225786872277,40471.16601772176,2.9086650867990342,20605.885334014893,1.4809461933315289,36064.21948730625,2.5919375799415154,67329.1592830493,4.838950645612282,16534.136445999146,1.1883093607876345,16640.652331183202,1.1959646637331611,16715.46087163599,1.2013411579442281
