loss,layer_idx,accuracy_score,f1_macro,f1_micro,balanced_accuracy_score,aic,aic_avg,bic,bic_avg,ebic,ebic_avg
9506.33724975586,11,0.5656173638062383,0.5654537350792523,0.5656173638062383,0.5656145862276261,22088.67449951172,1.5875143380416645,33686.19543988348,2.421028851508084,56258.61598948523,4.043310046678542
