loss,layer_idx,accuracy_score,f1_macro,f1_micro,balanced_accuracy_score,aic,aic_avg,bic,bic_avg,ebic,ebic_avg
9512.868709564209,8,0.5605864596808969,0.5599382849395884,0.5605864596808969,0.5605809547170479,22101.737419128418,1.5884531708443594,33699.25835950018,2.421967684310779,56271.67890910193,4.044248879481237
