loss,layer_idx,accuracy_score,f1_macro,f1_micro,balanced_accuracy_score,aic,aic_avg,bic,bic_avg,ebic,ebic_avg
7677.217832565308,3,0.7241627138134253,0.7241526601724015,0.7241627138134253,0.7241618610041916,19454.435665130615,1.3981914377699163,34912.76981842197,2.509182824379903,66177.70961416503,4.7561958900506704
