loss,layer_idx,accuracy_score,f1_macro,f1_micro,balanced_accuracy_score,aic,aic_avg,bic,bic_avg,ebic,ebic_avg
7881.04852104187,4,0.7111542331464712,0.7111155544425702,0.7111542331464712,0.7111525846114227,19862.09704208374,1.427490084956428,35320.431195375095,2.538481471566415,66585.37099111815,4.785494537237182
