loss,layer_idx,accuracy_score,f1_macro,f1_micro,balanced_accuracy_score,aic,aic_avg,bic,bic_avg,ebic,ebic_avg
9392.979537010193,21,0.5811412965358631,0.5799660308809231,0.5811412965358631,0.5811337052132891,22885.959074020386,1.6448152273983316,38344.29322731174,2.755806614008318,69609.2330230548,5.002819679679085
