loss,layer_idx,accuracy_score,f1_macro,f1_micro,balanced_accuracy_score,aic_rep,aic_rep_avg,bic_rep,bic_rep_avg,ebic_rep,ebic_rep_avg,aic_cls,aic_cls_avg,bic_cls,bic_cls_avg,ebic_cls,ebic_cls_avg,aic_pr,aic_pr_avg,bic_pr,bic_pr_avg,ebic_pr,ebic_pr_avg
9278.165912628174,5,0.5947966077332183,0.5946896774924215,0.5947966077332183,0.5947942853043671,20092.331825256348,1.444037072391573,25883.551644635743,1.8602523821069241,36088.412674750565,2.5936763457489267,21632.331825256348,1.5547169631490836,33229.85276562811,2.388231476615503,55802.27331522986,4.010512671785961,18593.855602264404,1.336341497934771,18735.33245194346,1.3465094474589234,18845.34569497435,1.3544161057190132
