loss,layer_idx,accuracy_score,f1_macro,f1_micro,balanced_accuracy_score,aic_rep,aic_rep_avg,bic_rep,bic_rep_avg,ebic_rep,ebic_rep_avg,aic_cls,aic_cls_avg,bic_cls,bic_cls_avg,ebic_cls,ebic_cls_avg,aic_pr,aic_pr_avg,bic_pr,bic_pr_avg,ebic_pr,ebic_pr_avg
9284.3291721344,7,0.5900531838436107,0.5888199712326396,0.5900531838436107,0.5900453241092823,20104.6583442688,1.4449229800394423,25895.878163648194,1.8611382897547932,36100.73919376302,2.594562253396796,21644.6583442688,1.5556028707969527,33242.17928464056,2.389117384263372,55814.59983424231,4.0113985794338305,18594.599563598633,1.3363949664797063,18692.406401828972,1.343424349707415,18758.88560055922,1.3482022136380063
