loss,layer_idx,accuracy_score,f1_macro,f1_micro,balanced_accuracy_score,aic_rep,aic_rep_avg,bic_rep,bic_rep_avg,ebic_rep,ebic_rep_avg,aic_cls,aic_cls_avg,bic_cls,bic_cls_avg,ebic_cls,ebic_cls_avg,aic_pr,aic_pr_avg,bic_pr,bic_pr_avg,ebic_pr,ebic_pr_avg
7881.048522949219,4,0.7111542331464712,0.7111155544425702,0.7111542331464712,0.7111525846114227,17810.097045898438,1.2800127242991546,25531.72347173763,1.8349664705862894,39727.37772960531,2.855208978698096,19862.097045898438,1.4274900852305905,35320.43119918979,2.5384814718405773,66585.37099493285,4.785494537511345,15789.72981262207,1.1348088121763742,15893.914334962037,1.1422965599369008,15966.473979359353,1.1475114258559258
