loss,layer_idx,accuracy_score,f1_macro,f1_micro,balanced_accuracy_score,aic,aic_avg,bic,bic_avg,ebic,ebic_avg
9278.165912628174,5,0.5947966077332183,0.5946896774924215,0.5947966077332183,0.5947942853043671,20092.331825256348,1.444037072391573,25883.551644635743,1.8602523821069241,36088.412674750565,2.5936763457489267
