loss,layer_idx,accuracy_score,f1_macro,f1_micro,balanced_accuracy_score,aic,aic_avg,bic,bic_avg,ebic,ebic_avg
7846.679327011108,5,0.7110104930286043,0.7110099541560215,0.7110104930286043,0.7110103114373417,19793.358654022217,1.422549852955456,35251.69280731357,2.5335412395654426,66516.63260305663,4.78055430523621
