loss,layer_idx,accuracy_score,f1_macro,f1_micro,balanced_accuracy_score,aic,aic_avg,bic,bic_avg,ebic,ebic_avg
8343.320010185242,1,0.6824780796320253,0.682475954051202,0.6824780796320253,0.682477721830862,19762.640020370483,1.420342102944551,31360.16096074224,2.25385661641097,53932.581510343996,3.8761378115814287
