loss,layer_idx,accuracy_score,f1_macro,f1_micro,balanced_accuracy_score,aic_rep,aic_rep_avg,bic_rep,bic_rep_avg,ebic_rep,ebic_rep_avg,aic_cls,aic_cls_avg,bic_cls,bic_cls_avg,ebic_cls,ebic_cls_avg,aic_pr,aic_pr_avg,bic_pr,bic_pr_avg,ebic_pr,ebic_pr_avg
9282.29305267334,20,0.5996119016817594,0.5995198054298554,0.5996119016817594,0.5996097343115623,20612.58610534668,1.481427778162044,28334.212531185873,2.0363815244491787,42529.86678905355,3.0566240325609852,22664.58610534668,1.62890513909348,38122.920258638034,2.7398965257034664,69387.86005438109,4.986909591374234,18639.93939971924,1.339653543173727,18924.045839710052,1.360072289759239,19197.505995263804,1.3797258872548372
