loss,layer_idx,accuracy_score,f1_macro,f1_micro,balanced_accuracy_score,aic,aic_avg,bic,bic_avg,ebic,ebic_avg
9201.540687561035,6,0.6029897944516315,0.6028124627931897,0.6029897944516315,0.6029867697105165,21479.08137512207,1.5437028442663554,33076.60231549383,2.377217357732775,55649.02286509558,3.999498552903233
