loss,layer_idx,accuracy_score,f1_macro,f1_micro,balanced_accuracy_score,aic_rep,aic_rep_avg,bic_rep,bic_rep_avg,ebic_rep,ebic_rep_avg,aic_cls,aic_cls_avg,bic_cls,bic_cls_avg,ebic_cls,ebic_cls_avg,aic_pr,aic_pr_avg,bic_pr,bic_pr_avg,ebic_pr,ebic_pr_avg
9201.540691375732,6,0.6029897944516315,0.6028124627931897,0.6029897944516315,0.6029867697105165,19939.081382751465,1.4330229540571702,25730.30120213086,1.8492382637725213,35935.16223224568,2.5826622274145237,21479.081382751465,1.5437028448146806,33076.602323123225,2.3772173582811,55649.02287272498,3.999498553451558,18433.774423599243,1.32483645418997,18549.49717521036,1.3331534551682018,18633.316458035762,1.339177551964623
