loss,layer_idx,accuracy_score,f1_macro,f1_micro,balanced_accuracy_score,aic,aic_avg,bic,bic_avg,ebic,ebic_avg
9340.715473175049,10,0.5786258444731924,0.5786257378233822,0.5786258444731924,0.5786259287425861,20217.430946350098,1.4530279535971036,26008.650765729493,1.8692432633124545,36213.511795844315,2.602667226954457
