loss,layer_idx,accuracy_score,f1_macro,f1_micro,balanced_accuracy_score,aic,aic_avg,bic,bic_avg,ebic,ebic_avg
9251.15445137024,16,0.5907718844329453,0.5907122161764873,0.5907718844329453,0.5907701610963736,22602.30890274048,1.624429272871962,38060.64305603183,2.7354206594819486,69325.58285177489,4.982433725152716
