loss,layer_idx,accuracy_score,f1_macro,f1_micro,balanced_accuracy_score,aic,aic_avg,bic,bic_avg,ebic,ebic_avg
9340.715475082397,10,0.5786258444731924,0.5786257378233822,0.5786258444731924,0.5786259287425861,21757.430950164795,1.5637078446287764,33354.951890536555,2.397222358095196,55927.37244013831,4.019503553265654
