loss,layer_idx,accuracy_score,f1_macro,f1_micro,balanced_accuracy_score,aic,aic_avg,bic,bic_avg,ebic,ebic_avg
9252.979400634766,15,0.5952996981457525,0.5951679579440343,0.5952996981457525,0.5953023034287215,20553.95880126953,1.47721423036291,28275.585227108724,2.0321679766500447,42471.2394849764,3.0524104847618516
