loss,layer_idx,accuracy_score,f1_macro,f1_micro,balanced_accuracy_score,aic_rep,aic_rep_avg,bic_rep,bic_rep_avg,ebic_rep,ebic_rep_avg,aic_cls,aic_cls_avg,bic_cls,bic_cls_avg,ebic_cls,ebic_cls_avg,aic_pr,aic_pr_avg,bic_pr,bic_pr_avg,ebic_pr,ebic_pr_avg
8213.113648414612,1,0.6896650855253701,0.6896636428415229,0.6896650855253701,0.6896654096930221,18474.227296829224,1.327743804573036,26195.853722668417,1.8826975508601709,40391.507980536095,2.9029400589719776,20526.227296829224,1.475221165504472,35984.56145012058,2.5862125521144588,67249.50124586363,4.833225617785226,16451.93710708618,1.1824016894556693,16548.871457810517,1.189368366954903,16614.527255376244,1.194087052995274
