loss,layer_idx,accuracy_score,f1_macro,f1_micro,balanced_accuracy_score,aic_rep,aic_rep_avg,bic_rep,bic_rep_avg,ebic_rep,ebic_rep_avg,aic_cls,aic_cls_avg,bic_cls,bic_cls_avg,ebic_cls,ebic_cls_avg,aic_pr,aic_pr_avg,bic_pr,bic_pr_avg,ebic_pr,ebic_pr_avg
8168.429597854614,2,0.6889463849360357,0.6888686018438261,0.6889463849360357,0.6889441264360996,17872.85919570923,1.284523443704846,23664.079015088624,1.7007387534201972,33868.940045203446,2.4341627170621996,19412.85919570923,1.3952033344623564,31010.380136080985,2.2287178479287757,53582.80068568274,3.850999043099234,16362.23546409607,1.1759548270875426,16457.912253434457,1.1828311235758557,16522.384908605614,1.1874647771026028
