loss,layer_idx,accuracy_score,f1_macro,f1_micro,balanced_accuracy_score,aic,aic_avg,bic,bic_avg,ebic,ebic_avg
9652.817476272583,23,0.5558430357912894,0.5546505260414132,0.5558430357912894,0.5558504853155737,23405.634952545166,1.6821643634141992,38863.96910583652,2.793155750024186,70128.90890157958,5.040168815694953
