loss,layer_idx,accuracy_score,f1_macro,f1_micro,balanced_accuracy_score,aic_rep,aic_rep_avg,bic_rep,bic_rep_avg,ebic_rep,ebic_rep_avg,aic_cls,aic_cls_avg,bic_cls,bic_cls_avg,ebic_cls,ebic_cls_avg,aic_pr,aic_pr_avg,bic_pr,bic_pr_avg,ebic_pr,ebic_pr_avg
9398.930767059326,9,0.5777634037659911,0.5777593710936844,0.5777634037659911,0.5777629714870178,20333.861534118652,1.4613958268016856,26125.081353498048,1.8776111365170367,36329.94238361287,2.611035100159039,21873.861534118652,1.572075717559196,33471.38247449041,2.405590231025615,56043.803024092165,4.027871426196073,18812.7878742218,1.3520761732227828,18869.065033490133,1.356120815976005,18899.066681581622,1.3582770361924408
