loss,layer_idx,accuracy_score,f1_macro,f1_micro,balanced_accuracy_score,aic,aic_avg,bic,bic_avg,ebic,ebic_avg
9392.979537010193,21,0.5811412965358631,0.5799660308809231,0.5811412965358631,0.5811337052132891,20833.959074020386,1.4973378664668957,28555.58549985958,2.0522916127540305,42751.23975772726,3.072534120865837
