loss,layer_idx,accuracy_score,f1_macro,f1_micro,balanced_accuracy_score,aic,aic_avg,bic,bic_avg,ebic,ebic_avg
9179.475312232971,14,0.5988213310334914,0.598649379950393,0.5988213310334914,0.5988183681899166,22458.950624465942,1.6141261049637734,37917.2847777573,2.72511749157376,69182.22457350035,4.972130557244527
