loss,layer_idx,accuracy_score,f1_macro,f1_micro,balanced_accuracy_score,aic,aic_avg,bic,bic_avg,ebic,ebic_avg
9201.540691375732,6,0.6029897944516315,0.6028124627931897,0.6029897944516315,0.6029867697105165,19939.081382751465,1.4330229540571702,25730.30120213086,1.8492382637725213,35935.16223224568,2.5826622274145237
