loss,layer_idx,accuracy_score,f1_macro,f1_micro,balanced_accuracy_score,aic,aic_avg,bic,bic_avg,ebic,ebic_avg
9327.566818237305,18,0.5826505677734656,0.5815640985917342,0.5826505677734656,0.5826579042149058,22755.13363647461,1.6354127954919224,38213.467789765964,2.746404182101909,69478.40758550902,4.993417247772676
