loss,layer_idx,accuracy_score,f1_macro,f1_micro,balanced_accuracy_score,aic_rep,aic_rep_avg,bic_rep,bic_rep_avg,ebic_rep,ebic_rep_avg,aic_cls,aic_cls_avg,bic_cls,bic_cls_avg,ebic_cls,ebic_cls_avg,aic_pr,aic_pr_avg,bic_pr,bic_pr_avg,ebic_pr,ebic_pr_avg
9340.715473175049,10,0.5786258444731924,0.5786257378233822,0.5786258444731924,0.5786259287425861,20217.430946350098,1.4530279535971036,26008.650765729493,1.8692432633124545,36213.511795844315,2.602667226954457,21757.430946350098,1.563707844354614,33354.95188672186,2.3972223578210334,55927.37243632361,4.019503552991491,18697.418318748474,1.3437845564717892,18757.69591503316,1.348116710869136,18790.928097125947,1.350505109754632
