loss,layer_idx,accuracy_score,f1_macro,f1_micro,balanced_accuracy_score,aic,aic_avg,bic,bic_avg,ebic,ebic_avg
7861.518342018127,2,0.7130228546787408,0.7130201138343969,0.7130228546787408,0.7130233136269354,19823.036684036255,1.4246828147215937,35281.37083732761,2.5356742013315805,66546.31063307067,4.7826872670023475
