loss,layer_idx,accuracy_score,f1_macro,f1_micro,balanced_accuracy_score,aic_rep,aic_rep_avg,bic_rep,bic_rep_avg,ebic_rep,ebic_rep_avg,aic_cls,aic_cls_avg,bic_cls,bic_cls_avg,ebic_cls,ebic_cls_avg,aic_pr,aic_pr_avg,bic_pr,bic_pr_avg,ebic_pr,ebic_pr_avg
8779.873905181885,4,0.6380623832111543,0.6379767464929611,0.6380623832111543,0.6380601856435582,19095.74781036377,1.372412520509111,24886.967629743165,1.788627830224462,35091.82865985799,2.5220517938664644,20635.74781036377,1.4830924112666213,32233.268750735526,2.3166069247330405,54805.68930033728,3.9388881199034986,17594.019035339355,1.2644831849460512,17723.232705465023,1.27376977903299,17820.602700183328,1.280767766291744
