loss,layer_idx,accuracy_score,f1_macro,f1_micro,balanced_accuracy_score,aic,aic_avg,bic,bic_avg,ebic,ebic_avg
9284.3291721344,7,0.5900531838436107,0.5888199712326396,0.5900531838436107,0.5900453241092823,20104.6583442688,1.4449229800394423,25895.878163648194,1.8611382897547932,36100.73919376302,2.594562253396796
