loss,layer_idx,accuracy_score,f1_macro,f1_micro,balanced_accuracy_score,aic,aic_avg,bic,bic_avg,ebic,ebic_avg
9035.08096408844,10,0.6185137271812563,0.6185023452735684,0.6185137271812563,0.6185129548340731,22170.16192817688,1.5933708443421648,37628.496081468234,2.7043622309521513,68893.43587721129,4.951375296622919
