loss,layer_idx,accuracy_score,f1_macro,f1_micro,balanced_accuracy_score,aic,aic_avg,bic,bic_avg,ebic,ebic_avg
9013.959531784058,11,0.6215322696564611,0.6215209778090827,0.6215322696564611,0.6215330676245099,22127.919063568115,1.590334847173215,37586.25321685947,2.7013262337832016,68851.19301260253,4.948339299453969
