loss,layer_idx,accuracy_score,f1_macro,f1_micro,balanced_accuracy_score,aic_rep,aic_rep_avg,bic_rep,bic_rep_avg,ebic_rep,ebic_rep_avg,aic_cls,aic_cls_avg,bic_cls,bic_cls_avg,ebic_cls,ebic_cls_avg,aic_pr,aic_pr_avg,bic_pr,bic_pr_avg,ebic_pr,ebic_pr_avg
8343.320009231567,1,0.6824780796320253,0.682475954051202,0.6824780796320253,0.682477721830862,18222.640018463135,1.3096622120499595,24013.85983784253,1.7258775217653104,34218.72086795735,2.459301485407313,19762.640018463135,1.4203421028074699,31360.16095883489,2.253856616273889,53932.58150843665,3.876137811444347,16706.04487991333,1.2006644300642038,16779.20752198539,1.2059226334616495,16823.302673854818,1.2090917546251845
