loss,layer_idx,accuracy_score,f1_macro,f1_micro,balanced_accuracy_score,aic,aic_avg,bic,bic_avg,ebic,ebic_avg
8969.704423904419,13,0.6225384504815294,0.6224968860110607,0.6225384504815294,0.6225369550747349,22039.408847808838,1.5839736127503836,37497.74300110019,2.69496499936037,68762.68279684325,4.941978065031138
