loss,layer_idx,accuracy_score,f1_macro,f1_micro,balanced_accuracy_score,aic_rep,aic_rep_avg,bic_rep,bic_rep_avg,ebic_rep,ebic_rep_avg,aic_cls,aic_cls_avg,bic_cls,bic_cls_avg,ebic_cls,ebic_cls_avg,aic_pr,aic_pr_avg,bic_pr,bic_pr_avg,ebic_pr,ebic_pr_avg
9299.579050064087,12,0.5880408221934742,0.5879849701470997,0.5880408221934742,0.5880391607841413,20647.158100128174,1.4839124694644368,28368.784525967367,2.038866215751572,42564.438783835045,3.0591087238633783,22699.158100128174,1.6313898303958727,38157.49225341953,2.7423812170058595,69422.43204916258,4.989394282676627,18644.412731170654,1.3399750417687692,18815.037416204454,1.3522378479376493,18956.19375120567,1.3623827620530162
