loss,layer_idx,accuracy_score,f1_macro,f1_micro,balanced_accuracy_score,aic,aic_avg,bic,bic_avg,ebic,ebic_avg
9035.08096408844,10,0.6185137271812563,0.6185023452735684,0.6185137271812563,0.6185129548340731,20118.16192817688,1.4458934834107287,27839.788354016073,2.0008472296978637,42035.44261188375,3.02108973780967
