loss,layer_idx,accuracy_score,f1_macro,f1_micro,balanced_accuracy_score,aic,aic_avg,bic,bic_avg,ebic,ebic_avg
10120.01078414917,24,0.5217766278568349,0.5201180455496377,0.5217766278568349,0.5217681881976158,24340.02156829834,1.7493187845550051,39798.355721589694,2.8603101711649916,71063.29551733275,5.107323236835759
