loss,layer_idx,accuracy_score,f1_macro,f1_micro,balanced_accuracy_score,aic_rep,aic_rep_avg,bic_rep,bic_rep_avg,ebic_rep,ebic_rep_avg,aic_cls,aic_cls_avg,bic_cls,bic_cls_avg,ebic_cls,ebic_cls_avg,aic_pr,aic_pr_avg,bic_pr,bic_pr_avg,ebic_pr,ebic_pr_avg
8969.704423904419,13,0.6225384504815294,0.6224968860110607,0.6225384504815294,0.6225369550747349,19987.408847808838,1.4364962518189477,27709.03527364803,1.9914499981060825,41904.68953151571,3.011692506217889,22039.408847808838,1.5839736127503836,37497.74300110019,2.69496499936037,68762.68279684325,4.941978065031138,18003.119720458984,1.293885275295313,18243.330442074533,1.3111492340142685,18463.847030873403,1.3269977742470465
