loss,layer_idx,accuracy_score,f1_macro,f1_micro,balanced_accuracy_score,aic_rep,aic_rep_avg,bic_rep,bic_rep_avg,ebic_rep,ebic_rep_avg,aic_cls,aic_cls_avg,bic_cls,bic_cls_avg,ebic_cls,ebic_cls_avg,aic_pr,aic_pr_avg,bic_pr,bic_pr_avg,ebic_pr,ebic_pr_avg
9790.819038391113,0,0.5539744142590197,0.5539717509828601,0.5539744142590197,0.5539747769455805,21629.638076782227,1.5545233632874966,29351.26450262142,2.109477109574631,43546.9187604891,3.129719617686438,23681.638076782227,1.7020007242189326,39139.97223007358,2.8129921108289193,70404.91202581664,5.060005176499686,19603.51500892639,1.4089057789942785,19685.998161934534,1.4148338480619904,19738.33403135587,1.418595230081635
