loss,layer_idx,accuracy_score,f1_macro,f1_micro,balanced_accuracy_score,aic,aic_avg,bic,bic_avg,ebic,ebic_avg
9327.566818237305,18,0.5826505677734656,0.5815640985917342,0.5826505677734656,0.5826579042149058,20703.13363647461,1.4879354345604865,28424.760062313802,2.042889180847621,42620.41432018148,3.063131688959428
