loss,layer_idx,accuracy_score,f1_macro,f1_micro,balanced_accuracy_score,aic,aic_avg,bic,bic_avg,ebic,ebic_avg
8969.704423904419,13,0.6225384504815294,0.6224968860110607,0.6225384504815294,0.6225369550747349,19987.408847808838,1.4364962518189477,27709.03527364803,1.9914499981060825,41904.68953151571,3.011692506217889
