loss,layer_idx,accuracy_score,f1_macro,f1_micro,balanced_accuracy_score,aic,aic_avg,bic,bic_avg,ebic,ebic_avg
9332.857704162598,0,0.5855253701308035,0.5851808270216189,0.5855253701308035,0.5855212396534799,21741.715408325195,1.5625783677105933,33339.236348696955,2.3960928811770126,55911.65689829871,4.018374076347471
