loss,layer_idx,accuracy_score,f1_macro,f1_micro,balanced_accuracy_score,aic,aic_avg,bic,bic_avg,ebic,ebic_avg
1172.9276605844498,43,0.9437523593808984,0.9436356803722092,0.9437523593808984,0.9438039901275196,11945.8553211689,2.254785828835202,43506.26173636257,8.211827432307016,124879.425226564,23.571050439140052
