loss,layer_idx,accuracy_score,f1_macro,f1_micro,balanced_accuracy_score,aic,aic_avg,bic,bic_avg,ebic,ebic_avg
1649.7010407447815,22,0.9209135522838807,0.9206244874772612,0.9209135522838807,0.9209901617989853,12899.402081489563,2.4347682298017297,44459.80849668323,8.391809833273543,125832.97198688466,23.75103284010658
