loss,layer_idx,accuracy_score,f1_macro,f1_micro,balanced_accuracy_score,aic,aic_avg,bic,bic_avg,ebic,ebic_avg
11726.96517944336,3,0.2278218195545489,0.2243703290230153,0.2278218195545489,0.22794888934594817,33053.93035888672,6.23894495260225,64614.33677408039,12.195986556074063,145987.5002642818,27.5552095629071
