loss,layer_idx,accuracy_score,f1_macro,f1_micro,balanced_accuracy_score,aic,aic_avg,bic,bic_avg,ebic,ebic_avg
11556.019302368164,6,0.26085315213288035,0.2506943673061597,0.26085315213288035,0.26102084190319486,32712.038604736328,6.174412722675789,64272.44501993,12.131454326147603,145645.60851013142,27.49067733298064
