loss,layer_idx,accuracy_score,f1_macro,f1_micro,balanced_accuracy_score,aic,aic_avg,bic,bic_avg,ebic,ebic_avg
1992.7696628570557,69,0.8748584371460929,0.8744207865077791,0.8748584371460929,0.8749614356232003,13585.539325714111,2.5642769584209346,45145.94574090778,8.521318561892748,126519.1092311092,23.880541568725786
