loss,layer_idx,accuracy_score,f1_macro,f1_micro,balanced_accuracy_score,aic,aic_avg,bic,bic_avg,ebic,ebic_avg
1291.3039151132107,25,0.9433748584371461,0.9433263988295122,0.9433748584371461,0.9434252022487317,12182.607830226421,2.2994729766376785,43743.01424542009,8.256514580109492,125116.17773562152,23.61573758694253
