loss,layer_idx,accuracy_score,f1_macro,f1_micro,balanced_accuracy_score,aic,aic_avg,bic,bic_avg,ebic,ebic_avg
9918.468063354492,9,0.37240468101170254,0.3674610840120963,0.37240468101170254,0.37256101741395864,29436.936126708984,5.556235584505282,60997.34254190265,11.513277187977096,142370.50603210408,26.872500194810133
