loss,layer_idx,accuracy_score,f1_macro,f1_micro,balanced_accuracy_score,aic,aic_avg,bic,bic_avg,ebic,ebic_avg
11860.251708984375,4,0.23386183465458663,0.22768147300656089,0.23386183465458663,0.23396578911284793,33320.50341796875,6.28926074329346,64880.90983316242,12.246302346765274,146254.07332336385,27.60552535359831
