loss,layer_idx,accuracy_score,f1_macro,f1_micro,balanced_accuracy_score,aic,aic_avg,bic,bic_avg,ebic,ebic_avg
12580.796371459961,0,0.1515666289165723,0.1506348212564324,0.1515666289165723,0.15155457287810228,34761.59274291992,6.561267033393719,66321.99915811358,12.51830863686553,147695.16264831502,27.877531643698568
