loss,layer_idx,accuracy_score,f1_macro,f1_micro,balanced_accuracy_score,aic,aic_avg,bic,bic_avg,ebic,ebic_avg
756.883314371109,55,0.9554548886372216,0.9555074240663993,0.9554548886372216,0.9554915672562732,11113.766628742218,2.0977286954968326,42674.17304393589,8.054770298968647,124047.33653413731,23.413993305801682
