loss,layer_idx,accuracy_score,f1_macro,f1_micro,balanced_accuracy_score,aic,aic_avg,bic,bic_avg,ebic,ebic_avg
1438.3379497528076,4,0.8942997357493394,0.8941283706850643,0.8942997357493394,0.8943910256410256,4924.675899505615,0.9295348998689346,11657.562601413598,2.2003704419429213,25853.216859281278,4.879806881706545
