loss,layer_idx,accuracy_score,f1_macro,f1_micro,balanced_accuracy_score,aic,aic_avg,bic,bic_avg,ebic,ebic_avg
1938.854393005371,9,0.8499433748584372,0.8496489329364685,0.8499433748584372,0.8500599890305773,5925.708786010742,1.1184803295603516,12658.595487918725,2.3893158716343383,26854.249745786405,5.0687523113979625
