loss,layer_idx,accuracy_score,f1_macro,f1_micro,balanced_accuracy_score,aic,aic_avg,bic,bic_avg,ebic,ebic_avg
2540.0594806671143,16,0.8091732729331823,0.8087546839395864,0.8091732729331823,0.8093162964486494,7128.1189613342285,1.3454358175413794,13861.005663242211,2.616271359615366,28056.65992110989,5.295707799378991
