loss,layer_idx,accuracy_score,f1_macro,f1_micro,balanced_accuracy_score,aic,aic_avg,bic,bic_avg,ebic,ebic_avg
2200.3742542266846,12,0.8323895809739524,0.8322669663123881,0.8323895809739524,0.8325140545728781,6448.748508453369,1.2172043239813835,13181.635210361352,2.48803986605537,27377.28946822903,5.167476305818994
