loss,layer_idx,accuracy_score,f1_macro,f1_micro,balanced_accuracy_score,aic,aic_avg,bic,bic_avg,ebic,ebic_avg
4488.582813262939,2,0.6562853907134768,0.6496793972755108,0.6562853907134768,0.6564685314685315,10513.165626525879,1.984364972919192,15562.830652956865,2.9374916294746822,25767.69168307169,4.863663964339692
