loss,layer_idx,accuracy_score,f1_macro,f1_micro,balanced_accuracy_score,aic,aic_avg,bic,bic_avg,ebic,ebic_avg
4096.611377716064,3,0.697432993582484,0.6933068810275753,0.697432993582484,0.6976192924722336,9729.222755432129,1.8363953860762796,14778.887781863115,2.7895220426317695,24983.74881197794,4.71569437749678
