loss,layer_idx,accuracy_score,f1_macro,f1_micro,balanced_accuracy_score,aic,aic_avg,bic,bic_avg,ebic,ebic_avg
1944.2126474380493,10,0.8525858814647037,0.8525464854898142,0.8525858814647037,0.8527106471959414,5936.425294876099,1.1205030756655527,12669.311996784081,2.3913386177395397,26864.96625465176,5.070775057503163
