loss,layer_idx,accuracy_score,f1_macro,f1_micro,balanced_accuracy_score,aic,aic_avg,bic,bic_avg,ebic,ebic_avg
1601.6609630584717,5,0.8831634579086448,0.8832513758996294,0.8831634579086448,0.8832536336212807,5251.321926116943,0.9911894915283018,11984.208628024926,2.262025033602289,26179.862885892606,4.941461473365913
