loss,layer_idx,accuracy_score,f1_macro,f1_micro,balanced_accuracy_score,aic,aic_avg,bic,bic_avg,ebic,ebic_avg
2497.87166595459,15,0.8114382785956965,0.809712899031466,0.8114382785956965,0.8115770259152613,7043.74333190918,1.3295098776725518,13776.630033817162,2.6003454197465388,27972.284291684842,5.279781859510162
