loss,layer_idx,accuracy_score,f1_macro,f1_micro,balanced_accuracy_score,aic,aic_avg,bic,bic_avg,ebic,ebic_avg
1438.049038887024,3,0.8926009815024537,0.892314792856659,0.8926009815024537,0.8926950500479913,4924.098077774048,0.9294258357444409,11656.98477968203,2.200261377818428,25852.63903754971,4.879697817582052
