loss,layer_idx,accuracy_score,f1_macro,f1_micro,balanced_accuracy_score,aic,aic_avg,bic,bic_avg,ebic,ebic_avg
3883.2958812713623,23,0.7091355228388071,0.7071566147375569,0.7091355228388071,0.7093068696009872,9814.591762542725,1.8525088264520053,16547.47846445071,3.1233443685259927,30743.13272231839,5.802780808289617
