loss,layer_idx,accuracy_score,f1_macro,f1_micro,balanced_accuracy_score,aic,aic_avg,bic,bic_avg,ebic,ebic_avg
10000.874237060547,0,0.28784446961117405,0.27961572776302274,0.28784446961117405,0.28800904977375563,23073.748474121094,4.355180912442638,33173.07852698307,6.261434225553618,55712.14872589287,10.515694361248181
