loss,layer_idx,accuracy_score,f1_macro,f1_micro,balanced_accuracy_score,aic,aic_avg,bic,bic_avg,ebic,ebic_avg
3737.8405990600586,14,0.7181955454888638,0.7151697441058189,0.7181955454888638,0.718385780885781,9523.681198120117,1.7975993201434726,16256.5679000281,3.0684348622174595,30452.22215789578,5.747871301981084
