loss,layer_idx,accuracy_score,f1_macro,f1_micro,balanced_accuracy_score,aic,aic_avg,bic,bic_avg,ebic,ebic_avg
3557.365339279175,6,0.7257455643639109,0.7233145448943465,0.7257455643639109,0.7259238310708899,9162.73067855835,1.7294697392522367,15895.617380466332,3.0003052813262236,30091.271638334012,5.679741721089847
