loss,layer_idx,accuracy_score,f1_macro,f1_micro,balanced_accuracy_score,aic,aic_avg,bic,bic_avg,ebic,ebic_avg
7123.529457092285,32,0.49981124952812384,0.4788531015295355,0.49981124952812384,0.5000119978061155,17319.05891418457,3.268980542503694,27418.388967046543,5.175233855614674,49957.459165956345,9.429493991309238
