loss,layer_idx,accuracy_score,f1_macro,f1_micro,balanced_accuracy_score,aic,aic_avg,bic,bic_avg,ebic,ebic_avg
10791.664070129395,3,0.19554548886372217,0.1882493156480714,0.19554548886372217,0.19568164678458796,24655.32814025879,4.653704820735898,34754.65819312076,6.559958133846878,57293.72839203056,10.814218269541442
