loss,layer_idx,accuracy_score,f1_macro,f1_micro,balanced_accuracy_score,aic,aic_avg,bic,bic_avg,ebic,ebic_avg
8021.056427001953,46,0.4384673461683654,0.4131191390087113,0.4384673461683654,0.43865950226244343,19114.112854003906,3.607797820687789,29213.44290686588,5.514051133798769,51752.51310577568,9.768311269493333
