loss,layer_idx,accuracy_score,f1_macro,f1_micro,balanced_accuracy_score,aic,aic_avg,bic,bic_avg,ebic,ebic_avg
4876.27339553833,47,0.6542091355228388,0.6479861166951426,0.6542091355228388,0.6544031948443714,13848.54679107666,2.6139197416150735,27314.320194892625,5.155590825763047,58544.75956220152,11.05035099324302
