loss,layer_idx,accuracy_score,f1_macro,f1_micro,balanced_accuracy_score,aic,aic_avg,bic,bic_avg,ebic,ebic_avg
11028.790237426758,6,0.16459041147602868,0.1591258430952333,0.16459041147602868,0.16470588235294117,26153.580474853516,4.9365006558802405,39619.353878669484,7.478171740028215,70849.79324597838,13.372931907508187
