loss,layer_idx,accuracy_score,f1_macro,f1_micro,balanced_accuracy_score,aic,aic_avg,bic,bic_avg,ebic,ebic_avg
6402.348361968994,31,0.5377500943752359,0.5209464418659939,0.5377500943752359,0.5379576306046894,16900.69672393799,3.1900144816794995,30366.470127753953,5.7316855658274735,61596.90949506285,11.626445733307445
