loss,layer_idx,accuracy_score,f1_macro,f1_micro,balanced_accuracy_score,aic,aic_avg,bic,bic_avg,ebic,ebic_avg
8292.185264587402,37,0.41317478293695736,0.3926342060905762,0.41317478293695736,0.4133732688879747,19656.370529174805,3.7101492127547764,29755.700582036778,5.616402525865756,52294.77078094658,9.87066266156032
