loss,layer_idx,accuracy_score,f1_macro,f1_micro,balanced_accuracy_score,aic,aic_avg,bic,bic_avg,ebic,ebic_avg
10347.860244750977,2,0.24575311438278596,0.23314800041647188,0.24575311438278596,0.24592931578225696,23767.720489501953,4.486168457814638,33867.050542363926,6.392421770925618,56406.12074127373,10.646681906620183
