loss,layer_idx,accuracy_score,f1_macro,f1_micro,balanced_accuracy_score,aic,aic_avg,bic,bic_avg,ebic,ebic_avg
9116.24641418457,25,0.34937712344280863,0.342444105486091,0.34937712344280863,0.3495423693953106,22328.49282836914,4.214513557638569,35794.26623218511,6.756184641786544,67024.705599494,12.650944809266516
