loss,layer_idx,accuracy_score,f1_macro,f1_micro,balanced_accuracy_score,aic,aic_avg,bic,bic_avg,ebic,ebic_avg
9716.964553833008,10,0.2936957342393356,0.28096678057566715,0.2936957342393356,0.2938879747703277,22505.929107666016,4.248004739083808,32605.25916052799,6.1542580521947885,55144.32935943779,10.408518187889353
