loss,layer_idx,accuracy_score,f1_macro,f1_micro,balanced_accuracy_score,aic,aic_avg,bic,bic_avg,ebic,ebic_avg
8159.343841552734,38,0.4244998112495281,0.4042088908138354,0.4244998112495281,0.4247231934731935,19390.68768310547,3.6600014501897826,29490.01773596744,5.566254763300763,52029.08793487724,9.820514898995327
