loss,layer_idx,accuracy_score,f1_macro,f1_micro,balanced_accuracy_score,aic,aic_avg,bic,bic_avg,ebic,ebic_avg
6488.220275878906,30,0.53359758399396,0.5172254367593815,0.53359758399396,0.5337832510626628,17072.440551757812,3.2224312102223127,30538.213955573778,5.764102294370287,61768.653322882674,11.658862461850259
