loss,layer_idx,accuracy_score,f1_macro,f1_micro,balanced_accuracy_score,aic,aic_avg,bic,bic_avg,ebic,ebic_avg
8456.295196533203,25,0.403359758399396,0.37770613166657097,0.403359758399396,0.4035513506101741,19984.590393066406,3.7721008669434517,30083.92044592838,5.6783541800544315,52622.99064483818,9.932614315748996
