loss,layer_idx,accuracy_score,f1_macro,f1_micro,balanced_accuracy_score,aic,aic_avg,bic,bic_avg,ebic,ebic_avg
10020.476760864258,20,0.2793506983767459,0.2723515751800619,0.2793506983767459,0.27950003427944603,24136.953521728516,4.555861366879674,37602.726925544484,7.097532451027649,68833.16629285338,12.992292618507621
