loss,layer_idx,accuracy_score,f1_macro,f1_micro,balanced_accuracy_score,aic,aic_avg,bic,bic_avg,ebic,ebic_avg
7971.929397583008,35,0.43431483578708946,0.41434088446141343,0.43431483578708946,0.43448683669271904,19015.858795166016,3.589252320718387,29115.18884802799,5.495505633829367,51654.25904693779,9.74976576952393
