loss,layer_idx,accuracy_score,f1_macro,f1_micro,balanced_accuracy_score,aic,aic_avg,bic,bic_avg,ebic,ebic_avg
9562.90266418457,21,0.3052095130237826,0.280883398682959,0.3052095130237826,0.30540329768270946,22197.80532836914,4.1898462303452515,32297.135381231114,6.096099543456232,54836.205580140915,10.350359679150795
