loss,layer_idx,accuracy_score,f1_macro,f1_micro,balanced_accuracy_score,aic,aic_avg,bic,bic_avg,ebic,ebic_avg
6752.8790283203125,30,0.5234050585126463,0.5039095335380979,0.5234050585126463,0.5236013986013985,16577.758056640625,3.1290596558400576,26677.088109502598,5.035312968951038,49216.1583084124,9.289573104645601
