loss,layer_idx,accuracy_score,f1_macro,f1_micro,balanced_accuracy_score,aic,aic_avg,bic,bic_avg,ebic,ebic_avg
10230.99479675293,14,0.25839939599849,0.2503083112642944,0.25839939599849,0.2585064445358563,23533.98959350586,4.442051640903333,33633.31964636783,6.3483049540143135,56172.389845277634,10.602565089708877
