loss,layer_idx,accuracy_score,f1_macro,f1_micro,balanced_accuracy_score,aic,aic_avg,bic,bic_avg,ebic,ebic_avg
8203.811813354492,36,0.4146847867119668,0.39636813486167066,0.4146847867119668,0.4148524269847799,19479.623626708984,3.6767881515117,29578.953679570957,5.58304146462268,52118.02387848076,9.837301600317245
