loss,layer_idx,accuracy_score,f1_macro,f1_micro,balanced_accuracy_score,aic,aic_avg,bic,bic_avg,ebic,ebic_avg
6431.477401733398,37,0.5526613816534541,0.5348487996089653,0.5526613816534541,0.5528443370355136,16958.954803466797,3.201010721681162,30424.728207282762,5.742681805829136,61655.16757459166,11.637441973309109
