loss,layer_idx,accuracy_score,f1_macro,f1_micro,balanced_accuracy_score,aic,aic_avg,bic,bic_avg,ebic,ebic_avg
5405.4687576293945,46,0.6245753114382786,0.6203139130541593,0.6245753114382786,0.6247728986699574,14906.937515258789,2.813691490233822,28372.710919074754,5.355362574381796,59603.15028638365,11.25012274186177
