loss,layer_idx,accuracy_score,f1_macro,f1_micro,balanced_accuracy_score,aic,aic_avg,bic,bic_avg,ebic,ebic_avg
7515.868423461914,47,0.48395620989052474,0.4702942880920101,0.48395620989052474,0.48417403674756615,18103.736846923828,3.417088872579054,28203.0668997858,5.323342185690034,50742.1370986956,9.577602321384598
