loss,layer_idx,accuracy_score,f1_macro,f1_micro,balanced_accuracy_score,aic,aic_avg,bic,bic_avg,ebic,ebic_avg
6798.623027801514,29,0.5201963004907513,0.5025810788677365,0.5201963004907513,0.5203885575209105,16669.246055603027,3.1463280588152185,26768.576108465,5.052581371926198,49307.6463073748,9.306841507620764
