loss,layer_idx,accuracy_score,f1_macro,f1_micro,balanced_accuracy_score,aic,aic_avg,bic,bic_avg,ebic,ebic_avg
7968.400527954102,44,0.4414873537183843,0.4182034175069851,0.4414873537183843,0.4416658096805156,19008.801055908203,3.587920169103096,29108.131108770176,5.494173482214077,51647.20130767998,9.74843361790864
