loss,layer_idx,accuracy_score,f1_macro,f1_micro,balanced_accuracy_score,aic,aic_avg,bic,bic_avg,ebic,ebic_avg
6484.3637771606445,35,0.5405813514533786,0.5225868343864437,0.5405813514533786,0.5407719731249143,17064.72755432129,3.2209753783165893,30530.500958137254,5.762646462464563,61760.94032544615,11.657406629944536
