loss,layer_idx,accuracy_score,f1_macro,f1_micro,balanced_accuracy_score,aic,aic_avg,bic,bic_avg,ebic,ebic_avg
8788.37124633789,15,0.36126840317100795,0.35014616379478203,0.36126840317100795,0.36147504456327983,20648.74249267578,3.8974598891422767,30748.072545537754,5.803713202253257,53287.142744447556,10.057973337947821
