loss,layer_idx,accuracy_score,f1_macro,f1_micro,balanced_accuracy_score,aic,aic_avg,bic,bic_avg,ebic,ebic_avg
5917.875713348389,42,0.5907889769724425,0.5782142235013403,0.5907889769724425,0.5910145002056767,15931.751426696777,3.007125599603016,29397.524830512742,5.5487966837509894,60627.96419782164,11.443556851230962
