loss,layer_idx,accuracy_score,f1_macro,f1_micro,balanced_accuracy_score,aic,aic_avg,bic,bic_avg,ebic,ebic_avg
5673.285991668701,40,0.6073990184975463,0.5952018575950033,0.6073990184975463,0.6076228918140683,15442.571983337402,2.9147927488368066,28908.345387153367,5.456463832984781,60138.784754462264,11.351224000464754
