loss,layer_idx,accuracy_score,f1_macro,f1_micro,balanced_accuracy_score,aic,aic_avg,bic,bic_avg,ebic,ebic_avg
6913.62419128418,28,0.5117025292563231,0.49056420618537366,0.5117025292563231,0.5119129644864938,16899.24838256836,3.1897411065625443,26998.578435430332,5.0959944196735245,49537.648634340134,9.350254555368089
