loss,layer_idx,accuracy_score,f1_macro,f1_micro,balanced_accuracy_score,aic,aic_avg,bic,bic_avg,ebic,ebic_avg
3982.112522125244,9,0.7021517553793885,0.6992201313644459,0.7021517553793885,0.7023361442479089,10012.225044250488,1.8898122016327839,16745.111746158473,3.160647743706771,30940.766004026154,5.840084183470395
