loss,layer_idx,accuracy_score,f1_macro,f1_micro,balanced_accuracy_score,aic,aic_avg,bic,bic_avg,ebic,ebic_avg
10347.616416931152,13,0.24782936957342394,0.23944296082031233,0.24782936957342394,0.24793380638968876,23767.232833862305,4.486076412582541,33866.56288672428,6.392329725693521,56405.63308563408,10.646589861388087
