loss,layer_idx,accuracy_score,f1_macro,f1_micro,balanced_accuracy_score,aic,aic_avg,bic,bic_avg,ebic,ebic_avg
5894.688491821289,39,0.5892789731974329,0.5763586606472525,0.5892789731974329,0.5894830659536542,15885.376983642578,2.9983724015935405,29351.150387458543,5.540043485741514,60581.58975476744,11.434803653221488
