loss,layer_idx,accuracy_score,f1_macro,f1_micro,balanced_accuracy_score,aic,aic_avg,bic,bic_avg,ebic,ebic_avg
10783.627540588379,2,0.19913174782936957,0.1915590633439339,0.19913174782936957,0.19929298642533935,25663.255081176758,4.843951506450879,39129.02848499273,7.385622590598854,70359.46785230162,13.280382758078826
