loss,layer_idx,accuracy_score,f1_macro,f1_micro,balanced_accuracy_score,aic,aic_avg,bic,bic_avg,ebic,ebic_avg
7982.505828857422,43,0.4526236315590789,0.4310179693721391,0.4526236315590789,0.4528280542986426,19037.011657714844,3.5932449335060106,29136.341710576817,5.499498246616991,51675.41190948662,9.753758382311554
