loss,layer_idx,accuracy_score,f1_macro,f1_micro,balanced_accuracy_score,aic,aic_avg,bic,bic_avg,ebic,ebic_avg
7927.555160522461,7,0.41694979237448093,0.40953080131249586,0.41694979237448093,0.4170857328945564,17903.110321044922,3.379220521148532,24635.997022952906,4.650056063222519,38831.65128082059,7.3294925029861435
