loss,layer_idx,accuracy_score,f1_macro,f1_micro,balanced_accuracy_score,aic,aic_avg,bic,bic_avg,ebic,ebic_avg
11549.387565612793,16,0.18082295205738014,0.1763995993891443,0.18082295205738014,0.18090377759495407,25146.775131225586,4.746465672183009,31879.66183313357,6.017301214256997,46075.31609100125,8.696737654020621
