loss,layer_idx,accuracy_score,f1_macro,f1_micro,balanced_accuracy_score,aic,aic_avg,bic,bic_avg,ebic,ebic_avg
11177.85424041748,23,0.1662891657229143,0.16092414394689797,0.1662891657229143,0.16639671602906897,24403.70848083496,4.606211491286327,31136.595182742945,5.877047033360315,45332.24944061063,8.556483473123938
