loss,layer_idx,accuracy_score,f1_macro,f1_micro,balanced_accuracy_score,aic,aic_avg,bic,bic_avg,ebic,ebic_avg
11486.662124633789,18,0.18648546621366555,0.1822286256260975,0.18648546621366555,0.18658988070752777,25021.324249267578,4.722786759016153,31754.210951175563,5.99362230109014,45949.865209043244,8.673058740853765
