loss,layer_idx,accuracy_score,f1_macro,f1_micro,balanced_accuracy_score,aic,aic_avg,bic,bic_avg,ebic,ebic_avg
11494.020324707031,15,0.17893544733861835,0.1743448087347644,0.17893544733861835,0.1790406897024544,25036.040649414062,4.72556448648812,31768.927351322047,5.996400028562108,45964.58160918973,8.675836468325732
