loss,layer_idx,accuracy_score,f1_macro,f1_micro,balanced_accuracy_score,aic,aic_avg,bic,bic_avg,ebic,ebic_avg
8589.65470123291,8,0.3607021517553794,0.35242576253894886,0.3607021517553794,0.36087086932675166,19227.30940246582,3.62916372262473,25960.196104373805,4.899999264698717,40155.85036224149,7.579435704462342
