loss,layer_idx,accuracy_score,f1_macro,f1_micro,balanced_accuracy_score,aic,aic_avg,bic,bic_avg,ebic,ebic_avg
9740.129035949707,10,0.282559456398641,0.277185670856573,0.282559456398641,0.2827043054984232,21528.258071899414,4.063468869743189,28261.1447738074,5.334304411817176,42456.79903167508,8.0137408515808
