loss,layer_idx,accuracy_score,f1_macro,f1_micro,balanced_accuracy_score,aic,aic_avg,bic,bic_avg,ebic,ebic_avg
7604.757514953613,6,0.43714609286523215,0.42861328253224906,0.43714609286523215,0.43733203071438365,17257.515029907227,3.2573641053052524,23990.40173181521,4.52819964737924,38186.05598968289,7.2076360871428635
