loss,layer_idx,accuracy_score,f1_macro,f1_micro,balanced_accuracy_score,aic,aic_avg,bic,bic_avg,ebic,ebic_avg
6384.138999938965,4,0.5228388070970177,0.5151132615726857,0.5228388070970177,0.5230280748663101,14816.27799987793,2.796579463925619,21549.164701785914,4.067415005999607,35744.818959653596,6.74685144576323
