loss,layer_idx,accuracy_score,f1_macro,f1_micro,balanced_accuracy_score,aic,aic_avg,bic,bic_avg,ebic,ebic_avg
10935.862976074219,13,0.2212155530388826,0.21442612491869179,0.2212155530388826,0.22134066913478678,23919.725952148438,4.5148595606169195,30652.612654056422,5.785695102690906,44848.2669119241,8.46513154245453
