loss,layer_idx,accuracy_score,f1_macro,f1_micro,balanced_accuracy_score,aic,aic_avg,bic,bic_avg,ebic,ebic_avg
6034.179580688477,1,0.5604001510003775,0.5547835134647352,0.5604001510003775,0.5605597833539009,14116.359161376953,2.664469452883532,20849.245863284938,3.9353049949575194,35044.90012115262,6.614741434721144
